date,Y_h,pred_HAR,pred_HAR-DOW,pred_HAR-X,split
2012-02-13,-1.0781560512588613,-0.8984357077556112,-0.9210681242445796,-0.9839780082842583,train
2012-02-14,-1.0771216823665464,-0.9299583753500293,-0.919509913281636,-1.013211244595697,train
2012-02-15,-1.0937866329257133,-0.9395598894317975,-0.9266554080896429,-1.0104560930355015,train
2012-02-16,-1.1168307953110965,-0.8921809512807709,-0.8888973304767933,-0.9610316568540676,train
2012-02-17,-1.1588316016538718,-0.8882625709489189,-0.893057168988503,-0.958443442203999,train
2012-02-20,-1.1666320170700324,-0.9505509065412174,-0.9736491080736157,-1.0043963077600675,train
2012-02-21,-1.1706043742540957,-0.9728146389090695,-0.96179132650779,-1.0232093845703387,train
2012-02-22,-1.2487786336928686,-0.8190227553669815,-0.8097231115343286,-0.9033134637721142,train
2012-02-23,-1.247311947911465,-0.9432078388793165,-0.9448150206430036,-0.9876712378935483,train
2012-02-24,-1.244114774667621,-0.9708806314941373,-0.9844545576231652,-1.0161271187302332,train
2012-02-27,-1.2470805431581984,-1.025755773969314,-1.0533194897309908,-1.069926797456252,train
2012-02-28,-1.2552516861361087,-0.9916797334924788,-0.9800336797771413,-1.044399775198444,train
2012-02-29,-1.2610546392929574,-1.0725077357690362,-1.0558610841581868,-1.1196135339163864,train
2012-03-01,-1.2723681404853986,-1.0234398123491248,-1.018878528213452,-1.070275255613629,train
2012-03-02,-1.2912779085191284,-1.0500578787061112,-1.0622720488552537,-1.089609995814977,train
2012-03-05,-1.2704668794989278,-1.0748163257368146,-1.098965580442587,-1.117980342515851,train
2012-03-06,-1.2761290749407286,-1.0529375417406746,-1.0401491152277897,-1.100083889111199,train
2012-03-07,-1.2835298522940652,-1.1192159176946648,-1.1031044976797553,-1.1528009310867946,train
2012-03-08,-1.289654338767859,-1.1638121270444417,-1.163002767809126,-1.195179080281568,train
2012-03-09,-1.2891706623071095,-1.137438858660744,-1.1472179793839585,-1.178008931835631,train
2012-03-12,-1.2940903803029111,-1.1369465456037975,-1.1556293953200871,-1.1656503413126875,train
2012-03-13,-1.2958134951819518,-1.188633272300467,-1.1737113534937698,-1.1998420053360987,train
2012-03-14,-1.3125343365575448,-1.1609676212435183,-1.1445349484555007,-1.1843582468300637,train
2012-03-15,-1.3022122209512625,-1.1357427404425997,-1.1337052446446603,-1.1619409085762298,train
2012-03-16,-1.3083682275097,-1.1742248328141975,-1.1900081377534477,-1.2108356274715406,train
2012-03-19,-1.305749640530824,-1.1649317760128264,-1.183213112131708,-1.2059024169849497,train
2012-03-20,-1.296280346233696,-1.230980739760088,-1.2166569731416534,-1.2542056191460778,train
2012-03-21,-1.2987261981133196,-1.2332241175649206,-1.2157642253856649,-1.2384162305714321,train
2012-03-22,-1.3119425197451091,-1.2512437873351734,-1.2494234899605912,-1.25575375289221,train
2012-03-23,-1.3339152706353274,-1.2500139635242526,-1.262755664726918,-1.2574409686507775,train
2012-03-26,-1.3322099630546562,-1.2479454070844196,-1.2659793860718085,-1.2495393707287423,train
2012-03-27,-1.356113157250418,-1.2018150920656827,-1.188097272180049,-1.2304464043655239,train
2012-03-28,-1.3518816560314624,-1.2473626069022044,-1.2305590010950063,-1.2535105344609891,train
2012-03-29,-1.3816977979924123,-1.2271004255963989,-1.2262685480737834,-1.2388410473568556,train
2012-03-30,-1.3964721238608342,-1.2350382030909028,-1.2506637270115404,-1.2556743709359612,train
2012-04-02,-1.4047252449000163,-1.2141885501454608,-1.2314363931168895,-1.2407787873292107,train
2012-04-03,-1.4129961682305638,-1.3014470556607047,-1.286293210789528,-1.2922994197779627,train
2012-04-04,-1.4582842580442161,-1.199700944887401,-1.1845023970853887,-1.2111506390227056,train
2012-04-05,-1.458795493916772,-1.2093794364685155,-1.207727692412675,-1.2282021843465327,train
2012-04-06,-1.450312038975673,-1.2800748126793218,-1.3032991720883753,-1.2830506054151387,train
2012-04-10,-1.437368013527479,-1.3111551023381056,-1.2956397370838273,-1.3140714640672728,train
2012-04-11,-1.4651518949152729,-1.2307772282580534,-1.2149175938730927,-1.250104763668531,train
2012-04-12,-1.4813060495416281,-1.2716802233539881,-1.2693399193154364,-1.2938842226145801,train
2012-04-13,-1.4905377843917362,-1.301821695311838,-1.317840847001595,-1.3192314790186304,train
2012-04-16,-1.4745080877261438,-1.3251983452896057,-1.355135028574989,-1.3359099108779184,train
2012-04-17,-1.4733339142377158,-1.2234569718904953,-1.2098845711232458,-1.2554654239372218,train
2012-04-18,-1.4492956109350463,-1.2964664955682874,-1.278940732823991,-1.3126375177130463,train
2012-04-19,-1.4376875229054227,-1.2518190189164766,-1.2484095591769133,-1.2697425275378142,train
2012-04-20,-1.4355668258810255,-1.2620108391929323,-1.277826734963126,-1.2775380569923434,train
2012-04-23,-1.4180196387518662,-1.2646928346655102,-1.292195124187337,-1.3079415311402622,train
2012-04-24,-1.3711107349564962,-1.3534604287160972,-1.3374171353962938,-1.3846210945972377,train
2012-04-25,-1.3188395239513744,-1.392234691165697,-1.3718248179624835,-1.398066484077983,train
2012-04-26,-1.3152680408534303,-1.3373778706068118,-1.331652390662327,-1.3694841695161961,train
2012-04-27,-1.3124669497891528,-1.398170701325103,-1.415674822666468,-1.416905588182131,train
2012-04-30,-1.3017886940012136,-1.3767691831496671,-1.3983090233315583,-1.4104051976732177,train
2012-05-01,-1.2601092847212267,-1.501917578282841,-1.4829402064101453,-1.4884481714537035,train
2012-05-02,-1.2287348178320703,-1.4460267478487299,-1.4245650630842537,-1.4494049785627223,train
2012-05-03,-1.166151192605137,-1.4176202546956147,-1.4113373157281695,-1.4421381471145123,train
2012-05-04,-1.1318505022123666,-1.4932620365939566,-1.5154826246387212,-1.518342283675538,train
2012-05-07,-1.0991682201031705,-1.5440430493610005,-1.5758789959054154,-1.5653431993190547,train
2012-05-08,-1.0767210821234372,-1.4075392141542185,-1.3902883063664622,-1.4394871058355443,train
2012-05-09,-1.062795246120872,-1.4141496140995204,-1.394828127283446,-1.4388112778951154,train
2012-05-10,-1.0435546036549512,-1.4011547956212589,-1.3971937668360688,-1.4301555424946426,train
2012-05-11,-1.010761659233581,-1.4223030349106545,-1.4426703018917628,-1.4421356278451545,train
2012-05-14,-0.9900969645236444,-1.4103588450300204,-1.4403521640253023,-1.4209316434586206,train
2012-05-15,-0.973946249605032,-1.445357379632359,-1.4287590487593318,-1.4467432812616556,train
2012-05-16,-0.9765498104493585,-1.3987992484750102,-1.380310807389318,-1.4109085055133261,train
2012-05-17,-0.9653129593991076,-1.3463159451224527,-1.340704561226962,-1.3683582150132478,train
2012-05-18,-0.969789968707837,-1.3078542669391766,-1.3179862307080699,-1.3297791255133231,train
2012-05-21,-0.9512509272916959,-1.249520708668059,-1.2643428062889797,-1.269746766917981,train
2012-05-22,-0.9324492686353416,-1.2572312050157235,-1.2469023999357023,-1.2684128879965055,train
2012-05-23,-0.9383277896073277,-1.227335329445549,-1.2153279556575793,-1.222277436426188,train
2012-05-24,-0.9660160989736898,-1.180990075204587,-1.1796573917875688,-1.1761153107557951,train
2012-05-25,-0.9818193561649885,-1.137294679214908,-1.1455694442998192,-1.15921361813765,train
2012-05-28,-1.0012664089299226,-1.1741180355498548,-1.1950075467626071,-1.1961784766787849,train
2012-05-29,-0.9915298779340807,-1.2210892685813868,-1.2107193407572758,-1.2121691754021797,train
2012-05-30,-0.9076746843363829,-1.1916514204191522,-1.1789856042511613,-1.192260604055079,train
2012-05-31,-0.9222306220994753,-1.1682446645186475,-1.1671004266267722,-1.193796120903943,train
2012-06-01,-0.9461751436675038,-1.1606111874339462,-1.1700442387995633,-1.1795539828275623,train
2012-06-05,-1.0112481746464703,-1.0438725070805022,-1.0340914276928332,-1.0835419357884435,train
2012-06-06,-1.008425738884848,-1.0384039839171373,-1.0284142221434727,-1.0521108337488414,train
2012-06-07,-1.0293422570813429,-1.0082700405343712,-1.0097911896888,-1.023789468167423,train
2012-06-08,-1.0603593243722897,-0.9632077938016624,-0.9727295403110066,-0.9993870573629661,train
2012-06-11,-1.0790286020394662,-0.995181195960962,-1.017937951022581,-1.0217947112741865,train
2012-06-12,-1.101162099970794,-1.0045035226515837,-0.9953981563142813,-1.0367051638651041,train
2012-06-13,-1.1332991191474613,-0.972740128164359,-0.9624521275821739,-1.0093454003883748,train
2012-06-14,-1.1400617962900734,-0.9848901868874147,-0.9856319721383117,-1.0161731298602075,train
2012-06-15,-1.1520715060242976,-1.0092324846635654,-1.0236502098004734,-1.0544201924128576,train
2012-06-18,-1.1344395530198867,-1.051934820859423,-1.0788092885834202,-1.0887860844923547,train
2012-06-19,-1.1589835574502996,-0.9849154988230137,-0.9740777390109845,-1.040369287337279,train
2012-06-20,-1.1582637556841644,-1.0481535043393464,-1.0340310854738295,-1.0903286630619236,train
2012-06-21,-1.1903320598195004,-0.9671128632800579,-0.9622566166498,-1.0341207393344352,train
2012-06-22,-1.2089068770629527,-0.9600924172352968,-0.9686604765520823,-1.022257179681362,train
2012-06-25,-1.2104854185926126,-0.9997126835740625,-1.0262619770217423,-1.0606404404366416,train
2012-06-26,-1.1757748243448407,-1.1079878882483682,-1.0954225109885434,-1.1419886863021698,train
2012-06-27,-1.1310050161941125,-1.0630804757450276,-1.0487136170247058,-1.1123893337846296,train
2012-06-28,-1.040987391605711,-1.2047362540460946,-1.206177754140198,-1.2317203682852274,train
2012-06-29,-1.0485358570307244,-1.1766968587077469,-1.186660885050273,-1.2281529632113193,train
2012-07-02,-1.1417317013183,-0.9626732853436267,-0.9491752824512164,-1.045108616539213,train
2012-07-03,-1.1179183687933547,-1.0852226861729146,-1.0728589502909123,-1.1180151532458291,train
2012-07-04,-0.9739762259412936,-1.161141918018024,-1.1438880799503977,-1.1801436957260052,train
2012-07-05,-0.9371372702352911,-1.1984381545044367,-1.202220337772575,-1.2122726497780763,train
2012-07-06,-0.9439067458746063,-1.0954420989616824,-1.1020267832445776,-1.1499437092782538,train
2012-07-09,-0.9489774727689007,-1.2616461192764112,-1.2861202583923632,-1.2926906504642988,train
2012-07-10,-0.9563686897869341,-1.2648120399847549,-1.2475619051592364,-1.287244366941914,train
2012-07-11,-0.9500364609111949,-1.2841073475388138,-1.2642612219354206,-1.3004413523697127,train
2012-07-12,-0.9555550631320406,-1.2427313720965585,-1.240829753583266,-1.2659867069991693,train
2012-07-13,-0.9594728504290388,-1.3077103802510393,-1.3240858905077868,-1.3243639588056055,train
2012-07-16,-0.9782652444004593,-1.256174394973392,-1.2721348817389642,-1.2931799011738456,train
2012-07-17,-0.9918850338830443,-1.2812221056103534,-1.2652913987275656,-1.3105988191796814,train
2012-07-18,-1.019848145502776,-1.1937124946824142,-1.1779280115647144,-1.2379165803051397,train
2012-07-19,-1.033576115796117,-1.2068081327496232,-1.2050923714927755,-1.2353159045155337,train
2012-07-20,-1.0490882159705754,-1.1797089682281485,-1.1930930577098535,-1.210354203857162,train
2012-07-23,-1.0569333339841442,-1.1828405442644714,-1.2017039019711757,-1.2232516042476314,train
2012-07-24,-1.0597298734495522,-1.1774074940795907,-1.166139748560197,-1.2264933818741381,train
2012-07-25,-1.064673530673126,-1.2186124689706836,-1.2037305657908308,-1.2708775204444787,train
2012-07-26,-1.0826474660100804,-1.1425092881028047,-1.139475457862655,-1.222937505476994,train
2012-07-27,-1.1549024439806574,-1.0482991702405848,-1.0488116619118812,-1.1220140552642053,train
2012-07-30,-1.2562119771355953,-0.9340784531899757,-0.9318612072597121,-1.02123084319852,train
2012-07-31,-1.270125288598534,-1.0607596076729076,-1.052944747812906,-1.1213213989814879,train
2012-08-01,-1.300267930441977,-1.0352716647400655,-1.0264810117909249,-1.1037026704271633,train
2012-08-02,-1.2889628482148168,-1.0145272347167986,-1.0165248140013337,-1.0862290448116467,train
2012-08-03,-1.5041989373694518,-0.8321642748228597,-0.8213102220085049,-0.9556025685629291,train
2012-08-06,-1.561660701023774,-0.9368936178153876,-0.9503836086643472,-1.02285535511756,train
2012-08-07,-1.571123790325567,-0.9375148078734973,-0.9314791949728141,-1.006857252519577,train
2012-08-08,-1.5340282651754396,-1.044154339227475,-1.0329968521472546,-1.0817454370737725,train
2012-08-09,-1.507873378453431,-1.1053686873510653,-1.1120417105465326,-1.14921043324031,train
2012-08-10,-1.5291665611083953,-1.1798556593657294,-1.195441097447768,-1.2293214903087213,train
2012-08-13,-1.5300716556204068,-1.25669013897201,-1.2829148374817845,-1.2976463870878585,train
2012-08-14,-1.4971155739820967,-1.3088722197366407,-1.2890782029569945,-1.3454344439740364,train
2012-08-15,-1.4394898022601468,-1.343162492825654,-1.3197796819685423,-1.3660816714819317,train
2012-08-16,-1.4114429627401535,-1.3877045053807868,-1.3867478294916946,-1.4036522622081087,train
2012-08-17,-1.3882741708320219,-1.4252485497859886,-1.445253886139946,-1.4250005085152333,train
2012-08-20,-1.376066884358103,-1.413413704424371,-1.4365356762511008,-1.4290689297388925,train
2012-08-21,-1.3679626222391856,-1.419654343895459,-1.3978004771480743,-1.4344850374042928,train
2012-08-22,-1.3619378946020908,-1.3614267509368068,-1.3388107058129708,-1.3733301558279987,train
2012-08-23,-1.3290444595134712,-1.3041047937442654,-1.2984075744413435,-1.3102610939803518,train
2012-08-24,-1.3196036970242089,-1.3046042556690127,-1.3215441621992965,-1.282228004792627,train
2012-08-27,-1.3241203148943217,-1.2662901380121738,-1.285866788705286,-1.2512070285989818,train
2012-08-28,-1.3066258216049136,-1.4054216326694329,-1.3886443020782915,-1.37322508375198,train
2012-08-29,-1.2910565048168279,-1.427835238418671,-1.4068979014265908,-1.3931680599670866,train
2012-08-30,-1.2736787812178254,-1.4864846685743593,-1.4851519720098807,-1.4365292955796212,train
2012-08-31,-1.2532605936322005,-1.5274561083405371,-1.5489450349096932,-1.483919775425022,train
2012-09-03,-1.2938469563356563,-1.3960194967162178,-1.3983164199513056,-1.3857540002154394,train
2012-09-04,-1.277294775586379,-1.5570416118087613,-1.538424614519493,-1.5034818148077653,train
2012-09-05,-1.2677951863979575,-1.5157873166971307,-1.4948794522803346,-1.486553943165181,train
2012-09-06,-1.291170533886703,-1.433042494765971,-1.4285681805364843,-1.4278703421212346,train
2012-09-07,-1.3241475414478765,-1.35658058966452,-1.3665984483934113,-1.3676613799823965,train
2012-09-10,-1.3324220347320357,-1.3891410094131236,-1.407690543190616,-1.3955933242004288,train
2012-09-11,-1.318392951909955,-1.4442968081171341,-1.430203968372325,-1.4303026135841743,train
2012-09-12,-1.3094844711666456,-1.4187675160331241,-1.401732762930776,-1.4134164582936835,train
2012-09-13,-1.3306252269442336,-1.3537441151283194,-1.3502119902866585,-1.365441046352757,train
2012-09-14,-1.3803949610723452,-1.2965624098745496,-1.3010645156409595,-1.3252984854287424,train
2012-09-17,-1.4000851267299812,-1.3281791445428737,-1.3497686020049438,-1.3447258566548141,train
2012-09-18,-1.408347239159469,-1.2762332847148778,-1.264381711756376,-1.312315461294376,train
2012-09-19,-1.423762429579656,-1.2568257082551064,-1.2433094630769301,-1.2893557836166032,train
2012-09-20,-1.4365900370264235,-1.2853985582528784,-1.2870843164000938,-1.3051581355085882,train
2012-09-21,-1.4638497210717007,-1.2907022752049455,-1.3039532973711851,-1.3288133686244243,train
2012-09-24,-1.5303912098023695,-1.207349622359704,-1.2159451356212516,-1.260850265898935,train
2012-09-25,-1.5403907854971233,-1.2503199030839172,-1.2383205214077697,-1.2720023543839754,train
2012-09-26,-1.553784464862623,-1.2605122595894973,-1.2459423321207808,-1.2797831013758918,train
2012-09-27,-1.5531609535278994,-1.2680718011348737,-1.2703787486776803,-1.2935801798163031,train
2012-09-28,-1.5805659122966143,-1.2519483034661962,-1.268411609317908,-1.2929236565624234,train
2012-10-01,-1.6104185900692833,-1.2847454561115164,-1.307118256813661,-1.3241169940434863,train
2012-10-02,-1.642332038598099,-1.2680266800478686,-1.2531196840509886,-1.291191120227683,train
2012-10-03,-1.6574772489640812,-1.3153070064125933,-1.2971875218230522,-1.3387858444709415,train
2012-10-04,-1.6498914022807443,-1.3046098700993096,-1.3040734441483186,-1.3293942351102337,train
2012-10-05,-1.669789313001749,-1.2868585677468483,-1.3013064756377037,-1.3165522338246036,train
2012-10-08,-1.6691492422987366,-1.3611058844794763,-1.3932509059045801,-1.3672853408254446,train
2012-10-09,-1.626343662551302,-1.4248625302547147,-1.4064192386053969,-1.4246853087912517,train
2012-10-10,-1.626914629986951,-1.3750222986986138,-1.354607724319382,-1.3889938309627485,train
2012-10-11,-1.6359294784552982,-1.3720602313054762,-1.3686601241915748,-1.384231173578762,train
2012-10-12,-1.6648603594369602,-1.3614271555918054,-1.3741571888411703,-1.3767022627594125,train
2012-10-15,-1.672170462685092,-1.3616060593200694,-1.3860538290437847,-1.3735295226083237,train
2012-10-16,-1.6672334340996429,-1.3972851104963233,-1.3806578692534424,-1.4097646862667343,train
2012-10-17,-1.6699590049817221,-1.4285391192361068,-1.4076556827730118,-1.4398240379548155,train
2012-10-18,-1.6808672017510375,-1.4050945853850916,-1.401798691945136,-1.424494382029354,train
2012-10-19,-1.6867270834697128,-1.454892777273128,-1.4744359844776331,-1.469124421718733,train
2012-10-22,-1.6554934864931583,-1.4815911484439965,-1.51100926095587,-1.493206171773123,train
2012-10-23,-1.6439302494693868,-1.5017473472038818,-1.4825210572512146,-1.500456570684153,train
2012-10-24,-1.6418974053039228,-1.53756961785955,-1.5146598163394087,-1.528336795179438,train
2012-10-25,-1.6525006784056167,-1.5057526059125552,-1.50075606249011,-1.515370458776252,train
2012-10-26,-1.6651054533803082,-1.5208934934699434,-1.5383333949050515,-1.5349314082958123,train
2012-10-29,-1.6669375302566714,-1.4914636415214744,-1.5146499503139474,-1.5103403829027962,train
2012-10-30,-1.6611702890441116,-1.5499854996502207,-1.5312841613460333,-1.5545463873587957,train
2012-10-31,-1.6543629055516218,-1.581297511366498,-1.5584957157130608,-1.5813560719287583,train
2012-11-01,-1.6390118296745957,-1.6178149203932446,-1.6166210699399215,-1.627429158300635,train
2012-11-02,-1.6391333069500957,-1.6343601552318698,-1.6554346312608985,-1.644620534198797,train
2012-11-05,-1.6688270052475127,-1.5820572468344665,-1.599934414541464,-1.5974564136113714,train
2012-11-06,-1.6866947248384925,-1.6037955465748486,-1.5838080564342005,-1.6059540473317657,train
2012-11-07,-1.6825155100781566,-1.584384026990248,-1.5621073392883427,-1.5966024277111892,train
2012-11-08,-1.7105274237242145,-1.4572519498339165,-1.4513949242356619,-1.491823561605276,train
2012-11-09,-1.7389511825149193,-1.4491506270492729,-1.4650108286266301,-1.4769158203186095,train
2012-11-12,-1.7499655580179094,-1.4938200600550742,-1.5240468321456513,-1.512752372686233,train
2012-11-13,-1.7529470477739542,-1.5580164940983465,-1.5413179235668015,-1.5570282983430916,train
2012-11-14,-1.7570193259632805,-1.5195285820077178,-1.5002054332262327,-1.5298062102543861,train
2012-11-15,-1.7474611169804275,-1.5578932521987585,-1.5561374113045645,-1.5558429301881658,train
2012-11-16,-1.7490262855405743,-1.6012579500033883,-1.622506739625797,-1.5764985720995492,train
2012-11-19,-1.774948541893017,-1.5929639368759694,-1.6200249693218671,-1.5720237216873656,train
2012-11-20,-1.7777180202402165,-1.5977793632995658,-1.5790070483775733,-1.5503817889767337,train
2012-11-21,-1.792250132618732,-1.502489213371892,-1.4828219884599105,-1.4758037926829821,train
2012-11-22,-1.778046165520259,-1.521897123286358,-1.5199223276103917,-1.4858095063044077,train
2012-11-23,-1.796166811236024,-1.5460092532396545,-1.569706520521497,-1.505558760602025,train
2012-11-26,-1.840986824906952,-1.5384234996850512,-1.5680483853009362,-1.5330354002003097,train
2012-11-27,-1.8388667378973205,-1.574646945927661,-1.5570146344700388,-1.5607500979350948,train
2012-11-28,-1.8367384504449438,-1.5611225007875755,-1.5397060993925857,-1.5582447523897487,train
2012-11-29,-1.8272112756987406,-1.5965806098656363,-1.5947818247471703,-1.5667553449637257,train
2012-11-30,-1.7824343101123001,-1.5984431531655268,-1.6202593193391173,-1.577002996823041,train
2012-12-03,-1.718797226818535,-1.5611368052477743,-1.5858221027684762,-1.5578432247300742,train
2012-12-04,-1.67558750518851,-1.5833062008736323,-1.5643265075313166,-1.5718907564377818,train
2012-12-05,-1.6391789887472645,-1.6490265819290755,-1.6246704654249142,-1.6387595095793415,train
2012-12-06,-1.613602705720461,-1.7062582779416349,-1.706623049447284,-1.6823392370724797,train
2012-12-07,-1.6072791993354556,-1.6385533018458622,-1.6541726594253152,-1.6328513267670597,train
2012-12-10,-1.6231965580379348,-1.6281957523165398,-1.649052344462615,-1.6261670563177055,train
2012-12-11,-1.5892572975750796,-1.6849092151601672,-1.6637821841327731,-1.6682194363272262,train
2012-12-12,-1.5523396525898487,-1.6721535392403806,-1.648097102746881,-1.6573985423342752,train
2012-12-13,-1.5290939809331834,-1.6827964986632877,-1.6835237100166878,-1.6693777428891465,train
2012-12-14,-1.4879409621674178,-1.6542835244007124,-1.672452048806487,-1.6519496122488753,train
2012-12-17,-1.4724228098812824,-1.630185023478016,-1.651313016914463,-1.6251983602269386,train
2012-12-18,-1.4519244255389163,-1.6544862164807468,-1.6345721732617102,-1.6563032604676704,train
2012-12-19,-1.4020373485031392,-1.7476659111343238,-1.7219265104640478,-1.731179032826394,train
2012-12-20,-1.4049506396599074,-1.6922561540028405,-1.6903850845128423,-1.7025637897404025,train
2012-12-21,-1.379868010300068,-1.6284821245911183,-1.6399437909061256,-1.6637569144346764,train
2012-12-24,-1.3748759100174637,-1.6098573657271078,-1.627875801533206,-1.6569622181562838,train
2012-12-25,-1.3333794989436931,-1.7442060873188787,-1.7235330706652405,-1.7592013078558593,train
2012-12-26,-1.286078298886256,-1.9840822013234283,-1.9528297864423891,-1.9221117677891195,train
2012-12-27,-1.2750978784099887,-1.8265105292356687,-1.8209679411797492,-1.8162015982210085,train
2012-12-28,-1.2815736623309681,-1.7980335975683999,-1.8069183812349543,-1.7990503114124974,train
2012-12-31,-1.285785644343443,-1.822713014823068,-1.8420531613146225,-1.8223603861152797,train
2013-01-02,-1.3139728253265914,-1.6872430496933668,-1.6634055783172106,-1.6955753685728103,train
2013-01-03,-1.330115796524731,-1.4488444897640158,-1.443665759071877,-1.4768700150783187,train
2013-01-04,-1.342507306170056,-1.410689070255903,-1.4249284983752606,-1.4232848882653246,train
2013-01-07,-1.3140900624824496,-1.395942758235869,-1.4212447497191232,-1.406081919542886,train
2013-01-08,-1.3018969582055178,-1.4006486247627152,-1.390357320468316,-1.4144767626149592,train
2013-01-09,-1.2722667773843983,-1.421185476621829,-1.4069528206672943,-1.4252337365932572,train
2013-01-10,-1.2527005694444664,-1.5309833875596832,-1.5347316310956645,-1.5208873892098793,train
2013-01-11,-1.2630915349428582,-1.4715609156314289,-1.4841797004071136,-1.4803918746892646,train
2013-01-14,-1.266814370922178,-1.4412123987392986,-1.4582788848526345,-1.4544397524743438,train
2013-01-15,-1.2667758015108121,-1.4531330788149233,-1.43831814677765,-1.4585231714710383,train
2013-01-16,-1.284448983460042,-1.3603656036019736,-1.3453176221915175,-1.3829347899001128,train
2013-01-17,-1.2813815785408145,-1.3283813909270834,-1.328793714087707,-1.3568340912702332,train
2013-01-18,-1.298922083844949,-1.3390951223550838,-1.3574149949551482,-1.3638694489062382,train
2013-01-21,-1.330393424378978,-1.281523989400145,-1.298795518182343,-1.3176666376182045,train
2013-01-22,-1.2918756738755992,-1.4048133178040556,-1.3914858637466965,-1.4117345103694554,train
2013-01-23,-1.2995725072900988,-1.303702512990986,-1.2887006538601102,-1.3383506912999465,train
2013-01-24,-1.3045151799576509,-1.329172505726377,-1.3278404414290572,-1.334008745459538,train
2013-01-25,-1.259997687076717,-1.2810573326465513,-1.2929431602804722,-1.2827516217516428,train
2013-01-28,-1.219139306429882,-1.2520772136227605,-1.27110193589902,-1.2871341415503426,train
2013-01-29,-1.2137257313233976,-1.2424858297894321,-1.2299547023764472,-1.2698267966340029,train
2013-01-30,-1.1911423865627209,-1.3089417921052615,-1.2910881137145322,-1.3292620491606935,train
2013-01-31,-1.1826228546384343,-1.35018868159989,-1.351035358262396,-1.3744989882738405,train
2013-02-01,-1.178130774719734,-1.4279433085071607,-1.4517278245537266,-1.4539780223130352,train
2013-02-04,-1.21167666573637,-1.3486864638874096,-1.3595414475590553,-1.3989722197037844,train
2013-02-05,-1.2078131858010082,-1.3709518681057633,-1.353541645490107,-1.3987198951123185,train
2013-02-06,-1.202565881162274,-1.2565678894298005,-1.2402729656827647,-1.3034812578877577,train
2013-02-07,-1.2245752490694441,-1.2554295841871832,-1.2542728701281969,-1.2920637921566147,train
2013-02-08,-1.2602382939790917,-1.1514753860016578,-1.1614180118513777,-1.2110227169483376,train
2013-02-11,-1.2598998202552039,-1.1903727671092184,-1.21484564241358,-1.239605579507209,train
2013-02-12,-1.25983000007368,-1.2209262218736985,-1.2091194763115733,-1.263528684911226,train
2013-02-13,-1.2562874407400855,-1.2261706173539924,-1.2109169478970465,-1.2582156205795405,train
2013-02-14,-1.2192812447812196,-1.262377474264326,-1.2631042060049225,-1.2867384631853067,train
2013-02-15,-1.1620394106589753,-1.2801123181974003,-1.2944929795537816,-1.3074023431939727,train
2013-02-18,-1.1545065810833177,-1.2534602572815579,-1.270624493328477,-1.2599617659969073,train
2013-02-19,-1.1295616425375081,-1.3503382287543069,-1.334940367500865,-1.3305631440600132,train
2013-02-20,-1.1124812000153275,-1.393654727986808,-1.3734408287097033,-1.351446720892747,train
2013-02-21,-1.0788342324482216,-1.2803633587468055,-1.2746583914370215,-1.2623605198731767,train
2013-02-22,-1.0854020138314564,-1.2722156027485936,-1.2812846034286334,-1.2565306324875378,train
2013-02-25,-1.0903026496538761,-1.3107392220064884,-1.332433608128983,-1.2989823591079355,train
2013-02-26,-1.1403133012384041,-1.1386029260333905,-1.127034663105697,-1.1648861087586533,train
2013-02-28,-1.2068622488577028,-1.051814535307011,-1.049368932041093,-1.0716376770666685,train
2013-03-01,-1.2264187249405991,-1.1427284826794009,-1.1643625906712247,-1.1388250472716432,train
2013-03-04,-1.2494611120662085,-1.1093366963727271,-1.1304869446299701,-1.1144352402718245,train
2013-03-05,-1.2635395008294081,-1.1435769191625194,-1.133757230107474,-1.1480199745317914,train
2013-03-06,-1.1901278265389343,-1.2412572802658788,-1.2246250517903845,-1.2164145648366496,train
2013-03-07,-1.1334914626595727,-1.3833842416645927,-1.385532412854499,-1.3434297604117313,train
2013-03-08,-1.1459912559104115,-1.310147943479925,-1.3212584115348465,-1.314532084632014,train
2013-03-11,-1.1729710729958174,-1.2389911259635313,-1.2432750746267058,-1.2597191160202847,train
2013-03-12,-1.164554590530162,-1.3868771026498496,-1.3691931379983135,-1.3809420922727327,train
2013-03-13,-1.1651476777239627,-1.3881765624427491,-1.3673149897345458,-1.386056206230231,train
2013-03-14,-1.1711288247351221,-1.2982317750468255,-1.2954657122832136,-1.3115923064021462,train
2013-03-15,-1.1659205273295425,-1.3309626418782474,-1.348326840665352,-1.3377092892280062,train
2013-03-18,-1.156528426528164,-1.3277062395913433,-1.3424506748779332,-1.360014681596752,train
2013-03-19,-1.1660180221059446,-1.2034278934858282,-1.1896251836247633,-1.241794751027275,train
2013-03-20,-1.2179314637647283,-1.0704240951109678,-1.0597091185164067,-1.1203646908401597,train
2013-03-21,-1.233908878347658,-1.0953007413901152,-1.0958291163759164,-1.1474899283291973,train
2013-03-22,-1.26010947683835,-1.0670138011145764,-1.083689692607885,-1.1215972165367658,train
2013-03-25,-1.2508027794921617,-1.0738349542479042,-1.0997342275066957,-1.1473766273745944,train
2013-03-26,-1.3158724515429916,-0.9837313158918857,-0.9760361242088023,-1.0579965160526072,train
2013-03-27,-1.328134601630844,-1.1030702676284703,-1.0906425046148993,-1.1539353024934746,train
2013-03-28,-1.3279259041647409,-1.1618442392201518,-1.1647684894476549,-1.2132182540335648,train
2013-03-29,-1.3438527948711765,-1.1940071509868555,-1.2134485828523118,-1.234969590982136,train
2013-04-01,-1.321886667084397,-1.3498306433315075,-1.3954193772085137,-1.3733971746145572,train
2013-04-02,-1.2982215736774254,-1.4608792441089316,-1.4411218762436848,-1.4738062567185461,train
2013-04-03,-1.207367444505473,-1.4655768344525841,-1.4415360814131446,-1.4687008966322053,train
2013-04-04,-1.1152141682807106,-1.526639704920301,-1.5234326811859265,-1.5106417029225743,train
2013-04-05,-1.1885493702018657,-1.3070460171786813,-1.2971791263086792,-1.358275555094039,train
2013-04-08,-1.2460589685659982,-1.2001758014344592,-1.203274777125805,-1.2519722160116933,train
2013-04-09,-1.246656347643471,-1.263531010940282,-1.2498452027478504,-1.2876316100485035,train
2013-04-10,-1.2538232320038185,-1.2063030194299569,-1.1918384146198842,-1.242771324003102,train
2013-04-11,-1.2262496706382557,-1.2100178283844085,-1.2144802581127707,-1.2274044379576008,train
2013-04-12,-1.2136842926535594,-1.3153055625661854,-1.3396280748633909,-1.323808851884272,train
2013-04-15,-1.20240885029283,-1.342476217702205,-1.364921972894078,-1.3577586723237651,train
2013-04-16,-1.195868563221685,-1.3112064243108368,-1.2943881518566789,-1.3303828353541585,train
2013-04-17,-1.207565021786257,-1.2573774056788707,-1.2395910847477185,-1.2884803946491086,train
2013-04-18,-1.2338566582739092,-1.209773020045238,-1.204854131171186,-1.2536514544438229,train
2013-04-19,-1.2553099900273401,-1.206054782131854,-1.2204707991786057,-1.246349925638245,train
2013-04-22,-1.260000628061628,-1.2129942589044689,-1.2377858436599134,-1.2496490961439093,train
2013-04-23,-1.2034078827814112,-1.299001824128784,-1.2862087621651166,-1.3193504193847345,train
2013-04-24,-1.2067794424450997,-1.236994920375002,-1.2220349650590547,-1.278725963193391,train
2013-04-25,-1.193010604015393,-1.34111926225133,-1.341561666801074,-1.3649218160431231,train
2013-04-26,-1.2172393173786156,-1.3651124478964785,-1.3832255342155693,-1.3885108682506662,train
2013-04-29,-1.2105642497549098,-1.374569205285279,-1.399611005654552,-1.398278014945681,train
2013-04-30,-1.1816909573823486,-1.4271888898487086,-1.4106245997970737,-1.4471776138826116,train
2013-05-01,-1.1695716975777695,-1.3965111342110526,-1.376104977836366,-1.4115260414736202,train
2013-05-02,-1.1625564762848148,-1.3601831147874837,-1.3559711606062776,-1.3870444884755013,train
2013-05-03,-1.2058037603504945,-1.1629462271869053,-1.155456732621687,-1.2447677590927317,train
2013-05-06,-1.2937221231709743,-1.0485807468248405,-1.0452712371747657,-1.1378053570992634,train
2013-05-07,-1.2645305133027753,-1.2202477019039517,-1.2100491366346438,-1.2592679138534466,train
2013-05-08,-1.1936260831490129,-1.274092334586294,-1.2591297614603323,-1.296770272819811,train
2013-05-09,-1.155096857521192,-1.2764683838556703,-1.2804241903213496,-1.3049738010073613,train
2013-05-10,-1.1641134418239476,-1.3308104331401216,-1.3463029626081273,-1.3634165236288858,train
2013-05-13,-1.174350675136602,-1.3319455592064233,-1.3410661093115845,-1.375447684085971,train
2013-05-14,-1.1800114502435421,-1.3230239439311153,-1.3065096643971301,-1.3574058791952426,train
2013-05-15,-1.1737599248890804,-1.2502752346536057,-1.2338321323478205,-1.2933447469389776,train
2013-05-16,-1.1992741724406524,-1.217432911122154,-1.2162551531107,-1.2615679415415717,train
2013-05-17,-1.2227957199182056,-1.207434154522639,-1.2218572604400308,-1.2348869827486713,train
2013-05-20,-1.2153724677766,-1.274124688532493,-1.3014516471425235,-1.2912280941489673,train
2013-05-21,-1.188072854809966,-1.3354407062974092,-1.3207573062882256,-1.325208250488973,train
2013-05-22,-1.1487449525127842,-1.324194352873769,-1.3062067259098982,-1.3193813690807183,train
2013-05-23,-1.1836997988587272,-1.2000141369357482,-1.1924146299917353,-1.2204247681489757,train
2013-05-24,-1.1826891585489878,-1.2372397909251507,-1.248543942427551,-1.2224202256367178,train
2013-05-27,-1.1956000123656,-1.2190360276649659,-1.239357859493285,-1.225322393368118,train
2013-05-28,-1.1682982845197367,-1.4523180467765118,-1.4363160782628972,-1.4070868533970562,train
2013-05-29,-1.1810214161436081,-1.312061014471958,-1.2940840562430147,-1.3006930785024489,train
2013-05-30,-1.1995867770005353,-1.3070570383889424,-1.3005993020843392,-1.292841463014946,train
2013-05-31,-1.2267982613922848,-1.3069025279292887,-1.314998043225262,-1.3108698425519294,train
2013-06-03,-1.2457616288802003,-1.3046994999536208,-1.319972573272156,-1.2986152731417526,train
2013-06-04,-1.271800145438748,-1.1412519126418457,-1.1305365552283646,-1.1517658201242478,train
2013-06-05,-1.2427705887946725,-1.2383871072449921,-1.2245401980852553,-1.2253234085749982,train
2013-06-06,-1.254641054100087,-1.1958989562796116,-1.1955856990296356,-1.194504652977995,train
2013-06-07,-1.3364365543914019,-1.0761004953801467,-1.0776784900661645,-1.1097196314725544,train
2013-06-10,-1.3687356122285765,-1.0616340517052043,-1.075066062507391,-1.089569126107782,train
2013-06-11,-1.2722040132624992,-1.205121632913709,-1.1934928415431203,-1.2146860329087934,train
2013-06-12,-1.125085297426122,-1.1443760627830135,-1.1316034241102844,-1.1688636362835405,train
2013-06-13,-1.1073029902987654,-1.2067319549485918,-1.2100468705953367,-1.2193389638235748,train
2013-06-14,-1.1159178353560923,-1.1969293334408035,-1.20674028700791,-1.2224757777396842,train
2013-06-17,-1.094885572922072,-1.3779412557600748,-1.4172526311702083,-1.3705327844594846,train
2013-06-18,-1.066329822554612,-1.3937156604504863,-1.3761153880767012,-1.395314573857305,train
2013-06-19,-1.081043479002191,-1.3436300843591273,-1.3234007459446393,-1.3593526089418595,train
2013-06-20,-1.1051167198094032,-1.2771949869499122,-1.270966859240621,-1.309631807118341,train
2013-06-21,-1.157268441881674,-1.2073393550519727,-1.206874034614564,-1.2657245855989012,train
2013-06-24,-1.1809199518982068,-1.2147777612370778,-1.2363627790745428,-1.2582434828566191,train
2013-06-25,-1.1842857640359403,-1.1481958365671197,-1.1376025126700666,-1.2105518517177556,train
2013-06-26,-1.1786080307623341,-1.2080567603254593,-1.1939182803532322,-1.2444900904371463,train
2013-06-27,-1.1924673904155596,-1.1969643478573988,-1.1980949025561722,-1.238265930044704,train
2013-06-28,-1.2032504120927454,-1.2966207269672438,-1.3187841772376212,-1.3357114396282599,train
2013-07-01,-1.2169899945653173,-1.3103360701440454,-1.3365484753490278,-1.352182995739392,train
2013-07-02,-1.1796140277615965,-1.414015940122942,-1.3951023696601699,-1.4240883760117822,train
2013-07-03,-1.1679342818366973,-1.407112547817178,-1.3849086030911537,-1.4332844627109198,train
2013-07-04,-1.1525464875538696,-1.3602306126999304,-1.353520339635465,-1.3899207012333152,train
2013-07-05,-1.1917576524226043,-1.2721237279582727,-1.2762001756982195,-1.3229639435210636,train
2013-07-08,-1.2103701311537836,-1.3090044489702795,-1.3320817397517275,-1.3459890262175964,train
2013-07-09,-1.2040711798578434,-1.4263237502817527,-1.4101459040542081,-1.4366057653858215,train
2013-07-10,-1.2256826413145845,-1.338429806774691,-1.3209957790732676,-1.3735477525540225,train
2013-07-11,-1.3353385925562482,-1.1645978832608406,-1.1549500016230225,-1.2240930824321685,train
2013-07-12,-1.5652495611335788,-1.0171926840054129,-1.0024535668201708,-1.0976806061988795,train
2013-07-15,-1.6042184224474005,-1.1012211578576832,-1.1226978037000082,-1.1460986585525839,train
2013-07-16,-1.6517309290347506,-1.0540527654456602,-1.048518281398989,-1.087312293067432,train
2013-07-17,-1.612497796684231,-1.0372947370046404,-1.0295143705925411,-1.071629549000909,train
2013-07-18,-1.665778057984622,-1.0495353631584836,-1.0516503458650066,-1.0996871319849748,train
2013-07-19,-1.683295557851405,-1.2606331331545864,-1.2866674025097375,-1.2854303829390026,train
2013-07-22,-1.6812290800769063,-1.314488385733898,-1.34732458205525,-1.3371705642870548,train
2013-07-23,-1.6579284478681986,-1.4039059464772152,-1.3861066968758495,-1.426221012864787,train
2013-07-24,-1.6307002509377633,-1.4821110249899463,-1.4581930575313267,-1.4974995014772807,train
2013-07-25,-1.6654052734527185,-1.4163150091711671,-1.4072793373969537,-1.4661215405107224,train
2013-07-26,-1.708103329345659,-1.4025064522460569,-1.4138119375318416,-1.4509089584933719,train
2013-07-29,-1.6998428157976944,-1.4652965494673023,-1.4982831587198788,-1.4758235715058414,train
2013-07-30,-1.689985005041702,-1.5153207082122047,-1.495048402502935,-1.5157504614448338,train
2013-07-31,-1.672425559052513,-1.5158494605385535,-1.4918422151411908,-1.5184901621608051,train
2013-08-01,-1.7415467160234908,-1.384389768373143,-1.3739684894316777,-1.4290891443252844,train
2013-08-02,-1.7940831421500034,-1.406097216950938,-1.4158020948861638,-1.4410535381012146,train
2013-08-05,-1.8673453471852595,-1.2985161098400173,-1.3068137508480708,-1.348706916999301,train
2013-08-06,-1.877854358472867,-1.3961293000518646,-1.3804144241142713,-1.4143594031268727,train
2013-08-07,-1.845441845777344,-1.4165217464917046,-1.3971253161400317,-1.4176531883946855,train
2013-08-08,-1.8074220820795976,-1.4575059145901916,-1.4574711908006552,-1.4618892504810745,train
2013-08-09,-1.8023510228869881,-1.5398996406449426,-1.5657441656633235,-1.5349590947959102,train
2013-08-12,-1.7941866312110522,-1.725501782207609,-1.77042156216496,-1.6994032258446035,train
2013-08-13,-1.7821086878665757,-1.7835752473523137,-1.757690292137926,-1.746597282683934,train
2013-08-14,-1.7899639807641137,-1.7302194052906046,-1.7020390281072901,-1.7085720422625106,train
2013-08-15,-1.7717137858592742,-1.8485908213866133,-1.8463683195964737,-1.813721660432888,train
2013-08-16,-1.8623111329139848,-1.6101029354381462,-1.6052456195122196,-1.6104775138890193,train
2013-08-19,-1.8800164440235736,-1.6969295852245747,-1.7318281235603823,-1.6628088813803785,train
2013-08-20,-1.7574863799265448,-1.7370820712960646,-1.716322642462573,-1.6847419359816467,train
2013-08-21,-1.753839488876506,-1.6732153985245808,-1.6496852697057167,-1.6493141686114494,train
2013-08-22,-1.7764018339723615,-1.5725119682646027,-1.5692587232363022,-1.549941252435251,train
2013-08-23,-1.7916500186990219,-1.6011745239188868,-1.6134805903426377,-1.578467531531969,train
2013-08-26,-1.8077002388049999,-1.6329171677350602,-1.664542096413675,-1.5768060478388781,train
2013-08-27,-1.8045460826464879,-1.7257135950851852,-1.7066696167751998,-1.6564385427655277,train
2013-08-28,-1.8241859881929652,-1.6503439729824965,-1.6282518970162416,-1.626773173366459,train
2013-08-29,-1.8372172668391764,-1.6914986639596143,-1.6895897809793186,-1.6520445126732506,train
2013-08-30,-1.859387446888138,-1.6746950838213688,-1.6898859687035959,-1.642967426980873,train
2013-09-02,-1.8453583180178508,-1.7632265750986793,-1.8010098375963015,-1.7231141313025757,train
2013-09-03,-1.8110859396916035,-1.8333263879880606,-1.811320937944297,-1.767610388171926,train
2013-09-04,-1.8008680974600626,-1.8009110705538045,-1.7751136445673783,-1.7500078531986598,train
2013-09-05,-1.7976376317241596,-1.8655013199849557,-1.8643394372353317,-1.7924047865218111,train
2013-09-06,-1.8388687506341275,-1.7707342296033977,-1.7799707586111229,-1.7359490407302915,train
2013-09-09,-1.8975403946460492,-1.6830077610461585,-1.6973431471017726,-1.6574980417399345,train
2013-09-10,-1.8908281009235808,-1.6953086661003356,-1.67688477090931,-1.662434065553122,train
2013-09-11,-1.8897796595485654,-1.7331987157649167,-1.7096771602027008,-1.6926080130751306,train
2013-09-12,-1.8954822517144962,-1.6865285818984541,-1.6872772474181015,-1.6636274690306183,train
2013-09-13,-1.9126334078701388,-1.7289760684970108,-1.753357736686889,-1.7034320687783084,train
2013-09-16,-1.9067997777962904,-1.750861716438283,-1.7809311955418614,-1.7277681592335634,train
2013-09-17,-1.8238688605965017,-1.7933960613648134,-1.7710508837287602,-1.780145639445684,train
2013-09-18,-1.7856736155324069,-1.8772754060490802,-1.849043912273241,-1.8462030466369916,train
2013-09-19,-1.9145511820045227,-1.5888363673551156,-1.575450330072586,-1.627538095757748,train
2013-09-20,-1.5607963494948889,-1.6483750078508652,-1.6662104713259211,-1.6506122639925724,train
2013-09-23,-1.5346644148269737,-1.6781797206776667,-1.7120919138365456,-1.6724213430763213,train
2013-09-24,-1.555021063215224,-1.6417699987775347,-1.6244359864675557,-1.642247117966088,train
2013-09-25,-1.5429098386308986,-1.6752448083107883,-1.6548513690296056,-1.6817307821658571,train
2013-09-26,-1.5336821289035882,-1.802218701592533,-1.8040520842021672,-1.777970329249914,train
2013-09-27,-1.5408023604281185,-1.829078914031147,-1.8545752578338457,-1.8083801809258166,train
2013-09-30,-1.5278599941593964,-1.866232262874025,-1.9046488435522482,-1.8513403737818632,train
2013-10-01,-1.5249951703548066,-1.8929789940803947,-1.8675594237688333,-1.8722822273680044,train
2013-10-02,-1.5160876418453073,-1.8290294595316952,-1.8016369249657975,-1.8098954744193778,train
2013-10-03,-1.5224840195665699,-1.747652498627156,-1.7417193946666187,-1.7466471491379263,train
2013-10-04,-1.5252065940229087,-1.7124067039348374,-1.7291771614816873,-1.725527860046373,train
2013-10-07,-1.5213630509357257,-1.747708527605042,-1.7877067300566407,-1.7471573659806614,train
2013-10-08,-1.5051056091021624,-1.8070098774074907,-1.7859595507435078,-1.7966117000537039,train
2013-10-09,-1.268595711668845,-1.872103501256456,-1.8448668130206682,-1.8441550519110943,train
2013-10-10,-1.2414825674674714,-1.8257379074176796,-1.8201717862947415,-1.805506001195741,train
2013-10-11,-1.2457985404427614,-1.890883245608127,-1.9146669607120133,-1.8586637658491902,train
2013-10-14,-1.2288192182134403,-1.8859915064977826,-1.920409950419004,-1.855113577425637,train
2013-10-15,-1.2051610552283347,-1.9386057154578524,-1.9137124684285058,-1.8947172256623395,train
2013-10-16,-1.2019768345386963,-1.825267900289389,-1.7992216763784419,-1.8054322776217249,train
2013-10-17,-1.2472129631658369,-1.6686994358528207,-1.657189856292062,-1.6784198378849098,train
2013-10-18,-1.2643350656832792,-1.6646824040497126,-1.6806450031127245,-1.6595070461915653,train
2013-10-21,-1.249520699520714,-1.796718952234401,-1.8457069092668943,-1.7616713453590676,train
2013-10-22,-1.4332168713250752,-1.3125024558349847,-1.3020949010317129,-1.3820626549489294,train
2013-10-23,-1.4282324704915161,-1.4197838543483123,-1.408158867779675,-1.4425974754072532,train
2013-10-24,-1.423036597586562,-1.6301390931551427,-1.639967262185478,-1.5937196659611457,train
2013-10-25,-1.4319352927502371,-1.590225819957803,-1.6162076151455185,-1.5609626041419884,train
2013-10-28,-1.4260923400212873,-1.568515751992613,-1.610758396933059,-1.5675161181731863,train
2013-10-29,-1.4153783952829138,-1.819209330672118,-1.796818654771605,-1.7840877452085393,train
2013-10-30,-1.4283057350021224,-1.7806685537006899,-1.7534618373475872,-1.756262394905744,train
2013-10-31,-1.4333708832104708,-1.7711709514338052,-1.7681487542690437,-1.7491655481292183,train
2013-11-01,-1.4411522432321435,-1.7122588595673127,-1.7252915428737032,-1.713456356764382,train
2013-11-04,-1.4534566653582428,-1.7234231936844238,-1.7523786593527826,-1.7085303820749453,train
2013-11-05,-1.4610388675852521,-1.6657529115735612,-1.6467573420210169,-1.655082143335878,train
2013-11-06,-1.423624831243743,-1.702066102367274,-1.6786236551369231,-1.6926371945938357,train
2013-11-07,-1.4156330859364992,-1.6557979437193466,-1.6541475658093112,-1.6547316839156436,train
2013-11-08,-1.699989061102747,-1.299933546166767,-1.2788359734395154,-1.3821081640432884,train
2013-11-11,-1.7584834296445142,-1.3610583750594392,-1.3795636173997452,-1.4065375010167502,train
2013-11-12,-1.7428895081136877,-1.5297040857063418,-1.515615530830462,-1.5342060514617037,train
2013-11-13,-1.7606464254620606,-1.3987613302323274,-1.383557274973149,-1.433544877273796,train
2013-11-14,-1.792630382701329,-1.3555850998286765,-1.3581342824548082,-1.3939136420200313,train
2013-11-15,-1.8147008186646232,-1.501825590550099,-1.5209329766337756,-1.5290142903366393,train
2013-11-18,-1.8151782349174834,-1.633176378475514,-1.6716419436381522,-1.6247362489874666,train
2013-11-19,-1.6954679102932535,-1.6425882343307077,-1.6227070909288674,-1.6009997201966832,train
2013-11-20,-1.6986174618696928,-1.6007075095106933,-1.5768350583468655,-1.5711211517785495,train
2013-11-21,-1.7941797224921494,-1.47747859561102,-1.4659728686780744,-1.467952477490552,train
2013-11-22,-1.859828254699586,-1.4920053695858253,-1.5020996655665728,-1.4593245474920349,train
2013-11-25,-1.8755736906002045,-1.5691886870245777,-1.611878088033115,-1.5321427769458171,train
2013-11-26,-1.9004009618816307,-1.571472365285304,-1.5548586906135646,-1.5429705285266853,train
2013-11-27,-1.9360920602644998,-1.5411868161191369,-1.5210438684125631,-1.5232651822730243,train
2013-11-28,-1.8668220299286868,-1.6367507505829098,-1.6352915678798325,-1.619931914766417,train
2013-11-29,-1.8540043106928064,-1.749322739097233,-1.7769275156164221,-1.709359178298712,train
2013-12-02,-1.8326073328867667,-1.7520307878041876,-1.7897182189353096,-1.7233414409499863,train
2013-12-03,-1.8082295679852711,-1.6920950961042243,-1.6688036232832684,-1.6768573719329611,train
2013-12-04,-1.7933056618803151,-1.7795336771402561,-1.7505100076315148,-1.7566944590687195,train
2013-12-05,-1.7905579340187465,-1.7569871976481408,-1.7517950849610457,-1.7426120779232286,train
2013-12-06,-1.841752996519307,-1.5856064769353306,-1.5893507620304306,-1.5916444930896863,train
2013-12-09,-1.8529887823267708,-1.574478921847833,-1.5986425779843139,-1.5804864382230082,train
2013-12-10,-1.8082948773687804,-1.78370397755335,-1.7622765455862939,-1.7403508319645482,train
2013-12-11,-1.6976476897907262,-1.7612020442437588,-1.736130779587596,-1.7286102554896854,train
2013-12-12,-1.7083013789849895,-1.7204966903823065,-1.7185261604527247,-1.6979217195853704,train
2013-12-13,-1.724486388161992,-1.7662002602206646,-1.784151220022978,-1.7435598501088276,train
2013-12-16,-1.7158300161905764,-1.8484838481553376,-1.8841651828768564,-1.81318823452993,train
2013-12-17,-1.7024520992403958,-1.8264814968877487,-1.803441429260577,-1.791173585132237,train
2013-12-18,-1.7028418918987707,-1.8158885643660314,-1.7892299201795643,-1.79916553865929,train
2013-12-19,-1.8296243750595595,-1.5630913654611396,-1.5498980387270407,-1.6169085786841082,train
2013-12-20,-1.845761837302327,-1.666136972614296,-1.6873707111128753,-1.689066483658447,train
2013-12-23,-1.856882059509189,-1.68163500742294,-1.717068066368661,-1.709178929439803,train
2013-12-24,-1.8145658876326858,-1.8081921209893026,-1.7890485532100093,-1.8191330044269136,train
2013-12-25,-1.7647881439132336,-1.8658226041170864,-1.8398574753786079,-1.8625173576192524,train
2013-12-26,-1.739007251070423,-2.1402398673100427,-2.144719900097064,-2.0845807803157403,train
2013-12-27,-1.7238126687131043,-2.2012862149676957,-2.235358611414686,-2.1531011710813006,train
2013-12-30,-1.757996860385171,-1.9539411244395524,-1.9519716990182723,-1.9493425385006404,train
2013-12-31,-1.749183495893926,-1.9786271702292344,-1.9506838703611962,-1.9597706201051532,train
2014-01-02,-1.7450776435993498,-1.8781072473910954,-1.8699807916250444,-1.8607497234769836,train
2014-01-03,-1.7704061840879723,-1.7026087393243199,-1.71457017474164,-1.701721600242151,train
2014-01-06,-1.7758937765947458,-1.6632624645164562,-1.69995676925559,-1.6427752516013978,train
2014-01-07,-1.7784856686254937,-1.7269348133610762,-1.7088321835750655,-1.7024815291979511,train
2014-01-08,-1.7259910471708233,-1.7416829567441963,-1.7202315358556468,-1.7152735039327816,train
2014-01-09,-1.7203158178986326,-1.7345897235428354,-1.733867898387911,-1.7023759307975115,train
2014-01-10,-1.7631337824149322,-1.6973440431157216,-1.7119301891547318,-1.684402254165932,train
2014-01-13,-1.8712578030912017,-1.5143633643040062,-1.5169822851137218,-1.5318461520599231,train
2014-01-14,-1.857074255324214,-1.6838519795822213,-1.6676192890477195,-1.653523375756704,train
2014-01-15,-1.832886519839838,-1.7257660846099154,-1.70410442514054,-1.691384147499923,train
2014-01-16,-1.850211044890191,-1.6934863980990744,-1.6943731845080785,-1.6713987825774306,train
2014-01-17,-1.873787016413168,-1.6981378027008007,-1.7194788634004743,-1.678890525830675,train
2014-01-20,-1.8800367308005805,-1.8296950113381159,-1.8661370963173978,-1.7959256641315025,train
2014-01-21,-1.8867547430849172,-1.9050880509102464,-1.881379757889712,-1.8680830264171264,train
2014-01-22,-1.8881725137555054,-1.8808026117064043,-1.8535299057971073,-1.8380499565703898,train
2014-01-23,-1.8946088432175416,-1.9076209691416017,-1.9052769765425817,-1.863186554577129,train
2014-01-24,-1.9363322702567536,-1.810153093532554,-1.8208547022866728,-1.7662357984707233,train
2014-01-27,-1.987682181378442,-1.7247800262527835,-1.7422434413365318,-1.6891888742213348,train
2014-01-28,-1.9996104487395752,-1.724749521791934,-1.704331824185196,-1.6967992111463313,train
2014-01-29,-1.9960634414136413,-1.7256866800370736,-1.7010505877773763,-1.684624957509575,train
2014-01-30,-1.958144763639337,-1.6186380444728086,-1.614804559003203,-1.6170374681368245,train
2014-01-31,-1.9654818401882463,-1.6528656251516727,-1.6728755784182368,-1.652707920606275,train
2014-02-03,-1.9875800136322153,-1.6563762153304988,-1.681988964136133,-1.6589861905789482,train
2014-02-04,-1.9929153754940179,-1.6707423208368497,-1.6518877361910544,-1.6668610631844267,train
2014-02-05,-1.9775246361795191,-1.6748958014147004,-1.6529455578785635,-1.6629211663493486,train
2014-02-06,-1.9805283149588202,-1.7092037827643212,-1.7088566959828788,-1.686768062227191,train
2014-02-07,-2.0763292491009118,-1.5698743893791216,-1.5757604785651667,-1.586658782879618,train
2014-02-10,-2.12164423340494,-1.6184481010235725,-1.6460947770939844,-1.6190863010881462,train
2014-02-11,-2.1131244961994002,-1.804611075272805,-1.7838502632646571,-1.7673741545419164,train
2014-02-12,-2.0677919847940305,-1.7509618616833853,-1.7271346423525833,-1.7355533986770035,train
2014-02-13,-2.0727510946011636,-1.7316929032458233,-1.7301754244943612,-1.7191330766699857,train
2014-02-14,-2.103707221130604,-1.7487406616646377,-1.7648968648043193,-1.7403103800025745,train
2014-02-17,-2.0794505355834265,-1.8724120422301673,-1.915657798443659,-1.840344171646127,train
2014-02-18,-2.041942266442991,-1.8651553908662868,-1.8418748459180507,-1.7981366503128506,train
2014-02-19,-2.0281898035627557,-1.8855775995894632,-1.8568125972887208,-1.8107707911053537,train
2014-02-20,-2.0105799678152496,-1.9895034769316802,-1.9897344981561014,-1.898485335478846,train
2014-02-21,-1.9646590566320636,-1.9804163532123378,-2.0020442572160646,-1.9159109520217936,train
2014-02-24,-1.9384020656746872,-2.000451186289275,-2.039545822316991,-1.8990388635545112,train
2014-02-25,-1.9206954926091842,-2.0270255158386283,-1.9983278142174528,-1.943482598862487,train
2014-02-26,-1.9027729430692832,-2.0439478403293334,-2.0107432999906587,-1.97004921762958,train
2014-02-27,-1.8882219123687638,-2.0139135037157563,-2.009680228869203,-1.9238043235165803,train
2014-02-28,-1.8772702516297028,-1.9824309939922586,-2.0027925723803346,-1.9092992439066439,train
2014-03-03,-1.962271158441143,-1.792192307689861,-1.7988023927784522,-1.753855993538523,train
2014-03-04,-1.987901857828046,-1.8226965086088585,-1.8018430340842084,-1.7532766898745118,train
2014-03-05,-1.9502900239261296,-1.8179173750305633,-1.7945688384038314,-1.740706540840164,train
2014-03-06,-1.9397395800223531,-1.7848267768700556,-1.785602391171453,-1.7112129978670083,train
2014-03-07,-1.9829224893844815,-1.7325154348913026,-1.7536416373850652,-1.6803723300849962,train
2014-03-10,-1.9977157148797065,-1.8299460731205346,-1.8669674095120783,-1.7745114817828371,train
2014-03-11,-1.974760667483842,-1.9694950885828326,-1.9470501676551593,-1.9005065049931287,train
2014-03-12,-1.9757409286068728,-2.0225699098703287,-1.9936344241016883,-1.9516589241943998,train
2014-03-13,-1.9858015287603152,-2.0384683362937714,-2.03707885427332,-1.9711697547121076,train
2014-03-14,-2.0473915440898076,-1.9024997921932938,-1.9075312973714855,-1.8701361406165158,train
2014-03-17,-2.066983702925514,-1.9552071895440257,-1.985926656040033,-1.9043922302288185,train
2014-03-18,-2.0698010720893714,-1.973284381831014,-1.9500805769867862,-1.9025802402130234,train
2014-03-19,-2.10491014540254,-1.871125901594809,-1.8467647424372848,-1.8075814951237361,train
2014-03-20,-2.172289463050386,-1.783904664057062,-1.7815936516403097,-1.7639289883365425,train
2014-03-21,-2.216400659544909,-1.85246056128154,-1.8765012165777735,-1.8308590705441636,train
2014-03-24,-2.240643943684231,-1.870211973947924,-1.9094275332844597,-1.8440865898085956,train
2014-03-25,-2.2999411518523005,-1.7273660042426837,-1.7086209356102253,-1.7272239562647647,train
2014-03-26,-2.3378424156373203,-1.7402057389059125,-1.7183338717536025,-1.7373181526689996,train
2014-03-27,-2.3850773591680925,-1.770038649094545,-1.7697521460610521,-1.7517862319526643,train
2014-03-28,-2.4228204938739792,-1.7505850813568942,-1.773974122004955,-1.735133515618658,train
2014-03-31,-2.4468285680628474,-1.7294950709979142,-1.7646723930931119,-1.724334028271537,train
2014-04-01,-2.464474470523928,-1.7458676674959308,-1.725576253932552,-1.7162644625027748,train
2014-04-02,-2.488576110710718,-1.8946856514159762,-1.867292868832872,-1.8382703962920328,train
2014-04-03,-2.4557113073173875,-1.9472670028315353,-1.9484281484146981,-1.8976696763892125,train
2014-04-04,-2.5764195573546043,-1.7991750580530985,-1.8077610350158424,-1.7895729471800843,train
2014-04-07,-2.639605170030311,-1.8105368610788928,-1.8367061727538239,-1.792429816358505,train
2014-04-08,-2.6312046357978462,-2.031896628071192,-2.006100517357607,-1.9697690877967617,train
2014-04-09,-2.462900797343997,-1.9801047585241838,-1.9502557118542114,-1.9344069844742804,train
2014-04-10,-2.4880882701857963,-1.8845368062878796,-1.8805177864666347,-1.8458265742372126,train
2014-04-11,-2.5019778981344976,-2.030911012226937,-2.06353549286445,-1.9685689548383543,train
2014-04-14,-2.462552651678987,-2.140732103186533,-2.1915359995488193,-2.066899697354327,train
2014-04-15,-2.468239613292132,-2.079366844563136,-2.0504415059373144,-2.01870629672859,train
2014-04-16,-2.4398451025423937,-2.091027997668164,-2.057599292587288,-2.028719793549431,train
2014-04-17,-2.446005450893659,-2.116175988803022,-2.109844703462507,-2.0638574955957574,train
2014-04-18,-2.451590557319518,-2.1803528191179753,-2.213579452928249,-2.1233962347610484,train
2014-04-21,-2.433069682707045,-2.429673951768813,-2.5133932155245278,-2.3158949361137586,train
2014-04-22,-2.396571197341479,-2.4880218517355615,-2.450821439662767,-2.3846658294054697,train
2014-04-23,-2.3876605047865893,-2.4631199898844356,-2.4195790861653212,-2.3750920449602684,train
2014-04-24,-2.419820824786493,-2.405384562090566,-2.389785260901951,-2.3138823414154,train
2014-04-25,-2.447923781146975,-2.40821794767047,-2.426685713855107,-2.3264103728853645,train
2014-04-28,-2.4417953975777054,-2.432199568093062,-2.4893881962870856,-2.3381114039536364,train
2014-04-29,-2.4416487541965144,-2.327619074131033,-2.2980172420069422,-2.2518439034254545,train
2014-04-30,-2.4618328088843557,-2.2706984909095174,-2.2385994651066388,-2.204623810700693,train
2014-05-01,-2.4941741397956543,-2.2448083509303727,-2.23794934734665,-2.202538438465276,train
2014-05-02,-2.472918299338246,-2.462881608111611,-2.5118317700150006,-2.373934182734173,train
2014-05-05,-2.502200817491289,-2.235561489349215,-2.264193033213991,-2.195604197161598,train
2014-05-06,-2.4818709735565307,-2.4586825480909313,-2.429448944394318,-2.3699146462382714,train
2014-05-07,-2.28829784633138,-2.4175575742301216,-2.38290134488911,-2.3417105046304707,train
2014-05-08,-2.2456196143495997,-2.4798840917726657,-2.4754651985461984,-2.396490553782744,train
2014-05-09,-2.391521586141601,-2.1235204565667014,-2.1210121507606394,-2.102502990580404,train
2014-05-12,-2.398236165501017,-2.2807779571612357,-2.322091038870302,-2.2174665427601776,train
2014-05-13,-2.3874696007406344,-2.3300955989676226,-2.3053933919492744,-2.245853251449467,train
2014-05-14,-2.402028600210143,-2.1853976984513745,-2.1584664322990266,-2.134962381633045,train
2014-05-15,-2.4054856947837018,-2.218221128947189,-2.221283026623526,-2.1532512346462314,train
2014-05-16,-2.4282475078130794,-2.2241114571101517,-2.2430414278188993,-2.1743391602994064,train
2014-05-19,-2.4345261398864912,-2.287341941643295,-2.3328727482851317,-2.20344974002173,train
2014-05-20,-2.4114207175439626,-2.3254191481284727,-2.29965879422276,-2.2110360253968304,train
2014-05-21,-2.3983033167332364,-2.3586993970714123,-2.324450847691902,-2.2552141276581428,train
2014-05-22,-2.419429727792753,-2.2590679320626994,-2.2537107459687373,-2.1676731601328587,train
2014-05-23,-2.427181801347399,-2.3209446641259013,-2.34930403192044,-2.2233440395127566,train
2014-05-26,-2.4211277217740066,-2.4163670686946634,-2.471571570290354,-2.301311169417673,train
2014-05-27,-2.405026713641637,-2.4839764658920864,-2.451449737589695,-2.357553631356314,train
2014-05-28,-2.378537240464703,-2.4398978071091872,-2.401944425073879,-2.3266631095415993,train
2014-05-29,-2.3941961614789498,-2.4331467553676736,-2.4256225371714213,-2.3186731053946166,train
2014-05-30,-2.3912584948755806,-2.475042938400116,-2.5045958049321944,-2.3533296388645017,train
2014-06-02,-2.4027913850743046,-2.4541429396383463,-2.4979032284699896,-2.344518760316075,train
2014-06-03,-2.4161226427206395,-2.3850464497021644,-2.354271463644132,-2.2713153139463382,train
2014-06-04,-2.4118114791474867,-2.3462004352874515,-2.312368448081962,-2.2287550454437977,train
2014-06-05,-2.436912554525179,-2.352245841570077,-2.3491160989476905,-2.240061107582963,train
2014-06-06,-2.6912361830513793,-2.015111827875665,-2.008693730888387,-1.9765895812440835,train
2014-06-09,-2.7816414963340326,-2.0310041107204166,-2.061476376638741,-1.9661526213415224,train
2014-06-10,-2.784882307528861,-2.1621776278037683,-2.1409051530637413,-2.0750069141209564,train
2014-06-11,-2.8020252047036713,-2.1452368600904914,-2.1190704024756575,-2.0657094220901007,train
2014-06-12,-2.822111033023152,-2.1556043773725424,-2.160838321211082,-2.0718862569869545,train
2014-06-13,-2.86427519490887,-2.230758589154705,-2.256687787289817,-2.153319371015414,train
2014-06-16,-2.84552588707425,-2.320161179591261,-2.3663960910164668,-2.2298074522271323,train
2014-06-17,-2.881896395940652,-2.268876267490665,-2.2414796038780604,-2.1784310579482637,train
2014-06-18,-2.9006707366078652,-2.314208879168746,-2.2812428117490753,-2.226266371823761,train
2014-06-19,-2.910033345339609,-2.246634354189998,-2.2430611334143666,-2.188138824375727,train
2014-06-20,-2.944661320486207,-2.270597011421779,-2.300285548940195,-2.197359311004755,train
2014-06-23,-2.926131307063727,-2.318714653542342,-2.370637518602849,-2.2447214674527562,train
2014-06-24,-2.9412412373109205,-2.3508208971509275,-2.3213226810346677,-2.2759055949086178,train
2014-06-25,-2.9364837894897016,-2.3582597572488817,-2.3230194597787293,-2.304267169302815,train
2014-06-26,-2.949573897288466,-2.3579042403238306,-2.3536091626146733,-2.286257827437887,train
2014-06-27,-3.0257474890531233,-2.2830109960702734,-2.3031058320485664,-2.227207918118742,train
2014-06-30,-3.036498248683539,-2.4018049811406503,-2.460572117279652,-2.325697144915856,train
2014-07-01,-2.9924212877614806,-2.351537705625485,-2.320499519502623,-2.282431562639534,train
2014-07-02,-2.979188049951578,-2.4203955359866525,-2.3825314129098087,-2.327109771628004,train
2014-07-03,-2.9196759066632287,-2.4579945028123786,-2.4560429738381577,-2.372424846656238,train
2014-07-04,-2.9765037560867262,-2.398572404181506,-2.418620101896494,-2.335111477317935,train
2014-07-07,-2.954658841459653,-2.611466846283919,-2.6873043894419224,-2.4978555787184176,train
2014-07-08,-2.9151549063288185,-2.6496282884499527,-2.612348588621532,-2.5465991973039905,train
2014-07-09,-2.8620198852453775,-2.7236761146753583,-2.678906835533817,-2.607346589370696,train
2014-07-10,-2.8331806981646768,-2.6523824878909457,-2.643922883780684,-2.545116084394105,train
2014-07-11,-2.84826688874768,-2.6941510828829043,-2.720948014355027,-2.5847945851051692,train
2014-07-14,-2.8426503746401277,-2.6843078164043765,-2.73905717721673,-2.5664607660427845,train
2014-07-15,-2.784015561284906,-2.673903513429697,-2.6381799711126988,-2.5488076202881778,train
2014-07-16,-2.786472017123566,-2.5218023868788504,-2.4853261943890463,-2.4227147147085923,train
2014-07-17,-2.7464226119706123,-2.602571332459105,-2.6004107312569653,-2.4919607055465107,train
2014-07-18,-2.7475626432087283,-2.6369823738936815,-2.675278453496176,-2.525199754328159,train
2014-07-21,-2.7425875170313962,-2.5292503198878897,-2.568424358391362,-2.438856712928068,train
2014-07-22,-2.711516583891786,-2.624651659505727,-2.5935179966321993,-2.519156307086381,train
2014-07-23,-2.7199729104306156,-2.5616621942103786,-2.525384720032475,-2.478542484675471,train
2014-07-24,-2.676589052624148,-2.6338053360733933,-2.6333733423483507,-2.530845401341961,train
2014-07-25,-2.6759154447531825,-2.567931485895094,-2.5994701851595567,-2.447195778443196,train
2014-07-28,-2.6524485836862133,-2.624899327332738,-2.6764319599120765,-2.527234957957546,train
2014-07-29,-2.605718622638807,-2.7728028192051912,-2.739077724538836,-2.644388718633749,train
2014-07-30,-2.5565028101789253,-2.818784730391725,-2.775431550286333,-2.686749430965981,train
2014-07-31,-2.5703663609083995,-2.620902499231751,-2.608732072776661,-2.549166058273568,train
2014-08-01,-2.5847080040878514,-2.6828978568742334,-2.7134731635353773,-2.601009240064177,train
2014-08-04,-2.621911388813075,-2.553007043877965,-2.5825638837621954,-2.4851999289647795,train
2014-08-05,-2.565744289869925,-2.6910377891761446,-2.6600082127787124,-2.5884056738650356,train
2014-08-06,-2.178079011763735,-2.597236097176284,-2.561651928074001,-2.4441330679375937,train
2014-08-07,-2.1472798732452953,-2.551647554436226,-2.545496486188649,-2.416474644436833,train
2014-08-08,-2.1392465602150303,-2.482510130583026,-2.5060041722033595,-2.3588174770308243,train
2014-08-11,-2.098883565917446,-2.489850615786939,-2.5266072777990956,-2.365501726688709,train
2014-08-12,-2.0367499150367725,-2.5617926672406135,-2.5324077761224957,-2.399999573256665,train
2014-08-13,-2.0023183677836838,-2.530913736504249,-2.4959279975931543,-2.3778731180211263,train
2014-08-14,-1.9978719977677448,-2.400927942994612,-2.3935626090082525,-2.2883739303016624,train
2014-08-15,-1.9913073551474607,-2.4322531563036454,-2.4582875985201498,-2.310620078553639,train
2014-08-18,-1.9764304990488009,-2.3974096385510983,-2.4329340476015764,-2.264757548771983,train
2014-08-19,-1.861609845848706,-2.468386216851764,-2.4406767931257987,-2.302157064837415,train
2014-08-20,-1.8210509379678887,-2.352454214895456,-2.3223885796079005,-2.2112231844441945,train
2014-08-21,-1.7932578029930843,-2.3722200847861923,-2.3699429517135564,-2.218612221340906,train
2014-08-22,-1.778263350185685,-2.412080798404318,-2.4451053641638594,-2.25152131815559,train
2014-08-25,-1.775916557011707,-2.3529121734789524,-2.387783965519877,-2.207366434934961,train
2014-08-26,-1.758062721462162,-2.3654708178270973,-2.3389574865181597,-2.1599533841718532,train
2014-08-27,-1.7241512104741226,-2.331138635136831,-2.299938942002467,-2.1257961094667186,train
2014-08-28,-1.7213956071622858,-2.284446882470189,-2.281083202511531,-2.085134294937588,train
2014-08-29,-1.7154156735375174,-2.2122886724760296,-2.236366332278483,-2.0213238431705034,train
2014-09-01,-1.6759071871697377,-2.247030776627373,-2.2888921508883646,-2.0393468964490027,train
2014-09-02,-1.6299692606423306,-2.393009513666053,-2.3652305981597643,-2.143210526739282,train
2014-09-03,-1.554470276213827,-2.404980532832065,-2.3701921435680786,-2.1519460205794982,train
2014-09-04,-1.5152287410528593,-2.2882807113766575,-2.2804564310534636,-2.063242171378706,train
2014-09-05,-1.6551376087380363,-1.931424963217629,-1.9121324843760228,-1.8428163593467075,train
2014-09-08,-1.623889137467846,-2.0238583843958025,-2.053574032337364,-1.8908966859444516,train
2014-09-09,-1.5313847583388684,-1.9621379541199035,-1.9443797887742622,-1.8341665340532076,train
2014-09-10,-1.4889385301006155,-1.8088893355934952,-1.792229851398691,-1.7019108674828154,train
2014-09-11,-1.4878045213577116,-1.734490786125383,-1.7376172133201093,-1.6434718514709201,train
2014-09-12,-1.461056235422041,-1.8606532597197134,-1.8857863398958967,-1.7566244911939493,train
2014-09-15,-1.4432801337457781,-1.8780749374179035,-1.9157510532187982,-1.7711389652126401,train
2014-09-16,-1.3072970117986058,-1.8966925154161551,-1.878043537527964,-1.7838779943704997,train
2014-09-17,-1.211981274288146,-1.8831038195231724,-1.8599969971706716,-1.7923263581102293,train
2014-09-18,-1.2244548862604943,-1.707818746654204,-1.6986548367102376,-1.6595237981007713,train
2014-09-19,-1.2294046436219124,-1.7101437529122412,-1.7262180518857895,-1.6390251107280425,train
2014-09-22,-1.2117495743654496,-1.69566544964544,-1.72717676598577,-1.6296581892034154,train
2014-09-23,-1.1894239279624483,-1.7112026426598772,-1.695434878684305,-1.635274635698505,train
2014-09-24,-1.168987169160005,-1.7324283463238572,-1.7118718246560103,-1.6540367234164475,train
2014-09-25,-1.168224349814334,-1.7845492844237452,-1.7843731553283477,-1.7765748859975736,train
2014-09-26,-1.1808833226227846,-1.728461097990767,-1.742123519779624,-1.7240469785575359,train
2014-09-29,-1.1678677606480314,-1.8246078266421535,-1.865013902602329,-1.7983768027795113,train
2014-09-30,-1.1425180449362227,-1.7939833272560057,-1.7720577217102265,-1.767981594155659,train
2014-10-01,-1.1471139275308257,-1.670825971742941,-1.6485560025268418,-1.6662882179632317,train
2014-10-02,-1.1120599405458802,-1.6074602901789479,-1.603613485492728,-1.6054615253840403,train
2014-10-03,-1.1276337981336744,-1.4858656074672594,-1.4899677198585717,-1.5271405042133384,train
2014-10-06,-1.1480713928222448,-1.4194241164975467,-1.4385110769890899,-1.4491145632899423,train
2014-10-07,-1.1460870272839208,-1.4428205676175025,-1.4304192782316998,-1.4614849335636877,train
2014-10-08,-1.102664809325137,-1.3945001239592578,-1.3802324558439958,-1.410469021106363,train
2014-10-09,-1.12351952695777,-1.2580008959613582,-1.2544952304821066,-1.2298803955856568,train
2014-10-10,-1.153514611965032,-1.2669196022785068,-1.277510329351126,-1.2322313384990518,train
2014-10-13,-1.156812131174501,-1.34493135249781,-1.3771452634535244,-1.2911817654409896,train
2014-10-14,-1.152915008231343,-1.2912967376443956,-1.281187431123945,-1.2473644766600522,train
2014-10-15,-1.1616025354499535,-1.3184118122570083,-1.3046554486665831,-1.2683620920453273,train
2014-10-16,-1.2285479610987473,-1.1345778662582529,-1.1261608649447774,-1.1276142152419293,train
2014-10-17,-1.3077155285999809,-1.0784707668102025,-1.0768052295662074,-1.0753576094036146,train
2014-10-20,-1.3361068595740924,-1.122377116273435,-1.14616996776983,-1.0973176805170197,train
2014-10-21,-1.333464399598128,-1.1918713704392292,-1.1837584926850142,-1.170716980409389,train
2014-10-22,-1.3223753385987336,-1.1305340292492079,-1.1209571841517574,-1.0565335709092756,train
2014-10-23,-1.315663654189681,-1.202152810834055,-1.203983625269628,-1.123448834549783,train
2014-10-24,-1.3247643027052385,-1.2656345994711324,-1.2819615454187276,-1.1614590009296617,train
2014-10-27,-1.316025379057698,-1.3775705233369453,-1.4159973699299613,-1.2532565197376027,train
2014-10-28,-1.2960540555727993,-1.4174629957411358,-1.399103386364173,-1.3021973533963436,train
2014-10-29,-1.3056623805045788,-1.4008903609823193,-1.3781601337913978,-1.2870503965944082,train
2014-10-30,-1.3267877113368431,-1.3367365963657676,-1.328799249712825,-1.245309546973879,train
2014-10-31,-1.322317220542555,-1.3804487582785796,-1.394791132333929,-1.2877208591320901,train
2014-11-03,-1.382477721557335,-1.2162797151268356,-1.2208130154804955,-1.1508297451179168,train
2014-11-04,-1.3976489205770304,-1.218667213770828,-1.2047717294413902,-1.1395440298259616,train
2014-11-05,-1.2966077772994282,-1.290142568197781,-1.2723590771699034,-1.1338309215765674,train
2014-11-06,-1.2563154446805822,-1.279387822673841,-1.278581533858015,-1.0759042873657152,train
2014-11-07,-1.3252038887971658,-1.115004454744173,-1.1140552718121268,-0.9564148374377193,train
2014-11-10,-1.3337620711637137,-1.173550975827881,-1.1872820751304256,-1.0574066725040203,train
2014-11-11,-1.327337464067227,-1.2704306653025117,-1.2565006274089068,-1.1322885467081658,train
2014-11-12,-1.2807580654128672,-1.261644450219696,-1.2452103806191446,-1.12354707090285,train
2014-11-13,-1.2841870435318583,-1.1983886124481224,-1.1974946780958393,-1.075010652901043,train
2014-11-14,-1.266568766600577,-1.343808734716559,-1.3677531397473823,-1.1983701503161144,train
2014-11-17,-1.262022031102852,-1.270855042864049,-1.27920301721108,-1.1507458652860365,train
2014-11-18,-1.204290238142403,-1.315074699332216,-1.3002040473715621,-1.1554023613640232,train
2014-11-19,-1.1750319050950422,-1.3747561396157473,-1.356197917010043,-1.175821964692461,train
2014-11-20,-1.1758992323516066,-1.3748069659940791,-1.373616904569974,-1.1629221861469776,train
2014-11-21,-1.20970824931577,-1.274157928921029,-1.2829790994243133,-1.1456207578415358,train
2014-11-24,-1.237573011584752,-1.3052688906173857,-1.323026794152189,-1.1621984305651685,train
2014-11-25,-1.2545746269463331,-1.3631312389678172,-1.3475143342306075,-1.2282786758030013,train
2014-11-26,-1.2731001734608014,-1.3536244210605544,-1.3352696384108271,-1.2275191773638356,train
2014-11-27,-1.284848852814105,-1.3068598827467617,-1.3055529560711958,-1.2001714997304505,train
2014-11-28,-1.2784416378739594,-1.4297729407206006,-1.4564578282176328,-1.2929772615753319,train
2014-12-01,-1.2897364713031525,-1.4468196318061024,-1.4744906333359453,-1.3257259640193837,train
2014-12-02,-1.2919679287410042,-1.4086128177753994,-1.389967731352257,-1.2958921961262644,train
2014-12-03,-1.243928691332645,-1.5059970723640013,-1.482786240327477,-1.3824013868745268,train
2014-12-04,-1.221762296888774,-1.4971786903630822,-1.4931340487449223,-1.382858797245987,train
2014-12-05,-1.2792842110686269,-1.24303080763684,-1.2345810261015597,-1.2538088416223152,train
2014-12-08,-1.3152324313822705,-1.2050008347817376,-1.2131308147286233,-1.2447031393919052,train
2014-12-09,-1.292115319473126,-1.3244125441614383,-1.3111509806845023,-1.3346206833924965,train
2014-12-10,-1.3058164629306974,-1.214552339514442,-1.202153343838711,-1.243940911986397,train
2014-12-11,-1.2952311818912197,-1.2322141341626789,-1.2367258812348496,-1.251791096020825,train
2014-12-12,-1.2916156098933387,-1.1854361321067088,-1.1909705749153447,-1.2158316270871534,train
2014-12-15,-1.0032489457034415,-1.262093505405187,-1.283847958685083,-1.2770577146306776,train
2014-12-16,-0.9588231397366743,-1.2314019457532444,-1.219509499206375,-1.2470252066742211,train
2014-12-17,-0.9714496751657429,-1.1686762941340785,-1.156216472682013,-1.1991802013021795,train
2014-12-18,-1.0121068863719689,-1.0579662433768509,-1.054510324899931,-1.116979893851393,train
2014-12-19,-0.9421495884512121,-1.1086269345108477,-1.1223760362617283,-1.1780668480607064,train
2014-12-22,-0.8035903504441706,-1.1776268195499104,-1.2112183791680042,-1.240071155145696,train
2014-12-23,-0.6409674613043523,-1.2790350301769033,-1.2669227326369714,-1.3254448685245677,train
2014-12-24,-0.5833651656502132,-1.381941355878875,-1.3624540924728528,-1.3998853021345774,train
2014-12-26,-0.52078625420388,-1.5538179687642963,-1.5860397374316135,-1.5548646747946302,train
2014-12-29,-0.48442831898297956,-1.6993276641902098,-1.746687912032928,-1.6798649623396091,train
2014-12-30,-0.4661035708943414,-1.6373590190490273,-1.6109044725503439,-1.6330618226249078,train
2014-12-31,-0.44073376306767703,-1.6163105408325558,-1.5874109049813292,-1.6225030463169479,train
2015-01-02,-0.4228808561437309,-1.6666455199377979,-1.6888015143257646,-1.6600230749221363,train
2015-01-05,-0.4032435496366359,-1.5479603409914426,-1.5659146524380159,-1.5536242806980973,train
2015-01-06,-0.3995983047254146,-1.3532995779681365,-1.3354686892789995,-1.3278417466926795,train
2015-01-07,-0.3775904816033095,-1.3225865632628409,-1.3045358666173026,-1.283356043016424,train
2015-01-08,-0.3446010435991627,-1.2741252646301553,-1.2701188358664999,-1.2290567115544528,train
2015-01-09,-0.3412096865027293,-1.2633854398844144,-1.2824986470516642,-1.2281829349879403,train
2015-01-12,-0.33363174202151147,-1.2113652839459563,-1.2326299183655645,-1.1844812684071078,train
2015-01-13,-0.32958723856030137,-1.273516718843781,-1.2617842091833753,-1.2374694389746705,train
2015-01-14,-0.31701066587050525,-1.2653584820257964,-1.2509235937399241,-1.233603573730519,train
2015-01-15,-0.3309210257744057,-1.202722622936008,-1.1983778260044915,-1.195991358677697,train
2015-01-16,-0.46981633466326306,-0.888236177235162,-0.8646374700542101,-0.935285828353228,train
2015-01-19,-0.4919535990162591,-0.9373074316284783,-0.9465212201431521,-0.9517617409138454,train
2015-01-20,-0.48207469897256255,-0.9754951508518128,-0.9731855143619422,-0.9731405225709433,train
2015-01-21,-0.48110108267171087,-1.0032196888660827,-0.9987499222611153,-1.0009593610548047,train
2015-01-22,-0.5027973004819445,-0.8428065615223249,-0.8431163135106781,-0.8677498312377199,train
2015-01-23,-0.5963075799389955,-0.7986891046687437,-0.7879599804039361,-0.8168305948508581,train
2015-01-26,-0.7369737943133816,-0.6609294734058843,-0.6442968093216477,-0.6934985309965507,train
2015-01-27,-0.7981182639436725,-0.6413369722435216,-0.6442838882433156,-0.6781537603629092,train
2015-01-28,-0.8606869925927643,-0.5203024895564007,-0.5259437293617076,-0.5570912739712388,train
2015-01-29,-0.8823594534240377,-0.5586112145620826,-0.5682210630599648,-0.5352360719709588,train
2015-01-30,-0.9127223854196519,-0.6478253087639427,-0.6666650368872153,-0.6246130900214502,train
2015-02-02,-0.9527023536757789,-0.6940398614894399,-0.7075958291427074,-0.6186944604010824,train
2015-02-03,-0.9603966038348488,-0.7563508465873355,-0.7496410412293661,-0.6706861851425793,train
2015-02-04,-0.9686438233430851,-0.7502178199871714,-0.7405274190006031,-0.6734645043049139,train
2015-02-05,-0.9017445229723718,-0.7626881189529653,-0.7608908202029642,-0.7308552171294191,train
2015-02-06,-0.9477573390076216,-0.6945910263011983,-0.6960602490903488,-0.6274041029213024,train
2015-02-09,-0.9657595125689681,-0.6216090405346362,-0.6188404352504993,-0.5654210062425418,train
2015-02-10,-0.9021150911097221,-0.7189538467765796,-0.711978621414836,-0.6332520293739855,train
2015-02-11,-0.8049453595998631,-0.6935598604625708,-0.6845985657493118,-0.6143675754613438,train
2015-02-12,-0.7591706706678241,-0.7469214303412038,-0.7494025496681833,-0.6573353058922462,train
2015-02-13,-0.7533152147631363,-0.719374297816672,-0.7253951270518877,-0.6424159866388127,train
2015-02-16,-0.7404161937861269,-0.8609790685710335,-0.8842337696274781,-0.7623109572703918,train
2015-02-17,-0.38674026751424556,-0.9150552063019187,-0.9016089267798665,-0.7941120634206169,train
2015-02-18,-0.3052280942366203,-0.9209926120465519,-0.9048985738255008,-0.7888025068570529,train
2015-02-19,-0.2780497027877355,-0.8590507666448247,-0.8534480273513492,-0.728202260539476,train
2015-02-20,-0.23154048047944167,-0.9287884099400918,-0.9409975226994194,-0.7310820846561092,train
2015-02-23,-0.20434855766146898,-0.8121128346859179,-0.8126166671935757,-0.6471890765289027,train
2015-02-24,-0.19296688967950237,-0.8992481736821905,-0.88825713210717,-0.7001463643188667,train
2015-02-25,-0.17466486844025506,-0.9469813609988761,-0.9335165487062905,-0.743061570161926,train
2015-02-26,-0.14637348435049566,-1.0670704791550143,-1.0696345180034192,-0.8561886184297541,train
2015-02-27,-0.1336633033788032,-1.0580298491790712,-1.0725932645388556,-0.8560390155183696,train
2015-03-02,-0.12682411724448062,-1.0858952216358602,-1.0992901122515173,-0.8783358997690038,train
2015-03-03,-0.10597716877744966,-1.21659688401074,-1.1995055354085622,-0.9820672215168038,train
2015-03-04,-0.08586818775490694,-1.2499753262815052,-1.2286864280970544,-1.0732253662241207,train
2015-03-05,-0.024414852378128574,-1.1783272720203668,-1.17324383437195,-1.0170125339216103,train
2015-03-06,-0.025459811944449833,-1.118734653408024,-1.121552043114317,-0.9786603322467377,train
2015-03-09,-0.05089870591889753,-0.9581427204600571,-0.9444953511373785,-0.8471502671143424,train
2015-03-10,-0.033655660053629965,-1.0595741863239352,-1.0491626602057633,-0.9754891702266355,train
2015-03-11,-0.04786707031775235,-0.8837342907688241,-0.8770204232952183,-0.828784204581566,train
2015-03-12,-0.06544876695604716,-0.7827454735470641,-0.7810165162427085,-0.7373610950683699,train
2015-03-13,-0.10742897353482346,-0.65073601389785,-0.6440089689039457,-0.6267846290250058,train
2015-03-16,-0.10031276652233292,-0.7031303135611243,-0.7090074695091912,-0.6641987691521382,train
2015-03-17,-0.08673339735906782,-0.6801972608335743,-0.6812100030326014,-0.6245435441459738,train
2015-03-18,-0.051804894883043504,-0.7395699319584699,-0.737020373510594,-0.6140982938856583,train
2015-03-19,-0.2600386103057814,-0.3660296207224085,-0.3547863473877184,-0.33668927298070095,train
2015-03-20,-0.3303623388860166,-0.418863197891577,-0.41232771331869983,-0.3699784949071452,train
2015-03-23,-0.35698211479962255,-0.44330937307656376,-0.44996630445219205,-0.3899305259692576,train
2015-03-24,-0.39606639644721336,-0.36037906932073466,-0.36655073789397496,-0.3725587871961369,train
2015-03-25,-0.42402280049085356,-0.2797801529351181,-0.289165711544101,-0.2967732833484542,train
2015-03-26,-0.40779412795622844,-0.48907262905140375,-0.49811406163925104,-0.47743213499273596,train
2015-03-27,-0.419506161145477,-0.5204103642188264,-0.5303528732803441,-0.5133812441044838,train
2015-03-30,-0.43601811878206914,-0.50027325743098,-0.5076237288040737,-0.4991641919968741,train
2015-03-31,-0.3948491519219406,-0.5651052967515262,-0.5609967518196362,-0.5468401198076732,train
2015-04-01,-0.32737736324277916,-0.621607181321416,-0.6135928990518619,-0.6556800810457435,train
2015-04-02,-0.3168627851477544,-0.5784570550404018,-0.5774959427599732,-0.61924694888163,train
2015-04-03,-0.33036029406903955,-0.5585053266840088,-0.5634836833198589,-0.6118448360552469,train
2015-04-06,-0.37590625082433315,-0.3923308053228465,-0.3747659851921377,-0.46941875733644745,train
2015-04-07,-0.34420252315658173,-0.5206537690371884,-0.5150747603275125,-0.5597752338609608,train
2015-04-08,-0.33290800090459466,-0.510464544459239,-0.5040550434219074,-0.560529035316331,train
2015-04-09,-0.29556380577005137,-0.4729731259790402,-0.47251208289809055,-0.5198442441775861,train
2015-04-10,-0.29052537085331737,-0.5353457412019235,-0.5483146674513394,-0.5731988880648465,train
2015-04-13,-0.2921676756822295,-0.6097913951583874,-0.6199598111327912,-0.6473531505735326,train
2015-04-14,-0.2777187275968006,-0.6135366947699002,-0.6049544453269697,-0.640824524309117,train
2015-04-15,-0.29861044958145094,-0.522375558919146,-0.5153468515255376,-0.568389213319632,train
2015-04-16,-0.31121480487366554,-0.5059393334607877,-0.5017103506240425,-0.5601078663973175,train
2015-04-17,-0.3524878725985557,-0.39808857683062143,-0.39219589445813036,-0.5253423371060909,train
2015-04-20,-0.33106625364741005,-0.4296815849850676,-0.4347824324382521,-0.5450691908573374,train
2015-04-21,-0.30780105804824004,-0.5050497035740862,-0.503226498115284,-0.6127332121001134,train
2015-04-22,-0.3017730553935225,-0.546190241325669,-0.5414488827703142,-0.654009013715127,train
2015-04-23,-0.27982949542207064,-0.5921305581314446,-0.5939855130910878,-0.6753579330330014,train
2015-04-24,-0.30939468261984343,-0.5994146815490512,-0.6007487720276521,-0.6245757078593808,train
2015-04-27,-0.321188411383943,-0.5950648645891667,-0.5973511148668149,-0.6526285293683399,train
2015-04-28,-0.30457979840119387,-0.6438480688807495,-0.6375304128052499,-0.6869027508985717,train
2015-04-29,-0.29526678924172606,-0.6471884361236594,-0.639493969057999,-0.6819638296528155,train
2015-04-30,-0.3340823958228674,-0.5089991206288574,-0.5038327592739458,-0.5784757099325362,train
2015-05-01,-0.3947860050772996,-0.4133113984822474,-0.40200128700912463,-0.5050494134533182,train
2015-05-04,-0.38372346309819966,-0.4715118270899879,-0.4781014892201386,-0.533580117624624,train
2015-05-05,-0.328986945813067,-0.5501575859405325,-0.5475159601035708,-0.5917272380175828,train
2015-05-06,-0.3322911477399828,-0.4467108413035359,-0.44583173260635417,-0.5132917231128841,train
2015-05-07,-0.24549963555306378,-0.4447272155851637,-0.4442373227239127,-0.5128930509529392,train
2015-05-08,-0.239523414494815,-0.5136502180491771,-0.5177825432476942,-0.5761330608955195,train
2015-05-11,-0.2694469717477522,-0.4197721193095584,-0.4117865013852219,-0.5007399740922868,train
2015-05-12,-0.24534036338547846,-0.46994052254652713,-0.4684141471590171,-0.5275621100574666,train
2015-05-13,-0.23948740878268066,-0.5202671664863818,-0.5154531790712413,-0.5734913627470696,train
2015-05-14,-0.23808833035994562,-0.48728384867240443,-0.4861163608290114,-0.5632209023906554,train
2015-05-15,-0.23986155905273046,-0.5313343967549224,-0.5391908330880291,-0.5984442157789542,train
2015-05-18,-0.2532323496247895,-0.5746331048007247,-0.581313188870207,-0.6415080871613006,train
2015-05-19,-0.25565497164750334,-0.6198851387911231,-0.6131804174109958,-0.6602206998565079,train
2015-05-20,-0.27672165223474693,-0.48158885677508617,-0.4777101549806329,-0.5292159159760859,train
2015-05-21,-0.30332110639743515,-0.48979958769231685,-0.48775769145015085,-0.46385000055862236,train
2015-05-22,-0.3100873256964281,-0.5101071131207287,-0.5175745767926504,-0.47574288922993824,train
2015-05-25,-0.3349909042313075,-0.4474770704113985,-0.4485862360644166,-0.44707450384486247,train
2015-05-26,-0.32433985850593444,-0.6246477121930223,-0.6197968732279865,-0.6274672028878602,train
2015-05-27,-0.33579287904669614,-0.6055572715906804,-0.59756434718526,-0.6199900233087532,train
2015-05-28,-0.3565282842680416,-0.5837650174255922,-0.579659922368978,-0.6062472449404952,train
2015-05-29,-0.2836574246189428,-0.5855652107285826,-0.5883804604724195,-0.6149604875877175,train
2015-06-01,-0.27073251464043446,-0.6567840672800094,-0.667210859249174,-0.6667713206158459,train
2015-06-02,-0.27394096737118667,-0.5966455729835999,-0.5908376911582975,-0.6126028298564905,train
2015-06-03,-0.2864964554875841,-0.5250231806485751,-0.5205075481022875,-0.5412723099412079,train
2015-06-04,-0.34649422406290986,-0.4432206063372493,-0.4384070345152237,-0.47165314950571435,train
2015-06-05,-0.3536935994710491,-0.4591500911012327,-0.46118842635127816,-0.4871395806894372,train
2015-06-08,-0.4732931753122196,-0.2516579077849894,-0.23052717163437936,-0.3150429461344979,train
2015-06-09,-0.487514449216012,-0.320593529371061,-0.32377880357812794,-0.3650997276123633,train
2015-06-10,-0.5033735116350441,-0.3549911994327886,-0.3569718101190342,-0.3946191153548939,train
2015-06-11,-0.5161217490768811,-0.34136198082361097,-0.3438474848008761,-0.3883500152893067,train
2015-06-12,-0.48882859834696996,-0.40384365463246613,-0.4168524793185965,-0.4365509255065647,train
2015-06-15,-0.5176171467968252,-0.45167811938769603,-0.456133964629903,-0.48957611304203486,train
2015-06-16,-0.5281586033789214,-0.5086793024400834,-0.5046079292805348,-0.4694864040587563,train
2015-06-17,-0.5183652242239489,-0.5848953489449955,-0.5773406007112761,-0.5304123595348528,train
2015-06-18,-0.5326565694528866,-0.6301228946906571,-0.6303362832463577,-0.5924931108817817,train
2015-06-19,-0.5752677449463155,-0.5678658887525313,-0.566796883868297,-0.5577025316661508,train
2015-06-22,-0.577374180122046,-0.6837556073788192,-0.700873554546242,-0.7171737779575668,train
2015-06-23,-0.5888712665129634,-0.673102028984653,-0.6638005682132607,-0.7125939472223759,train
2015-06-24,-0.5863139297242236,-0.6756833911978535,-0.6656718619282143,-0.7132678306765383,train
2015-06-25,-0.5859711610831241,-0.6830242429664989,-0.6829960832570366,-0.7293915566124277,train
2015-06-26,-0.5786137576210093,-0.7479745421706859,-0.7594272174259773,-0.7762521566388889,train
2015-06-29,-0.5920741341811306,-0.751371333545779,-0.7663861962662426,-0.7807647969409489,train
2015-06-30,-0.7144536716171472,-0.5173290636237362,-0.5102321577413391,-0.5880146771225606,train
2015-07-01,-0.7522798876555611,-0.5617604848202167,-0.5551658033524148,-0.6178698796541353,train
2015-07-02,-0.7043574891297079,-0.5677663447596619,-0.5686781702101691,-0.6072007627479661,train
2015-07-03,-0.746240288938823,-0.5096435944425697,-0.5148840985744036,-0.5798349709069075,train
2015-07-06,-0.7443214204819897,-0.6524316387828476,-0.686451321605619,-0.6807783293845519,train
2015-07-07,-0.7784537239919491,-0.6267128336518837,-0.6198322394501444,-0.6815545316786276,train
2015-07-08,-0.8165531006157423,-0.6779868809379404,-0.6698754770547234,-0.711706874927288,train
2015-07-09,-0.7948767842898751,-0.6735099416109439,-0.6716073551031682,-0.69747836040403,train
2015-07-10,-0.812639983589801,-0.7170888047805066,-0.7247979539315592,-0.7340737270096265,train
2015-07-13,-0.8371017351854825,-0.613385173423419,-0.6170040479602712,-0.6446421789777416,train
2015-07-14,-0.8859876265702267,-0.5689554614947813,-0.5653827997455849,-0.5983020387297386,train
2015-07-15,-0.8790825894254607,-0.6857085600423942,-0.6791211005111966,-0.6876633396018594,train
2015-07-16,-0.8916891596994828,-0.7141677963145265,-0.7170210548314391,-0.7816722566380089,train
2015-07-17,-0.916959649599287,-0.6858515285597707,-0.694559802043165,-0.7644404999795338,train
2015-07-20,-0.9216148708359533,-0.8372444143128255,-0.8674494896691745,-0.8898409747320769,train
2015-07-21,-0.8988987381808053,-0.9598532903968191,-0.9464374048028134,-1.0236275568871278,train
2015-07-22,-0.8946537899051425,-0.9237391393676831,-0.9083409751348027,-0.9878678365236877,train
2015-07-23,-0.8877993365947089,-0.9412556613702151,-0.9375689436178346,-1.0035505681298698,train
2015-07-24,-0.6946271215961146,-0.9122339830966123,-0.9136604075112618,-0.984467838765344,train
2015-07-27,-0.6155712395120709,-0.8947446072387923,-0.9072728820468242,-0.940891985053145,train
2015-07-28,-0.5628925803436519,-0.8343880955513924,-0.824086703297335,-0.9079222403551576,train
2015-07-29,-0.529053782017702,-0.9339087042610037,-0.919537605966601,-0.9856539257767989,train
2015-07-30,-0.5155937695426509,-0.9045778705098576,-0.9026348337763964,-0.9673499745478833,train
2015-07-31,-0.5059512625996255,-0.9693941025068177,-0.9828762344236451,-1.0324454045228075,train
2015-08-03,-0.5334158506465997,-0.7923616973951447,-0.781657828405502,-0.9026835078152856,train
2015-08-04,-0.5187209537033091,-0.9782051152974739,-0.9669980771169266,-1.0339405444296046,train
2015-08-05,-0.4911166376073837,-0.9548573440912251,-0.9417958959780668,-1.0110267995848339,train
2015-08-06,-0.47574261157240005,-0.9465322137337879,-0.9455735018507886,-1.0097022545680596,train
2015-08-07,-0.47557464994207244,-1.0311982375089102,-1.053167618451043,-1.0903375688557373,train
2015-08-10,-0.514375890125491,-0.9300196863274408,-0.9231027379934369,-1.0259676182897073,train
2015-08-11,-0.5181815387719417,-0.9960200083544613,-0.9845605332755879,-1.0565622625074602,train
2015-08-12,-0.522894795186209,-0.9209581236192806,-0.9103328540835736,-0.9956102847894532,train
2015-08-13,-0.5309545130669399,-0.9215452149639443,-0.920263287467201,-1.0032575942371058,train
2015-08-14,-0.547790322178161,-0.8773628111990512,-0.8888505138315185,-0.9596014139728558,train
2015-08-17,-0.5532108517660632,-0.9899656624170862,-1.0148695858534431,-1.0562011760352121,train
2015-08-18,-0.5516216916038004,-1.0062527513958197,-0.9965228003427715,-1.0545674791568436,train
2015-08-19,-0.5104602731616582,-1.105506545464836,-1.0899613450175945,-1.1291971673719636,train
2015-08-20,-0.508499283143145,-1.0376292394697966,-1.032992312356622,-1.0732835772698075,train
2015-08-21,-0.5156337401648126,-1.048202435469486,-1.0551957620146204,-1.0855611835493166,train
2015-08-24,-0.5248732699381654,-1.0187667849598314,-1.030910842662698,-1.0583779704068816,train
2015-08-25,-0.6784251586743866,-0.699599742982943,-0.6935011591921518,-0.7980240187684775,train
2015-08-26,-0.762297180865758,-0.6066551824277971,-0.6064381515417491,-0.7048321663573354,train
2015-08-27,-0.8215725208440202,-0.5433030317690413,-0.5443616028056799,-0.6313385491728626,train
2015-08-28,-0.8562920174468096,-0.5351197383858052,-0.5476220032175768,-0.61215133619706,train
2015-08-31,-0.8735727318085331,-0.5188758034279977,-0.5384005124612767,-0.5936124174838936,train
2015-09-01,-0.8890821683091742,-0.6480046050206001,-0.6468969023116945,-0.7015413230541544,train
2015-09-02,-0.9427292408537276,-0.6600899285689794,-0.6564935861779305,-0.7103920331663798,train
2015-09-03,-0.8236096899746452,-0.7516113484260256,-0.7539351673094544,-0.7870243430450652,train
2015-09-04,-0.855989370497685,-0.7054732642232675,-0.7093733184159727,-0.7663509980660476,train
2015-09-07,-0.8919396453294186,-0.706261003114868,-0.7154134246134537,-0.7650091141487534,train
2015-09-08,-0.8859996378054829,-0.8325957423151968,-0.8242551757812328,-0.8530452188358947,train
2015-09-09,-0.8798176981300289,-0.8796005969935894,-0.8667869875768871,-0.9144048489344541,train
2015-09-10,-0.8750230599692822,-0.9193485032988943,-0.9199701258655164,-0.9597687023737874,train
2015-09-11,-0.9105018929559485,-0.9017554668024385,-0.906422273516781,-0.9549223828400779,train
2015-09-14,-0.927366472101531,-0.9515276281954244,-0.964679266524055,-0.9974537291785802,train
2015-09-15,-0.9216437658553969,-1.0010117632735267,-0.9870637408717159,-1.0324984327121403,train
2015-09-16,-0.8929171282895082,-1.0309804075211773,-1.0133695806474772,-0.9997556167461078,train
2015-09-17,-0.891119910600637,-0.9917794709181718,-0.9886839886717801,-0.987831961136061,train
2015-09-18,-0.9528090596961378,-0.864829531492792,-0.8585857536128627,-0.8991760372758961,train
2015-09-21,-0.9884455463688331,-0.8927220796241855,-0.902144049749012,-0.9045783031219129,train
2015-09-22,-1.0054827289933403,-0.9116708820115005,-0.8998396170528996,-0.9225596587993943,train
2015-09-23,-0.953373924933741,-0.9026378080775438,-0.8894822153286887,-0.9124828454155046,train
2015-09-24,-0.9489133656193355,-0.8292178703924323,-0.8258586664154041,-0.8574370811589188,train
2015-09-25,-0.9730861026422525,-0.9163080785279856,-0.9257760735433225,-0.921825815941877,train
2015-09-28,-1.0051011772046194,-0.9046285490826795,-0.9137671727804357,-0.9243973295453913,train
2015-09-29,-0.9140572827845553,-0.9490924714381822,-0.9396607900075978,-0.9388828058751469,train
2015-09-30,-0.9171411625379969,-0.9124227085948075,-0.902492601816956,-0.9091068836918973,train
2015-10-01,-0.9062276049784334,-0.9892735817951464,-0.990768310025254,-0.9744791672677919,train
2015-10-02,-0.9034281660253065,-1.079682453290115,-1.1016765974279765,-1.064903085253592,train
2015-10-05,-1.0576689319283836,-0.819343462840289,-0.7990958302390231,-0.8741020481763179,train
2015-10-06,-1.0592689358395149,-0.9603245920548417,-0.9516146064699237,-0.9616095431223228,train
2015-10-07,-1.0551032792062507,-1.0355955159708226,-1.0228761779937923,-1.0123138123161488,train
2015-10-08,-0.9721274117810108,-1.0272206132486144,-1.0293454982973116,-1.0170720298840275,train
2015-10-09,-0.9800347224374772,-0.9694409489567443,-0.9833994156682082,-0.9581751393667245,train
2015-10-12,-0.9817270433260833,-1.0793099891364837,-1.0971842760004633,-1.0606574010741776,train
2015-10-13,-0.966254868838592,-1.2340858970403141,-1.2178758509108853,-1.1862769102743556,train
2015-10-14,-0.9105555591874449,-1.204646776920981,-1.1856013506910719,-1.1701633271077196,train
2015-10-15,-0.8943183827138589,-1.1808524210736049,-1.1769455880056332,-1.096698175895339,train
2015-10-16,-0.9114263959225913,-1.1038396446986944,-1.1048767527732097,-1.0964294013037335,train
2015-10-19,-0.9200929767088646,-1.1326563411401824,-1.147999524022269,-1.1150484531532254,train
2015-10-20,-0.9163243292858352,-1.1786685599041233,-1.1644559821342753,-1.0983135572532667,train
2015-10-21,-0.8921215304502327,-1.2422990153122815,-1.2236834143655095,-1.1620965626288964,train
2015-10-22,-0.8814944805837053,-1.2791661581914262,-1.2799675098552623,-1.189503457728231,train
2015-10-23,-0.9336261532967745,-1.1110135077918089,-1.102825947566906,-1.0652183684502288,train
2015-10-26,-0.9770866555261842,-1.0820874176403925,-1.0820126032287292,-1.0118848696236626,train
2015-10-27,-0.961653912121298,-1.1805215934613509,-1.1672788049286644,-1.0911873419544456,train
2015-10-28,-0.9804727019491027,-1.14905441608898,-1.134787688550806,-1.064209973888714,train
2015-10-29,-1.1017059455713802,-0.8754532052550634,-0.8684110909644402,-0.8476932166978233,train
2015-10-30,-1.1331971664806817,-1.0072984827667244,-1.0203674110147587,-0.9483268813812173,train
2015-11-02,-1.1616675151976041,-1.0288222802479534,-1.044889652504065,-0.9793941791257178,train
2015-11-03,-1.151434210632815,-1.0591606139035064,-1.0500668603665588,-0.9869505823631869,train
2015-11-04,-0.7434464691537676,-1.092036165913888,-1.080677250439553,-0.947071055206399,train
2015-11-05,-0.6796767571229383,-1.1514449442422612,-1.1501745928268114,-1.0199578593806264,train
2015-11-06,-0.6834486905687325,-1.1833347674171606,-1.1984398077680907,-1.0602294802477648,train
2015-11-09,-0.7487943656854222,-1.000702668235948,-0.9914150972533075,-0.916646591869795,train
2015-11-10,-0.7456673818660827,-1.0917080870446703,-1.0811642203987328,-0.9749536618246021,train
2015-11-11,-0.7469197225822146,-1.0726177107417816,-1.0606318180356356,-0.9578737826022429,train
2015-11-12,-0.7290549367881054,-1.0863978941492691,-1.0888967892909711,-0.9680051169213773,train
2015-11-13,-0.7687226477754681,-0.9203810933434082,-0.9203121106796018,-0.8344474763937918,train
2015-11-16,-0.7820336761463748,-1.0082544231994872,-1.021504348760861,-0.9629747693320435,train
2015-11-17,-0.7303115307572049,-1.0321764939769384,-1.0221759899891012,-0.9714544367590009,train
2015-11-18,-0.7137112496989949,-1.0705960630422318,-1.05752322935791,-0.963185710392584,train
2015-11-19,-0.6992501182595243,-1.0881391278251584,-1.0916448865642445,-1.0235604823051718,train
2015-11-20,-0.7124831080896518,-1.0735258251149482,-1.082579895123664,-1.0130023432308985,train
2015-11-23,-0.7204350041439386,-1.12567756945611,-1.1478331203965282,-1.0646852266969586,train
2015-11-24,-0.7233686925775823,-1.1590364328857559,-1.143890107765129,-1.085698946837668,train
2015-11-25,-0.7290027271889111,-1.180748381413928,-1.1631585784450669,-1.1261109533930127,train
2015-11-26,-0.7444999093745597,-1.1188545676407324,-1.115583426692212,-1.0941018385778438,train
2015-11-27,-0.7314546196294613,-1.347985384029214,-1.384135627089414,-1.2791080344646386,train
2015-11-30,-0.7295317284075657,-1.3702419506615813,-1.4028114044800641,-1.3027262648532654,train
2015-12-01,-0.7198425570162958,-1.415330363795721,-1.394686268204835,-1.3553230941921228,train
2015-12-02,-0.6939920734360631,-1.423062496413831,-1.3989603442358847,-1.3674316464418383,train
2015-12-03,-0.6976979236944537,-1.3847657431761768,-1.3747184443917997,-1.351645850763715,train
2015-12-04,-1.061798490018743,-0.8756574474714905,-0.8358933625877206,-0.9982734644845295,train
2015-12-07,-1.1202262358960253,-0.8426081830802888,-0.8373526379112223,-0.9262618937700495,train
2015-12-08,-1.0416392554845768,-0.9439241423543605,-0.9399287019137045,-0.9874760673621911,train
2015-12-09,-1.0016580609014554,-0.9560317633619536,-0.950185124722959,-0.9978685980766013,train
2015-12-10,-1.0019698623181832,-0.9249867975436745,-0.9328898908450967,-0.9759926953425112,train
2015-12-11,-0.9919798661945541,-1.1033471348158204,-1.1198810098289287,-1.134340620475176,train
2015-12-14,-0.9863134612358849,-1.1104930401263016,-1.119306586842427,-1.1521719205028595,train
2015-12-15,-0.9488622372472395,-1.1485118971337653,-1.1360595127458137,-1.1770540089364916,train
2015-12-16,-0.9607635738380726,-1.1412783046807353,-1.1272791039750896,-1.1697477995324543,train
2015-12-17,-1.0285760989574233,-0.9677957072870305,-0.9603890817903111,-1.038343206636416,train
2015-12-18,-1.0328726953755796,-0.9918999631673272,-1.0027610636347162,-1.0743669224781585,train
2015-12-21,-0.9534356976251053,-1.003789519595098,-1.0219246825426684,-1.083364678977565,train
2015-12-22,-0.9403023087261605,-1.0748068417023455,-1.0655269275872008,-1.1473767902099417,train
2015-12-23,-0.9425848168157458,-1.1336139288776312,-1.1197721146479886,-1.1662993228107275,train
2015-12-24,-0.9447975216917252,-1.2023320813299758,-1.2021049421098418,-1.2473476259772251,train
2015-12-28,-0.9263930189273457,-1.279446247406725,-1.3087676392951764,-1.3086704966559237,train
2015-12-29,-0.9171223267279371,-1.3492686757490007,-1.3299557231940335,-1.3633716383642471,train
2015-12-30,-0.8857434070594637,-1.311295055942261,-1.2890801823704738,-1.3246693625654018,train
2015-12-31,-0.882926320960355,-1.332698188555311,-1.3301627264732523,-1.3581474004322576,train
2016-01-04,-0.8912827436370043,-1.2798127299824176,-1.297600635458295,-1.3086187001258587,train
2016-01-05,-0.8676835452062691,-1.1507315871806467,-1.134174603131328,-1.2007836545193455,train
2016-01-06,-0.8255243532537502,-1.1715773930541888,-1.1539663726093163,-1.193750692159977,train
2016-01-07,-0.8108800797157667,-1.137795896963497,-1.1336355392708455,-1.1683040413623902,train
2016-01-08,-0.8193749159157202,-1.0382639498952118,-1.0413125342518366,-1.090809334256158,train
2016-01-11,-0.835061809728761,-0.9102221465017026,-0.9096362958120845,-0.9783563869361159,train
2016-01-12,-0.8363619806135013,-0.9195420938364421,-0.9137336533486883,-0.9784708900457074,train
2016-01-13,-0.78942953137567,-0.9549125602627643,-0.947480371205098,-0.9990732717057278,train
2016-01-14,-0.7818340120356739,-0.9428419612676405,-0.9468109533894471,-1.0010794652453003,train
2016-01-15,-0.8070724613587685,-0.9265304632562559,-0.9360114772411255,-0.9925048021208562,train
2016-01-18,-0.8451292329082843,-0.9173451215666374,-0.9241661706844759,-0.9892058516959608,train
2016-01-19,-0.8348287094188447,-1.093696421387167,-1.0833797160511844,-1.1297287491491779,train
2016-01-20,-0.8338945543562385,-1.0754467479877,-1.0630378328788685,-1.1191861755608592,train
2016-01-21,-0.8433430200665738,-1.0508527649358703,-1.0498690659538656,-1.0456016749619406,train
2016-01-22,-0.9301032341961719,-0.9038064186040875,-0.8952172905846105,-0.9292988303390185,train
2016-01-25,-0.9377273445229617,-1.030679565202663,-1.0509204694093313,-1.001956526229986,train
2016-01-26,-0.9171352930620343,-1.1085781136539066,-1.0981061002255612,-1.0893632161472,train
2016-01-27,-0.9096413619421568,-1.1111866185963135,-1.0967831676998823,-1.0890085846957551,train
2016-01-28,-0.9089428688683235,-1.0667806476409947,-1.065107030659138,-1.056916007472458,train
2016-01-29,-0.9103530836206963,-1.1785177548205636,-1.1925643067107181,-1.1662598594570537,train
2016-02-01,-0.9290706147046899,-1.0794616836983597,-1.0832002209647789,-1.0984700357914285,train
2016-02-02,-0.928798811063061,-1.1412097201540972,-1.1265733443413657,-1.1255353752914972,train
2016-02-03,-0.9175238794212063,-1.16062208398722,-1.1426226663827155,-1.1420392248939617,train
2016-02-04,-0.9012075693345115,-0.9959348923060118,-0.986697975126246,-1.0169924452286863,train
2016-02-05,-0.9561699810476821,-0.9191491789329292,-0.9179795304808223,-0.9472222624331178,train
2016-02-08,-0.9912437303560261,-0.9259274806309262,-0.9327504231825868,-0.9490361019348386,train
2016-02-09,-1.0231854906811866,-0.8776124694373791,-0.8704473129583308,-0.9001716894966229,train
2016-02-10,-0.7344170322369533,-0.7700503183380704,-0.7660638819403925,-0.804700961549497,train
2016-02-11,-0.7385072977446134,-0.8054510117074876,-0.8074329248436468,-0.8332678003403615,train
2016-02-12,-0.7901709051558871,-0.7487030977059898,-0.7505337931804718,-0.7888168179484419,train
2016-02-15,-0.8145008743297016,-0.8050473672968259,-0.8227621573321469,-0.8294969651457796,train
2016-02-16,-0.772644750537619,-0.9146542252453597,-0.9082808079374204,-0.902076477709565,train
2016-02-17,-0.7537284344985768,-1.0023893341647183,-0.9904630576563862,-0.9807120074096384,train
2016-02-18,-0.7609164553238045,-1.0204735582203506,-1.0213482367609115,-0.976120935262201,train
2016-02-19,-0.7736977166384124,-1.0732763682305662,-1.0850736480740086,-1.0321094429567108,train
2016-02-22,-0.7701597254806314,-1.1055352442549566,-1.1232244595049872,-1.1061285957007052,train
2016-02-23,-0.7771792995993364,-1.1517939533794728,-1.1369002872436798,-1.1337545200173456,train
2016-02-24,-0.7824581131564792,-1.1375997717075272,-1.1207566117275727,-1.144506191027987,train
2016-02-25,-0.8115654841271782,-1.0949006814035769,-1.0913717843999873,-1.1098441170030924,train
2016-02-26,-0.8298509667033065,-1.1158675389689299,-1.1299284258204667,-1.1347012835284982,train
2016-02-29,-0.8131596924397021,-1.0854709702271306,-1.1002480242714927,-1.1211979047130876,train
2016-03-01,-0.811096713615003,-1.1179804879619768,-1.1038458138989276,-1.1335544143871865,train
2016-03-02,-0.8211875415352379,-1.0809560031186012,-1.065641961371852,-1.0965130383393806,train
2016-03-03,-0.7963752121572246,-1.1596150965991971,-1.1602907326528082,-1.1684664361027253,train
2016-03-04,-0.8085590981930638,-1.120564115705624,-1.1335642692426402,-1.1400886515892754,train
2016-03-07,-0.8703852593129434,-0.9677008052225404,-0.9603207755780196,-1.0204532599447669,train
2016-03-08,-0.8563356331380185,-1.1304282664239864,-1.1176096854669575,-1.1021429162326852,train
2016-03-09,-0.8381499734007058,-1.138866943488151,-1.1228569487116375,-1.1032327604002754,train
2016-03-10,-0.8395647593094008,-1.1482871196810591,-1.1494847036441973,-1.1095732774101406,train
2016-03-11,-1.236890129608988,-0.7320747340667607,-0.6997860647382235,-0.7777555551239402,train
2016-03-14,-1.2673960560405995,-0.9299506541561744,-0.9419594211086376,-0.9205975904493245,train
2016-03-15,-1.262444107354374,-0.991029595272207,-0.9846441770590303,-0.9611368287007515,train
2016-03-16,-1.2596761824464733,-1.0319015750362033,-1.0222186112338822,-0.9952399675462442,train
2016-03-17,-1.336086066934324,-0.8481636971155525,-0.8483620736691159,-0.8653459437985133,train
2016-03-18,-1.378475927209467,-1.0093446775452006,-1.017896872801534,-1.0130333247044168,train
2016-03-21,-1.3885402924174584,-1.1301114368198841,-1.1601225471265446,-1.1375181526079063,train
2016-03-22,-1.385984484397347,-1.1737013480389726,-1.160225977829316,-1.1556994465538801,train
2016-03-23,-1.3452429810841338,-1.0863165665431231,-1.0723722989588724,-1.1058337892750263,train
2016-03-24,-1.3393619770266234,-1.241187132121097,-1.2423674214844957,-1.2461487759810788,train
2016-03-25,-1.34687886205413,-1.270021762624433,-1.2858778793675838,-1.2480243895823186,train
2016-03-28,-1.320210900708442,-1.5260443868479876,-1.586903604008614,-1.4549282714035547,train
2016-03-29,-1.294077633117964,-1.5261365931618918,-1.5023597839166543,-1.4635366513341743,train
2016-03-30,-1.327043177186591,-1.3523292873528239,-1.3286290967215098,-1.328234148072128,train
2016-03-31,-1.317649335590839,-1.3795484413638035,-1.3713208771927827,-1.3381360651038183,train
2016-04-01,-1.3142906973575001,-1.3854180672120622,-1.3960628650677496,-1.3509189732515414,train
2016-04-04,-1.3396095939682087,-1.1745294769046861,-1.1825522271454705,-1.0991010881651808,train
2016-04-05,-1.2959712840561384,-1.2347524947206554,-1.221899569810861,-1.1318943318084542,train
2016-04-06,-1.3030933088460532,-1.2673318408972658,-1.2500790017724517,-1.1686116570972827,train
2016-04-07,-1.30895083926836,-1.2234063464149636,-1.2202506517713558,-1.179478691677282,train
2016-04-08,-1.3477138582485693,-1.1530831501159762,-1.1594626468935834,-1.1326532982348159,train
2016-04-11,-1.3503755499911214,-1.2557837774035294,-1.2827452836002262,-1.214861221590494,train
2016-04-12,-1.365788260073872,-1.2993475930098923,-1.2857941146153755,-1.251464262655146,train
2016-04-13,-1.398324892693417,-1.259879374832613,-1.2448714164802828,-1.223302087897419,train
2016-04-14,-1.403695401879241,-1.2742200664918706,-1.2733251728242094,-1.23507962537564,train
2016-04-15,-1.4228039125330687,-1.3324120725976651,-1.3501147175657622,-1.285651645281113,train
2016-04-18,-1.4403811707960303,-1.3683684364479527,-1.3971850352964765,-1.3161427131725245,train
2016-04-19,-1.417885464816111,-1.3907377728876444,-1.3754865370861797,-1.3358307769474307,train
2016-04-20,-1.4109885409778467,-1.4555940850158395,-1.435057125546339,-1.39286822173493,train
2016-04-21,-1.4276729590304673,-1.459433963291779,-1.4570478504150277,-1.4114524078119655,train
2016-04-22,-1.5155559223043715,-1.298913974163345,-1.295909017573066,-1.2879021570033078,train
2016-04-25,-1.525319353467176,-1.3825665421224018,-1.4108725961039466,-1.343110581621995,train
2016-04-26,-1.5391600989783345,-1.4065300602850297,-1.3906858020847392,-1.3618918840558047,train
2016-04-27,-1.551174924363716,-1.3516614637511075,-1.3334118610492025,-1.3146790971521776,train
2016-04-28,-1.5754423078690827,-1.2994115550067507,-1.298019991567765,-1.2782170295245474,train
2016-04-29,-1.6338925265662478,-1.327611773518153,-1.3366943134586018,-1.3006094153872196,train
2016-05-02,-1.6643328642449087,-1.2952009274621226,-1.3118279288051888,-1.2793089087788487,train
2016-05-03,-1.66869143361293,-1.2833635647599286,-1.2694500660706687,-1.2633715818386553,train
2016-05-04,-1.6588138581055418,-1.2549277851808354,-1.2400088347678044,-1.2821401272690764,train
2016-05-05,-1.5028650412644526,-1.1750391424619033,-1.172125004729002,-1.2248648412227168,train
2016-05-06,-1.505324149147864,-1.266169793088549,-1.288376064504996,-1.2981339660972284,train
2016-05-09,-1.5358787160307001,-1.2474210689616112,-1.2690298364800228,-1.2879116327053841,train
2016-05-10,-1.5538457907890524,-1.3090565981021498,-1.2954979479735491,-1.3372970514350164,train
2016-05-11,-1.547696106476991,-1.3316782321755536,-1.3141688012004153,-1.3595881527131828,train
2016-05-12,-1.5302999851461063,-1.4778283200153781,-1.4804528508279016,-1.4844088239327236,train
2016-05-13,-1.5189314345471032,-1.5194537976985212,-1.5457394403174054,-1.5254786632502606,train
2016-05-16,-1.5310042009829983,-1.4711197572673715,-1.4891654049845857,-1.496067301519541,train
2016-05-17,-1.4962490695663484,-1.572205995554216,-1.5506991022976706,-1.5583181172238305,train
2016-05-18,-1.3936770211012763,-1.6341490167144574,-1.6068679086525433,-1.6105300104694593,train
2016-05-19,-1.3850803844795685,-1.4722392801085724,-1.463360710106113,-1.4638502999222962,train
2016-05-20,-1.3741136066505824,-1.4785939535366153,-1.4958276140250457,-1.4493875683096267,train
2016-05-23,-1.340886355619138,-1.5954050511226674,-1.6354404826375588,-1.5555320557160004,train
2016-05-24,-1.3158938504054578,-1.6076636789893894,-1.5865015886924834,-1.569587479936509,train
2016-05-25,-1.2311389047793129,-1.5701747352896094,-1.5467639290868997,-1.538867911046604,train
2016-05-26,-0.5129812330919574,-1.6798808355418986,-1.678393203584072,-1.634162288114778,train
2016-05-27,-0.46163155783458043,-1.6778548288942392,-1.6964501316490421,-1.6393958454186797,train
2016-05-30,-0.44044408789265627,-1.6726944784552962,-1.7036329462781692,-1.6330314529559784,train
2016-05-31,-0.4113856589923352,-1.8261460082906908,-1.8011863167306241,-1.775932561559114,train
2016-06-01,-0.36230373896772544,-1.7250716041124794,-1.6978113825898304,-1.6877717485249941,train
2016-06-02,-0.3536197790729934,-1.6511485965808352,-1.643164103292464,-1.6232386273168493,train
2016-06-03,-0.36588198830958946,-1.5661973831282572,-1.5710361012393288,-1.5632287446294586,train
2016-06-06,-0.41799158771409456,-1.309126314101598,-1.2926301712112065,-1.3478590384738376,train
2016-06-07,-0.4051230237902082,-1.3798966658486136,-1.3702035472553118,-1.383047588148913,train
2016-06-08,-0.3951107251100931,-1.440375637740654,-1.4263245509385496,-1.4189373183034162,train
2016-06-09,-0.3522907541489267,-1.515329704056594,-1.5237147387023133,-1.4853665374977332,train
2016-06-10,-0.3580568818149407,-1.4769512184688964,-1.495440450500106,-1.4659715348858682,train
2016-06-13,-0.3545309141304235,-1.598479807885593,-1.6244217118072506,-1.5219198032655745,train
2016-06-14,-0.355075848753266,-1.6057014245112646,-1.5863364173433916,-1.5173800479105586,train
2016-06-15,-0.3456501354551298,-1.5828147596832505,-1.5614678851798067,-1.4970489999021515,train
2016-06-16,-0.3471201805524474,-1.4711826787864646,-1.4674465745947716,-1.4180969265860472,train
2016-06-17,-0.38031303211343276,-1.3069436050160765,-1.3038017994053137,-1.2854367497649033,train
2016-06-20,-0.3942160305516625,-1.3148416071790132,-1.3320546419834554,-1.2957996272352443,train
2016-06-21,-0.3963889993839447,-1.3150802292208337,-1.3048298091263075,-1.288185660359205,train
2016-06-22,-0.39736130956876403,-1.2569875793734728,-1.245606933330412,-1.237178503896912,train
2016-06-23,-0.401630091250794,-1.2557655793776494,-1.2589184035356142,-1.2347041147826268,train
2016-06-24,-0.44190124626193644,-1.1485972492455372,-1.147598744954857,-1.134155872640417,train
2016-06-27,-1.0899876501973442,-0.683143182567191,-0.6285175901263509,-0.7714783256203819,train
2016-06-28,-1.169534285997852,-0.752523078458623,-0.7542794525217907,-0.7812733722307688,train
2016-06-29,-1.208935007877896,-0.7620065775056071,-0.7631723356897792,-0.7660336151088337,train
2016-06-30,-1.2487672733554025,-0.6814073673084983,-0.6925844861320962,-0.6835467462396216,train
2016-07-01,-1.3885305741008533,-0.5772221856763673,-0.5836370742465321,-0.620677535101838,train
2016-07-04,-1.4398300738842853,-0.8381194963654014,-0.8608430591387013,-0.8391672302370199,train
2016-07-05,-1.4485208758070909,-1.0454207698976514,-1.0360572978087899,-1.0235161039095804,train
2016-07-06,-1.4974840202411581,-1.0069482568729684,-0.9953348689719556,-0.9968962799898808,train
2016-07-07,-1.499606365709169,-1.0025808440525867,-1.0014227753925489,-0.9852783394623028,train
2016-07-08,-1.5435629742267691,-1.0915673285581013,-1.1050575884041736,-1.0771231454899808,train
2016-07-11,-1.6988577882450944,-0.9287109167137841,-0.9238340395921768,-0.9470480452639898,train
2016-07-12,-1.7024775860095078,-1.0791459705093036,-1.0667231331867488,-1.0405809126251726,train
2016-07-13,-1.7373125949427632,-1.0516911221612262,-1.0357152478073381,-1.0840517083402346,train
2016-07-14,-1.72114620136795,-1.1384327975257549,-1.1397263777260278,-1.1672271067029545,train
2016-07-15,-1.7906788973532701,-1.0595376688463614,-1.068072629161103,-1.1089932782845535,train
2016-07-18,-1.7846338037325846,-1.1492465692589324,-1.166844752971955,-1.1890946215963087,train
2016-07-19,-1.762639627815332,-1.2403424944715828,-1.2217731111544008,-1.2679469842559385,train
2016-07-20,-1.7425529945254663,-1.2810174102761593,-1.2576150285228427,-1.3084295864898616,train
2016-07-21,-1.760962380406515,-1.23159107598831,-1.2271027111040282,-1.2707947808167421,train
2016-07-22,-1.8041997736451938,-1.225356837328494,-1.2338955808047543,-1.2703575731679078,train
2016-07-25,-1.8330408371360647,-1.272370015299433,-1.2953059269818636,-1.3077839970536524,train
2016-07-26,-1.821914273325629,-1.3912188777958943,-1.3702151492758052,-1.423023658793509,train
2016-07-27,-1.83251653660906,-1.4718804718728482,-1.4468061284875147,-1.4773431451499057,train
2016-07-28,-1.7933066768675456,-1.4007463045001243,-1.3931407778386384,-1.4373955038715551,train
2016-07-29,-1.8131213624821234,-1.4867071221567958,-1.5039263559648162,-1.5172387343841682,train
2016-08-01,-1.843909731339174,-1.4772756476854538,-1.497989988733308,-1.5129073454116462,train
2016-08-02,-1.8335614283055421,-1.583688288702134,-1.5629639736256666,-1.593038397303853,train
2016-08-03,-1.8033782781025955,-1.6091026156882957,-1.5842231102631623,-1.556944650008948,train
2016-08-04,-1.6861650175024374,-1.6781346031749629,-1.6765692521740319,-1.6134875934918549,train
2016-08-05,-1.692931610567975,-1.7301084312692696,-1.7549497837049441,-1.672101171380086,train
2016-08-08,-1.7043666423298036,-1.5891829898949699,-1.5932945046888074,-1.5678013742850052,train
2016-08-09,-1.689399191881313,-1.7630581873280997,-1.739295587733092,-1.6847644042268008,train
2016-08-10,-1.643735532801727,-1.799090478226467,-1.7708794090527025,-1.720406280370798,train
2016-08-11,-1.6246891032888178,-1.751674843090037,-1.748388609083605,-1.6942832950856468,train
2016-08-12,-1.6035017709307005,-1.7737041416139865,-1.7992472096745944,-1.7110122768522198,train
2016-08-15,-1.6127610063532074,-1.7376768721559877,-1.7536940992250711,-1.6944184339035746,train
2016-08-16,-1.5921773693540366,-1.8618149783550755,-1.837842662438089,-1.7840583257148257,train
2016-08-17,-1.6224357830398737,-1.6659745350050958,-1.6434510755676188,-1.626410312363668,train
2016-08-18,-1.6336757307229393,-1.6497142777252471,-1.6456882895934988,-1.5771112916604704,train
2016-08-19,-1.6677665138913753,-1.5935218993587985,-1.6095966655895197,-1.5248019097150018,train
2016-08-22,-1.6776493123489784,-1.6610729631879826,-1.6947301744416272,-1.5795635410601054,train
2016-08-23,-1.632562191950709,-1.6639571175650998,-1.6473987472206364,-1.5686407807180247,train
2016-08-24,-1.6235825714912555,-1.7545764775400723,-1.7309995687627775,-1.6512514559764464,train
2016-08-25,-1.6255248092362056,-1.7567248236393114,-1.755143816046281,-1.5941055155351254,train
2016-08-26,-1.6174300279901659,-1.8899306508616536,-1.9234049100414474,-1.7155365602175374,train
2016-08-29,-1.6894453209271163,-1.6701233799466577,-1.673185847566526,-1.5477214155997587,train
2016-08-30,-1.6863896370481894,-1.8082618746893042,-1.7866180024682479,-1.5890635534225135,train
2016-08-31,-1.6783561836899517,-1.8104594656607722,-1.7851042452014674,-1.5923048725485898,train
2016-09-01,-1.6445772632646718,-1.789858815828498,-1.7878963454647996,-1.5680940982530946,train
2016-09-02,-1.675168789357883,-1.6710149074813179,-1.6872011301812195,-1.5353911712696426,train
2016-09-05,-1.7228784571488083,-1.5402433657436543,-1.538706893838586,-1.4356286944916197,train
2016-09-06,-1.7046824549279684,-1.7285146849438446,-1.7097929138229397,-1.55842100132856,train
2016-09-07,-1.751171014888213,-1.5390611430772212,-1.5216787120028858,-1.3985713025409263,train
2016-09-08,-1.6982996782565827,-1.6018826215179063,-1.6057403593383937,-1.391311650960344,train
2016-09-09,-1.7472988896183022,-1.503405199223931,-1.5170223812166472,-1.3154484774267783,train
2016-09-12,-1.758555629711496,-1.5807669879610278,-1.605673814524354,-1.3834258279823812,train
2016-09-13,-1.745731648275775,-1.5098326622714566,-1.494788226345884,-1.3255252807463191,train
2016-09-14,-1.7303365973793927,-1.5534704659859955,-1.53388286736872,-1.3654678488040275,train
2016-09-15,-1.7224566990369758,-1.5397120114895608,-1.5410031335286818,-1.3494322366422495,train
2016-09-16,-1.7379109241729074,-1.5911149312085462,-1.6141833791900264,-1.4003443629666208,train
2016-09-19,-1.7433494921571766,-1.605905591825071,-1.6366779241144525,-1.4326175120247058,train
2016-09-20,-1.7280156179861483,-1.7448712609649704,-1.7238721032823023,-1.5470798464685482,train
2016-09-21,-1.6342225847084364,-1.759555138792194,-1.7330414478161478,-1.5648735746130402,train
2016-09-22,-1.6780803499361454,-1.6155277116012874,-1.606159010567035,-1.4599696186117828,train
2016-09-23,-1.690570503620555,-1.6813447793839165,-1.7030878596575194,-1.5046095780262458,train
2016-09-26,-1.6912635103700766,-1.7097244935762201,-1.7443056921581215,-1.5634769215348592,train
2016-09-27,-1.6821164322348598,-1.6985377284216978,-1.6773333490046645,-1.5709388308001953,train
2016-09-28,-1.6679942980700202,-1.7178057522746835,-1.6929029828777686,-1.588957430609454,train
2016-09-29,-1.6418610456599863,-1.7792724484621456,-1.776346853474852,-1.6950910309676834,train
2016-09-30,-1.644255575966178,-1.7563189120112659,-1.7753287618186604,-1.6788303075548694,train
2016-10-03,-1.6843357691012704,-1.638425288004364,-1.6522362057006674,-1.5921164942760848,train
2016-10-04,-1.6552827021304428,-1.7762726623526286,-1.7537459784030207,-1.6767927041703639,train
2016-10-05,-1.6939692740200298,-1.5807199950619721,-1.5600438263918037,-1.5218932328674406,train
2016-10-06,-1.6959600172471672,-1.6262528826843856,-1.6264194027101193,-1.5448985994948115,train
2016-10-07,-1.695751055219774,-1.6429551734850625,-1.6676562533843462,-1.5722472777654029,train
2016-10-10,-1.7557544914368668,-1.53912506326296,-1.551099168664766,-1.5511700285772325,train
2016-10-11,-1.1996927783607463,-1.6755480029646115,-1.6582775664112877,-1.6466050207062162,train
2016-10-12,-1.1624092105018715,-1.6709930334788397,-1.6483290785825258,-1.6587375547772811,train
2016-10-13,-1.1482547306828428,-1.5982911119711356,-1.5937203187079803,-1.5891812021080707,train
2016-10-14,-1.1157567769589731,-1.5578429697915066,-1.5720817100146265,-1.5505757230795223,train
2016-10-17,-1.0966433478988695,-1.6129858301055333,-1.6398641858479188,-1.597384163017091,train
2016-10-18,-1.0605006353673399,-1.6703798410010797,-1.6528480627753035,-1.6350247035223946,train
2016-10-19,-1.026834618538533,-1.6478804233559974,-1.6264965569647472,-1.6196768462183615,train
2016-10-20,-0.9874628039287561,-1.6807605205822564,-1.6800105817868833,-1.6411284394527375,train
2016-10-21,-1.0074901063515989,-1.5036104437545592,-1.501218216841755,-1.5166858503352174,train
2016-10-24,-0.9901840517945102,-1.6644932644413655,-1.7023584145045416,-1.6364187167299675,train
2016-10-25,-0.9626212012732942,-1.701199714381689,-1.681914741926183,-1.6642400135862052,train
2016-10-26,-0.9442319501827028,-1.6865880479434965,-1.6630906132548953,-1.6669925836210777,train
2016-10-27,-0.9249746239471773,-1.666780294824164,-1.6658101387563227,-1.6424380429262515,train
2016-10-28,-0.9026876437989763,-1.7166150782238112,-1.7328153713939782,-1.6942713656587083,train
2016-10-31,-0.8907949707604154,-1.643553549561659,-1.6633919230561944,-1.6317630296790133,train
2016-11-01,-0.844812229652276,-1.6653586854859714,-1.6450934417838985,-1.639913635986814,train
2016-11-02,-0.817301032801554,-1.7084567436554934,-1.6838816226798905,-1.67176287263676,train
2016-11-03,-0.8101701770265721,-1.6189862834032294,-1.6148504221857916,-1.6093925574990797,train
2016-11-04,-0.7216686904111138,-1.617357616028776,-1.6336262647623832,-1.6204754504965209,train
2016-11-07,-0.7072803967129229,-1.6782840990466537,-1.711543326401194,-1.679608930291054,train
2016-11-08,-0.704835281378823,-1.6703941739987294,-1.6502132921161698,-1.6726317610130026,train
2016-11-09,-0.623863999442242,-1.7150832236743692,-1.691066870480176,-1.707155187170176,train
2016-11-10,-0.8772404259964953,-1.1975357342531736,-1.174726504856008,-1.2957396707898727,train
2016-11-11,-0.8914834371994652,-1.297843712825617,-1.3064617130236909,-1.3455346759234699,train
2016-11-14,-0.8999243056946551,-1.247514021410418,-1.268374385754169,-1.2934423614369133,train
2016-11-15,-0.8783380672674177,-1.130483758995085,-1.1260718114667645,-1.1826658021397025,train
2016-11-16,-0.8229912915961936,-1.0778141530899417,-1.0746423787324508,-1.120560641519155,train
2016-11-17,-0.8119962731706388,-1.1838167413515177,-1.1858905224285832,-1.2253990534452046,train
2016-11-18,-0.821963862078001,-1.1595511244138532,-1.1714971396593032,-1.170404354200654,train
2016-11-21,-0.8450906145398461,-1.1120976790351662,-1.1263109632641608,-1.1289870231307462,train
2016-11-22,-0.8560648659450378,-1.170256455102542,-1.1618414289655012,-1.176522893139527,train
2016-11-23,-0.8554317933461248,-1.1916528645219122,-1.1799727993864921,-1.192233282946725,train
2016-11-24,-0.8768851921997088,-1.163200520754125,-1.1643379837711862,-1.1608077851075427,train
2016-11-25,-0.8941560780604377,-1.1848750463533484,-1.201776985813065,-1.200920432408997,train
2016-11-28,-0.9188913501224257,-1.1881293121273444,-1.207785871761259,-1.2167682362267431,train
2016-11-29,-0.942000927864392,-1.1546042782874777,-1.142297928398255,-1.1894226666658168,train
2016-11-30,-0.9510009828923568,-1.1420084165990538,-1.1282653808374954,-1.1752886975880465,train
2016-12-01,-0.8762588604939922,-1.0363409444013845,-1.0317000753694339,-1.0883290470314797,train
2016-12-02,-0.9055737177328879,-1.0308849812188696,-1.0430397885278355,-1.0779706731551262,train
2016-12-05,-0.8774374998767634,-1.0617803306952052,-1.0875115085353297,-1.1096289775710373,train
2016-12-06,-0.9602036040626237,-0.8394440929429859,-0.8323029140500939,-0.9430595506758377,train
2016-12-07,-0.9133522284962144,-0.9456659432036286,-0.9357326217166988,-0.9907760331993021,train
2016-12-08,-0.8867676431755304,-1.066582566239575,-1.0723470192994558,-1.093290158698812,train
2016-12-09,-0.9678761390797451,-0.8089133736355417,-0.7997619344594863,-0.8924835703949962,train
2016-12-12,-0.9619710113994807,-0.9622755032488692,-0.9898763485272598,-1.0046320882680881,train
2016-12-13,-0.8927985710017192,-1.0512773738958743,-1.0391587227203658,-1.0813301181493575,train
2016-12-14,-0.8708773885819031,-1.0647594630267403,-1.0501296817002683,-1.092681635982594,train
2016-12-15,-0.8978402579487093,-0.8922567521967982,-0.8878525862398104,-0.9570889773334351,train
2016-12-16,-0.9690829931211392,-0.8680953761353574,-0.8626430798654794,-0.9440483615176658,train
2016-12-19,-0.9762920864721796,-0.8770598411785089,-0.8902592108164151,-0.938591166213596,train
2016-12-20,-0.9823655496004554,-0.9136051592907826,-0.9064858121570992,-1.0017299280672594,train
2016-12-21,-0.9520689517872396,-0.9587765008045837,-0.9486631699042443,-1.04711182737742,train
2016-12-22,-0.9427253251389633,-1.0386776683974863,-1.0422906887815166,-1.1129899462929331,train
2016-12-23,-0.9395637340398819,-1.0999888146113117,-1.1147427135124786,-1.1756126366157083,train
2016-12-26,-0.9327417657384199,-1.2732090213186962,-1.3129694551367845,-1.330492538313365,train
2016-12-27,-0.9196178296312877,-1.3461516695544133,-1.3255830957771864,-1.368472213148334,train
2016-12-28,-0.9016268151573437,-1.4543663454976792,-1.42687951780422,-1.4634697125802134,train
2016-12-29,-0.8936107058229378,-1.4395970692680677,-1.4330709409358258,-1.4628060441637054,train
2016-12-30,-0.8928291834487335,-1.412717908020214,-1.4189729876557426,-1.4470910102965875,train
2017-01-02,-0.9895748082258741,-1.1146159028365208,-1.0919477686388699,-1.2009431079141586,train
2017-01-03,-0.9590265429482379,-1.3516991566090224,-1.334107398936284,-1.3603573770331554,train
2017-01-04,-0.9954146909414329,-1.091466874729487,-1.0779006318779583,-1.1315465999645204,train
2017-01-05,-0.9992919258862033,-1.0826704640909235,-1.0822957162758677,-1.1042612345329486,train
2017-01-06,-1.0672103486351925,-0.9490221168087287,-0.9500474350445873,-1.0147371701026733,train
2017-01-09,-1.0956566361054962,-1.051586458632451,-1.0658788409963347,-1.1005683383113465,train
2017-01-10,-1.1108131168853252,-1.0215042487096602,-1.0146538033182668,-1.0550351807379954,train
2017-01-11,-1.1270366333071582,-1.0499699980850397,-1.039568303339341,-1.0826367985921381,train
2017-01-12,-1.2349318471414772,-0.8874369618324726,-0.8825986770747231,-0.9627486091251649,train
2017-01-13,-1.2920279258278002,-0.9570553420080132,-0.966244163022446,-1.0145262927243606,train
2017-01-16,-1.3249821409131628,-0.9694254681350991,-0.9855248441687797,-1.023587899187659,train
2017-01-17,-1.320692053129846,-1.0610745214693353,-1.0534122428069623,-1.0955595622799805,train
2017-01-18,-1.3536640017771484,-1.0000038260818485,-0.9915701611608324,-1.0469356170406405,train
2017-01-19,-1.375276260509915,-1.1239959482750155,-1.1265270440429151,-1.1539862677409687,train
2017-01-20,-1.4470699145763997,-1.0559921001561356,-1.061267390709046,-1.039112100098452,train
2017-01-23,-1.471290374762152,-1.1116249543253833,-1.132283668509294,-1.1132558552827991,train
2017-01-24,-1.4413169435581201,-1.0982269490467649,-1.0872445845705514,-1.0879592125357296,train
2017-01-25,-1.4368640809455089,-1.1882857991225904,-1.1716077965002096,-1.1623225387808191,train
2017-01-26,-1.438175415964861,-1.159448673780404,-1.1594209637699102,-1.163856881377502,train
2017-01-27,-1.4557696959495814,-1.1817918891648729,-1.1962433787796733,-1.1777984957026706,train
2017-01-30,-1.4575855491658611,-1.1972946421779582,-1.2198275886312966,-1.191692108288986,train
2017-01-31,-1.4529472900763831,-1.1978141653722862,-1.1804422435567292,-1.1944510605513698,train
2017-02-01,-1.5034006826010957,-1.1348135009922349,-1.1182296289038254,-1.1295048511921817,train
2017-02-02,-1.5261848288190762,-1.0923559869640573,-1.088397020917198,-1.0956391863557648,train
2017-02-03,-1.5350852703537214,-1.1555002973978805,-1.1745641936505113,-1.1849327376086571,train
2017-02-06,-1.5907290713610596,-1.0938040830450517,-1.1098736587813651,-1.1272192459992492,train
2017-02-07,-1.6016381519589462,-1.2087023188457007,-1.1947301578818539,-1.2180854143702222,train
2017-02-08,-1.574574473528525,-1.2526340197779922,-1.2338585504091988,-1.2630845480166037,train
2017-02-09,-1.5533825878559269,-1.2916241076898383,-1.2894665442427824,-1.3108402150189615,train
2017-02-10,-1.5700595293749593,-1.3060238939867026,-1.3234617000328694,-1.3238409606226962,train
2017-02-13,-1.5837048001598106,-1.4037995217334875,-1.4339608463955373,-1.4102764632569702,train
2017-02-14,-1.5183264174032909,-1.4755166684571501,-1.4552793341229606,-1.4628663823073988,train
2017-02-15,-1.5245474139378878,-1.4175413168867523,-1.3953974801271354,-1.4195425343740138,train
2017-02-16,-1.5421563365499646,-1.3909885294253788,-1.3850927157211874,-1.396908116254678,train
2017-02-17,-1.5673649838579324,-1.4097449797518735,-1.4243420638894635,-1.3873525184020297,train
2017-02-20,-1.5535698803988884,-1.472184472192434,-1.5075887579720582,-1.3785125554438944,train
2017-02-21,-1.54335538236029,-1.5330135882646012,-1.5139532394646074,-1.484491757346971,train
2017-02-22,-1.5566145077276947,-1.509012599023111,-1.4863236691077022,-1.4749712334087661,train
2017-02-23,-1.6291075143519615,-1.3909003191173102,-1.3805766895438956,-1.3957272428653182,train
2017-02-24,-1.6464101816477164,-1.462196605966204,-1.4789127649563614,-1.422947963433986,train
2017-02-27,-1.667298989088893,-1.4184499343103583,-1.4418594445344188,-1.3936493655072772,train
2017-02-28,-1.6476723296364966,-1.42942211859776,-1.4139009715785484,-1.4043775447194577,train
2017-03-01,-1.658959024463319,-1.3862140780439358,-1.3686712074211607,-1.3620703593797565,train
2017-03-02,-1.691605354768718,-1.3965947149397249,-1.3925349197964279,-1.3997477761965866,train
2017-03-03,-1.697022149820152,-1.5071976963054003,-1.534319389785232,-1.4991872396926613,train
2017-03-06,-1.7367068221269195,-1.4552671772752555,-1.47637490963862,-1.46438413518831,train
2017-03-07,-1.7409493653109651,-1.47828708575128,-1.4616507158159824,-1.4661725187525123,train
2017-03-08,-1.7122980840577666,-1.6159063751741003,-1.5924937438017717,-1.5768773548047352,train
2017-03-09,-1.6921348654286887,-1.6569277960570903,-1.6558513312980137,-1.6218773914318354,train
2017-03-10,-1.7517876607179175,-1.5090479093620077,-1.5153294519049558,-1.504504722730606,train
2017-03-13,-1.8081954470123744,-1.4927410469038753,-1.5068896085725323,-1.510551051425289,train
2017-03-14,-1.789527065913965,-1.596346892322767,-1.5768670739033408,-1.5786279911109482,train
2017-03-15,-1.784615052999155,-1.617110266253702,-1.5938589016288425,-1.5926096439481705,train
2017-03-16,-1.8894626499253244,-1.3920620042529315,-1.3848745073610451,-1.4202566584292242,train
2017-03-17,-1.9191873327176243,-1.4841873010971585,-1.5022409414619884,-1.4941681033618508,train
2017-03-20,-1.9189141482817045,-1.5371039860078162,-1.565931054881687,-1.541076333330084,train
2017-03-21,-1.9213844437411989,-1.6056070883840095,-1.5868403816853824,-1.6197589461688384,train
2017-03-22,-1.9299191931453976,-1.5009214069444765,-1.4812536857775784,-1.5787806860843152,train
2017-03-23,-1.923212154131893,-1.586611384976276,-1.584947061606416,-1.6859535926989917,train
2017-03-24,-1.8281171479905272,-1.6441715044129692,-1.668865948233889,-1.7138816684788294,train
2017-03-27,-1.8153932764738894,-1.6856666594927285,-1.7199846401638406,-1.7531049352112593,train
2017-03-28,-1.7848411435394425,-1.6791739617483974,-1.657676424367034,-1.7686942448706622,train
2017-03-29,-1.7271563231528024,-1.7013264277469002,-1.6753985071061275,-1.7822023901373527,train
2017-03-30,-1.7253208738700414,-1.6196208521135542,-1.6123261827210897,-1.7075363697508272,train
2017-03-31,-1.7525411190637716,-1.6231781718137333,-1.6410090783227762,-1.7133362299415225,train
2017-04-03,-1.7636102056786827,-1.6392967792885251,-1.6720450087492211,-1.71089266361098,train
2017-04-04,-1.7666188700645646,-1.6779354956761376,-1.6581614579782213,-1.7236177167375941,train
2017-04-05,-1.7392653756416316,-1.737563371493533,-1.7123968481556393,-1.762416326623194,train
2017-04-06,-1.7429347208220303,-1.717370636942608,-1.7129087002315326,-1.7464200751327215,train
2017-04-07,-1.7356577121133714,-1.6769979010002656,-1.6902901798720895,-1.6706343496606264,train
2017-04-10,-1.7423179217600635,-1.650791328892178,-1.673971697111361,-1.6678778141946136,train
2017-04-11,-1.727095162723384,-1.76478343401048,-1.7431797242703881,-1.754709460460639,train
2017-04-12,-1.722552013757924,-1.771467879865882,-1.745949937993784,-1.7409364505363825,train
2017-04-13,-1.7358982316855094,-1.6928035516698785,-1.6878134322493608,-1.6928122583423275,train
2017-04-14,-1.7411807983096017,-1.7658293188072143,-1.7900837979577637,-1.7510339718917023,train
2017-04-17,-1.711909749822424,-1.941388445245721,-1.993433518735186,-1.8995828416448008,train
2017-04-18,-1.6916382917419077,-1.883370825219954,-1.8585484747794239,-1.8584386783748537,train
2017-04-19,-1.6697571360726982,-1.7996912494103916,-1.7736702083838496,-1.7307634963960354,train
2017-04-20,-1.6591848045283861,-1.8964534269125484,-1.893840897476828,-1.7991963044924197,train
2017-04-21,-1.6358635891997888,-1.8267318773061263,-1.8414243682062243,-1.7813285248735906,train
2017-04-24,-1.6067188660400997,-1.7545135312340925,-1.7821289586719289,-1.6903689609131614,train
2017-04-25,-1.6451745304470453,-1.5603665915703304,-1.543767057215509,-1.5288899010366186,train
2017-04-26,-1.652251475104836,-1.6376616550918623,-1.6176093443734159,-1.5803053642396703,train
2017-04-27,-1.6702939665549916,-1.5407261097745486,-1.5402029824401045,-1.496250116565141,train
2017-04-28,-1.7436130321653656,-1.4420504743742013,-1.4521672063008884,-1.422338223848034,train
2017-05-01,-1.7248573851030018,-1.4494306113477606,-1.4764328854110311,-1.410728723381352,train
2017-05-02,-1.6934842769213412,-1.679712427094027,-1.6632973300325717,-1.6015011905817937,train
2017-05-03,-1.687977910933249,-1.6862574347379493,-1.6645236771397378,-1.606302775412631,train
2017-05-04,-1.6408950684778274,-1.752637158112113,-1.7546051580276225,-1.6844689987217056,train
2017-05-05,-1.6638607870279158,-1.7224437598228626,-1.7360475981425187,-1.6857735529456326,train
2017-05-08,-1.6728373120864857,-1.7803671998607578,-1.8087574897489356,-1.7344313606472925,train
2017-05-09,-1.646067458259687,-1.667946604941596,-1.647558021923978,-1.694066689433042,train
2017-05-10,-1.6373287178054234,-1.663050890789168,-1.6409215332276212,-1.6601242843924817,train
2017-05-11,-1.6197060198544941,-1.647341366172407,-1.6481405524109878,-1.6407929996373658,train
2017-05-12,-1.624778931981253,-1.6993232544862755,-1.7274670390812898,-1.6852045638294026,train
2017-05-15,-1.6365846592099675,-1.687730236759876,-1.72120184519553,-1.6794148647369678,train
2017-05-16,-1.5550437592754103,-1.776872102662027,-1.754629311075689,-1.7388718922521977,train
2017-05-17,-1.554493737198654,-1.7134513562504488,-1.6878157563163827,-1.6888832839461574,train
2017-05-18,-1.5743567883425567,-1.6769723061118387,-1.6713522599006716,-1.639980739151608,train
2017-05-19,-1.616209973815366,-1.583780893656338,-1.593490077982664,-1.619643135451889,train
2017-05-22,-1.6256649400996253,-1.6318356239571175,-1.665960390290248,-1.650562606686182,train
2017-05-23,-1.6729751477646304,-1.503392245495532,-1.4870112880110113,-1.5216338049984184,train
2017-05-24,-1.7292935647674803,-1.4498961172269762,-1.4328721980746493,-1.4727946077587042,train
2017-05-25,-1.7816895691023207,-1.4395635519692316,-1.4383597343425363,-1.4037843277260156,train
2017-05-26,-1.77705482230922,-1.540454032531919,-1.5678034739672313,-1.46224063712026,train
2017-05-29,-1.7412674603431764,-1.524904586986792,-1.5592935380171435,-1.4727969241071608,train
2017-05-30,-1.556262921592297,-1.713274408605603,-1.6944905303020987,-1.6213101862054207,train
2017-05-31,-1.5791998410126897,-1.5765970471351944,-1.5560490602216839,-1.5464502968330058,train
2017-06-01,-1.5874185222253265,-1.621117369732343,-1.6169971280843474,-1.5689354644843017,train
2017-06-02,-1.5927417413402545,-1.6599153331188787,-1.6847690707580376,-1.6054972877457874,train
2017-06-05,-1.639706257612442,-1.53426490679934,-1.5493432736452328,-1.5061232448617135,train
2017-06-06,-1.6334248470748527,-1.6131002162752692,-1.5957516385293693,-1.565076532346263,train
2017-06-07,-1.6286002503999202,-1.6773119615017145,-1.6529608759238321,-1.6192387292405175,train
2017-06-08,-1.6605618207181112,-1.540781950364291,-1.5323412543497055,-1.516013145896156,train
2017-06-09,-1.6951294865287727,-1.5466880911220242,-1.5635147033823364,-1.5101366334822515,train
2017-06-12,-1.718034073936765,-1.5563410901149362,-1.5797129270527575,-1.5428044213022352,train
2017-06-13,-1.6818963164106662,-1.6386453199483848,-1.6199699316546485,-1.5908807093380946,train
2017-06-14,-1.6585286253806415,-1.6573746808931367,-1.6339296957317124,-1.6086752685303032,train
2017-06-15,-1.724082461203033,-1.4762787845526724,-1.4653085106902004,-1.4924484863090488,train
2017-06-16,-1.7477191353976342,-1.5709891646247893,-1.5903753573508361,-1.562949992024815,train
2017-06-19,-1.7127026063130786,-1.6821630736801805,-1.7242573715858331,-1.6718224710060978,train
2017-06-20,-1.7091525788466704,-1.722342600340636,-1.7009081813266582,-1.7051439129791266,train
2017-06-21,-1.6564688839901704,-1.706420430158721,-1.6811813658667076,-1.6907373264879895,train
2017-06-22,-1.6342740496075472,-1.8762377183936279,-1.8750685738644561,-1.8440912876493598,train
2017-06-23,-1.6264728784781033,-1.9568265859075604,-1.9855614416949332,-1.9197316479186162,train
2017-06-26,-1.5960790588381801,-1.987826790933829,-2.0284058662383018,-1.9842635462642861,train
2017-06-27,-1.5463411403140315,-1.884150932288673,-1.8570636722386233,-1.91689264073272,train
2017-06-28,-1.5505858921636704,-1.749491739574191,-1.7233868889128274,-1.7817168394572764,train
2017-06-29,-1.6977411338344868,-1.45710508122785,-1.4415921813968056,-1.5521252414252042,train
2017-06-30,-1.6928743740310193,-1.5098121681628378,-1.5297053519231552,-1.5594492889143667,train
2017-07-03,-1.6838633176320537,-1.4894106951567296,-1.5274509416245152,-1.542606036859026,train
2017-07-04,-1.6487568094111293,-1.5551195172956989,-1.5422113173402552,-1.5195309096590894,train
2017-07-05,-1.6213548625546936,-1.6678242249093,-1.6472215690753202,-1.6185876142834443,train
2017-07-06,-1.5581483050063465,-1.7602195884699512,-1.7581924298375453,-1.7051765342820906,train
2017-07-07,-1.559087539797311,-1.7851940580643437,-1.806179498334587,-1.7621527765778406,train
2017-07-10,-1.5658177310459476,-1.7400687824636698,-1.7605498405259965,-1.7293081334056093,train
2017-07-11,-1.5132956508428435,-1.8772512125645882,-1.8536024218987923,-1.8333142678492855,train
2017-07-12,-1.4884921007607763,-1.814557036655959,-1.7883441275784315,-1.7648073262259436,train
2017-07-13,-1.4713968892245168,-1.7055981581583608,-1.6987735137884812,-1.7083322422539906,train
2017-07-14,-1.479067554493379,-1.6890268473976628,-1.705813225945013,-1.6878389145776167,train
2017-07-17,-1.4647938442159985,-1.7040739499863973,-1.7287408004279494,-1.7023655082461264,train
2017-07-18,-1.4095636649563166,-1.7780540909657663,-1.7587402249092927,-1.7618121893299836,train
2017-07-19,-1.3937841889302196,-1.6361704269134087,-1.6159657072220255,-1.6741408792787744,train
2017-07-20,-1.3646281310276789,-1.7650798895149824,-1.7672383253604778,-1.7669417399893133,train
2017-07-21,-1.4004075752989873,-1.612895313655438,-1.619384182760004,-1.6638167110656668,train
2017-07-24,-1.4049960406286914,-1.6632273945243918,-1.6926856159935308,-1.6973811915171069,train
2017-07-25,-1.3985939573589883,-1.6781084198271685,-1.659137680587247,-1.6916380246341878,train
2017-07-26,-1.42334480464252,-1.6105836457214842,-1.588358111013165,-1.6662340651141054,train
2017-07-27,-1.4098856783625686,-1.4540452929205905,-1.447797626306988,-1.5174402416161021,train
2017-07-28,-1.4441664747177527,-1.490189950542143,-1.5023993904587891,-1.544174706124667,train
2017-07-31,-1.4147762942866644,-1.5203613618690939,-1.5477552753534745,-1.552567038260347,train
2017-08-01,-1.4144414805712358,-1.459321019523232,-1.4468319562676581,-1.4869532723500964,train
2017-08-02,-1.3990675333406983,-1.4735990307308693,-1.4579657472068508,-1.4967986524087482,train
2017-08-03,-1.3355087668986094,-1.467287402346427,-1.4664897049320116,-1.5726682347926286,train
2017-08-04,-1.345686792716556,-1.4891808914727602,-1.5086402170469597,-1.5933012477797717,train
2017-08-07,-1.3729402092996905,-1.3687114380558252,-1.3797122066971694,-1.5180271210589127,train
2017-08-08,-1.3681936049420442,-1.5064262678705675,-1.4910957275324133,-1.5994609516671343,train
2017-08-09,-1.3216566162520134,-1.4899078756575028,-1.471158442223342,-1.5781272501067622,train
2017-08-10,-1.3130792197369192,-1.399829226197719,-1.3957686485644396,-1.5074649315111512,train
2017-08-11,-1.3314014923018178,-1.3969351411167619,-1.41283903723509,-1.499475499302415,train
2017-08-14,-1.3632924899108023,-1.3857183384141574,-1.40128931532736,-1.4730226079560906,train
2017-08-15,-1.3580560474983754,-1.4431583019181238,-1.4280642058427855,-1.4998627887209668,train
2017-08-16,-1.342651607343073,-1.3617944750341928,-1.3455475682262195,-1.4363186477767262,train
2017-08-17,-1.3656540966091102,-1.2984599371351377,-1.2943913053226874,-1.3579637074112385,train
2017-08-18,-1.3936919752035277,-1.2890538769550777,-1.301202512320573,-1.3234289047846473,train
2017-08-21,-1.4035557124388272,-1.304654435655485,-1.3279550400781175,-1.3436367211785942,train
2017-08-22,-1.3105534582859595,-1.402047338208427,-1.3876320807522557,-1.4004827303338079,train
2017-08-23,-1.3009050811039788,-1.4314916205383865,-1.4117067612426946,-1.4292589814116172,train
2017-08-24,-1.2958191514731068,-1.4906789795297481,-1.490402636731855,-1.495495879452507,train
2017-08-25,-1.281563314581989,-1.6473469848729274,-1.679893185426871,-1.6308700333979902,train
2017-08-28,-1.3110017804968392,-1.4590085993357875,-1.459050270510323,-1.458666977068453,train
2017-08-29,-1.2968520839038777,-1.6162241232770003,-1.5944222999031026,-1.5936064737653903,train
2017-08-30,-1.3310172752711025,-1.4345514806001833,-1.4137842386808954,-1.4422656531507978,train
2017-08-31,-1.3420989793270741,-1.4377665678089009,-1.4342142009149343,-1.4443027489439637,train
2017-09-01,-1.3662773544503537,-1.3341195788719549,-1.3482583519451812,-1.3497646566843846,train
2017-09-04,-1.4568876868755796,-1.2352736884949973,-1.2358920934202546,-1.2651991277806698,train
2017-09-05,-1.4563211654378896,-1.3337761446380136,-1.3218821842593331,-1.325018207085418,train
2017-09-06,-1.4882611580164553,-1.320155025678367,-1.3048469450926679,-1.2927321928905313,train
2017-09-07,-1.4751026292696303,-1.3870700179143145,-1.3908926192739335,-1.3447802866362926,train
2017-09-08,-1.5512199114708294,-1.2527251730705051,-1.2577035478576841,-1.2556786015567636,train
2017-09-11,-1.6024333396050356,-1.2992495508328918,-1.3122503083693162,-1.3179915390810415,train
2017-09-12,-1.600301678149129,-1.392863854520496,-1.3782719683824363,-1.394026094343917,train
2017-09-13,-1.6100332120319392,-1.4478036671543209,-1.4280140661718506,-1.445473784931198,train
2017-09-14,-1.5747312999399257,-1.4136676566191493,-1.414431337269946,-1.428695267405061,train
2017-09-15,-1.6300483564204662,-1.3656112509994283,-1.3718843211032494,-1.399473932388158,train
2017-09-18,-1.6652160203957096,-1.4342192534234819,-1.4556509007243066,-1.472060320612342,train
2017-09-19,-1.6792469339856104,-1.467401362981648,-1.4502925620797948,-1.4940568818886946,train
2017-09-20,-1.6808440286208093,-1.428212462834608,-1.4094263322085134,-1.4581155457172978,train
2017-09-21,-1.8084592646026614,-1.2181129510921713,-1.2099981231634878,-1.2374863767687858,train
2017-09-22,-1.8324182681235035,-1.3494331584684356,-1.370689542487039,-1.3384973801804372,train
2017-09-25,-1.850459520058263,-1.3808924473729263,-1.4139299277922845,-1.3651167090468375,train
2017-09-26,-1.8577549773643725,-1.3714607146094402,-1.3560376558595533,-1.3240027594937032,train
2017-09-27,-1.8139935076103861,-1.3142265137720814,-1.2975889849053803,-1.360285907812939,train
2017-09-28,-1.7945527116226831,-1.4218673408812992,-1.4199912708401419,-1.431272890553731,train
2017-09-29,-1.805163130587872,-1.4549948417302796,-1.4757261786326072,-1.4598952921091155,train
2017-10-02,-1.8152448735189277,-1.45688814848415,-1.4864206551225916,-1.4622233593984537,train
2017-10-03,-1.8145805824612375,-1.4917216102575415,-1.4729378481390847,-1.4834086125387047,train
2017-10-04,-1.7921112712006169,-1.58821700825495,-1.5634590349709598,-1.5664065349846046,train
2017-10-05,-1.7843595955588865,-1.5825547314539699,-1.5792515863407248,-1.5980165695639115,train
2017-10-06,-1.7786526753239824,-1.6744795384941127,-1.7030123217153967,-1.6740257073285172,train
2017-10-09,-1.8029979000961474,-1.5826155441427525,-1.6017668626051529,-1.6065566962388262,train
2017-10-10,-1.7954526722632271,-1.7446401100368107,-1.720673796181636,-1.7341692413447087,train
2017-10-11,-1.7959183564474963,-1.7072578744294045,-1.680206219007219,-1.6889790211361995,train
2017-10-12,-1.8088462453994354,-1.6974657149167613,-1.692289862729585,-1.672188176344027,train
2017-10-13,-1.8163453549410502,-1.739624314948023,-1.76749509525635,-1.7016237330633235,train
2017-10-16,-1.8706956189182369,-1.5960100693081285,-1.6036576899598085,-1.5948982290220732,train
2017-10-17,-1.8425669753659948,-1.6834061028908929,-1.6625538747918551,-1.6412194815145922,train
2017-10-18,-1.822890322242263,-1.7412592639938764,-1.7151357244590433,-1.6310565753460875,train
2017-10-19,-1.8095011380300945,-1.7583627310853933,-1.7571842265372848,-1.6505719613982874,train
2017-10-20,-1.7910097173132424,-1.6607080074552947,-1.6757829024211626,-1.565945933467843,train
2017-10-23,-1.7924337783618063,-1.7573658123675906,-1.7858594165754327,-1.7168619561307525,train
2017-10-24,-1.7811085897230237,-1.7907301112451899,-1.7682507633768128,-1.7511047770761468,train
2017-10-25,-1.7817794079559914,-1.7919118631814948,-1.766000688231072,-1.7505882912153734,train
2017-10-26,-1.7844590379676053,-1.7563528839772098,-1.7542793468121738,-1.732042011145932,train
2017-10-27,-1.8682502924038846,-1.6017743999987264,-1.6014142644784115,-1.6120043047032777,train
2017-10-30,-1.8846326621338172,-1.608967080896486,-1.6291822088652756,-1.6062708297486092,train
2017-10-31,-1.8721457488357458,-1.6627183907641003,-1.6457133729985187,-1.6411142285510212,train
2017-11-01,-1.8421000212167884,-1.6466216170419807,-1.6267537066090005,-1.6269677289983822,train
2017-11-02,-1.796471746744005,-1.6368914227480833,-1.6392618948457973,-1.6266093354624556,train
2017-11-03,-1.815105313976724,-1.6509064033326553,-1.6675236505066295,-1.6518041306245326,train
2017-11-06,-1.8260264158139043,-1.6808182297237495,-1.708302475782171,-1.65535588292134,train
2017-11-07,-1.8217446320613706,-1.7202678426029607,-1.7003834898215555,-1.682764094019809,train
2017-11-08,-1.8260910406372757,-1.7219166508530919,-1.69834971835886,-1.673608486370853,train
2017-11-09,-1.8161484511483243,-1.760339692749058,-1.7612218235712485,-1.7047996862018047,train
2017-11-10,-1.8276371613169458,-1.7665405147913384,-1.7885869567121575,-1.7168734499246885,train
2017-11-13,-1.8250598806219178,-1.8295746954023833,-1.8676863484114299,-1.770797943056322,train
2017-11-14,-1.788206897542714,-1.9004953559757094,-1.8752016149260593,-1.821770088220682,train
2017-11-15,-1.7519117524288346,-1.8439299279929462,-1.8157802647434182,-1.7813193355181929,train
2017-11-16,-1.7748702079557124,-1.7591317215427762,-1.7515781070896315,-1.7185347864122804,train
2017-11-17,-1.7843212175522556,-1.758932502120648,-1.776844484007067,-1.7725472299398666,train
2017-11-20,-1.7902740402111395,-1.730006839619008,-1.7599531499799896,-1.727828291962996,train
2017-11-21,-1.8319911580505406,-1.5930676757576299,-1.57579511384034,-1.6102002759930862,train
2017-11-22,-1.8436068803574506,-1.6415232249932197,-1.6207846481790256,-1.6427235030007301,train
2017-11-23,-1.8470886477218618,-1.651535524899397,-1.651260070062308,-1.6435038248248754,train
2017-11-24,-1.8634259663780928,-1.7109665336831035,-1.7407446848876182,-1.6911209596288792,train
2017-11-27,-1.8778775660561284,-1.706802319003626,-1.742721151858979,-1.7136736447651129,train
2017-11-28,-1.8996281146113874,-1.7640857394774958,-1.7424311997286532,-1.7369086133072817,train
2017-11-29,-1.9353005484037864,-1.718997120340938,-1.6953477117997977,-1.692825700087225,train
2017-11-30,-1.9526685482667705,-1.721181595240055,-1.7177244504963525,-1.7011011328186385,train
2017-12-01,-1.990653041368863,-1.6297889975152664,-1.643025793759748,-1.6420691704068924,train
2017-12-04,-2.04653604169359,-1.5386038119718417,-1.5550103033057312,-1.5487111514279654,train
2017-12-05,-2.0404722735518934,-1.6154836128124856,-1.5997028764712944,-1.5457212683271286,train
2017-12-06,-2.0485008138112146,-1.6391135190521382,-1.6188254739858363,-1.5884466299733366,train
2017-12-07,-2.0501906700285604,-1.6597340478783937,-1.6617486018203391,-1.6384783345452612,train
2017-12-08,-1.996596728075126,-1.7198658904571698,-1.7475155931559994,-1.6962789457924947,train
2017-12-11,-1.914170721596094,-1.7530592328055015,-1.7851414434627766,-1.7324377613348165,train
2017-12-12,-1.8135173362887582,-1.8176523435898826,-1.7944381610422488,-1.7842984273893738,train
2017-12-13,-1.7649441203212448,-1.814267811440668,-1.7864563034183727,-1.7858476423570553,train
2017-12-14,-1.721147638160028,-1.718937416600281,-1.7116093381973907,-1.7169505545378807,train
2017-12-15,-1.6849041228171213,-1.6205854073063097,-1.628084146499954,-1.57886035327517,train
2017-12-18,-1.63468253684976,-1.7090759707907404,-1.7461425839303075,-1.6425992811450403,train
2017-12-19,-1.6037847142333306,-1.6906661309772322,-1.671092486957798,-1.616046498311937,train
2017-12-20,-1.6030521980800894,-1.6783169124429922,-1.6556050389314634,-1.62185157976666,train
2017-12-21,-1.5853476630710206,-1.7408051491555447,-1.7410345927339819,-1.6869598380656372,train
2017-12-22,-1.5372917127068055,-1.8138101079123263,-1.8391402322927042,-1.7550124914176892,train
2017-12-26,-1.3564518361328795,-1.7811976342560718,-1.7583661304631846,-1.7085780218211981,train
2017-12-27,-1.2922698507193764,-1.9396930176551794,-1.908871367733626,-1.8345230969406314,train
2017-12-28,-1.2640444444825694,-1.9403980022771523,-1.9377992884571256,-1.836441374719859,train
2017-12-29,-1.2199580371137322,-2.0058271258423637,-2.037023934939877,-1.8934477286434122,train
2018-01-02,-1.1899251991421205,-2.0174515053380895,-1.9886005207838622,-1.911700177598998,train
2018-01-03,-1.1647416437777007,-2.0111758709374556,-1.9779070857569458,-1.9033776378935414,train
2018-01-04,-1.1298775293424934,-1.959324500227794,-1.9528423564630097,-1.8351266266341346,train
2018-01-05,-1.107630660192395,-1.9197446900040966,-1.9372280580184418,-1.8137033066711075,train
2018-01-08,-1.0747553909634784,-1.8595358430381268,-1.8885982929695297,-1.8232200787761303,train
2018-01-09,-1.0572212247975605,-1.8621363445401236,-1.8408662387217685,-1.7902265760444442,train
2018-01-10,-1.0220222876854244,-1.8512323465432985,-1.8265048628314868,-1.7814288204926843,train
2018-01-11,-1.0205928397030293,-1.7214940814555653,-1.7153251564800127,-1.6860953376784393,train
2018-01-12,-1.0453608094765905,-1.6070493636255645,-1.6115397299349534,-1.586744879309878,train
2018-01-15,-1.0741344487415667,-1.5035442436038398,-1.5131491713192309,-1.4353599933896337,train
2018-01-16,-1.0245829569345082,-1.462472949999692,-1.4517307385263052,-1.387315002140474,train
2018-01-17,-1.0354961917615246,-1.361272632848884,-1.3518223036033743,-1.2935719420088723,train
2018-01-18,-1.0575481235105375,-1.3115629411316518,-1.3133728560731572,-1.306374165799023,train
2018-01-19,-1.0778786854549613,-1.3275630927611277,-1.3447946354291438,-1.316382728822497,train
2018-01-22,-1.083846385933322,-1.3693271573848882,-1.397471760035965,-1.3511544833851041,train
2018-01-23,-1.0668064139749274,-1.4731140236781588,-1.4620216676622053,-1.4449041237392533,train
2018-01-24,-1.0603031445592968,-1.476607471408915,-1.4605621062923935,-1.4772613744348908,train
2018-01-25,-1.0813047579838253,-1.4301191776653892,-1.4267950656426553,-1.390280791573828,train
2018-01-26,-1.2119513295622042,-1.2167943748647292,-1.2042054850829287,-1.2388653003967964,train
2018-01-29,-1.2328527805912988,-1.2270183570619115,-1.2406713672476177,-1.2187579428536082,train
2018-01-30,-1.2432080777193526,-1.2102957438264743,-1.2020724263752967,-1.191327917056553,train
2018-01-31,-1.2508198531301868,-1.1180785631777042,-1.1093524804134214,-1.1090198544966827,train
2018-02-01,-1.2590531115447696,-1.125028073450978,-1.129752841231347,-1.109595439344992,train
2018-02-02,-1.255056145669812,-1.1955492059211648,-1.2114236039843722,-1.1878649753040225,train
2018-02-05,-1.278438714152955,-1.1655687572320845,-1.1807811783081472,-1.1757247686821082,train
2018-02-06,-1.2951083269705819,-1.1557141408113882,-1.1438336913875917,-1.182189130253672,train
2018-02-07,-1.297819175118259,-1.1086761407031294,-1.095364449388905,-1.1443460607622848,train
2018-02-08,-1.309372155736954,-1.1417959713190828,-1.1430003143396277,-1.1658385941497873,train
2018-02-09,-1.3597707321000312,-1.0605450786034833,-1.0693692070392125,-1.0782930787141143,train
2018-02-12,-1.3736669066069793,-1.106260067542371,-1.1287432202882839,-1.1136483984634522,train
2018-02-13,-1.3771218731726005,-1.1745542818736276,-1.1612420400188197,-1.170011446039402,train
2018-02-14,-1.3918449537579158,-1.22004784177404,-1.2023071514308814,-1.2674916861660843,train
2018-02-15,-1.4923276402647165,-1.0447838058103827,-1.0365101023349181,-1.1112428078870749,train
2018-02-16,-1.519883872768513,-1.144017162124977,-1.158509795214162,-1.2081331380429616,train
2018-02-19,-1.542504679450593,-1.1664799665624839,-1.1901909756660731,-1.2173133084616135,train
2018-02-20,-1.540776347582803,-1.2166852323610862,-1.2031274883039917,-1.239112458236145,train
2018-02-21,-1.5356883497099907,-1.2040078742794211,-1.1877178858681787,-1.2190955266791603,train
2018-02-22,-1.5544237617965646,-1.2373737460182306,-1.2338443896201856,-1.2881203906896774,train
2018-02-23,-1.577194024400204,-1.2504288546118307,-1.2645816207943639,-1.2225919608084257,train
2018-02-26,-1.5821841855111654,-1.3176421435453978,-1.3477718290474718,-1.353758179813467,train
2018-02-27,-1.5792911157345193,-1.3564544594034447,-1.3385717345983899,-1.3982734421734646,train
2018-02-28,-1.6125029176730603,-1.297672832028451,-1.2785438191761271,-1.3547415437852455,train
2018-03-01,-1.6424105623430492,-1.3616642819054352,-1.3599506608356278,-1.4147726159221885,train
2018-03-02,-1.6921333110774526,-1.3124292641561623,-1.3219229345313053,-1.4137380293485609,train
2018-03-05,-1.7127646444001365,-1.3186522336118183,-1.3426018733039253,-1.445074178565602,train
2018-03-06,-1.7528654746227406,-1.2510373104955852,-1.236550503606156,-1.3314632164299935,train
2018-03-07,-1.7767415932269381,-1.3055859691850331,-1.2876545468420937,-1.37192153153606,train
2018-03-08,-1.777273012853039,-1.3134051272711869,-1.3138335559013339,-1.3578240313253243,train
2018-03-09,-1.8445248828749523,-1.246252002476903,-1.253499344050649,-1.3084172307860236,train
2018-03-12,-1.8211476277652003,-1.3290467887556683,-1.3609513834364595,-1.3790477160686077,train
2018-03-13,-1.8195062837391767,-1.463149032230702,-1.445457971300769,-1.5037662932045557,train
2018-03-14,-1.840916711651141,-1.421035149784938,-1.4003529980238871,-1.5005912724133066,train
2018-03-15,-1.8658383651832544,-1.4409934821308346,-1.439305957898033,-1.5166481621352186,train
2018-03-16,-1.8769974572374055,-1.5410711501563492,-1.5638640604688316,-1.6500957523632585,train
2018-03-19,-1.8895604977112659,-1.570968969308089,-1.6014569733499535,-1.7161369985565573,train
2018-03-20,-1.8965908277753756,-1.5599495709302582,-1.5396062888952495,-1.6760398355648507,train
2018-03-21,-1.8989278471458007,-1.5882701554542047,-1.563738905303565,-1.652356773741693,train
2018-03-22,-1.9077480146454666,-1.568858409994611,-1.5640532048404154,-1.645743347106077,train
2018-03-23,-1.9334501515410603,-1.5085005577222823,-1.520604430646657,-1.6160499131881978,train
2018-03-26,-1.9370198809146986,-1.5312354915646897,-1.560028962322297,-1.5663483725304568,train
2018-03-27,-1.9348785220016838,-1.5657452982082454,-1.546756857234857,-1.649586547712154,train
2018-03-28,-1.888514430737068,-1.5631479800168506,-1.5407132374522319,-1.6291639884496636,train
2018-03-29,-1.8854944775298734,-1.5482106545574412,-1.545653353335466,-1.5904132934583732,train
2018-03-30,-1.8762413460044083,-1.614934962505755,-1.63734138967311,-1.6572302243870083,train
2018-04-02,-1.8431053500619505,-1.7782189250848017,-1.831759193390783,-1.791366142533907,train
2018-04-03,-1.7337066555074987,-1.7895361292804561,-1.7649752244580315,-1.7819327148098336,train
2018-04-04,-1.6996104852235037,-1.7583368143827465,-1.7303985747360733,-1.7182080849026273,train
2018-04-05,-1.66303786858875,-1.7753863222545196,-1.7685571590409248,-1.7914934732309695,train
2018-04-06,-1.6617571991811817,-1.8023211624214763,-1.8218599725400522,-1.8354501430582248,train
2018-04-09,-1.6507374726639998,-1.6865449246400541,-1.7090040920564182,-1.735037251345938,train
2018-04-10,-1.6389777514938808,-1.7097285927720485,-1.689872009551783,-1.766497941137094,train
2018-04-11,-1.6253484278502963,-1.6107895818837026,-1.59023183096084,-1.6878545859351783,train
2018-04-12,-1.615435845554515,-1.699739152967602,-1.7014864342970848,-1.742846008075569,train
2018-04-13,-1.6133124113264838,-1.6987810543242325,-1.7245859814028486,-1.6657828021554304,train
2018-04-16,-1.5821888994800861,-1.7837323667584803,-1.8265957702186963,-1.7391713369255344,train
2018-04-17,-1.5408096421278072,-1.8100485005039457,-1.7878821137205265,-1.7326045819593214,train
2018-04-18,-1.5066472180562347,-1.8653492365796551,-1.8366039883417602,-1.7868105935602607,train
2018-04-19,-1.4993316289622114,-1.8470832487020947,-1.8425470241817445,-1.7169235284732798,train
2018-04-20,-1.492265484001551,-1.8309798231225205,-1.8495164696539166,-1.805980884986881,train
2018-04-23,-1.485436010429578,-1.794515714531181,-1.8226427210062366,-1.7825302385618944,train
2018-04-24,-1.4314757458501097,-1.7711996711853573,-1.7501469631948625,-1.7921608534686428,train
2018-04-25,-1.4249025232220927,-1.7412438188814061,-1.7181766038398003,-1.8059267367264786,train
2018-04-26,-1.4074629872108189,-1.7418077106074115,-1.7409374178616446,-1.8016336618231272,train
2018-04-27,-1.4274894101377598,-1.6213663616044065,-1.6305369062228032,-1.6949938747567712,train
2018-04-30,-1.3857871496661858,-1.6461836154102591,-1.6748032249734661,-1.7269439333820882,train
2018-05-01,-1.34505326223015,-1.6447040750643576,-1.6281246546216455,-1.7137831286172178,train
2018-05-02,-1.291527122633469,-1.6239604934215384,-1.6041249614840034,-1.7143850483250116,train
2018-05-03,-1.3203260669048733,-1.4261938440067006,-1.4197510217176406,-1.581855745137125,train
2018-05-04,-1.3387717976149325,-1.4663509276881732,-1.4806074963253708,-1.6204519376714472,train
2018-05-07,-1.3491181931661926,-1.41716748812199,-1.4373694842186993,-1.576008799304494,train
2018-05-08,-1.320857186104397,-1.4980593378422948,-1.4849699129459706,-1.6147522477372425,train
2018-05-09,-1.3289755945407549,-1.420455101794834,-1.4059644054265341,-1.541654743991713,train
2018-05-10,-1.3289219832731285,-1.502360145284467,-1.5035768970606176,-1.5938967093336096,train
2018-05-11,-1.3547052207650054,-1.4445360119862216,-1.4549296616517142,-1.551829551752341,train
2018-05-14,-1.3418622738650454,-1.5425222945368073,-1.5765133641442546,-1.6285794551615005,train
2018-05-15,-1.3143291829559103,-1.551389164717367,-1.5347831755812316,-1.673663903325008,train
2018-05-16,-1.26724642140134,-1.4964586363806456,-1.4769103010913103,-1.6345160761967534,train
2018-05-17,-1.2465364578549396,-1.4321954477792844,-1.4283815809658784,-1.5523125596458425,train
2018-05-18,-1.265677804889971,-1.4326607024324483,-1.4448374997486026,-1.5529503587702482,train
2018-05-21,-1.2410835088647896,-1.4685066074677118,-1.5015691534075155,-1.6411617048774625,train
2018-05-22,-1.2345388886147994,-1.4407262084139896,-1.4249370333012232,-1.5659386465470042,train
2018-05-23,-1.208162929519598,-1.4451477065471166,-1.4257326055401194,-1.571911424942361,train
2018-05-24,-1.2306129199509541,-1.332007697254671,-1.3247663587052136,-1.4520810359043745,train
2018-05-25,-1.224309369097575,-1.4145117258805586,-1.433677335161535,-1.4710796319458246,train
2018-05-28,-1.2328455625797823,-1.3659647556877552,-1.389898251332262,-1.4511028332873348,train
2018-05-29,-1.2240365184829143,-1.386136266304127,-1.3711156793429948,-1.4649069517379865,train
2018-05-30,-1.236238408377887,-1.257529410503959,-1.2431386002776381,-1.3710282851387265,train
2018-05-31,-1.2230343111288196,-1.2507534439905723,-1.246390061617003,-1.3741627898276465,train
2018-06-01,-1.2627110015000547,-1.1576960781440675,-1.1628340338551306,-1.2713855848775601,train
2018-06-04,-1.2885162218230777,-1.180482417048191,-1.2017906797798603,-1.2510140460374106,train
2018-06-05,-1.2955826493362177,-1.2467605976838418,-1.2367199977511785,-1.308724325529256,train
2018-06-06,-1.3115589427000025,-1.2562000854877033,-1.242133638600214,-1.3262084954774853,train
2018-06-07,-1.3310109270184445,-1.244551979114132,-1.2436402925230148,-1.3206941917174082,train
2018-06-08,-1.33763495095011,-1.3395800219627962,-1.3596667787156647,-1.437049948647112,train
2018-06-11,-1.34391942221915,-1.3806863281709416,-1.409734920011108,-1.4746352560137432,train
2018-06-12,-1.3295859347684889,-1.397658415974796,-1.3810368909123163,-1.4983912865648619,train
2018-06-13,-1.3409721827199916,-1.3717820769259954,-1.35226996102961,-1.5032455705560617,train
2018-06-14,-1.3635177860205847,-1.33715731848767,-1.3318221347135804,-1.5357142567238438,train
2018-06-15,-1.4384714349812227,-1.2148589034397912,-1.2150031009148814,-1.4329025121181058,train
2018-06-18,-1.4880168786540773,-1.1743610295822937,-1.1862732747626321,-1.4065366329078137,train
2018-06-19,-1.4897406306192644,-1.2785739428179819,-1.2661701348482224,-1.4619939678203433,train
2018-06-20,-1.4816370849585427,-1.1840488633460828,-1.170458317800364,-1.386540799970341,train
2018-06-21,-1.4797620845228392,-1.231088410766131,-1.233195909030427,-1.4226618936105884,train
2018-06-22,-1.5225989359616598,-1.2020344062047854,-1.2107748765574684,-1.4074130505777815,train
2018-06-25,-1.5471598831563431,-1.253425022527031,-1.2729551894818756,-1.4505336239675874,train
2018-06-26,-1.5556534455873647,-1.2356363023382013,-1.2222320287798134,-1.4293802698787694,train
2018-06-27,-1.5534093230913681,-1.2981175143561985,-1.2800558775602127,-1.4629807411494942,train
2018-06-28,-1.586306149323633,-1.259662836438438,-1.2584010151653675,-1.4338477535965017,train
2018-06-29,-1.644507664536355,-1.243083448968905,-1.2522666587679936,-1.4054117093737288,train
2018-07-02,-1.7253116290392772,-1.1740119356441527,-1.1805418488727657,-1.3484664689705892,train
2018-07-03,-1.7571323275218032,-1.2492351181224162,-1.2360195534798704,-1.385335730329338,train
2018-07-04,-1.7653664969371075,-1.2990004512231277,-1.2822622333648204,-1.4104743150280035,train
2018-07-05,-1.756070965197265,-1.3632566409952784,-1.3674527722411771,-1.4665197949001307,train
2018-07-06,-1.7689067485802885,-1.41339651785199,-1.437416132927039,-1.5165808286158755,train
2018-07-09,-1.7981889700724272,-1.4662074722005045,-1.4918113773042783,-1.5717529014871052,train
2018-07-10,-1.8104995826007673,-1.5047219421072036,-1.4833499575062419,-1.5828862953721177,train
2018-07-11,-1.8224095181138251,-1.5193267996833835,-1.4943668357703006,-1.5948826472353734,train
2018-07-12,-1.7456752887267983,-1.4250227541745966,-1.4185287079227817,-1.5078261583656838,train
2018-07-13,-1.7102074099362157,-1.4621411667872448,-1.4824471877251124,-1.5098129345371278,train
2018-07-16,-1.6972693686911493,-1.4747137145469185,-1.5036176646401054,-1.4803422991399116,train
2018-07-17,-1.6621102799898373,-1.5598668171642187,-1.5395543792794744,-1.5503423616441254,train
2018-07-18,-1.6391211606930725,-1.5381342242629503,-1.5150379570625963,-1.537583551661433,train
2018-07-19,-1.6274758753161294,-1.589463557462918,-1.586622283042868,-1.5828507003313503,train
2018-07-20,-1.6815071904384926,-1.459678180626267,-1.4630655837506723,-1.4944236050129298,train
2018-07-23,-1.666544284252961,-1.4768745290116896,-1.4987668641211824,-1.5097433066038306,train
2018-07-24,-1.6514188409935895,-1.5070768972539503,-1.4896973216805791,-1.5283711845048658,train
2018-07-25,-1.6350740884737083,-1.5045114190261655,-1.4841314172388893,-1.528163827300296,train
2018-07-26,-1.6185501948338283,-1.4726009727642029,-1.4719908239437325,-1.523366026839067,train
2018-07-27,-1.6300489002334397,-1.514110138047985,-1.5321694838541224,-1.5405805191356008,train
2018-07-30,-1.6159965294014504,-1.6396682486552574,-1.6822722451332537,-1.6438242225612778,train
2018-07-31,-1.5990834766357047,-1.7193539842594439,-1.6974893831302282,-1.723690086503395,train
2018-08-01,-1.5869697952235118,-1.6911802807026608,-1.665984117056949,-1.7012968904658756,train
2018-08-02,-1.5569930272107249,-1.7688612836816537,-1.7664757986674826,-1.7837397292986479,train
2018-08-03,-1.5572495271813442,-1.7838302247699767,-1.8037266621854884,-1.8243069863774675,train
2018-08-06,-1.5567238102003809,-1.7269442787769884,-1.7529028873072035,-1.7662232939609903,train
2018-08-07,-1.5178229548489715,-1.760634605421577,-1.73827757113337,-1.82814595219398,train
2018-08-08,-1.4956637017707435,-1.8408833905633724,-1.8120934845177654,-1.8848426413470212,train
2018-08-09,-1.4701352922139228,-1.8087350061064371,-1.805279945441314,-1.8071346185542012,train
2018-08-10,-1.467788117562049,-1.8337213697840553,-1.8578063796933693,-1.8482229744108007,train
2018-08-13,-1.5465341631435658,-1.6096589069640628,-1.6055195528716335,-1.6731400762633868,train
2018-08-14,-1.569092131946959,-1.5770658179145047,-1.5591297000568727,-1.6286550712145835,train
2018-08-15,-1.5692060544498194,-1.5313984271049426,-1.5137103771848188,-1.5973620010599172,train
2018-08-16,-1.590670047403529,-1.4551925176774427,-1.455486646432714,-1.511820329491803,train
2018-08-17,-1.6281657304867565,-1.3883035837858853,-1.4073947515880034,-1.448898631532748,train
2018-08-20,-1.6278019888511615,-1.4764967979724932,-1.508042794671019,-1.5260969510500009,train
2018-08-21,-1.6185045783211174,-1.5809075036830436,-1.5650947213526023,-1.5960344627991492,train
2018-08-22,-1.636206413690058,-1.4921469535018035,-1.4749284701530763,-1.5270785554727544,train
2018-08-23,-1.6538722725486132,-1.5231726256251543,-1.5224019154794883,-1.5492852254908849,train
2018-08-24,-1.6546092882900774,-1.5140253430389026,-1.5295108021225166,-1.521664880517061,train
2018-08-27,-1.6839118576654881,-1.4762184396711466,-1.4970143977375323,-1.488518633657459,train
2018-08-28,-1.666499686752958,-1.5277628581823355,-1.5130875422025218,-1.537045290440137,train
2018-08-29,-1.6395162932973524,-1.5497931585460802,-1.5299660309438174,-1.5517137151291203,train
2018-08-30,-1.6417911699947731,-1.5616194463076893,-1.5619135706517364,-1.5630331016730288,train
2018-08-31,-1.6576744546284086,-1.5402281355747753,-1.5564919064094438,-1.579086648347042,train
2018-09-03,-1.676791243795321,-1.5180750295636387,-1.5377772465590853,-1.553456685361322,train
2018-09-04,-1.6409093043387752,-1.5781599796932224,-1.559429518495071,-1.5394381887349,train
2018-09-05,-1.6306458416414824,-1.5530047242089702,-1.5312454107023807,-1.5179305326276655,train
2018-09-06,-1.647312291411022,-1.4521881688980522,-1.4473664818661853,-1.4033361585912365,train
2018-09-07,-1.6604642102762686,-1.4811502633471771,-1.500583710829681,-1.43470636820255,train
2018-09-10,-1.6754753112186416,-1.4461665056852775,-1.4669501875935276,-1.464974128681867,train
2018-09-11,-1.6701672695078242,-1.5088217685288972,-1.490881388902967,-1.4984191315846567,train
2018-09-12,-1.6404220401027967,-1.5136763962477469,-1.492422393253827,-1.5080145589647098,train
2018-09-13,-1.649219182197975,-1.5248736603693398,-1.5215800993050133,-1.5434848928073182,train
2018-09-14,-1.6729714592419673,-1.5043820923326998,-1.5191402944987495,-1.5070076323646289,train
2018-09-17,-1.6779468418797872,-1.5686219647199404,-1.599280544453848,-1.5769616757939773,train
2018-09-18,-1.6635452014558498,-1.6399653834740477,-1.619904308330239,-1.64269478031833,train
2018-09-19,-1.6701502563367427,-1.5685145752253462,-1.546187269999387,-1.5872973488918254,train
2018-09-20,-1.6565149756905304,-1.5843081219756463,-1.5814557009600323,-1.628726698137704,train
2018-09-21,-1.6706129581939841,-1.572562335555371,-1.586481871649853,-1.6261292094200035,train
2018-09-24,-1.6611991777507893,-1.6239310890729024,-1.6574169630702924,-1.6968992316037337,train
2018-09-25,-1.675243424868743,-1.5229163054440538,-1.5053494036351456,-1.597841283622306,train
2018-09-26,-1.6702826615195363,-1.5883736665672104,-1.5666844345113984,-1.5707119870465567,train
2018-09-27,-1.6750814072813198,-1.5357448637228985,-1.5329141292538375,-1.5367299703182151,train
2018-09-28,-1.6834614393028273,-1.4907024740214785,-1.5022096845789645,-1.5092524948153159,train
2018-10-01,-1.6874041773743376,-1.5410742221276967,-1.5766439551624865,-1.5328056880552385,train
2018-10-02,-1.6794257059832887,-1.5821676037647547,-1.5638690891799485,-1.5516393064169138,train
2018-10-03,-1.6807298950334078,-1.566755905647542,-1.5457052292652609,-1.5497698730158094,train
2018-10-04,-1.6946641590926106,-1.4940360344791852,-1.489124894042931,-1.5492139781457244,train
2018-10-05,-1.7205043891823173,-1.529626260449514,-1.5456299255524795,-1.5899108926932923,train
2018-10-08,-1.7446593221193356,-1.509382704310058,-1.5347324083998095,-1.550907455307274,train
2018-10-09,-1.657419714907095,-1.5622040564374584,-1.5451653820713178,-1.5797304598267592,train
2018-10-10,-1.6544057029156596,-1.5339013266865498,-1.5141237033026396,-1.5401420344309398,train
2018-10-11,-1.6524121085159174,-1.5962162127654211,-1.5961927191627143,-1.5839215487788276,train
2018-10-12,-1.6661255856352402,-1.5110939855957122,-1.5209769959686088,-1.5193693465113476,train
2018-10-15,-1.647464527064123,-1.5798360669947933,-1.610870494115068,-1.5520163607131485,train
2018-10-16,-1.5836220410515152,-1.6171187845028077,-1.5981657777539429,-1.5808234281447957,train
2018-10-17,-1.5243851570644995,-1.6274558055380655,-1.6041506391306384,-1.6132734845289025,train
2018-10-18,-1.510109599331008,-1.602873127476382,-1.6011694753424317,-1.583079768670461,train
2018-10-19,-1.5120473976889122,-1.6344211017669457,-1.652674402514541,-1.6180284190991572,train
2018-10-22,-1.5263361640122943,-1.5810018420925447,-1.6014337003213464,-1.5456580253286216,train
2018-10-23,-1.5086512070013185,-1.602412964444406,-1.583089648201572,-1.556797449161484,train
2018-10-24,-1.5207449934678068,-1.5701570160822966,-1.5484450998617756,-1.4937067973172447,train
2018-10-25,-1.519757308006492,-1.5670493210194847,-1.5654889303970445,-1.5272119195282947,train
2018-10-26,-1.5279123091515439,-1.567588526948278,-1.5883351715881575,-1.5830872667244213,train
2018-10-29,-1.5277312365737763,-1.5672166566155454,-1.5932389643758311,-1.60554113366419,train
2018-10-30,-1.4837817947453698,-1.524931477531084,-1.5076723451125733,-1.5604434444606228,train
2018-10-31,-1.4718814626558383,-1.598029763627194,-1.5761415858272207,-1.6258286990082322,train
2018-11-01,-1.4823755712796565,-1.5706587675218755,-1.5691380577913299,-1.6069462334365543,train
2018-11-02,-1.4709841121135703,-1.5793016840215484,-1.6006009496069633,-1.6135298496349653,train
2018-11-05,-1.4800529174693675,-1.5482952986368221,-1.5713035029249602,-1.5816396909798112,train
2018-11-06,-1.4731059488457368,-1.6690959130363612,-1.6489676036500764,-1.6760691827388041,train
2018-11-07,-1.4545864740606713,-1.6767058158462496,-1.6526482292275464,-1.7141827692401412,train
2018-11-08,-1.4714416500972896,-1.4723321279872326,-1.4620024864382508,-1.5628724936218923,train
2018-11-09,-1.4631941412682092,-1.5349704000090287,-1.5537943000261165,-1.6215428208027238,train
2018-11-12,-1.4586903171991932,-1.5815488234469017,-1.6150482954352878,-1.659867596618426,train
2018-11-13,-1.4570621325068887,-1.5064864905049868,-1.4905021250915271,-1.597330422564958,train
2018-11-14,-1.4583412037432661,-1.4495444243171158,-1.4329277426764444,-1.5448845667667381,train
2018-11-15,-1.5061592367642023,-1.3975002496990976,-1.3915548838239988,-1.4915204618052864,train
2018-11-16,-1.5700213653360315,-1.3272148414677578,-1.3338686565232405,-1.406368278977408,train
2018-11-19,-1.5911989799381463,-1.34586457770255,-1.3749231903745052,-1.3881570607987548,train
2018-11-20,-1.5542712670959733,-1.3998592152969174,-1.387117091922596,-1.4144220739515725,train
2018-11-21,-1.526973603365929,-1.4318588162031456,-1.4146611291721864,-1.4448847077085725,train
2018-11-22,-1.5173981455883851,-1.4228929441185234,-1.4211706425997952,-1.4466816595577314,train
2018-11-23,-1.5058314330555347,-1.5678109405171534,-1.5950868220737764,-1.5717659170656586,train
2018-11-26,-1.5131569028593217,-1.546323348940828,-1.5731029902990359,-1.5611557421723035,train
2018-11-27,-1.476470872612557,-1.590514034388419,-1.570341138402334,-1.61700656181022,train
2018-11-28,-1.469306829497494,-1.542703889819557,-1.5202567620894243,-1.5518688295111631,train
2018-11-29,-1.5298771463890755,-1.4199585115075055,-1.4098980509882209,-1.4740957290170755,train
2018-11-30,-1.5182052704517677,-1.4571863521414592,-1.4771564021576322,-1.4886615437351507,train
2018-12-03,-1.464944379939225,-1.5250485163396112,-1.564565558998995,-1.545498292776791,train
2018-12-04,-1.4489707156315523,-1.4371096263712198,-1.421015618838216,-1.4859663326572385,train
2018-12-05,-1.456398418197726,-1.4651931518771826,-1.4457291531773273,-1.5365025808414452,train
2018-12-06,-1.4517499704089463,-1.5524603967438086,-1.5512489362070654,-1.618666277775128,train
2018-12-07,-1.4435562356990583,-1.5019642101606232,-1.5162655673975933,-1.5805424106691968,train
2018-12-10,-1.4812630625212482,-1.3780079050169227,-1.3874420293981982,-1.4733414936168812,train
2018-12-11,-1.4852211994047557,-1.412572750912578,-1.3967226316028927,-1.49437624945028,train
2018-12-12,-1.4921498989962063,-1.4381023110208926,-1.4189634592102491,-1.5114197568613437,train
2018-12-13,-1.4900842093868243,-1.382553889216049,-1.3820571308741434,-1.4652918483452377,train
2018-12-14,-1.511494932296241,-1.3775253656641155,-1.3952321832454917,-1.4827722398283851,train
2018-12-17,-1.5226028573658659,-1.4810788629887524,-1.5138934617337503,-1.5953526911616402,train
2018-12-18,-1.528072038666515,-1.5828982791489628,-1.5640963278617759,-1.682627132650228,train
2018-12-19,-1.5453742445008616,-1.599295618223328,-1.576075240690235,-1.7135074935385224,train
2018-12-20,-1.6008939348559166,-1.4877183421873763,-1.479941263150797,-1.6462409291303475,train
2018-12-21,-1.6483206414706828,-1.4742549162343461,-1.4835665224371728,-1.6404386956326475,train
2018-12-24,-1.6611615839526397,-1.4343010311846345,-1.4520123602302517,-1.608521853074156,train
2018-12-26,-1.6684228604557523,-1.4392472023448866,-1.4208772603475872,-1.5801739358430813,train
2018-12-27,-1.6807835726029499,-1.449780159374613,-1.4533643231263877,-1.5857405921979886,train
2018-12-28,-1.73773776582387,-1.375068629388414,-1.3856223560103176,-1.5235768102309677,train
2018-12-31,-1.7090118345214689,-1.4104781197831937,-1.4346050212838912,-1.5433775339894868,train
2019-01-02,-1.712919795512079,-1.5016737323531177,-1.4809464319863141,-1.6261283606934067,train
2019-01-03,-1.7348609802560686,-1.4378409287638103,-1.4349583525886906,-1.576175456596396,train
2019-01-04,-1.819370511042401,-1.317197238940406,-1.3243589054680127,-1.4607161479451922,train
2019-01-07,-1.8891851867274674,-1.3341740974535006,-1.352965387198293,-1.404734066190024,train
2019-01-08,-1.9168161617372044,-1.4354643893894645,-1.4200470137927212,-1.463411948928585,train
2019-01-09,-1.9447848643684758,-1.4126339746836512,-1.394215954100813,-1.4428827808611913,train
2019-01-10,-2.011598824401092,-1.3715442143678236,-1.3695801320079777,-1.3938077489313214,train
2019-01-11,-2.0460100013615494,-1.4448050322125867,-1.4629405823324626,-1.4607818845866067,train
2019-01-14,-2.0870301510351523,-1.4617422705899734,-1.485563997382162,-1.4224840178611569,train
2019-01-15,-2.089245279641587,-1.5031834297512303,-1.4853422871570876,-1.4143890282978413,train
2019-01-16,-2.093710664662648,-1.4326695918121597,-1.413378612472436,-1.3663445132653709,train
2019-01-17,-2.0996602803002964,-1.5415760357883117,-1.542625910457761,-1.4518665388901604,train
2019-01-18,-2.111904143164212,-1.6017006847701525,-1.6297032218953218,-1.499069245196209,train
2019-01-21,-2.0929380997382645,-1.6855083611559127,-1.7290099844857512,-1.5170025384955639,train
2019-01-22,-2.06769532146881,-1.8164780029862895,-1.7903836775268933,-1.6379265548932938,train
2019-01-23,-2.0443283423814274,-1.886457509605656,-1.8524677753498506,-1.734996851398283,train
2019-01-24,-2.038817196746997,-1.9262564805219455,-1.9198663654081158,-1.7528391565077222,train
2019-01-25,-2.0952401968898338,-1.7942598309201767,-1.7982855458291678,-1.645048688578273,train
2019-01-28,-2.1135069093572123,-1.802296344780411,-1.8283336151097678,-1.6632764098603723,train
2019-01-29,-2.108634531404587,-1.8000933400057395,-1.775687710409425,-1.6413504856754204,train
2019-01-30,-2.0924578323887584,-1.8224470940112003,-1.7943090083380178,-1.6937068829124122,train
2019-01-31,-2.194658492562758,-1.6061178553295665,-1.5969155895741607,-1.5572065176337055,train
2019-02-01,-2.2265645747474654,-1.7157236820004766,-1.7376952902445881,-1.624788108489615,train
2019-02-04,-2.2442718531573163,-1.7068799589228891,-1.7363176756187229,-1.6411924957012536,train
2019-02-05,-2.248598522947463,-1.819136972779804,-1.7979092121389377,-1.7377251209596936,train
2019-02-06,-2.2091259689715645,-1.8767984580796038,-1.850023214609077,-1.8374441917310507,train
2019-02-07,-2.186183859152534,-2.0366663892513164,-2.037924508317005,-1.9745261566303434,train
2019-02-08,-2.1870085456313006,-2.0483496509401897,-2.074810534446843,-1.9991902747390276,train
2019-02-11,-2.1461643141336872,-2.175846517864832,-2.223247187993186,-2.110506801980292,train
2019-02-12,-2.145463398330655,-2.1111520789545977,-2.0807310018930827,-2.0632465556856756,train
2019-02-13,-2.1539453061171643,-2.091388910098663,-2.05849378182718,-2.10597285258568,train
2019-02-14,-2.173678081363213,-2.009252995415474,-2.002650272247953,-2.0701561812128317,train
2019-02-15,-2.245147266145812,-1.8961256738671772,-1.9055708741751884,-1.9688775393265217,train
2019-02-18,-2.2661132165359548,-1.9122251380584234,-1.9511873416290044,-1.9305124134060678,train
2019-02-19,-2.154944642563046,-1.9689458837409561,-1.9473494204635038,-1.9587657550136934,train
2019-02-20,-2.157139494875307,-1.8953616365166346,-1.8709473443006388,-1.96160833030899,train
2019-02-21,-2.059350024387877,-1.9016691714439948,-1.9008750561518555,-1.964198629466085,train
2019-02-22,-2.0758950791687054,-1.910215098092271,-1.9305731214408148,-1.9328976095490136,train
2019-02-25,-2.0832353575691647,-1.9444045642769283,-1.9842368973451747,-1.9793866687567159,train
2019-02-26,-2.059546800572417,-1.9838932206350677,-1.9606371045830906,-2.000635139895286,train
2019-02-27,-2.0340935700068297,-1.992665891555347,-1.9643293608139587,-2.0108654430630426,train
2019-02-28,-2.023024071668479,-1.9854187828659862,-1.9822983631967743,-2.006893673409577,train
2019-03-01,-2.0376693240563877,-1.9697857285009663,-1.9900692553260293,-1.9705121363072597,train
2019-03-04,-2.034206626563438,-2.0425133997923823,-2.085545552044798,-1.9988103777275594,train
2019-03-05,-2.027378148004237,-2.0868849226325943,-2.061596753703494,-2.086013995647572,train
2019-03-06,-2.048363417904874,-2.0295217032430717,-2.0010614192727005,-1.9596141412437698,train
2019-03-07,-2.044641810497122,-2.1201671309270336,-2.120413392524602,-2.031144932392063,train
2019-03-08,-2.0782591998320594,-2.017030771431254,-2.0319900105210777,-1.9619131216646593,train
2019-03-11,-2.089205369923401,-2.0204307118573577,-2.056385894777646,-1.9661908352721658,train
2019-03-12,-2.0830435317210654,-2.0341695975316325,-2.0094645003148184,-1.9818871440151289,train
2019-03-13,-2.1158557480184847,-1.9403368884064034,-1.9129674040432316,-1.9158450386331458,train
2019-03-14,-2.1204498612586353,-1.939279365070921,-1.9383275789584071,-1.9055293405048055,train
2019-03-15,-2.133899444485233,-2.004491095626483,-2.0346079489486404,-1.9557146108233983,train
2019-03-18,-2.1303816998222214,-2.0260545785661197,-2.0685186083359985,-1.9762509862489164,train
2019-03-19,-2.1245402477078046,-2.097204251488465,-2.0716335453837136,-2.034491546047581,train
2019-03-20,-2.0920215657348162,-2.156913251049236,-2.123916623735998,-2.1261832406350303,train
2019-03-21,-2.222207880245931,-1.9143777961631072,-1.8999417470185815,-1.9525038390734732,train
2019-03-22,-2.270985069189982,-1.9657127292620376,-1.986739276192814,-1.9758872429298293,train
2019-03-25,-2.4115387801203165,-1.759243224125445,-1.7667067161878673,-1.804984778319548,train
2019-03-26,-2.395102323312359,-1.8542145573181608,-1.8363589525460995,-1.852213332060121,train
2019-03-27,-2.379625267714856,-1.8595773376474793,-1.8377421274622552,-1.8592052880995504,train
2019-03-28,-2.3995250529748295,-1.8574764718484997,-1.856330916299947,-1.8814961207087655,train
2019-03-29,-2.4554886280001447,-1.816613135262858,-1.8362664915458156,-1.841217496012675,train
2019-04-01,-2.4896503160603727,-1.8915629107546545,-1.9227056663060118,-1.9086540296585304,train
2019-04-02,-2.4124856566928705,-1.9431008422848715,-1.920688393117502,-1.9387559432353298,train
2019-04-03,-2.4247178397987343,-1.9253700943482333,-1.8991413619882562,-1.9293897697998026,train
2019-04-04,-2.4123155687317492,-1.962411449328892,-1.9626442964662019,-1.9115436105666164,train
2019-04-05,-2.4006263120340288,-2.0718694214487945,-2.1071565361734197,-2.070427370613541,train
2019-04-08,-2.387783898052538,-2.093736958322935,-2.136396358609871,-2.096602206030145,train
2019-04-09,-2.3680867727598263,-2.1431085227460565,-2.1138615163208896,-2.1392286948186303,train
2019-04-10,-2.342026010385375,-2.1446305300635107,-2.1102855847112516,-2.1674388060939416,train
2019-04-11,-2.3529026441906584,-2.115932236420019,-2.1091784804255753,-2.154700464115915,train
2019-04-12,-2.351856744343909,-2.146448546318744,-2.176116421034574,-2.1694173426958585,train
2019-04-15,-2.357901240047728,-2.1072333827759975,-2.143713548289006,-2.139110632563452,train
2019-04-16,-2.317639558573306,-2.1884648426436777,-2.1596858707961695,-2.200516377742299,train
2019-04-17,-2.330944492068397,-2.1193644237154223,-2.0869314858876136,-2.1562808699216642,train
2019-04-18,-2.3416630507861322,-2.150757173422018,-2.146803975139322,-2.1810032507112003,train
2019-04-19,-2.395088544250923,-2.026767750570514,-2.041566799511416,-2.054788173303009,train
2019-04-22,-2.353911264754382,-2.3827592044627783,-2.463892301042749,-2.338444519116471,train
2019-04-23,-2.343513889606486,-2.4492263935648406,-2.4154583770447964,-2.4263017667845688,train
2019-04-24,-2.325244928005342,-2.368950843801423,-2.330690561968089,-2.3813843667283185,train
2019-04-25,-2.3425756550581776,-2.294091484925107,-2.2818493104797506,-2.3517382115827283,train
2019-04-26,-2.38381910899074,-2.3205400069646074,-2.3358130113161377,-2.367953502393776,train
2019-04-29,-2.399710108228262,-2.2108263250275186,-2.2453641049537842,-2.261196514611192,train
2019-04-30,-2.399166289431788,-2.197318394761266,-2.1730319322388567,-2.245018264868311,train
2019-05-01,-2.4126967016340464,-2.189852872193744,-2.1610212890222122,-2.249095912410485,train
2019-05-02,-2.468995893224124,-2.0424296533039663,-2.033963761474557,-2.1326404952791824,train
2019-05-03,-2.4532902389336777,-2.1787759273846956,-2.2133711584384583,-2.237172114523117,train
2019-05-06,-2.413193970303875,-2.133067653043813,-2.16995050982354,-2.214225302543997,train
2019-05-07,-2.3650548279792263,-2.1326983098845544,-2.1096606481945805,-2.1980723255110255,train
2019-05-08,-2.2860749067212445,-2.0972080533538158,-2.070633476034241,-2.165429769355912,train
2019-05-09,-2.244378829359655,-2.139144935937335,-2.136129921671461,-2.206814443166985,train
2019-05-10,-2.268782134827821,-2.068684479356681,-2.0902366858191703,-2.1232878347939224,train
2019-05-13,-2.258957267539375,-2.1485795105640344,-2.195851323789526,-2.1658387998748703,train
2019-05-14,-2.2444918666567464,-2.15848916428652,-2.1337648050929254,-2.1653631822308226,train
2019-05-15,-2.2531476390881267,-2.16247384077254,-2.132698817118203,-2.178330462316423,train
2019-05-16,-2.255531965990538,-2.087790453909221,-2.0825754237764973,-2.1195508755225663,train
2019-05-17,-2.250761446414118,-2.198124839602023,-2.231188588010934,-2.184679712329638,train
2019-05-20,-2.189406268241309,-2.245075635872748,-2.298078569815157,-2.2237342246011296,train
2019-05-21,-2.1487518532353724,-2.318883795123491,-2.2899348804463173,-2.280568251313478,train
2019-05-22,-2.1323077865001263,-2.205152362831899,-2.1722862103674982,-2.1998998770391194,train
2019-05-23,-2.080575771832709,-2.3400409820677885,-2.3382711706072126,-2.232667448531104,train
2019-05-24,-2.093277034595501,-2.2051619939093206,-2.2211238378210867,-2.107283100360184,train
2019-05-27,-2.047415858537091,-2.201384545883403,-2.2385583098466935,-2.115923489080725,train
2019-05-28,-2.016834483924388,-2.360650553967261,-2.3305171290632747,-2.237340750062177,train
2019-05-29,-2.014272950025317,-2.3041395246628125,-2.2684358869928043,-2.203470824591826,train
2019-05-30,-2.009375604189732,-2.2857490437475927,-2.2825535186105093,-2.173774164462679,train
2019-05-31,-1.9895771900574324,-2.3616912087668442,-2.3940426603196574,-2.245045084041304,train
2019-06-03,-1.9954667284968886,-2.2778426433970433,-2.3037134817830314,-2.1285792927030185,train
2019-06-04,-1.9953191758990467,-2.2056092104012506,-2.1785695112895613,-2.060202583111904,train
2019-06-05,-2.050957557387244,-2.0806503371725347,-2.053356714686564,-1.943142921347961,train
2019-06-06,-2.0765761679450097,-2.003169971854726,-1.9984285928773171,-1.8784438372188248,train
2019-06-07,-2.1607291425462356,-1.845997998389039,-1.8582249641242155,-1.7424466529092515,train
2019-06-10,-2.2222140510652366,-1.8309003778949433,-1.8597765587852915,-1.741083352344394,train
2019-06-11,-2.1878303200413125,-1.938664856482038,-1.9223827145047088,-1.820955092707833,train
2019-06-12,-2.1754735316202143,-1.958483214732064,-1.9359383873107312,-1.8935861089552959,train
2019-06-13,-2.1933001800440337,-1.9786815250715326,-1.9804833981458794,-1.9251919256431838,train
2019-06-14,-2.1954199566103316,-2.1225787236440485,-2.1592596764406977,-2.043843010123991,train
2019-06-17,-2.2189667826378985,-2.0915222606478534,-2.1223275507463555,-2.0511139730773404,train
2019-06-18,-2.2299999189451216,-2.130832107788913,-2.105320427578222,-2.0935056409778605,train
2019-06-19,-2.266087687381139,-1.9807969058913755,-1.9543430483909066,-1.9997294245942285,train
2019-06-20,-2.2601002205245573,-1.9664365496950793,-1.9623282698374693,-1.986678894966131,train
2019-06-21,-2.3005184511576813,-1.9086461113396356,-1.9312488706541704,-1.9252458916227289,train
2019-06-24,-2.3581998169734186,-1.8416145513149682,-1.8689820855796528,-1.9247043462088667,train
2019-06-25,-2.362115931872053,-1.9003371663126376,-1.8809172441259294,-1.984934261910423,train
2019-06-26,-2.378963741493691,-1.8026405890722033,-1.7806202634862087,-1.8788429617620983,train
2019-06-27,-2.396516142650015,-1.8476734154591745,-1.848436395387823,-1.9077141301007203,train
2019-06-28,-2.410011854306434,-1.9140588704417427,-1.9478398958879277,-1.956626155059942,train
2019-07-01,-2.4122912137584755,-1.9655262951812216,-2.0107395545135125,-2.0056835238939987,train
2019-07-02,-2.3489458582289773,-1.906661336895506,-1.8827386232727252,-1.941837081961832,train
2019-07-03,-2.3203770377060815,-1.956581991083793,-1.9266260347888542,-2.0476518048155494,train
2019-07-04,-2.30485540405993,-1.972354908664195,-1.9683163286000462,-2.044985175512886,train
2019-07-05,-2.242792402842871,-2.189854078991363,-2.2404806661315706,-2.232122325603824,train
2019-07-08,-2.212864668290687,-2.0585007228212127,-2.091268537645706,-2.140053105544769,train
2019-07-09,-2.1636914803975533,-2.211671566864666,-2.181281685852369,-2.2652667457059996,train
2019-07-10,-2.114186141063074,-2.2881509970117087,-2.2501652516326582,-2.3235255908480594,train
2019-07-11,-2.1333655283588997,-2.145330179463771,-2.1319629693236855,-2.2156940138901255,train
2019-07-12,-2.1482685005184985,-2.0574866669404224,-2.0765078163804387,-2.0785878591149163,train
2019-07-15,-2.10886525689464,-2.1634378402363783,-2.211491164955288,-2.1622117441059094,train
2019-07-16,-2.085066506766252,-2.159094937626775,-2.1314086492536877,-2.1562894289501955,train
2019-07-17,-2.0571778129145026,-2.12447267430632,-2.0933265683122735,-2.1143543752404685,train
2019-07-18,-2.033458944843699,-2.2341076250804934,-2.233103394321793,-2.2105571326784954,train
2019-07-19,-2.0532890441936735,-2.1820044817819957,-2.1998969211135364,-2.1539261175553888,train
2019-07-22,-2.086566291997146,-2.0925589521800276,-2.1162697870386356,-2.076149076882718,train
2019-07-23,-2.0837442858596105,-2.2119128978555507,-2.184656902990712,-2.172405999037289,train
2019-07-24,-2.062533819878847,-2.2384279616997294,-2.205518080281806,-2.148882274532112,train
2019-07-25,-2.0224731492747297,-2.1843110468425015,-2.182438344062195,-2.048817919994283,train
2019-07-26,-2.0383079912129802,-2.0869143276549362,-2.099551923905286,-1.9694966717191549,train
2019-07-29,-2.0439930323067657,-2.2103058169751324,-2.2531765206729664,-2.0667535652130393,train
2019-07-30,-2.0406792420182875,-2.248743156243524,-2.221861229713246,-2.093526163849604,train
2019-07-31,-2.0316908186327933,-2.204024668760606,-2.1732494876143638,-2.0555161752133877,train
2019-08-01,-2.073137962490926,-2.018879269239472,-2.009877769669143,-1.9244099685727243,train
2019-08-02,-2.108307599890534,-2.0453945692427173,-2.061402731362731,-1.9487341209200952,train
2019-08-05,-2.0770399753290545,-2.0257131130789827,-2.0593966400540773,-1.92443624579162,train
2019-08-06,-2.0959384188899266,-1.9009444876658375,-1.8823736909167963,-1.8344429145708678,train
2019-08-07,-2.12534233903214,-1.827703654453855,-1.808547765545856,-1.7598998238976111,train
2019-08-08,-2.157617116648524,-1.8345892572727522,-1.834485958466351,-1.7664604461370816,train
2019-08-09,-2.1811395535262283,-1.80632382536416,-1.8271858502829592,-1.7356031103249747,train
2019-08-12,-2.1974586682518624,-1.8667634450490158,-1.909611934446706,-1.781430022666612,train
2019-08-13,-2.2087816865066383,-1.9321642877560192,-1.9122923446238183,-1.8384993687455604,train
2019-08-14,-2.074642775619177,-1.868450516506471,-1.8449124537192003,-1.799677766060189,train
2019-08-15,-2.066543398835068,-1.9025886144815145,-1.9015830308597668,-1.80880626770321,train
2019-08-16,-2.083662654532967,-1.8837630528595275,-1.9037358855515794,-1.790307908502111,train
2019-08-19,-2.083822316677366,-1.8834136414867715,-1.9200860500664643,-1.7852149237021293,train
2019-08-20,-2.047738757153117,-1.9796062671676946,-1.956531155425399,-1.8526123191182495,train
2019-08-21,-2.037901635654231,-2.0448992596269813,-2.0143728118119,-1.9290105833893096,train
2019-08-22,-2.0238591070273144,-2.0991930609722753,-2.0987595808608632,-1.9587335363292364,train
2019-08-23,-2.0203619623387277,-2.0477021708497376,-2.066726632771154,-1.9764978892876237,train
2019-08-26,-2.057731482778382,-1.956764509620883,-1.974692864330379,-1.937146302555742,train
2019-08-27,-2.0819840283475877,-1.935698034845774,-1.9109241634679244,-1.9206768568360362,train
2019-08-28,-2.0625300862332514,-2.009652809730468,-1.979653232536095,-1.9783686421233808,train
2019-08-29,-2.0479840875681377,-2.003693260019594,-2.005697809314184,-1.9632777408059603,train
2019-08-30,-2.0402864820577524,-1.968199476837538,-1.9937129229686794,-1.953988711677208,train
2019-09-02,-2.0234498119313633,-1.9907042926273635,-2.0216089193121234,-1.9800233087673536,train
2019-09-03,-2.0200968413563847,-2.0871922776582785,-2.0590380109543718,-2.059274755061775,train
2019-09-04,-2.010308445604239,-1.9062650702528,-1.8790667239876133,-1.9056758313292828,train
2019-09-05,-2.0063836748645563,-1.9273080186906992,-1.925688910870338,-1.8878705159116813,train
2019-09-06,-2.0175564278273694,-1.946237792007322,-1.9742364164257447,-1.9097540008775344,train
2019-09-09,-2.0213761734463245,-1.9961845176182733,-2.0401712764303093,-1.9527926154661959,train
2019-09-10,-2.0349597065164713,-1.9473800989451864,-1.9253794513874827,-1.9236269675382776,train
2019-09-11,-2.0264714530384973,-2.075280530292983,-2.045058244650908,-2.0047029224352486,train
2019-09-12,-1.9953699873013808,-2.1333913290464386,-2.1332617979249817,-2.056875890231464,train
2019-09-13,-2.1610369723491605,-1.8278898696125847,-1.8203049250263077,-1.8111527845917053,train
2019-09-16,-2.136128348059304,-1.8981182541659527,-1.930374698956154,-1.8843117629382076,train
2019-09-17,-2.1119619829301404,-1.9426663652330765,-1.921293543298818,-1.918257640349363,train
2019-09-18,-2.0876231041839275,-1.8955689548247028,-1.8719205165518586,-1.8793462542232047,train
2019-09-19,-2.1154450056218748,-1.790392271903304,-1.791117991786841,-1.816454317040091,train
2019-09-20,-2.1232666406137253,-1.9400104936700373,-1.9699173328813908,-1.9349749461467503,train
2019-09-23,-2.116112146666373,-1.9507766675791358,-1.9907643306410747,-1.9565842522298824,train
2019-09-24,-2.1419461279493057,-1.9161030433679684,-1.8932740101029282,-1.9195556511037721,train
2019-09-25,-2.1119461891507245,-1.9815712165990358,-1.9535083248128988,-2.000346558201389,train
2019-09-26,-2.120820567353114,-2.064772471365741,-2.064541538653531,-2.061900950812465,train
2019-09-27,-2.1510664850681223,-1.998013775791185,-2.0201662244910144,-2.004673864311429,train
2019-09-30,-2.1684779292850185,-1.9970148388450095,-2.034075804392009,-2.0109555563761683,train
2019-10-01,-2.151879765770189,-1.9814426999849983,-1.9559189740688825,-1.9835094646276774,train
2019-10-02,-2.178361288470631,-1.9012832821521874,-1.8745808600012621,-1.921715388115627,train
2019-10-03,-2.1717033599962954,-1.9470544494234325,-1.947937289268104,-1.948414135019587,train
2019-10-04,-2.244525946053982,-1.8047358497926804,-1.8149154212839407,-1.854827757412501,train
2019-10-07,-2.2528811470563777,-1.8466258837310738,-1.8833690568118735,-1.8912449877149071,train
2019-10-08,-2.264906305321569,-1.9413551313707642,-1.9194915205777512,-1.9666497917692607,train
2019-10-09,-2.2639936616096863,-1.9916446573275741,-1.9626318635096363,-2.0093057125533496,train
2019-10-10,-2.278164466034506,-1.9997554853883748,-1.999953363752009,-2.007410591513247,train
2019-10-11,-2.306020065194545,-2.043528189158709,-2.0684369204694026,-2.0817477940023847,train
2019-10-14,-2.354851777822739,-1.9743687882596463,-1.9991951065672462,-2.050517288709027,train
2019-10-15,-2.3567766370113477,-2.1117356597588084,-2.0844701656684665,-2.168105062996116,train
2019-10-16,-2.4358817556274874,-1.9272174714619983,-1.9001810833248471,-2.0104558856000114,train
2019-10-17,-2.5043070280282422,-1.889003918596161,-1.8843654167619717,-1.9689213098760618,train
2019-10-18,-2.586426142686497,-1.828455922619461,-1.845780066108124,-1.9113215648936255,train
2019-10-21,-2.616715900346605,-1.942906434148741,-1.9888966136592614,-1.979221356902952,train
2019-10-22,-2.6283048770261144,-1.940640667236663,-1.9196807198134962,-1.9835369074095652,train
2019-10-23,-2.6742102516079225,-1.934818429977276,-1.9083104560125124,-1.9580691381391873,train
2019-10-24,-2.6565726792601247,-2.0754304266073733,-2.0772573215615306,-2.084402169180436,train
2019-10-25,-2.740036398632143,-1.983968094390362,-1.9977824300790252,-1.9946011371041679,train
2019-10-28,-2.7478356109908937,-2.13562425356455,-2.1918417075573196,-2.130962880425503,train
2019-10-29,-2.743836453349383,-2.215474893536224,-2.185939590516816,-2.2073268556937578,train
2019-10-30,-2.7697814357893127,-2.233408521629487,-2.196835607049871,-2.224891616651706,train
2019-10-31,-2.8376436891744055,-2.075025479023947,-2.0642037380484575,-2.1151146347802,train
2019-11-01,-2.8534470321388903,-2.1494108740865574,-2.169354237342613,-2.1690948809430326,train
2019-11-04,-2.8879944934252753,-2.09993684563587,-2.1355511788953967,-2.1113747714662914,train
2019-11-05,-2.8841231446605287,-2.109138681329964,-2.083838125066242,-2.1010808861978463,train
2019-11-06,-2.929776776565115,-2.039709857911225,-2.0121679393540735,-2.0244505688823073,train
2019-11-07,-2.876300871948793,-2.2171934675711147,-2.220392349602864,-2.1709849713093936,train
2019-11-08,-2.9164429589094305,-2.186163743382045,-2.2143143460573858,-2.16302275565206,train
2019-11-11,-2.9192020845676825,-2.2882370165998926,-2.341753191580654,-2.247989885586636,train
2019-11-12,-2.8661245510947846,-2.3896451585692473,-2.356773615384708,-2.327869811495269,train
2019-11-13,-2.818343223837233,-2.427447565224492,-2.38698609325083,-2.3564377009249617,train
2019-11-14,-2.651168165588174,-2.409129247029648,-2.4034831018304406,-2.327798178529158,train
2019-11-15,-2.6383781931577923,-2.4639638897678813,-2.4945893319210124,-2.355100847956468,train
2019-11-18,-2.6180788204884107,-2.5213103017961975,-2.5746722966659523,-2.4025040984060486,train
2019-11-19,-2.6060409809455796,-2.5213554512142307,-2.4868943171582747,-2.3718434493788285,train
2019-11-20,-2.5808953098716554,-2.5701322699203764,-2.5289079661045233,-2.419632900953517,train
2019-11-21,-2.5815709842521675,-2.5342754814039745,-2.5273884966238414,-2.3853751786874957,train
2019-11-22,-2.587287707306871,-2.5662869519673706,-2.598524398279902,-2.4429335092881255,train
2019-11-25,-2.619530219701488,-2.459634879586821,-2.4946589182759498,-2.35540716041049,train
2019-11-26,-2.62972714247554,-2.5430693187304163,-2.510628603100718,-2.444852547454653,train
2019-11-27,-2.599453065799263,-2.5606274286785218,-2.5222147256737975,-2.4573310339863346,train
2019-11-28,-2.5757724432731215,-2.557578105304063,-2.5547660334376956,-2.4434337740349465,train
2019-11-29,-2.5571154147080364,-2.6716362662869315,-2.719163337481416,-2.555789604518613,train
2019-12-02,-2.541807272517393,-2.5987495877351923,-2.6350914995229164,-2.518941403128381,train
2019-12-03,-2.54909730002671,-2.5432105193933054,-2.5101254440000633,-2.479381486883251,train
2019-12-04,-2.545357182821936,-2.5535989841770017,-2.5168655086062226,-2.4795147933640274,train
2019-12-05,-2.537012163728106,-2.493371141014016,-2.488367957968272,-2.4380712260201483,train
2019-12-06,-2.499693229327179,-2.4850559537707335,-2.5226610103157827,-2.417746843693547,train
2019-12-09,-2.5197684608886237,-2.3863658290278655,-2.42165448646713,-2.3599948527172483,train
2019-12-10,-2.481097530679647,-2.584168902103604,-2.5545148276012406,-2.5168524468920523,train
2019-12-11,-2.4767910065039014,-2.570628158010838,-2.5344499699389647,-2.513633279768381,train
2019-12-12,-2.5025266464908755,-2.469261932519368,-2.461991645924238,-2.4442076274559525,train
2019-12-13,-2.5290156990125356,-2.396520684095235,-2.4175271783593213,-2.3723686974811846,train
2019-12-16,-2.663064714209583,-2.217810636196562,-2.2267612745594767,-2.2329372438412736,train
2019-12-17,-2.6813295178164136,-2.273725778256312,-2.2510330248447072,-2.2694256588029034,train
2019-12-18,-2.708205694222682,-2.2299053558889312,-2.20376922767452,-2.218963966304361,train
2019-12-19,-2.7162062155014763,-2.264266949829892,-2.268474266795711,-2.280130866061769,train
2019-12-20,-2.732649556171373,-2.2559294843579925,-2.288658235874595,-2.2719866284084107,train
2019-12-23,-2.6728945458667277,-2.395655744032181,-2.4467734062723996,-2.4127419339464704,train
2019-12-24,-2.667835145171612,-2.468410154274653,-2.437697909951919,-2.4736772837780068,train
2019-12-26,-2.652664549513011,-2.5453583328965856,-2.5454468993532946,-2.5212419738278506,train
2019-12-27,-2.6431467764393903,-2.6299887885031517,-2.674942234726499,-2.5897282706650615,train
2019-12-30,-2.660176270774868,-2.511082196368807,-2.544024311685826,-2.4882389920424193,train
2019-12-31,-2.681549943346245,-2.4744300499551106,-2.4405124244660246,-2.4594323812099845,train
2020-01-02,-2.670299750380275,-2.4713913631117808,-2.4664814005616584,-2.4474204757303273,train
2020-01-03,-2.6970488216225723,-2.3433599580726803,-2.3643841681593862,-2.33380604259719,train
2020-01-06,-2.713450199001348,-2.304797816823637,-2.3498087386550104,-2.269777319758849,train
2020-01-07,-2.721618869042904,-2.330768905086465,-2.3031995200910313,-2.3011917288632504,train
2020-01-08,-2.729717875558165,-2.2931914300293474,-2.261545505589113,-2.2665796659112165,train
2020-01-09,-2.742962958549355,-2.2063200003550327,-2.2018964262011034,-2.2002981126697936,train
2020-01-10,-2.758464443208395,-2.280730290845954,-2.313233757190097,-2.239675246970168,train
2020-01-13,-2.785753486386739,-2.212532711389743,-2.250915374818557,-2.205993432993169,train
2020-01-14,-2.765454748556784,-2.2796368960289928,-2.253347687442868,-2.245097661148787,train
2020-01-15,-2.7448458193786713,-2.3326766624959916,-2.2992918468997448,-2.300601559023495,train
2020-01-16,-2.73630282790281,-2.365173497298813,-2.3623149674014807,-2.336531564216214,train
2020-01-17,-2.7673571602121565,-2.379189150515104,-2.4083110335661133,-2.3453370612266187,train
2020-01-20,-2.7226846276817094,-2.4845584083854537,-2.5393547301270076,-2.433474933137105,train
2020-01-21,-2.698655475864581,-2.555296072210538,-2.522159586690266,-2.4786005307912933,train
2020-01-22,-2.658941376236622,-2.5192458703858165,-2.480794665645225,-2.4482335032132925,train
2020-01-23,-2.583541099395697,-2.530976700047585,-2.5259302902511784,-2.404129909444708,train
2020-01-24,-2.5727231913752484,-2.3860396285345993,-2.397751373727543,-2.262145421047433,train
2020-01-27,-2.5229886286777536,-2.4731745487787817,-2.5264483954716246,-2.3184505496959,train
2020-01-28,-2.4465081233331136,-2.408655095103445,-2.378936128883872,-2.284112341035846,train
2020-01-29,-2.355466070561611,-2.441920456761641,-2.405673669439321,-2.3050617548660197,train
2020-01-30,-2.1716498009740577,-2.4130416707262663,-2.410496842793944,-2.2459067074272507,train
2020-01-31,-1.9972434144709328,-2.5018231724194764,-2.5346852481582696,-2.330264330490163,train
2020-02-03,-1.800589423903112,-2.4385178407036943,-2.4792269673017975,-2.205420004333245,train
2020-02-04,-1.7338242409783742,-2.4577176493698407,-2.426190457219139,-2.219129854607305,train
2020-02-05,-1.679255365705846,-2.4681818183127464,-2.431838044171895,-2.2266263966209587,train
2020-02-06,-1.5707102709672287,-2.4718354165430028,-2.4691388808077392,-2.2538355351561523,train
2020-02-07,-1.2070032314867727,-2.4107908232472663,-2.437061702467293,-2.2119461343327362,train
2020-02-10,-1.1059612213995873,-2.3731167859535605,-2.407935101814431,-2.1812317019275134,train
2020-02-11,-1.0444215499478897,-2.453805675180751,-2.4244953577820993,-2.221672308518805,train
2020-02-12,-0.7820626388948354,-2.430046244899498,-2.3963652441749237,-2.178119175195828,train
2020-02-13,-0.6668535016886732,-2.3747056508020905,-2.3718361186035875,-2.141535425836705,train
2020-02-14,-0.5429374183824236,-2.367932856185368,-2.3965324936073884,-2.1292590502553654,train
2020-02-17,-0.48815636184032185,-2.3880934325468663,-2.430982637369459,-2.1305255116259207,train
2020-02-18,-0.4136909637466283,-2.525727017905667,-2.495634618150837,-2.2371604695400418,train
2020-02-19,-0.24343750699649383,-2.36085063223019,-2.3282503647087096,-2.0935970892753666,train
2020-02-20,-0.1528266468477414,-2.398201892224968,-2.395270886364124,-2.1334133157688764,train
2020-02-21,-0.06805664564353951,-2.320102239158235,-2.3405805395533275,-2.0785186717139474,train
2020-02-24,-0.010322126419015473,-2.205689045951504,-2.2279385610281293,-2.037693099062378,train
2020-02-25,0.012380610922358775,-2.0949207147747573,-2.074144849554747,-1.930014364723084,train
2020-02-26,0.046131858354153794,-2.0793038477754577,-2.0552659332826373,-1.9176723442792962,train
2020-02-27,0.0687989434358739,-1.9524213009522386,-1.9509028085818612,-1.8073776770541068,train
2020-02-28,0.08513742434507539,-1.8666584109195044,-1.8844349070641144,-1.7334917583707408,train
2020-03-02,0.1009716806859286,-1.697901989347124,-1.705348187833816,-1.630161291829167,train
2020-03-03,0.09721671594675146,-1.570159295599686,-1.5604318169114193,-1.5127326069453493,train
2020-03-04,0.09400820981800277,-1.3911895269803107,-1.3855419146721555,-1.4081049847075828,train
2020-03-05,0.09818096140813046,-1.4038066590910572,-1.411093472522473,-1.4013892315491228,train
2020-03-06,0.10064402093915295,-1.3752586884256506,-1.4006379969623144,-1.3790370737098125,train
2020-03-09,0.09199074316160555,-1.2726286356065477,-1.286517985977388,-1.277206707097517,train
2020-03-10,0.019747575804727538,-1.0069562469978928,-1.0066054860076028,-1.0605981743594426,train
2020-03-11,0.0008495349188908563,-1.0454373692739758,-1.0445071667818453,-1.0824708289399694,train
2020-03-12,-0.0190687266539694,-1.0099639884057992,-1.0169720404299825,-1.0027116671219005,train
2020-03-13,-0.1259787941191052,-0.6700202865853664,-0.6571531725223962,-0.7223638191176583,train
2020-03-16,-0.18336643123490018,-0.611527700470873,-0.6126837228852906,-0.6546232492998479,train
2020-03-17,-0.25726877539673526,-0.5627769631347677,-0.5699790429845338,-0.6153682553530065,train
2020-03-18,-0.283489371808625,-0.5798978816813953,-0.5861499735816575,-0.6405610475225552,train
2020-03-19,-0.3308199440038153,-0.4417481910501169,-0.4492836387603501,-0.5193630032238983,train
2020-03-20,-0.5103154296743142,-0.29164977640877154,-0.2768499865641143,-0.41222218820833456,train
2020-03-23,-0.6201005778158403,-0.2602233952542399,-0.2537510280696215,-0.38270151268338193,train
2020-03-24,-0.7661350633812525,-0.19939569163093823,-0.20752596667393747,-0.32838751840831026,train
2020-03-25,-0.8621781549366099,-0.1464334138648999,-0.15644363917254572,-0.2800110066708934,train
2020-03-26,-0.8973891003683759,-0.21742618444115855,-0.22906634770742734,-0.33105643454685474,train
2020-03-27,-0.977234098067023,-0.2336519623266431,-0.23989847280451082,-0.3494596167993469,train
2020-03-30,-1.0380109966275757,-0.28547331745302795,-0.2953349580998781,-0.395104260772257,train
2020-03-31,-1.0880966094913942,-0.35339272882171874,-0.350970858331028,-0.43051785812700616,train
2020-04-01,-1.1354998902095654,-0.34578734725745297,-0.34156402975493133,-0.45741208904050223,train
2020-04-02,-1.165914744751784,-0.43420969810510984,-0.43704857609060704,-0.5252348738278783,train
2020-04-03,-1.2340327263155084,-0.42537160715439565,-0.4289983499968061,-0.542510900680083,train
2020-04-06,-1.246170660042496,-0.495597926531234,-0.5121118309642843,-0.6091361705125556,train
2020-04-07,-1.2648477089183294,-0.5529194068548973,-0.5430472454936844,-0.6585122507486564,train
2020-04-08,-1.2809188105520408,-0.6322204036488543,-0.6173036691287718,-0.7292952641525797,train
2020-04-09,-1.3189876370804747,-0.6444240182735516,-0.6405280681416949,-0.7450149767495744,train
2020-04-10,-1.3544165023864017,-0.6978972698217882,-0.7052481361342011,-0.7874307297742839,train
2020-04-13,-1.332859891781273,-0.9774593876031006,-1.029310507034812,-1.0363107885420986,train
2020-04-14,-1.3284812792413152,-0.9766047214323388,-0.9566707218183673,-1.0558344513989653,train
2020-04-15,-1.3343749379097536,-1.0162202585200326,-0.9929498270346785,-1.1239861759078575,train
2020-04-16,-1.3488887790854978,-1.06266076524799,-1.054135006155259,-1.1608397118771772,train
2020-04-17,-1.3531768292340163,-1.0562538572456686,-1.057745232390659,-1.1549514000619723,train
2020-04-20,-1.3739214693308819,-0.9998491039627252,-1.0154726113176757,-1.096197524890699,train
2020-04-21,-1.385583177743693,-1.0726669682228887,-1.056195303666733,-1.1640819772473234,train
2020-04-22,-1.4088958637356832,-1.0381744004839435,-1.0211556574738112,-1.1434021095293403,train
2020-04-23,-1.419524995447941,-1.161379184785754,-1.1625797572642347,-1.243279619785039,train
2020-04-24,-1.4960890401099591,-1.0808450548400355,-1.083314329765961,-1.1609469387165583,train
2020-04-27,-1.5311208929089342,-1.1112354291963973,-1.126721456506306,-1.2260697583303524,train
2020-04-28,-1.4783400439535404,-1.1786242072506152,-1.1644818773040952,-1.2771904841281085,train
2020-04-29,-1.482711194834611,-1.2088807595576239,-1.1913557562538193,-1.3047834683480166,train
2020-04-30,-1.4573536323865832,-1.2096481301777597,-1.210083259858532,-1.3208001766049513,train
2020-05-01,-1.5213153611887886,-1.141422976701035,-1.1426489485217288,-1.268699743417266,train
2020-05-04,-1.515709687413614,-1.250843699419334,-1.2774834176572398,-1.352398646620023,train
2020-05-05,-1.4976421665124395,-1.2912048711552413,-1.2766791830419832,-1.3763569795413138,train
2020-05-06,-1.4635061937214435,-1.2244484793272334,-1.2090571803367787,-1.3089219183256957,train
2020-05-07,-1.4172939057485472,-1.2775800577285532,-1.279124606507386,-1.3479822238455987,train
2020-05-08,-1.4137391807812314,-1.340521898172783,-1.3584053450727578,-1.4117738842998282,train
2020-05-11,-1.3981692653450133,-1.3878108466862396,-1.41889457805024,-1.451379407536432,train
2020-05-12,-1.3505883410544848,-1.408370350279668,-1.3914730509387299,-1.4628072521346798,train
2020-05-13,-1.3070266541537363,-1.414119115620971,-1.3925757575839937,-1.5127617256955834,train
2020-05-14,-1.273145889979816,-1.4008122288898344,-1.3970388904201,-1.5022251385082277,train
2020-05-15,-1.2533916842994324,-1.422726609727851,-1.44048299410707,-1.4913062456124897,train
2020-05-18,-1.2279796950525654,-1.4332167253634454,-1.461794374085869,-1.4920095858605213,train
2020-05-19,-1.2300871542722212,-1.3412388189398192,-1.3245356779431152,-1.3526928017672815,train
2020-05-20,-1.2185694455615745,-1.4012058482403524,-1.3813238499690124,-1.3985934353058762,train
2020-05-21,-1.1939028896789692,-1.4578422553925947,-1.458594158192684,-1.43622008472453,train
2020-05-22,-1.200507822924225,-1.4344299889677539,-1.4520712680104502,-1.4186051066540153,train
2020-05-25,-1.1834228787392307,-1.5173268853525002,-1.557627821684684,-1.484026230967147,train
2020-05-26,-1.160377300329915,-1.7017466566416948,-1.6782595543580643,-1.645205190461749,train
2020-05-27,-1.15972607619706,-1.64265904508576,-1.615837901652015,-1.6137498961118824,train
2020-05-28,-1.208981385980921,-1.4655078804526094,-1.4527870907332094,-1.4697419018039435,train
2020-05-29,-1.2182733199659281,-1.528835656948306,-1.5428872787293404,-1.5147992802189862,train
2020-06-01,-1.239815273173992,-1.4034556918348915,-1.4151045775901165,-1.398039029601603,train
2020-06-02,-1.2490793811391634,-1.3967818916545989,-1.3834905900062675,-1.3868683924693557,train
2020-06-03,-1.2530362398763104,-1.3494070394477096,-1.33479217539638,-1.330720281730883,train
2020-06-04,-1.2823202921991732,-1.3678530579793418,-1.3665534784834064,-1.3607013593715693,train
2020-06-05,-1.3395069213869906,-1.2536834350319195,-1.25762419680956,-1.273354737139153,train
2020-06-08,-1.3876615553695817,-1.234856447766801,-1.2462033758921234,-1.2533264588997926,train
2020-06-09,-1.4014244930191544,-1.2791386301772951,-1.2688882593258997,-1.2798175807689822,train
2020-06-10,-1.3986655010236746,-1.2611550749721123,-1.248483108268589,-1.2717277562759464,train
2020-06-11,-1.4575051569846749,-1.170730840692748,-1.1697336817009019,-1.2060956816493138,train
2020-06-12,-1.5156142633734302,-1.1608538933212809,-1.168885922289599,-1.192122250868652,train
2020-06-15,-1.5764433831729587,-1.1587491496897158,-1.1725570690285883,-1.1891801534152653,train
2020-06-16,-1.6081906885113189,-1.1560427099473813,-1.1470243635653694,-1.1701809870957756,train
2020-06-17,-1.6406799350528007,-1.1198464991256236,-1.1095731464378331,-1.1612775557453583,train
2020-06-18,-1.68433157265214,-1.14894037700707,-1.150835840655965,-1.2531153066086214,train
2020-06-19,-1.6788007678743224,-1.1950041727328569,-1.2136076156828675,-1.2808251403542912,train
2020-06-22,-1.6744714596158479,-1.190305251017652,-1.210782816781165,-1.290066434006184,train
2020-06-23,-1.6404213049895382,-1.2959667946972497,-1.2817717503125885,-1.3747933215749784,train
2020-06-24,-1.6446025715469093,-1.2785700990527604,-1.2604135132290073,-1.3739914219395022,train
2020-06-25,-1.648919507781646,-1.2826918193902015,-1.2804936453238707,-1.4002658342230043,train
2020-06-26,-1.6145767888431237,-1.330889971890637,-1.3516296392070852,-1.3927649708571537,train
2020-06-29,-1.5887067774399846,-1.4290281900312258,-1.4641358211141073,-1.4790730896902247,train
2020-06-30,-1.5618734467079782,-1.4248606692543802,-1.4045962358050852,-1.461416457139618,train
2020-07-01,-1.5474915668007678,-1.4066279775105102,-1.3835842996190972,-1.467671316762502,train
2020-07-02,-1.4883932457980207,-1.4790873355959868,-1.4764216581311331,-1.5160305860135008,train
2020-07-03,-1.4795498544843364,-1.4237095870185328,-1.4357974908938431,-1.4907643861891318,train
2020-07-06,-1.451066102610462,-1.5333741611418543,-1.5757655100085406,-1.5647930466968674,train
2020-07-07,-1.4304062928949548,-1.5029414778961838,-1.4818865942111794,-1.547381515174595,train
2020-07-08,-1.3985630016192336,-1.525467955983429,-1.50088292306195,-1.5629161182634004,train
2020-07-09,-1.3681816521031607,-1.5356216737118298,-1.5324300706380731,-1.56921529536956,train
2020-07-10,-1.389928180367772,-1.47538493447834,-1.4835082909465533,-1.5188872325396776,train
2020-07-13,-1.360911581841939,-1.5430619994595247,-1.5800470900755221,-1.5640342764636745,train
2020-07-14,-1.3446967750138237,-1.540833347760063,-1.5215343033597692,-1.5572165783265268,train
2020-07-15,-1.3317218967009388,-1.5903387941118232,-1.5669147394653582,-1.6056659538476357,train
2020-07-16,-1.3307806643068982,-1.577597623272316,-1.5752036703938752,-1.607557523169983,train
2020-07-17,-1.3374922155130662,-1.5946819124368836,-1.6099259493402036,-1.6209222495154942,train
2020-07-20,-1.3197755111374647,-1.6412757111331602,-1.676614947257823,-1.6548313468826943,train
2020-07-21,-1.312832641585647,-1.5396678580843042,-1.5213222757144642,-1.5956553949557621,train
2020-07-22,-1.318558668935275,-1.4723317532779734,-1.4544474928065565,-1.531115625324257,train
2020-07-23,-1.3237712691820274,-1.4308418277147912,-1.4282137811258377,-1.490274700171662,train
2020-07-24,-1.3353422002360182,-1.4583065853652455,-1.478486758916044,-1.501862633171325,train
2020-07-27,-1.3410186570943916,-1.4343082695738454,-1.465066375546,-1.4562680069576606,train
2020-07-28,-1.3707930000233404,-1.3777664275030839,-1.3651792197244172,-1.4354751490574629,train
2020-07-29,-1.3211251423235775,-1.4063232025936243,-1.3902658715516827,-1.463530653188159,train
2020-07-30,-1.3155909902690202,-1.3929802090123709,-1.3916062253761714,-1.4514690042966034,train
2020-07-31,-1.3324769807015375,-1.3655892965757175,-1.3802712403494048,-1.4298987119225484,train
2020-08-03,-1.3338288263729023,-1.2641147105306973,-1.2765510425538065,-1.3437134813607228,train
2020-08-04,-1.3328094077787016,-1.310818220794741,-1.299209458207014,-1.3116436743001496,train
2020-08-05,-1.3298933205165273,-1.3060806251983539,-1.2916369070168836,-1.3113291252070296,train
2020-08-06,-1.328185371396567,-1.2875988714487157,-1.288208663854521,-1.297092659124941,train
2020-08-07,-1.3762763501618194,-1.2418799908281792,-1.2536538622267506,-1.2669489896687993,train
2020-08-10,-1.3900693447374308,-1.2531453604172962,-1.2716171201324347,-1.2767022029636597,train
2020-08-11,-1.3821346667297794,-1.3633285366601724,-1.3492701500288737,-1.3537914145274748,train
2020-08-12,-1.3677191752276388,-1.2842263275360388,-1.2683455138107897,-1.3003037751774418,train
2020-08-13,-1.3872438581477644,-1.291145938296032,-1.2904450364358697,-1.3139981219153651,train
2020-08-14,-1.4077119143729866,-1.3310337748584706,-1.3496147341742755,-1.3420989129165788,train
2020-08-17,-1.4136117891642481,-1.3863331777556487,-1.4165974849401957,-1.3734990265495048,train
2020-08-18,-1.3821995099842117,-1.394923794536699,-1.3777861640263718,-1.3720406787883308,train
2020-08-19,-1.382467912101838,-1.366078407205094,-1.34564183366966,-1.3603446576975586,train
2020-08-20,-1.4192718033421434,-1.3209352225663173,-1.3147296862811293,-1.305452054253788,train
2020-08-21,-1.4291036820122425,-1.3126735138125618,-1.3238618821347925,-1.2982955130812621,train
2020-08-24,-1.4323056328255224,-1.2931493828255258,-1.3143083137930656,-1.2777814925755233,train
2020-08-25,-1.4165228047888996,-1.3600221237341865,-1.3447842004398791,-1.269869076178086,train
2020-08-26,-1.4031681024940081,-1.3689903636938157,-1.3496599367548179,-1.2886509224317628,train
2020-08-27,-1.4027223723247972,-1.4424197832217622,-1.4424022708739743,-1.3551114872631762,train
2020-08-28,-1.4749680039335475,-1.283030206710967,-1.2804677643163382,-1.2274211663832486,train
2020-08-31,-1.499275898068273,-1.3187195027220329,-1.3349800403233083,-1.2483904312232939,train
2020-09-01,-1.4893419062716977,-1.3514904598930098,-1.336133161683095,-1.267212850736164,train
2020-09-02,-1.5329382132443208,-1.2249829257917044,-1.2107679312563198,-1.1493503578328872,train
2020-09-03,-1.5549877188958896,-1.2204999358922868,-1.222083400035195,-1.2009182378515482,train
2020-09-04,-1.5906185112811717,-1.2723867250162824,-1.2891886062350488,-1.2524729935320247,train
2020-09-07,-1.6063475987827858,-1.2696683089359249,-1.2910740480876042,-1.2523362438151198,train
2020-09-08,-1.5958242085726273,-1.4654356145973577,-1.4496384658357784,-1.406835070642561,train
2020-09-09,-1.6308652625743998,-1.4043140848070468,-1.3846002395954904,-1.3828023569297572,train
2020-09-10,-1.6511024673564647,-1.441696747182348,-1.4391596206962232,-1.4227600482820497,train
2020-09-11,-1.719835698110965,-1.3610906796105042,-1.3659139593763803,-1.3549552549534618,train
2020-09-14,-1.725332654518945,-1.4908106029687158,-1.5242817275275602,-1.4562783551376692,train
2020-09-15,-1.7247217786640243,-1.5140551548699108,-1.495959466278868,-1.4691220466684403,train
2020-09-16,-1.7308949837371623,-1.523578753060328,-1.500455011618048,-1.5094147057995793,train
2020-09-17,-1.7912996254690163,-1.4073376752352154,-1.3998859266109833,-1.4260880757122993,train
2020-09-18,-1.8255795971297886,-1.4665306933269615,-1.4790125005956622,-1.4684262675604716,train
2020-09-21,-1.8296383316988205,-1.5458693279205153,-1.5829127154330735,-1.5283398491200366,train
2020-09-22,-1.861684574407329,-1.440895132247256,-1.4236052986910395,-1.442859306617765,train
2020-09-23,-1.9026971606882963,-1.4007131584399202,-1.3825811752103265,-1.411987526548018,train
2020-09-24,-1.9349189264866589,-1.426519776823158,-1.4240174835779886,-1.4909290302561846,train
2020-09-25,-1.9791941337947379,-1.4122567452330055,-1.4266456795170228,-1.4731702003404716,train
2020-09-28,-1.98942626143677,-1.4371751277803093,-1.4722870203805003,-1.486007684298593,train
2020-09-29,-1.991625562559263,-1.4860142861906396,-1.4687376215570764,-1.5221324552727058,train
2020-09-30,-1.9868295414362525,-1.4987835164448016,-1.4776792302738218,-1.5539360005659362,train
2020-10-01,-2.014291394743853,-1.4730281171159618,-1.4690662107691053,-1.5350998829106086,train
2020-10-02,-2.0540356781544884,-1.5069736228293482,-1.523430737126464,-1.5801926941825402,train
2020-10-05,-2.069821667475687,-1.5229544041832328,-1.5532966144047051,-1.590666917755008,train
2020-10-06,-1.8182803588386356,-1.620193135204981,-1.6009820001728128,-1.659151194029791,train
2020-10-07,-1.7806507269733904,-1.5497863388374638,-1.5282813513266922,-1.5997100305835434,train
2020-10-08,-1.7205066142266694,-1.6311183698540839,-1.6306667382331221,-1.6640699881132281,train
2020-10-09,-1.6389851930092847,-1.718386605536379,-1.7471504989964721,-1.7345755583317777,train
2020-10-12,-1.5960900518147907,-1.7445072284439367,-1.7806945141268846,-1.7625494930697683,train
2020-10-13,-1.580453436548304,-1.7925223002753612,-1.7684734333994232,-1.8017852097886402,train
2020-10-14,-1.5764188698343191,-1.8008159435339228,-1.7715105528564317,-1.8241764037196206,train
2020-10-15,-1.5786001743965097,-1.8254664651139993,-1.8212321686554074,-1.8434270098626313,train
2020-10-16,-1.5750137940941091,-1.8010920069765344,-1.8223092203094526,-1.8172839124245348,train
2020-10-19,-1.5767411779117342,-1.8390607517148134,-1.875973777058059,-1.848922150572572,train
2020-10-20,-1.5820039277536997,-1.831645781262263,-1.8071758909660025,-1.8329468210521762,train
2020-10-21,-1.583910801746653,-1.8415345858697356,-1.8127520013542184,-1.8579441282273805,train
2020-10-22,-1.5955213887297506,-1.8298732175078178,-1.8257545235108117,-1.8397013911597813,train
2020-10-23,-1.581204142228684,-1.8545225613378185,-1.8779977670432322,-1.8541714590681582,train
2020-10-26,-1.5684434186208125,-1.8479691031660033,-1.8818958530320262,-1.827136994294278,train
2020-10-27,-1.5523969343946644,-1.8781178309123367,-1.8546215621877882,-1.8895580551909514,train
2020-10-28,-1.560722466330371,-1.862805918238153,-1.8358698859547087,-1.8783046008540283,train
2020-10-29,-1.578328858528515,-1.837354924819234,-1.8331736229226887,-1.8488041170107783,train
2020-10-30,-1.5898012588497703,-1.7740281239664923,-1.78844204532549,-1.7991436794518603,train
2020-11-02,-1.5837645097187978,-1.7897755498909853,-1.820953347199841,-1.8072988629189506,train
2020-11-03,-1.5570617701574212,-1.8550061196450236,-1.8344470862571893,-1.847230086386189,train
2020-11-04,-1.5492012370628987,-1.8299972292685076,-1.805924438902361,-1.827394154693199,train
2020-11-05,-1.7171359200255325,-1.509769368601879,-1.4956106167078769,-1.5797706938543379,train
2020-11-06,-1.764792762000485,-1.5439676047241144,-1.5533695667213354,-1.6010075708593055,train
2020-11-09,-1.8276272351448635,-1.470734047998625,-1.4879304586717637,-1.5321926627317715,train
2020-11-10,-1.9154872051254486,-1.3270548456806175,-1.3198174865167343,-1.40119429054373,train
2020-11-11,-1.9352847667635995,-1.285678082325265,-1.278527067155614,-1.3564180899585598,train
2020-11-12,-1.9389436626624144,-1.4419525443217998,-1.4494834766381204,-1.4912050375636912,train
2020-11-13,-1.9371013748169186,-1.5061904255939573,-1.535974818991316,-1.5439532155725408,train
2020-11-16,-1.9134428096260392,-1.6283501843490913,-1.6760118515818647,-1.6506589028698797,train
2020-11-17,-1.851677491903168,-1.6701563868561846,-1.6499430873574117,-1.6754064264024997,train
2020-11-18,-1.8384863698568048,-1.7762201802506123,-1.7483738810947058,-1.77388312484567,train
2020-11-19,-1.832750878101275,-1.827065231463124,-1.8252711239057595,-1.7983549169195432,train
2020-11-20,-1.7696028553758483,-1.8369400168824404,-1.8607394564328708,-1.8054589592021357,train
2020-11-23,-1.7427805121700657,-1.8889412893394035,-1.9331364730483416,-1.856444051182761,train
2020-11-24,-1.7376541494011117,-1.7902332312323408,-1.764057979933127,-1.7897023752838233,train
2020-11-25,-1.7629834483282765,-1.740936512779932,-1.713482599159856,-1.765047805512773,train
2020-11-26,-1.7642627711444223,-1.685280040477776,-1.6795617515636825,-1.6959779139369826,train
2020-11-27,-1.7471035188386017,-1.767428486070779,-1.7988600766541314,-1.7560927404734095,train
2020-11-30,-1.7163507158043356,-1.804673922844307,-1.8551915376416641,-1.804856880726462,train
2020-12-01,-1.7041553269371035,-1.7560824003979854,-1.7326509300005009,-1.783004494537424,train
2020-12-02,-1.7016691768351868,-1.7375392463408297,-1.7109796798767802,-1.733154661306779,train
2020-12-03,-1.7253322855094755,-1.6971582491019048,-1.6889917271070767,-1.7089856806809385,train
2020-12-04,-1.6834185971788318,-1.6715162504684955,-1.690091233261252,-1.672892182747075,train
2020-12-07,-1.677184610028337,-1.6405067652868186,-1.6713532148282115,-1.6385582693125573,train
2020-12-08,-1.6235423398293616,-1.6473545033618742,-1.6296044923724997,-1.6441495601901444,train
2020-12-09,-1.6019844563854926,-1.7164365470235918,-1.693910788588382,-1.7213982330800797,train
2020-12-10,-1.5898563634153438,-1.761902665214859,-1.7615356903117574,-1.7655510357845365,train
2020-12-11,-1.59738710096137,-1.6948268820604948,-1.7080528386722473,-1.712311810002091,train
2020-12-14,-1.584061584916001,-1.743496825159154,-1.776849193147181,-1.7735094897139163,train
2020-12-15,-1.5859032000406166,-1.7481866689613303,-1.7286972659214725,-1.7784045153461863,train
2020-12-16,-1.6080693521372802,-1.7054332005678052,-1.6836214366924316,-1.7412490767892848,train
2020-12-17,-1.6626407974714268,-1.5677783206048417,-1.562231762023315,-1.6516014123516287,train
2020-12-18,-1.6572775018522994,-1.669183057353237,-1.6947669355810444,-1.7118581344461086,train
2020-12-21,-1.6466058957807432,-1.709406597595996,-1.7520511205350044,-1.7813503129319246,train
2020-12-22,-1.6973843346043498,-1.5420135940726964,-1.5257117263499906,-1.6496287787152473,train
2020-12-23,-1.7129730737359958,-1.578745730595169,-1.5591631703585431,-1.6484655760689815,train
2020-12-24,-1.734730551533825,-1.6025071216789313,-1.6000634994241663,-1.6681169865369307,train
2020-12-28,-1.7029752565846188,-1.7205340737013284,-1.76863255974058,-1.7429318988946991,train
2020-12-29,-1.6998150371737113,-1.6282832915630971,-1.6102874161227092,-1.6686226720943111,train
2020-12-30,-1.6917506667914572,-1.6839100965514027,-1.6599821778778483,-1.7090633493139487,train
2020-12-31,-1.7008049340991815,-1.6434233578919564,-1.6391611878749697,-1.6767478887642646,train
2021-01-04,-1.70715256767497,-1.6344260388348584,-1.6583997120863223,-1.6635983706160618,train
2021-01-05,-1.726208655451491,-1.583749685550939,-1.5655946603138737,-1.5853091932025607,train
2021-01-06,-1.7281063020450818,-1.6563967087673566,-1.633379348422167,-1.6362516381283445,train
2021-01-07,-1.7824525538509048,-1.506554776360683,-1.5003653930463465,-1.5271070562913789,train
2021-01-08,-1.805211248492295,-1.547974716022997,-1.5674082798660263,-1.5572256023843314,train
2021-01-11,-1.889674216934333,-1.4281409626633697,-1.4389471941570624,-1.4606422021682084,train
2021-01-12,-1.928997749730321,-1.4598514694432387,-1.44516598006,-1.4579363251385482,train
2021-01-13,-1.9673393119676377,-1.4382888021187168,-1.4217668380387154,-1.4401379389398008,train
2021-01-14,-2.0069478478538145,-1.4677240346744698,-1.4683236305245895,-1.4699194702283178,train
2021-01-15,-2.0626674234618503,-1.4546665303465087,-1.4746097648183976,-1.432602535589034,train
2021-01-18,-2.070688627895407,-1.5546020767474913,-1.5904113603746224,-1.5189019935846297,train
2021-01-19,-2.0519841976425175,-1.6971143192987452,-1.676126710556182,-1.6483364258329711,train
2021-01-20,-2.0622127392181575,-1.7157634892346394,-1.6894885231840295,-1.6777608787836884,train
2021-01-21,-2.0876623591034646,-1.6935545094037119,-1.6881769704746064,-1.6661197885567534,train
2021-01-22,-2.095631690888776,-1.7138316696909517,-1.7314549761289793,-1.6561446414379144,train
2021-01-25,-2.1078217404777466,-1.7592228341826353,-1.7927579444259927,-1.6932808753131599,train
2021-01-26,-2.0860081270310005,-1.7433138617097548,-1.720586254678339,-1.6881664871287525,train
2021-01-27,-2.0367840126117938,-1.7508613384136242,-1.7243976556489715,-1.7009851979580273,train
2021-01-28,-1.9960115624406638,-1.6677709091933528,-1.660982194119937,-1.6538971325100091,train
2021-01-29,-2.009962403602162,-1.6621361801791747,-1.6777164169062626,-1.649409660612805,train
2021-02-01,-2.0155037110495195,-1.6351656200976477,-1.6617629528294109,-1.6325995988371633,train
2021-02-02,-2.0104711448326253,-1.6362151704375698,-1.6169044865335018,-1.6193900925822375,train
2021-02-03,-2.006059191895276,-1.6002805061313088,-1.5790500355207207,-1.58140614329161,train
2021-02-04,-1.9567396180463232,-1.6816676593227844,-1.6827857928957939,-1.7149394875278634,train
2021-02-05,-1.954195349732961,-1.71737721983901,-1.7441091702773504,-1.7555114996242143,train
2021-02-08,-1.9503004953747316,-1.7494600661286104,-1.7841699817593946,-1.7877608814163581,train
2021-02-09,-1.9308149785266309,-1.7911522563049567,-1.7681739932208156,-1.814328826548899,train
2021-02-10,-1.8950279518742454,-1.8587974224890913,-1.8302810099226619,-1.8814269501205236,train
2021-02-11,-1.8825762995232254,-1.9005597775296232,-1.898965638438814,-1.917508078011882,train
2021-02-12,-1.8641835050158277,-1.977036377245499,-2.0102376059747447,-1.976558507047457,train
2021-02-15,-1.8553135119537063,-2.003457474065345,-2.0445980127639185,-2.005835442258631,train
2021-02-16,-1.815070427463839,-2.1281598356996723,-2.0985012786651303,-2.103524017317686,train
2021-02-17,-1.8025714086924205,-2.0428791842822176,-2.01000904246658,-2.0331718819423665,train
2021-02-18,-1.8134153485279458,-2.008148918296077,-2.000164535714887,-1.9819337736237137,train
2021-02-19,-1.803771430078314,-2.035103497902607,-2.0626750843595834,-1.9949908113141228,train
2021-02-22,-1.7958423642676926,-2.024588951945932,-2.0624957429736295,-2.0166636774073057,train
2021-02-23,-1.7977538591772688,-1.9338101782532318,-1.9098523739266788,-1.949934361968662,train
2021-02-24,-1.7859225225234379,-1.989484552365016,-1.9603405490018526,-1.9999279113148156,train
2021-02-25,-1.8095151704689971,-1.9059560613224675,-1.899127182210624,-1.923998321446097,train
2021-02-26,-1.849943515433524,-1.787121802952933,-1.7969641589882894,-1.814146853117891,train
2021-03-01,-1.922059915512277,-1.6743431919345748,-1.6879421734293214,-1.6941972143084103,train
2021-03-02,-1.9313238604798497,-1.7394305665306566,-1.7227837099488046,-1.7366768091806473,train
2021-03-03,-1.9473078014215974,-1.6903091543553252,-1.6722580251403822,-1.6987664390401622,train
2021-03-04,-1.980210528690659,-1.6914266057902052,-1.6938887200367556,-1.7093977312076571,train
2021-03-05,-2.01588662489556,-1.700682498400672,-1.7220064890207347,-1.7277209961404805,train
2021-03-08,-2.0743513961841056,-1.6705878504904268,-1.6904928920944882,-1.7083332966189855,train
2021-03-09,-2.069316782899687,-1.747555814917968,-1.7302984639749213,-1.773269551184135,train
2021-03-10,-2.082673857145509,-1.7470402067586948,-1.725644323657204,-1.7855293579038556,train
2021-03-11,-2.1121217181907177,-1.7189941402259454,-1.718289301912392,-1.7738448438654406,train
2021-03-12,-2.159625098256048,-1.6764017968045102,-1.6927921570251385,-1.733293616207664,train
2021-03-15,-2.164362489790756,-1.7586939392943353,-1.7949360707953281,-1.80019566089271,train
2021-03-16,-2.1822495280160386,-1.7448314970079122,-1.7252044702021385,-1.787487996133991,train
2021-03-17,-2.1819364281607836,-1.7644759149759708,-1.7401969724392143,-1.8094208933448424,train
2021-03-18,-2.2231454772259194,-1.6911667486547868,-1.6870794540045826,-1.7603166900441078,train
2021-03-19,-2.231190827998182,-1.715004221732177,-1.733702574249098,-1.790682817691574,train
2021-03-22,-2.222264410087821,-1.80351241326969,-1.848507975975735,-1.8593016250231946,train
2021-03-23,-2.2277914705877424,-1.7781252659052535,-1.7554289347435663,-1.8328684959031043,train
2021-03-24,-2.225718003545162,-1.7635388270875356,-1.7372528249651873,-1.8035086460789072,train
2021-03-25,-2.2447990688801664,-1.7910540559424046,-1.7875456960658906,-1.8396046210127792,train
2021-03-26,-2.2525305566521836,-1.7922894404701488,-1.8123773747565097,-1.8149107868748857,train
2021-03-29,-2.254486636618595,-1.83864435815195,-1.8813203561229208,-1.8702285466156559,train
2021-03-30,-2.233416040765804,-1.8383574308960162,-1.814067499366876,-1.867375367422116,train
2021-03-31,-2.2323217092180654,-1.8992051263493008,-1.8698158213639382,-1.9254582562744968,train
2021-04-01,-2.221183035348427,-1.883822199045197,-1.87946790933167,-1.917109639066952,train
2021-04-02,-2.2277863961988404,-1.900157961974745,-1.9222561351257783,-1.9262241150488786,train
2021-04-05,-2.197539992130592,-1.984112423612063,-2.0328943635427597,-1.9916945194175177,train
2021-04-06,-2.2051011344581144,-2.0021790842993217,-1.9752268857928978,-1.9471846565920425,train
2021-04-07,-2.2092271758841218,-1.9940995244276578,-1.963478137424735,-1.9367408881649153,train
2021-04-08,-2.0991083469990555,-1.9564836760686866,-1.949850366250194,-1.8983029176126902,train
2021-04-09,-2.0818877512216973,-1.9943995613123517,-2.0184578443489274,-1.9178224445120173,train
2021-04-12,-2.07044927051398,-1.9899956867266093,-2.0301542612001406,-1.9107451615784985,train
2021-04-13,-1.9777048247268194,-1.9942074399628988,-1.969631101607632,-1.9140689799461104,train
2021-04-14,-1.9683937622627456,-1.9634824544838005,-1.935616704339136,-1.8966063253951742,train
2021-04-15,-1.971182985009143,-2.0307211618205163,-2.0292964160984543,-1.951960872882141,train
2021-04-16,-1.9822354407546297,-1.9987793739832926,-2.0218203769602883,-1.9224081676612086,train
2021-04-19,-1.9848677821494602,-2.035033906429749,-2.0765091509319284,-1.9504800286289854,train
2021-04-20,-1.979996448673044,-1.9662050018290114,-1.942584188916183,-1.896960563855326,train
2021-04-21,-1.9850557301170875,-1.9950938662217559,-1.9670441045234663,-1.920032598398972,train
2021-04-22,-1.9698614387870719,-1.9862145771351378,-1.9847875131071697,-1.9202818451267734,train
2021-04-23,-1.9755373589499394,-1.9601602743804372,-1.9825816719139409,-1.8609349497450687,train
2021-04-26,-1.963809177785859,-2.014994366392182,-2.061230645255864,-1.8796996713032823,train
2021-04-27,-1.966218537443651,-2.0015499363764775,-1.977637475869385,-1.897449367663427,train
2021-04-28,-1.9525898032328068,-2.047065936596613,-2.0178579387576323,-1.9390787312657278,train
2021-04-29,-1.965373022528322,-1.958334331457526,-1.952736915729524,-1.8583209241534966,train
2021-04-30,-1.9709428716124004,-2.0254921924322704,-2.0536888924715155,-1.9223783259069986,train
2021-05-03,-1.9893702037248497,-1.9455624297904042,-1.976180671568987,-1.8569554946985165,train
2021-05-04,-1.9933646212044185,-1.9874244767375233,-1.9642780139176834,-1.8784361197795107,train
2021-05-05,-2.0020414519120595,-1.9147974644267465,-1.889437047062935,-1.8138500560595712,train
2021-05-06,-1.9557520316566281,-2.048533407507115,-2.0509010397863645,-1.9882659321070608,train
2021-05-07,-1.9601452113855187,-2.021073345813578,-2.0497519481800586,-1.9777650175935535,train
2021-05-10,-2.081078147300167,-1.8015444465206605,-1.8041351012713094,-1.8061834889651416,train
2021-05-11,-2.1165800286845773,-1.8564762207899277,-1.8359606044061718,-1.83415905088882,train
2021-05-12,-2.1111288712828102,-1.8733299088962152,-1.8486493685782879,-1.8523428318523674,train
2021-05-13,-2.225011490010359,-1.6429909921623722,-1.6370470376983481,-1.6593984556455725,train
2021-05-14,-2.259291972551097,-1.682584996612414,-1.7104613561244206,-1.6696034568894886,train
2021-05-17,-2.2629430087727673,-1.8520744533324287,-1.9033462474293696,-1.8155327039058207,train
2021-05-18,-2.1250139410598226,-1.8945007702161765,-1.8731960237528318,-1.8232227145128086,train
2021-05-19,-2.0711309322076743,-1.9229368999521166,-1.8958254760225697,-1.8567523379198947,train
2021-05-20,-2.056852098069833,-1.9173326595988067,-1.9101278199007037,-1.857929554080088,train
2021-05-21,-2.0354687286602546,-1.9977843956229988,-2.0240838513242627,-1.92812822803156,train
2021-05-24,-2.043791209228085,-1.905606036583702,-1.9334202055808969,-1.852162632551995,train
2021-05-25,-2.0480112242287665,-1.9125211285143229,-1.8891189000197512,-1.888143298841531,train
2021-05-26,-2.0550906678776464,-1.8793125898281628,-1.8529747393706295,-1.883441941501244,train
2021-05-27,-2.064982836150524,-1.911994268796403,-1.909964128721108,-1.9130178243363916,train
2021-05-28,-2.069147592657981,-1.8724927724474618,-1.8956682066221813,-1.8730542946469197,train
2021-05-31,-2.08101225324277,-1.8967165682225522,-1.931845865530705,-1.9138557346166878,train
2021-06-01,-2.062237351911012,-1.9648128610789293,-1.9402757187540203,-1.9484884417949497,train
2021-06-02,-2.054679985056894,-1.9774591415822278,-1.947816984510116,-1.9604964814239705,train
2021-06-03,-2.0239528867250907,-1.9922897543606921,-1.9899701139490051,-1.9746695576901512,train
2021-06-04,-2.0428375953500484,-1.9835351448080942,-2.0058343390453275,-1.9752014321066182,train
2021-06-07,-2.071841691990789,-1.8784485645459255,-1.8977973754633362,-1.8899091503056011,train
2021-06-08,-2.0492079322756607,-1.962990635000342,-1.9382975631482815,-1.957077442917512,train
2021-06-09,-2.0239828628551355,-2.0298735008512203,-1.9996167416209434,-2.0213361989106673,train
2021-06-10,-2.014725256511279,-2.096282318332963,-2.098029508821837,-2.079344814125354,train
2021-06-11,-2.030860490917801,-2.0000527770631455,-2.017803074803821,-2.0042799165318095,train
2021-06-14,-1.9918181164158433,-2.14144224365208,-2.183612283056298,-2.12349672175408,train
2021-06-15,-1.9845358162909235,-2.1724532069956015,-2.1436994892256247,-2.1399106321233607,train
2021-06-16,-1.9789035049223993,-2.171088741758963,-2.13762441934285,-2.14114595956556,train
2021-06-17,-2.0975905131018013,-1.8535357520914384,-1.8393855800403853,-1.9169130286189586,train
2021-06-18,-2.144359948908008,-1.8556095705141857,-1.8670724458435177,-1.8989180969230213,train
2021-06-21,-2.1754595644502013,-1.7985608057352525,-1.8242252683801776,-1.8417049583335672,train
2021-06-22,-2.205601217718153,-1.759467927874504,-1.743177041740048,-1.7982781135295358,train
2021-06-23,-2.18154706156812,-1.7375029095546957,-1.7193246123188821,-1.7786977650060298,train
2021-06-24,-2.1897499252886634,-1.855213239540468,-1.858923513333369,-1.8851337988095522,train
2021-06-25,-2.191574641644496,-1.9178088114669654,-1.9483901965339339,-1.918335160235265,train
2021-06-28,-2.182444539145705,-1.997159978833038,-2.0424637021890284,-1.989759833080022,train
2021-06-29,-2.163979477396343,-1.9893441507763499,-1.9645873452521556,-1.98325408427256,train
2021-06-30,-2.1681913309200502,-2.0425589101844244,-2.0122745751601383,-2.014288049840819,train
2021-07-01,-2.1859637041679107,-1.9849631640138465,-1.979819346059932,-1.9880321340631517,train
2021-07-02,-2.1885573584448497,-1.985015350095765,-2.0090906775537194,-1.9881969783549827,train
2021-07-05,-2.2339920663906905,-1.8813497253410048,-1.9065399039546678,-1.901322301421534,train
2021-07-06,-2.2053444553103576,-2.030727320982617,-2.0061681655973205,-2.0166487161359954,train
2021-07-07,-2.2184073750758753,-1.9560142799072333,-1.9287653298343683,-1.9554487399363953,train
2021-07-08,-2.241674479893841,-1.927502539771605,-1.9233956332054805,-1.9221023142830242,train
2021-07-09,-2.269814183253563,-1.901552999419356,-1.9228477865882525,-1.9109705749059738,train
2021-07-12,-2.279592441599374,-1.990823443444698,-2.034966130661373,-1.927547727295538,train
2021-07-13,-2.2794023192755035,-1.9562454589458436,-1.932524111836344,-1.9072852302179455,train
2021-07-14,-2.341120020715516,-1.848658036968607,-1.8231772729526747,-1.8290716026729943,train
2021-07-15,-2.3592567278785785,-1.9365959518089793,-1.936080887124127,-1.9047509586309668,train
2021-07-16,-2.3747664522665417,-1.9686409688377375,-1.997775023292646,-1.9316215137341308,train
2021-07-19,-2.368392573540797,-2.0060962407094096,-2.0509975819242423,-1.964139114388163,train
2021-07-20,-2.342183359130978,-1.9890495013198959,-1.9644388150806078,-1.9638034258567352,train
2021-07-21,-2.355730391027028,-2.0132840890159134,-1.9836181351377336,-2.006090261687322,train
2021-07-22,-2.3596596263279532,-2.0697198954819767,-2.0682038282960358,-2.0394289307067472,train
2021-07-23,-2.4075837718130124,-1.9396203671328232,-1.9530930354550164,-1.9299355078828542,train
2021-07-26,-2.408182799006153,-2.0155535429578024,-2.0616390849551287,-1.9816437385422818,train
2021-07-27,-2.407159085675325,-2.011984738095299,-1.9878231124599068,-1.9817434174592758,train
2021-07-28,-2.417371133437335,-2.0083934973062507,-1.9795721378570061,-1.987607520337087,train
2021-07-29,-2.4186736911860534,-1.9191543097630375,-1.9143284690275884,-1.9206728383521663,train
2021-07-30,-2.4339322048822054,-2.0423970888574536,-2.073959350269725,-2.0334433985275853,train
2021-08-02,-2.4322804111003933,-2.039492095828759,-2.0829516518174263,-2.013157504888567,train
2021-08-03,-2.445009386523721,-2.0141459826958794,-1.9894649316327848,-1.9941436870615172,train
2021-08-04,-2.4537857923782505,-2.0947103461215133,-2.0640104415371057,-2.0529932327131033,train
2021-08-05,-2.4262822352561884,-2.0439189298603773,-2.0374038232704765,-2.020313334444738,train
2021-08-06,-2.4571087345356255,-2.0674006985997884,-2.094621531957152,-2.041178447394355,train
2021-08-09,-2.4561137403910696,-2.0797704907515824,-2.1218245694277957,-2.051096645745166,train
2021-08-10,-2.457609949513489,-2.127818446043762,-2.1009166314851773,-2.063431242128599,train
2021-08-11,-2.42329200996644,-2.160124895155373,-2.127693288136381,-2.1514783016189445,train
2021-08-12,-2.4394432735329814,-2.141755175922147,-2.13667503164345,-2.135041234882384,train
2021-08-13,-2.4368584398226676,-2.233847144676089,-2.267856875987401,-2.203998189218708,train
2021-08-16,-2.403534361830883,-2.2827908807804573,-2.333434986376235,-2.2480802379769926,train
2021-08-17,-2.3863720912229933,-2.3089307927432015,-2.277441790311844,-2.256223642972917,train
2021-08-18,-2.3898973606792024,-2.2312075382816166,-2.1967187080834747,-2.197546009292231,train
2021-08-19,-2.43299094324193,-2.1427159622602856,-2.132050223998787,-2.1164480415295124,train
2021-08-20,-2.448673481293832,-2.1586903898197796,-2.18395117095552,-2.1032407402581135,train
2021-08-23,-2.440581825604736,-2.1636340891984203,-2.2102708894595264,-2.1106675023546884,train
2021-08-24,-2.356442918369947,-2.1242129316066043,-2.0997138813447513,-2.0704450745983047,train
2021-08-25,-2.348766264326475,-2.146339683982928,-2.1167014189388453,-2.0945292591836977,train
2021-08-26,-2.357863420454899,-2.1648960587499375,-2.1613465150072533,-2.1169825730137015,train
2021-08-27,-2.3600155044256286,-2.1861345284849754,-2.2142203797846234,-2.1281611626510766,train
2021-08-30,-2.381059514786239,-2.0801706231827466,-2.1066705888554007,-2.0419978076171814,train
2021-08-31,-2.3454717112357786,-2.2326804764705166,-2.2063409145837998,-2.1392268790261193,train
2021-09-01,-2.3225279653209716,-2.1740163108619934,-2.1435709423988842,-2.123064420639012,train
2021-09-02,-2.3056456407833035,-2.197246098418924,-2.1954348576615517,-2.142885511048577,train
2021-09-03,-2.2922260275123443,-2.2712732372785425,-2.3091479577872263,-2.2192847311616006,train
2021-09-06,-2.3357511181511073,-2.150738631899135,-2.1706869522743015,-2.1252228466621093,train
2021-09-07,-2.3008086398901977,-2.3432427880201647,-2.314607630796276,-2.2660688993768296,train
2021-09-08,-2.3107971589643506,-2.2566665353784194,-2.223676228077999,-2.200931751093071,train
2021-09-09,-2.305142797782977,-2.284416709169339,-2.281365608919927,-2.231706215037514,train
2021-09-10,-2.3370522883173073,-2.163816916270974,-2.1836050856236433,-2.1250877758777054,train
2021-09-13,-2.3335189484997945,-2.30006476111594,-2.3472099382849048,-2.257548029859963,train
2021-09-14,-2.316975546174499,-2.2534206140499276,-2.2259027449464335,-2.2232369830769425,train
2021-09-15,-2.3425571744986677,-2.165856572334445,-2.1352322134144717,-2.161803067476453,train
2021-09-16,-2.353586158575443,-2.1665083663614912,-2.16400259763214,-2.172853055648089,train
2021-09-17,-2.3551245386660975,-2.1960554015387097,-2.2234065603804845,-2.1975427865899664,train
2021-09-20,-2.3498680561706213,-2.210175126937283,-2.2554978322794565,-2.2068392529752208,train
2021-09-21,-2.350308550452547,-2.2263688020521357,-2.199889880174436,-2.209026330980559,train
2021-09-22,-2.359390050386565,-2.2173956256079164,-2.1855500328866397,-2.2140378747680516,train
2021-09-23,-2.45069553718836,-2.035937320645851,-2.0248651686683976,-2.0754209497777745,train
2021-09-24,-2.4591645016917494,-2.111047776836977,-2.139294584748071,-2.0951273253129745,train
2021-09-27,-2.4628192356532495,-2.1330740472329697,-2.1805052807432883,-2.1320084588015087,train
2021-09-28,-2.454412955901061,-2.115449056743834,-2.092065863158232,-2.1164544374340224,train
2021-09-29,-2.4062527439533623,-2.071138436403542,-2.044742975436221,-2.0697834705683253,train
2021-09-30,-2.383250374905992,-2.1005809512022293,-2.09625775377714,-2.1188722013041223,train
2021-10-01,-2.402791127662297,-2.059087415206679,-2.079528909420266,-2.0763217842187673,train
2021-10-04,-2.419466859464204,-2.0368745859536657,-2.0736700725832957,-2.051716137937239,train
2021-10-05,-2.37925540217555,-2.0582820659974974,-2.0355533932639744,-2.0566885248563977,train
2021-10-06,-2.3768256924734947,-2.0869081138361625,-2.0589371663442253,-2.0775669695872363,train
2021-10-07,-2.3625219540125193,-2.0543480724452126,-2.0520423973356174,-2.0531653378786614,train
2021-10-08,-2.3450900360251077,-2.149615627467028,-2.183896152316176,-2.139169385201548,train
2021-10-11,-2.326803168241397,-2.149903618783559,-2.1915911463376574,-2.1454679654014512,train
2021-10-12,-2.2550966383271276,-2.2207320531074286,-2.1924711017027847,-2.199592434442228,train
2021-10-13,-2.2348054068259477,-2.213528018095708,-2.1798078157288163,-2.1785666303683366,train
2021-10-14,-2.2361879220587015,-2.182748844069213,-2.1761808860930745,-2.1477209919735705,train
2021-10-15,-2.196213044973597,-2.2335256199685,-2.2656352229822168,-2.1788159083290344,train
2021-10-18,-2.148766699791779,-2.2517187332754824,-2.2973362519110494,-2.216201887155024,train
2021-10-19,-2.090769417281319,-2.2076554055108706,-2.178958264717724,-2.199197227485497,train
2021-10-20,-2.075169854102302,-2.1893663331719693,-2.1567339099828224,-2.1853290219698858,train
2021-10-21,-1.9986632065757246,-2.2427913578090526,-2.2401674996558403,-2.238957139979499,train
2021-10-22,-1.9372724182971743,-2.2359674344164473,-2.26639194470586,-2.227766012563485,train
2021-10-25,-1.9227340182543524,-2.2371362380844713,-2.2797818111282466,-2.230170023492508,train
2021-10-26,-1.8821337366701645,-2.2408124132645737,-2.212276143728121,-2.250418802383506,train
2021-10-27,-1.8845330253861818,-2.268404235599115,-2.2343369179576085,-2.2733587010330707,train
2021-10-28,-1.8302546643270525,-2.2102936796650936,-2.205212707476799,-2.2260435927056026,train
2021-10-29,-1.851220759397689,-2.059661438344526,-2.06981792349538,-2.105375587690556,train
2021-11-01,-1.7836264766082774,-2.0209207968256817,-2.0479740490514673,-2.05397647603303,train
2021-11-02,-1.7435994305340126,-2.059861011788531,-2.0380991430480195,-2.0775473523728443,train
2021-11-03,-1.7355120294481459,-2.0649494829418757,-2.0393011449374976,-2.0620917311373823,train
2021-11-04,-1.7176248503975715,-1.962183784385598,-1.960338776788513,-1.9877434893924517,train
2021-11-05,-1.7133665758613004,-2.0658779185193126,-2.0970660397580314,-2.089263354845404,train
2021-11-08,-1.7121788896223034,-2.0398719249329322,-2.072103687571766,-2.0746828847749024,train
2021-11-09,-1.7037867577284822,-2.0536599820457138,-2.0309023363350587,-2.0712987606130397,train
2021-11-10,-1.7070690462276679,-2.00729139615178,-1.981744790676675,-2.0374888509301075,train
2021-11-11,-1.6935177463971347,-1.9157155573127391,-1.9096284849823062,-1.9687341109017722,train
2021-11-12,-1.692158408955314,-1.94144553482951,-1.9686533340889185,-1.9790051271266544,train
2021-11-15,-1.6919721512416093,-1.9840747804133951,-2.027669734069132,-2.0145970598699208,train
2021-11-16,-1.6777200708336388,-1.8946757077090737,-1.8743590988474996,-1.935386925668018,train
2021-11-17,-1.6697261655814497,-1.8365708269866556,-1.814222579597259,-1.8540948314219428,train
2021-11-18,-1.694295441869329,-1.7915111901227747,-1.7864376561492785,-1.7671990442988408,train
2021-11-19,-1.6941863799577823,-1.8305972924138154,-1.857244156954861,-1.7874818994765367,train
2021-11-22,-1.7401143367894245,-1.6644535749801788,-1.6833670115773016,-1.6495002964105767,train
2021-11-23,-1.7701972583180006,-1.6177379409579011,-1.6029259716957949,-1.6037972803965472,train
2021-11-24,-1.77320321279322,-1.6989886423965832,-1.678979120517674,-1.670103042118389,train
2021-11-25,-1.8084574426124946,-1.6422560034502482,-1.6407439911795876,-1.6356921558318245,train
2021-11-26,-1.79785240421892,-1.800258389963864,-1.8435502762347287,-1.7561689546841701,train
2021-11-29,-1.850558177445947,-1.6509317968597215,-1.6669117285447819,-1.651846396773966,train
2021-11-30,-1.8543865074891945,-1.7632914912164697,-1.7423354697396796,-1.7502292869970186,train
2021-12-01,-1.9243663283537757,-1.5739535145094243,-1.5548979731288208,-1.6124915027040312,train
2021-12-02,-1.9368534271033704,-1.589887318198608,-1.586317382175074,-1.6164495251639563,train
2021-12-03,-1.91750256620825,-1.6073997904724078,-1.640083667525873,-1.6313001339343387,train
2021-12-06,-1.9476933920941115,-1.554497181615036,-1.5789817958663535,-1.5981249742019659,train
2021-12-07,-1.9317683786053121,-1.6323820181468256,-1.6155921190358935,-1.6545286479099974,train
2021-12-08,-1.9178201838334918,-1.6786126934638586,-1.655080708054349,-1.6924686857057267,train
2021-12-09,-1.919008127448474,-1.7173954771377358,-1.715058727108548,-1.738340994090473,train
2021-12-10,-1.9115127034109025,-1.7421597138844336,-1.7695197062864172,-1.7503695156022663,train
2021-12-13,-1.962098069034448,-1.650234492124458,-1.6649293994729661,-1.684939902256879,train
2021-12-14,-1.9556860674258403,-1.7076892021286627,-1.6865124755583774,-1.7207158439014067,train
2021-12-15,-1.9370667675625994,-1.7545369386591774,-1.72788061084222,-1.7655804484141697,train
2021-12-16,-1.9627643642972696,-1.6481222243051925,-1.6420706050911698,-1.6912814054157181,train
2021-12-17,-2.002639168075781,-1.5992776233674997,-1.6143308338508735,-1.6555705924448008,train
2021-12-20,-1.9950961650432821,-1.6955392267216056,-1.7300473166451598,-1.7667717811891326,train
2021-12-21,-2.0039259215711183,-1.6968214313124013,-1.6760388757892277,-1.766781882628505,train
2021-12-22,-1.9978765474513926,-1.7302560350212772,-1.7056648625349984,-1.7982497911197348,train
2021-12-23,-2.011974946567638,-1.7397553936662606,-1.7372040762812764,-1.8149282989642246,train
2021-12-24,-2.0042136030234774,-1.8062944167725534,-1.831460703516913,-1.866347758524525,train
2021-12-27,-1.9990584672518492,-1.8808245268385486,-1.9249369437373163,-1.9075201448579997,train
2021-12-28,-1.9833223509134879,-1.874002788593403,-1.8482955855370589,-1.8890720510467278,train
2021-12-29,-1.948761355559149,-1.901378839308204,-1.8713650160195268,-1.9192516016067631,train
2021-12-30,-1.92423187342336,-1.8918366171520116,-1.8861923043031978,-1.8970827093469804,train
2021-12-31,-1.9272984894898528,-1.8452546322066774,-1.8592570055959226,-1.854503250438557,train
2022-01-03,-1.9341142481591322,-1.7732111401992534,-1.794926193487572,-1.7894969692083178,train
2022-01-04,-1.9532454820105338,-1.7410271954245637,-1.7209161267135156,-1.7552408522297143,train
2022-01-05,-1.8454235490084812,-1.7495165910195258,-1.7269024437387532,-1.7398968707857225,train
2022-01-06,-1.7950814744599375,-1.7130483731945296,-1.7128009742581547,-1.708617970354119,train
2022-01-07,-1.7981762034139388,-1.690388639920625,-1.7095993544670294,-1.7042639318192496,train
2022-01-10,-1.7934261719917413,-1.7507406938572028,-1.7873193749914065,-1.7534661792764623,train
2022-01-11,-1.7982639489958734,-1.7655249513191276,-1.745093684339227,-1.7116254133417392,train
2022-01-12,-1.6923946076835517,-1.8111255201756689,-1.7861916709552041,-1.7558707750606337,train
2022-01-13,-1.6418226544132961,-1.7929559183008772,-1.7907367417562559,-1.7449834543204918,train
2022-01-14,-1.6120551850322093,-1.790490696162053,-1.8101678268923171,-1.738865524820658,train
2022-01-17,-1.5950282062421703,-1.806233283698667,-1.8396085176464754,-1.7505414875229088,train
2022-01-18,-1.587890701830554,-1.871462167504089,-1.8489633189311208,-1.8040593550167012,train
2022-01-19,-1.5395524318661715,-1.8032329726046026,-1.7784470940568338,-1.6972053700301513,train
2022-01-20,-1.5325689767669548,-1.8663131073410317,-1.866159238069156,-1.746732637943165,train
2022-01-21,-1.5216959015045037,-1.8664773143670834,-1.8904307339134014,-1.7448347622544405,train
2022-01-24,-1.4901877439220137,-1.907282616784305,-1.9466831074806195,-1.757498367220488,train
2022-01-25,-1.490579836161805,-1.857388299480698,-1.8343386210299624,-1.716992827286013,train
2022-01-26,-1.363739835991393,-1.9128405527598271,-1.8840640099633634,-1.7340060057961963,train
2022-01-27,-1.3201313210400323,-1.848045368605107,-1.8432959707809708,-1.6894039544152488,train
2022-01-28,-1.256892159418349,-1.7733601836172284,-1.7869253220019863,-1.6204071591228368,train
2022-01-31,-1.2298384388255825,-1.7199398100053063,-1.7443675793671,-1.5887953848938703,train
2022-02-01,-1.164335169185419,-1.722556986371601,-1.703094988772168,-1.5771624963425188,train
2022-02-02,-1.150726928950181,-1.6724724519358691,-1.651896161337735,-1.5189318230787299,train
2022-02-03,-1.1008928607156838,-1.7345699533375822,-1.7373779870216872,-1.5665072799358022,train
2022-02-04,-1.0430858867065176,-1.5306907010637525,-1.5309209790055425,-1.424319816636308,train
2022-02-07,-0.9852436109008269,-1.514788067811464,-1.5306750556832112,-1.400743865171143,train
2022-02-08,-0.9390974421705102,-1.5683547230560222,-1.5542535969205347,-1.4359426594001568,train
2022-02-09,-0.8585120931393805,-1.5946671309005294,-1.5763804240803088,-1.4539156853151485,train
2022-02-10,-0.8274634817583485,-1.6200269346285536,-1.6262687647004643,-1.52810492580157,train
2022-02-11,-0.8506490858248256,-1.4616465131939216,-1.461463206501411,-1.4086496520850318,train
2022-02-14,-0.8432590927648372,-1.47531010875311,-1.4892206973523758,-1.41331052922042,train
2022-02-15,-0.8018112584694297,-1.451615730100845,-1.4379936499978854,-1.3691061784315879,train
2022-02-16,-0.7924874360521068,-1.4450117076332405,-1.4295089631316285,-1.3588698095579905,train
2022-02-17,-0.7835991521044388,-1.4755545337318945,-1.4831351514586195,-1.3586979015284082,train
2022-02-18,-0.8012436133063656,-1.3880796941091091,-1.3961405494451695,-1.346835873193529,train
2022-02-21,-0.7922262722842013,-1.5348040772811362,-1.5737229849711614,-1.4058178964384918,train
2022-02-22,-0.7894772941040527,-1.5411219738538384,-1.52310762790722,-1.4277970187641906,train
2022-02-23,-0.7927129840380297,-1.4793219120761494,-1.4592125011290331,-1.4266730206188623,train
2022-02-24,-0.78506879715779,-1.5328493365808316,-1.5349819912847473,-1.4401525157041188,train
2022-02-25,-0.8348483975881177,-1.3006458562509877,-1.2908117587537453,-1.3131996115512812,train
2022-02-28,-0.8001999420828692,-1.2679159062914156,-1.2807722561522674,-1.2764665281269494,train
2022-03-01,-0.8309020693438354,-1.1350163648718834,-1.1258172946159497,-1.1408366061336428,train
2022-03-02,-0.8301109251050958,-1.1376923794451939,-1.1276625214694629,-1.139104383265969,train
2022-03-03,-0.8680520367608792,-0.9739309805950757,-0.9749968233097028,-1.0051951109047104,train
2022-03-04,-0.8832101551005385,-1.0987301116616601,-1.1199433958032923,-1.1192465407674699,train
2022-03-07,-0.919359842075553,-1.0182920299548166,-1.0322876281323166,-1.078702848916703,train
2022-03-08,-1.0025298027699892,-0.9193291758020263,-0.9138800343993718,-1.0017318329441647,train
2022-03-09,-1.0740497445926867,-0.866102915621102,-0.8623620868764644,-0.9606793038293072,train
2022-03-10,-1.1248715104239182,-0.8798798295505881,-0.8816961546294815,-0.9664803776638643,train
2022-03-11,-1.2219208418504393,-0.7365987461593665,-0.7389846680066522,-0.8452807711610081,train
2022-03-14,-1.245920449953677,-0.7882783141878971,-0.8115910506644343,-0.8775350572650316,train
2022-03-15,-1.2644907374905465,-0.901041887925852,-0.8962696630872526,-0.9673010716661133,train
2022-03-16,-1.233492063105412,-0.9099394642483544,-0.9016741234423427,-0.990718027713883,train
2022-03-17,-1.335817058973012,-0.8406167764533053,-0.8380903470999618,-0.9538409332993355,train
2022-03-18,-1.3656872895043373,-0.9727926026256154,-0.9896817464670552,-1.058204071366203,train
2022-03-21,-1.3666168229865407,-1.0343116786228708,-1.0649985630351175,-1.1262239623352468,train
2022-03-22,-1.3574179277312093,-1.0750253112718655,-1.0624574926562185,-1.1627770515942473,train
2022-03-23,-1.3435083174310825,-1.1000197011143389,-1.0827335521288175,-1.2487088865944507,train
2022-03-24,-1.3336649069747974,-1.1893424599341946,-1.1867763815423926,-1.3310447047311147,train
2022-03-25,-1.3042773420793148,-1.2031920313050835,-1.217392033608718,-1.2993560377522255,train
2022-03-28,-1.2978194694702943,-1.2030289324278267,-1.2269222068793735,-1.3199598547240579,train
2022-03-29,-1.2755474632905106,-1.1744608645979664,-1.1562192329866063,-1.2988457838059315,train
2022-03-30,-1.2813349313899036,-1.003419826851417,-0.9881353226068023,-1.165472646036152,train
2022-03-31,-1.2573945479979265,-1.0721306376751485,-1.0707602490173402,-1.2075444049512165,train
2022-04-01,-1.2636710120332992,-1.0123680056447557,-1.0219611365859886,-1.1511902814075503,train
2022-04-04,-1.249758287933402,-1.0550177066111572,-1.0826322050904593,-1.1709134970838524,train
2022-04-05,-1.1575338420407772,-1.1592527956080778,-1.1459331113335725,-1.2397049968834934,train
2022-04-06,-1.1086836162278546,-1.2802329088004119,-1.2588845093511922,-1.329775927272514,train
2022-04-07,-1.035201662778053,-1.2853555548583955,-1.2815877676438276,-1.3427493012735012,train
2022-04-08,-1.014257159403534,-1.330578431352592,-1.342762664367317,-1.373847805450173,train
2022-04-11,-1.0002774641052297,-1.3863401326484708,-1.4122661575391857,-1.3639407333562494,train
2022-04-12,-0.9817620510992967,-1.376602170925999,-1.358119970952875,-1.346022641589611,train
2022-04-13,-0.9414292762341657,-1.3327371194354265,-1.3134791187595907,-1.3145013440888167,train
2022-04-14,-0.926811791166007,-1.3863936797476517,-1.38574144255686,-1.366381133536398,train
2022-04-15,-0.9662362338863607,-1.212344754096767,-1.2085134917370446,-1.2243133845397887,train
2022-04-18,-0.9222410657708856,-1.5288643506961035,-1.5888073452519311,-1.41178289500931,train
2022-04-19,-0.904632613200652,-1.5047879908697281,-1.485965918455521,-1.407393743283981,train
2022-04-20,-0.8831525196235783,-1.478732381010136,-1.456562209558821,-1.4184526136119415,train
2022-04-21,-0.8823616422632464,-1.4352428902399699,-1.4302249559786002,-1.3817142417803907,train
2022-04-22,-0.8707734952680365,-1.4625162186055027,-1.468515787024931,-1.3875011578977503,train
2022-04-25,-0.8459000440061545,-1.377002007077955,-1.3985034327207673,-1.3021328482243448,train
2022-04-26,-0.8563831157747358,-1.2584261592760209,-1.245387847714312,-1.2318618705437019,train
2022-04-27,-0.8556940275123076,-1.284905050601808,-1.2697117112106378,-1.2520983459215995,train
2022-04-28,-0.8677814166367835,-1.2016890078105056,-1.199023295549389,-1.1855702338054324,train
2022-04-29,-0.9239215297469847,-1.1033126334199383,-1.102633813825404,-1.0884775771132946,train
2022-05-02,-0.9251409887065207,-1.1014569117809825,-1.117351917538074,-1.0850615846975604,train
2022-05-03,-0.9283297961713273,-1.1340755525395636,-1.1264276817293999,-1.1101979529640076,train
2022-05-04,-0.9424107249975915,-1.1115008115884315,-1.102653887131653,-1.0848356822329117,train
2022-05-05,-1.009766615521115,-0.9736697058078533,-0.971157937046451,-0.9914015454378245,train
2022-05-06,-1.0482683768876992,-1.0107777648233693,-1.019775940069982,-1.0214233781691102,train
2022-05-09,-1.124188466332989,-0.9116670496244036,-0.9135045314625904,-0.9389487207807353,train
2022-05-10,-1.1517382289713511,-0.9460392464384508,-0.941368239506835,-0.946894331049763,train
2022-05-11,-1.0878780979488365,-0.9691373110390312,-0.96189336259755,-1.024728976373615,train
2022-05-12,-1.0712126434212916,-0.9930718046973903,-0.9956538362295179,-1.062026035191339,train
2022-05-13,-1.0895934561270317,-0.9237627938881878,-0.9283983822592154,-1.0026086657370956,train
2022-05-16,-1.0792614023777753,-1.0329050977995895,-1.055768085314982,-1.0912929561417088,train
2022-05-17,-0.9757832618769484,-1.0783327189131386,-1.0674819074468769,-1.1246795265539664,train
2022-05-18,-0.9325710279856858,-0.981964609180239,-0.9703570323352438,-1.0905147146525174,train
2022-05-19,-0.9073793203490413,-1.0181043818989512,-1.019244799921132,-1.1160792949944047,train
2022-05-20,-0.9273317290674584,-1.003589162825801,-1.0114719666620564,-1.0765972071686207,train
2022-05-23,-0.9259494906452902,-1.049810128742144,-1.0740489880837767,-1.1198111752480568,train
2022-05-24,-0.9343079719156914,-0.9819540368161214,-0.9703791856440982,-1.0878337850760138,train
2022-05-25,-0.9264120294463954,-0.9484736714936743,-0.9358109292952991,-1.0665743286532265,train
2022-05-26,-0.9207409247165067,-0.9942113162614776,-0.9947909546789501,-1.0660050610371266,train
2022-05-27,-0.9234130845605764,-1.037898557992252,-1.0556527634847395,-1.0978843326354115,train
2022-05-30,-0.9268477427646993,-1.0187501475297351,-1.039538460053682,-1.083613294435993,train
2022-05-31,-0.9139920736829918,-1.1290627903355757,-1.11484071425908,-1.130241315344966,train
2022-06-01,-0.9170779780650723,-1.072379369642138,-1.0562343687555271,-1.0916622685448076,train
2022-06-02,-0.912244716180206,-1.0963701194081126,-1.0932859520466218,-1.1071119040861512,train
2022-06-03,-0.9150798315229793,-1.1506540773998628,-1.1703644014334056,-1.1523949972118885,train
2022-06-06,-0.8819465151819301,-1.2127148649722348,-1.2423173406785837,-1.2081509467434648,train
2022-06-07,-0.8486527713659954,-1.2292877070398864,-1.2133823254120117,-1.2236546973012414,train
2022-06-08,-0.8281664739571656,-1.2869449516651061,-1.266468413201093,-1.2732597010589857,train
2022-06-09,-0.7833021490036239,-1.3250277422541206,-1.321421261098362,-1.318272399886607,train
2022-06-10,-0.8233813336918097,-1.1149392874146582,-1.106088679912569,-1.1433054743098037,train
2022-06-13,-0.8296428988507024,-1.0864344690635974,-1.0941963703571602,-1.105440047548143,train
2022-06-14,-0.7648415120158469,-1.038928992339615,-1.0293577655236252,-1.0583149993100942,train
2022-06-15,-0.7330173097649414,-1.0120041474435038,-1.002346601413319,-1.0346259685848032,train
2022-06-16,-0.7944503847663421,-0.7898301749983462,-0.785781630784092,-0.8564241857793912,train
2022-06-17,-0.8402725311391608,-0.8021773637929083,-0.8039185543484968,-0.8720552285966453,train
2022-06-20,-0.8287652058560729,-0.8275198980119897,-0.8429887243053429,-0.8855634452168049,train
2022-06-21,-0.7965821696572136,-0.9509686791427067,-0.9458115491330074,-0.9739741394657133,train
2022-06-22,-0.7284869419573891,-0.9567048914590371,-0.9482069413482955,-0.9865241313325035,train
2022-06-23,-0.6984663889819536,-1.0210133421128105,-1.0219822788464494,-1.0527140220951807,train
2022-06-24,-0.7127504741270094,-1.0004205566281585,-1.0027333829118141,-1.017389293205561,train
2022-06-27,-0.7056193647032823,-1.0638251727902874,-1.0812165497126827,-1.0884195735881315,train
2022-06-28,-0.6595639210623995,-1.0998133449469865,-1.0878575464737428,-1.0960496706152096,train
2022-06-29,-0.6258112991962854,-1.0874429285758134,-1.0731389179603226,-1.0848004118925219,train
2022-06-30,-0.6003941386730275,-1.0761850614619535,-1.07541378512937,-1.1238413909098055,train
2022-07-01,-0.6025365751327836,-1.0779811505856125,-1.0852628643980435,-1.1447157956600114,train
2022-07-04,-0.5909648601953065,-1.0834703423452348,-1.0988795873193118,-1.1474129011148821,train
2022-07-05,-0.572115371125208,-1.1556414083830526,-1.1416993616540734,-1.200445321145039,train
2022-07-06,-0.5849759118901675,-1.0182703288895387,-1.0046645006897017,-1.0303407141963956,train
2022-07-07,-0.5849048037007487,-0.966839134952764,-0.9625751518549033,-0.982243182755682,train
2022-07-08,-0.5985914882621762,-0.9701856790680492,-0.9789317785657984,-0.9881935082970754,train
2022-07-11,-0.6383400174858321,-0.8704424007805722,-0.8728251468124599,-0.9052869718205867,train
2022-07-12,-0.6066068228811672,-0.887297436285457,-0.880056130565974,-0.9066139662335296,train
2022-07-13,-0.6179919857050761,-0.8860538865321322,-0.876874688696695,-0.9150533782742287,train
2022-07-14,-0.6911436386478815,-0.7376783139792641,-0.7314051253123997,-0.7972122253612663,train
2022-07-15,-0.7366070794894714,-0.7268272207185088,-0.7304691262090155,-0.7708354395973493,train
2022-07-18,-0.7545103303619766,-0.8003683064964621,-0.816736945995105,-0.8299286668735358,train
2022-07-19,-0.7584590814793547,-0.8387605027381401,-0.8341005043590182,-0.8694588438130455,train
2022-07-20,-0.7921405802844554,-0.7634480898575248,-0.7590596428475556,-0.8171923315166246,train
2022-07-21,-0.8254161131453023,-0.8062466383527737,-0.8063729037474042,-0.8653377468543321,train
2022-07-22,-0.9003182158007156,-0.7138666064809229,-0.7093672390929318,-0.7898287537000539,train
2022-07-25,-0.9148189971856726,-0.712063382796664,-0.7193310734867958,-0.8015929146548744,train
2022-07-26,-0.9127699183585567,-0.752676502766137,-0.7488530500890739,-0.8401633517404679,train
2022-07-27,-0.9114835083377756,-0.7698747737929663,-0.7632998855217658,-0.8424115927196058,train
2022-07-28,-0.9017594686449152,-0.6809008498520619,-0.6795524777103745,-0.7892503231563139,train
2022-07-29,-0.9265387606267534,-0.700288889446994,-0.7037959627594569,-0.8094116308267338,train
2022-08-01,-0.9359847972259058,-0.7009894181185552,-0.7087295599913767,-0.8085481017351825,train
2022-08-02,-0.9205931536678915,-0.7498493475501493,-0.7436157406669357,-0.7967320730379645,train
2022-08-03,-0.9217892674700318,-0.7089498965743204,-0.70186272556198,-0.7775889841399898,train
2022-08-04,-0.9127020371864684,-0.7476502514572014,-0.748470072278812,-0.8111874071006734,train
2022-08-05,-0.9077869170372103,-0.8208105145644754,-0.8356872696331484,-0.9383595980108267,train
2022-08-08,-0.9142048630874643,-0.7979707677323833,-0.8067427217921277,-0.9267205424718246,train
2022-08-09,-0.8899931981145445,-0.8962171193871216,-0.884696152672705,-0.946189604102973,train
2022-08-10,-0.8327322616928706,-1.009462707171081,-0.9920558536788294,-1.0524761142208416,train
2022-08-11,-0.8545591373853426,-0.8396594225254612,-0.8299949316470323,-0.9249723592118957,train
2022-08-12,-0.8215273942967551,-0.9349677278227551,-0.949509454229272,-0.986725607105637,train
2022-08-15,-0.7266211364509931,-1.0110054348179638,-1.0332885433361512,-1.0556437034642179,train
2022-08-16,-0.7104764561795494,-1.0504832374988893,-1.035786585189261,-1.0883444026580837,train
2022-08-17,-0.7124983117479574,-1.0122765547781754,-0.9966552712563381,-1.0458976356928504,train
2022-08-18,-0.6997567893400218,-1.0600975614514978,-1.0554908511507524,-1.0844081360966684,train
2022-08-19,-0.7014641913340232,-1.0873597085808804,-1.0999328888164785,-1.1004717955892653,train
2022-08-22,-0.6905530122561575,-1.136954402032026,-1.1629181277238048,-1.1409514547655282,train
2022-08-23,-0.6278326551469317,-1.1234543276678157,-1.1081802204009812,-1.11601331490012,train
2022-08-24,-0.6208989996204136,-1.0295892532741648,-1.0151930510615401,-1.0256738783485115,train
2022-08-25,-0.5962715229249965,-1.0305592056729946,-1.02660288659021,-1.030711780971079,train
2022-08-26,-0.4502412512885214,-0.9976061178869589,-1.0050075682483983,-0.9940142341041329,train
2022-08-29,-0.4566482448605847,-0.8521193137667703,-0.8502429402734263,-0.8707918931887598,train
2022-08-30,-0.4034934130802571,-0.8808548822006323,-0.8752349786255214,-0.8830311974939962,train
2022-08-31,-0.36765352348579045,-0.8696429810231876,-0.8628704930700849,-0.8728903371839898,train
2022-09-01,-0.3452280786618606,-0.8558407032958149,-0.8574039811002888,-0.9052501807865876,train
2022-09-02,-0.32616264527218963,-0.8524000915860347,-0.8637077339696144,-0.9079428403977295,train
2022-09-05,-0.32177101167503336,-0.881171760676335,-0.8941656213364844,-0.8798446804634676,train
2022-09-06,-0.3102399426448323,-0.9150075138644714,-0.9080701818017787,-0.9248888059873083,train
2022-09-07,-0.30638067975157735,-0.9134573049758278,-0.9045693361104782,-0.8642159810810301,train
2022-09-08,-0.29739387666042144,-0.9056329425779346,-0.9054004308576267,-0.9145274769123165,train
2022-09-09,-0.3081472244557095,-0.8184098803413247,-0.8190033874267013,-0.8368545688444505,train
2022-09-12,-0.307956917749889,-0.8440495487711652,-0.8547749738052368,-0.7976021785857597,train
2022-09-13,-0.3057784542109217,-0.7888841674183016,-0.7835912622892407,-0.7490763594769736,train
2022-09-14,-0.2766032777395985,-0.6343973256746694,-0.632288324067485,-0.6262995485007422,train
2022-09-15,-0.25621778241491233,-0.7300632458848949,-0.7359320780500767,-0.6908773343958521,train
2022-09-16,-0.23870469603612104,-0.8358594718815311,-0.8597550952992872,-0.7922018845072293,train
2022-09-19,-0.23445970239980124,-0.7917812517545627,-0.8068339576780317,-0.7865084946298155,train
2022-09-20,-0.22475691858620792,-0.8962758170639125,-0.8869947841109274,-0.8727253407947959,train
2022-09-21,-0.21234850847639364,-0.9521026049256007,-0.9368987805009887,-0.9389149045092559,train
2022-09-22,-0.20488016766946673,-0.777289811335198,-0.7667377584130193,-0.8161341982676605,train
2022-09-23,-0.1882432380542682,-0.7582372871327449,-0.7609941468846599,-0.780262916061756,train
2022-09-26,-0.20221397338920216,-0.7061770829892912,-0.7086676274247594,-0.7126420158108873,train
2022-09-27,-0.3108061407813865,-0.42996409573112554,-0.42951882333301405,-0.501037588926228,train
2022-09-28,-0.31682839582601363,-0.4780952960424168,-0.47937783433359815,-0.5247735679948169,train
2022-09-29,-0.3643331359181673,-0.4060246246136891,-0.40645860167537623,-0.4494211012238871,train
2022-09-30,-0.41186650217610604,-0.3680042985879147,-0.3703980886572545,-0.4236952670755656,train
2022-10-03,-0.44302645818818165,-0.36646855514306653,-0.3751452446095328,-0.41727696939911163,train
2022-10-04,-0.4211012186735437,-0.4373420546183996,-0.4381331486015223,-0.4472044992026687,train
2022-10-05,-0.4312205805592924,-0.48037940116571604,-0.47927952595137013,-0.5394543336029408,train
2022-10-06,-0.4182441375746238,-0.5256713135189102,-0.5288938587617726,-0.5537473282695234,train
2022-10-07,-0.41327902398138217,-0.5806244625416821,-0.5909820539633353,-0.61101899505492,train
2022-10-10,-0.42722066751270915,-0.583049579683911,-0.5911292888367411,-0.6179267753927059,train
2022-10-11,-0.42643790758598726,-0.6225658814510013,-0.6157196406328568,-0.6429987405117211,train
2022-10-12,-0.30211928747743283,-0.6263594068248207,-0.6182190241661661,-0.7090067484092936,train
2022-10-13,-0.3053675279082515,-0.6016296036043681,-0.5993938840852095,-0.6891553630129437,train
2022-10-14,-0.3762636210315011,-0.4318123463442155,-0.41699539600266444,-0.5449525740574649,train
2022-10-17,-0.31750074883506213,-0.47862771402775994,-0.4843985122901794,-0.5700187599297142,train
2022-10-18,-0.31053127466476493,-0.48687085886050174,-0.48427957403853095,-0.5717906239489277,train
2022-10-19,-0.31210167279278495,-0.48996958872831986,-0.48613291272565023,-0.5574260418335103,train
2022-10-20,-0.3157566709758721,-0.5250738592170551,-0.5293205880384593,-0.5864344631377658,train
2022-10-21,-0.3291253759600605,-0.5685613219666841,-0.5741454825953869,-0.6286338816133177,train
2022-10-24,-0.3841547437546581,-0.4786320920147009,-0.46921088528719984,-0.50357323904661,train
2022-10-25,-0.41393049504170987,-0.45668517845005896,-0.45194723944964965,-0.4941531279832585,train
2022-10-26,-0.42627799445383907,-0.5317203545799094,-0.5251821130776247,-0.5487860766706604,train
2022-10-27,-0.44125042261070135,-0.5450173131905278,-0.5475348954510293,-0.5614783761691843,train
2022-10-28,-0.4515232753098543,-0.5150197075674797,-0.5208984458767774,-0.5331064047759181,train
2022-10-31,-0.4450852496284727,-0.6186839918087644,-0.6335365556780662,-0.6232491704979132,train
2022-11-01,-0.4191834447493292,-0.7236252420170848,-0.714511359006985,-0.70659588770721,train
2022-11-02,-0.396187471499887,-0.7348431069242253,-0.723814038971187,-0.7162086338891247,train
2022-11-03,-0.3994996008241173,-0.5901728849612968,-0.58233400742922,-0.6099832319253056,train
2022-11-04,-0.39166698246573134,-0.704904001572577,-0.71588692099231,-0.7030147839816085,train
2022-11-07,-0.4182327466852948,-0.6197400660568511,-0.6210750939278651,-0.6452747921652109,train
2022-11-08,-0.42960499527419466,-0.6061942282636463,-0.6008283907729052,-0.6827163856721961,train
2022-11-09,-0.43941707556520776,-0.6434987418270679,-0.6365429425209657,-0.7153623651885557,train
2022-11-10,-0.4560821931869908,-0.6624990316374471,-0.6609554179845369,-0.750653237723224,train
2022-11-11,-0.6258763148185033,-0.39286766087705893,-0.3707976484340165,-0.5245245751601328,train
2022-11-14,-0.6099678122772513,-0.5316226333734975,-0.5433155275167676,-0.6223820490207628,train
2022-11-15,-0.608800107621404,-0.5466827094856053,-0.543912303654457,-0.6289559454008282,train
2022-11-16,-0.6900097157818107,-0.35227562979410904,-0.3545934857431714,-0.4749088033917981,train
2022-11-17,-0.7199373905981643,-0.41299740785733796,-0.4187621206468001,-0.5111519813340564,train
2022-11-18,-0.738940356226549,-0.5428811058460775,-0.5552343749051294,-0.583376023907376,train
2022-11-21,-0.7255710587181466,-0.6016899032827999,-0.624837015459364,-0.6225265716819084,train
2022-11-22,-0.7341157186448345,-0.6531984732505816,-0.6473733004668529,-0.6789016916007022,train
2022-11-23,-0.7315903503285169,-0.8138371191603654,-0.8005721228957786,-0.8788910596243935,train
2022-11-24,-0.7552211417644997,-0.8027293202994626,-0.7981950190269309,-0.8643940749767018,train
2022-11-25,-0.7752041778759181,-0.8937128370508158,-0.9083007278217267,-0.9600688396296143,train
2022-11-28,-0.7827846858964289,-0.924658927584785,-0.9458872487541438,-0.9886180372412603,train
2022-11-29,-0.8155866634233205,-0.8547382164190602,-0.8417064828110176,-0.9357770642648489,train
2022-11-30,-0.8524715959492035,-0.7971092476594311,-0.7850353328614242,-0.9086679396435329,train
2022-12-01,-0.8925111428625685,-0.733727807493007,-0.7270320641153907,-0.8646867138295383,train
2022-12-02,-0.9504443918387886,-0.657644384190329,-0.6572871611208656,-0.7965606093572556,train
2022-12-05,-1.0161636448724354,-0.5404791817323894,-0.5361174151572039,-0.702563676765381,train
2022-12-06,-1.0315468540110073,-0.5881345358468629,-0.5852218214095913,-0.7421822007271023,train
2022-12-07,-1.0278553194034317,-0.6656990864393638,-0.6596721947229305,-0.7925416546407853,train
2022-12-08,-0.9988825931656776,-0.6949392123034918,-0.6977708331057623,-0.8434965266647234,train
2022-12-09,-0.9967712787047974,-0.8087582256314974,-0.8295085482155368,-0.9542903916920608,train
2022-12-12,-1.0064549170686579,-0.8825257351898546,-0.9020770565592908,-1.0288503136170721,train
2022-12-13,-1.0090309871084773,-0.9857745781235123,-0.971786247482189,-1.1110443341228753,train
2022-12-14,-1.0174560430017885,-0.8366201772887223,-0.8245523521763695,-1.0013289840148425,train
2022-12-15,-1.0573885107095096,-0.8310897903143962,-0.8254263034739971,-0.9974559167606614,train
2022-12-16,-1.1326171506789227,-0.7649996188601675,-0.7649623025026151,-0.9314278461698503,train
2022-12-19,-1.1228927035903915,-0.8336451658522992,-0.85609283205192,-0.978471845396412,train
2022-12-20,-1.098366268849458,-0.8444306510456832,-0.8379850382287091,-1.0432987592239709,train
2022-12-21,-1.13307435011779,-0.8211320983670667,-0.812208292072528,-1.0498307437237266,train
2022-12-22,-1.138862218945221,-0.9448418687836787,-0.9478820904875227,-1.141106131439409,train
2022-12-23,-1.144205619706518,-0.9844451631920985,-0.99788393429597,-1.186935262660574,train
2022-12-26,-1.1432947505285247,-1.0497593056024017,-1.0766153100646259,-1.2415278711736404,train
2022-12-27,-1.1148504909220274,-1.2523992464634002,-1.234434214080831,-1.3861737449228895,train
2022-12-28,-1.1110056653913274,-1.240049066063924,-1.2164826487802247,-1.403041025398602,train
2022-12-29,-1.1045990201195448,-1.2959405709768177,-1.2914326172797606,-1.451871728336473,train
2022-12-30,-1.1058607780034257,-1.3288684852926298,-1.3418910258626542,-1.4702814000343105,train
2023-01-02,-1.122222173610707,-1.2630825237636336,-1.2705638517140676,-1.4110034133962124,train
2023-01-03,-1.1017488999029525,-1.248006055323791,-1.2303551505776464,-1.3682484922685185,train
2023-01-04,-1.089129563548151,-1.1325593227180022,-1.1166632819303661,-1.2727843199898665,train
2023-01-05,-1.0372246932936489,-1.0961832934987508,-1.0927371197596525,-1.213328282777601,train
2023-01-06,-1.0579857096411618,-1.0585586384937073,-1.0697276965841385,-1.188521596091318,train
2023-01-09,-1.083195591781782,-0.9668174996290284,-0.970531025995782,-1.0946883034637627,train
2023-01-10,-1.0882399960796623,-1.023459614630717,-1.015639998000994,-1.1091664816343472,train
2023-01-11,-1.0908701661677944,-1.0926353814818697,-1.0799723669642518,-1.1768044955241583,train
2023-01-12,-1.0915557712997235,-1.1295534608848472,-1.131766506439164,-1.221814416105051,train
2023-01-13,-1.1649060875853268,-0.998817379798576,-0.9967630750575903,-1.1168874905550443,train
2023-01-16,-1.124084561989867,-1.1358006733771784,-1.1572094534317672,-1.226149440811013,train
2023-01-17,-1.1099690083803821,-1.245100042653644,-1.2317915041328857,-1.3150951678465481,train
2023-01-18,-1.137390776003555,-1.128235294991643,-1.1150206619131888,-1.1753569084939897,train
2023-01-19,-1.1682112229977515,-1.0620085693370869,-1.0595572988891842,-1.0870522670373468,train
2023-01-20,-1.1949206053512647,-1.190776746632537,-1.207970679271844,-1.188676066052808,train
2023-01-23,-1.181960851806148,-1.2345950142601447,-1.2639258234279416,-1.2347207193267997,train
2023-01-24,-1.1932691446890487,-1.1862566618418315,-1.1741787975268738,-1.1726865827370145,train
2023-01-25,-1.2034910915619712,-1.2349846221911258,-1.2185223863921644,-1.2416813844861878,train
2023-01-26,-1.2092360535522386,-1.2328472377133588,-1.229586427439931,-1.2011208022962327,train
2023-01-27,-1.2179482772908448,-1.2571304205717735,-1.2737980108439062,-1.2133648923830938,train
2023-01-30,-1.2145394661705227,-1.253840644330115,-1.2796558563799965,-1.209529086867152,train
2023-01-31,-1.198824761658947,-1.2884396062848504,-1.2713843899550101,-1.270959762392507,train
2023-02-01,-1.2040264069704048,-1.2761699898296976,-1.2566350094223424,-1.2667044765903186,train
2023-02-02,-1.2384790304096722,-1.2075457136450136,-1.2009252139588338,-1.2398217205524904,train
2023-02-03,-1.3085492372888494,-1.1016421414059818,-1.099821591127264,-1.153396630010458,train
2023-02-06,-1.3691675917794586,-0.9780788799322374,-0.9745576673290778,-1.0527576268499241,train
2023-02-07,-1.3638880078712792,-1.0866137668019071,-1.0777366059743752,-1.1247139449854906,train
2023-02-08,-1.4136726429216913,-0.9887807767032394,-0.9805641116014002,-1.0540646021225952,train
2023-02-09,-1.3710221393505224,-1.073712574138367,-1.0793078633162807,-1.1103917005116108,train
2023-02-10,-1.2894945107198514,-1.1512887345994638,-1.1738493141734485,-1.1756606224855972,train
2023-02-13,-1.275199428849129,-1.2273545101336705,-1.2524797327767385,-1.2500814928647839,train
2023-02-14,-1.2011306329527183,-1.2835522129822852,-1.2683691342545795,-1.296678199360744,train
2023-02-15,-1.1879452530432546,-1.1577274311654164,-1.1422782509077665,-1.207627694642941,train
2023-02-16,-1.1926740144857726,-1.2091401462812963,-1.2075940884952296,-1.221423228743531,train
2023-02-17,-1.1764510637057737,-1.2383231305974538,-1.2578683197142082,-1.2843617844083977,train
2023-02-20,-1.1926115470858827,-1.2241121220788675,-1.2470285261122365,-1.2844478622495459,train
2023-02-21,-1.1051172959323148,-1.3977330444105291,-1.3816636661665043,-1.404000092151837,train
2023-02-22,-1.1025868988640584,-1.3264883020572862,-1.3062470056859898,-1.3736871433977185,train
2023-02-23,-1.0702488058773272,-1.3926928883325065,-1.3897645449592,-1.4471346545540347,train
2023-02-24,-1.0638117011774808,-1.42882522437803,-1.4488757496762588,-1.430415480810935,train
2023-02-27,-1.0739167239843554,-1.405193132993285,-1.4243536927318552,-1.4828390863697423,train
2023-02-28,-1.0748818359608403,-1.3909941328651556,-1.373216945703407,-1.4605938553379794,train
2023-03-01,-1.08148724625421,-1.3739887826306572,-1.3530010517415354,-1.462084000954013,train
2023-03-02,-1.0906726636151591,-1.321053072305163,-1.3157794591361345,-1.3944510382119522,train
2023-03-03,-1.0802279700223971,-1.3421466695965425,-1.3609577869142282,-1.4123735541787454,train
2023-03-06,-1.0697226749288147,-1.4090433096810826,-1.4426083360870283,-1.4495391480566495,train
2023-03-07,-1.06761671004934,-1.4257053181699963,-1.4081739232657131,-1.4660957271815735,train
2023-03-08,-1.114540207719481,-1.307782980484383,-1.2909600215099646,-1.3737193935597811,train
2023-03-09,-1.1317690260558524,-1.366394219856631,-1.3638291132342095,-1.4153631091051335,train
2023-03-10,-1.138050529228926,-1.4164399316865433,-1.437971957079701,-1.448350029812722,train
2023-03-13,-1.188537498806795,-1.2495144677668746,-1.2571637922240817,-1.3444570582310313,train
2023-03-14,-1.2210114119910649,-1.1040389803892008,-1.0952994417920867,-1.2257366410423343,train
2023-03-15,-1.2356895032494557,-1.1871453410785582,-1.1751472125156417,-1.289519202333077,train
2023-03-16,-1.3010581467143212,-1.0411760038378046,-1.03800048586431,-1.1685809474290187,train
2023-03-17,-1.3852709953654136,-0.9508313016660523,-0.9562477918976555,-1.0802904227707164,train
2023-03-20,-1.4059025763885318,-1.0879403225643016,-1.1221563257094596,-1.2028188604062686,train
2023-03-21,-1.436123481334272,-1.1032068363710483,-1.0953588815294957,-1.225504050617532,train
2023-03-22,-1.4289455052089601,-1.2228479186044445,-1.209489338765521,-1.258211354029723,train
2023-03-23,-1.5145866502928207,-1.0558410479115439,-1.0493141993616812,-1.153576878868864,train
2023-03-24,-1.5526668856519807,-1.1709037416054482,-1.1839392959466337,-1.2167040606172626,train
2023-03-27,-1.609859713131183,-1.0909926891533468,-1.1034520698892571,-1.14859197234389,train
2023-03-28,-1.5813783213794386,-1.1737251005017482,-1.1615744647096755,-1.2327826675889677,train
2023-03-29,-1.5594152813715578,-1.198256500834398,-1.183057400206291,-1.2461475987343733,train
2023-03-30,-1.520021431711973,-1.295271247061075,-1.2966312062176595,-1.338525969918527,train
2023-03-31,-1.5334020703594824,-1.3187530560865186,-1.3376322530753992,-1.3553262902671774,train
2023-04-03,-1.5279285087638037,-1.352113458351759,-1.3735904594473984,-1.381398588427761,train
2023-04-04,-1.5287384838573763,-1.3105745786531595,-1.2917939759015227,-1.3400081379799553,train
2023-04-05,-1.491218403636421,-1.2955573543431982,-1.2750808836622276,-1.3182694600621876,train
2023-04-06,-1.4821980552324017,-1.3067070162112278,-1.305638251677095,-1.3231626179997433,train
2023-04-07,-1.4832861767480126,-1.407354181103542,-1.4367396893547488,-1.4096726007673006,train
2023-04-10,-1.4885451606860844,-1.444095202907949,-1.4800270713073382,-1.447434824035396,train
2023-04-11,-1.4631301420726708,-1.4896987918368754,-1.467256871626723,-1.4923536571019613,train
2023-04-12,-1.4502889642575205,-1.5569054138214988,-1.5292253608031139,-1.5375822156430667,train
2023-04-13,-1.523886978500734,-1.38965265537638,-1.3759017133256377,-1.398879266943546,train
2023-04-14,-1.5544527979091072,-1.4127295146231167,-1.4267104654226752,-1.4417264258625928,train
2023-04-17,-1.5782643452031453,-1.3765126314015397,-1.3978316509528337,-1.3718860224518303,train
2023-04-18,-1.5917663669118811,-1.4033980520093712,-1.3878952325883678,-1.379625091855625,train
2023-04-19,-1.5884927665516069,-1.4525662897830176,-1.4332288531694048,-1.4220751522183916,train
2023-04-20,-1.5812126542455858,-1.5095969635232507,-1.5084843847621994,-1.4832886163410552,train
2023-04-21,-1.5907542954101481,-1.5034860112093509,-1.5207860998167517,-1.5641020025955352,train
2023-04-24,-1.6181549198550147,-1.4942772584842645,-1.5127627774065446,-1.5613875180744374,train
2023-04-25,-1.6114676162568604,-1.5849202706480703,-1.5652879634601637,-1.6417099562388737,train
2023-04-26,-1.6176011420796195,-1.5597466009345327,-1.538075739860261,-1.6285348967672197,train
2023-04-27,-1.654536818941604,-1.4461189165392283,-1.4402320351572522,-1.5369816245987435,train
2023-04-28,-1.7029896028515863,-1.438068204287825,-1.4519064556865644,-1.527201718242143,train
2023-05-01,-1.7446266927354188,-1.381944793018965,-1.3962236054208859,-1.4618204040103868,train
2023-05-02,-1.7185059148135373,-1.4779457758104928,-1.4630175884450496,-1.528903970042979,train
2023-05-03,-1.745353921979071,-1.3935062025195444,-1.3772492581405567,-1.4706974452980521,train
2023-05-04,-1.7750495183789288,-1.3999668202561641,-1.3981091180377372,-1.4862606519467325,train
2023-05-05,-1.8406919262650543,-1.3253160494508325,-1.3316130336492569,-1.4289379989759965,train
2023-05-08,-1.8704043840179354,-1.40029083608073,-1.4265087769432698,-1.4862799050269588,train
2023-05-09,-1.8659806344456644,-1.476545357855917,-1.4615096628654645,-1.5408601694568256,train
2023-05-10,-1.8655005836328211,-1.542448252939444,-1.5206650147244423,-1.6087962015251889,train
2023-05-11,-1.920700406010449,-1.4534840759287562,-1.4485417333520272,-1.5472576512554483,train
2023-05-12,-1.9405044781145802,-1.5225155439188631,-1.5384878966308024,-1.6000252375381492,train
2023-05-15,-1.9156292053723558,-1.6412309137758114,-1.6793615402581796,-1.6987199168087277,train
2023-05-16,-1.8542634573659091,-1.7007902002762636,-1.678128264611585,-1.6888331308649163,train
2023-05-17,-1.8177786914794245,-1.643438974242597,-1.6183688421377376,-1.68950983249626,train
2023-05-18,-1.808700214428785,-1.7086663483875226,-1.7050062348506174,-1.7413048213226412,train
2023-05-19,-1.8211149556823043,-1.7219437344005146,-1.7409352405550806,-1.750056455757487,train
2023-05-22,-1.8368390215523256,-1.6508571852157048,-1.672379045269365,-1.6907259038639082,train
2023-05-23,-1.8498346844520566,-1.6397665763159803,-1.6185521993610765,-1.5972818498153836,train
2023-05-24,-1.8515805312293274,-1.6606157494648481,-1.6357997711003536,-1.6205936429835126,train
2023-05-25,-1.829102103217575,-1.624874966505277,-1.6219082961224809,-1.5658594296471768,train
2023-05-26,-1.8430692115478842,-1.635944242868358,-1.6583670241630326,-1.5451939332759335,train
2023-05-29,-1.8518078465704428,-1.6328083438356644,-1.6592370170133464,-1.5471738204874268,train
2023-05-30,-1.827947665947496,-1.7942497327380722,-1.7716050508430785,-1.6667436993212112,train
2023-05-31,-1.8170854272336336,-1.6996973896504102,-1.6750892493211855,-1.6453057122904253,train
2023-06-01,-1.8375164316422858,-1.6499399180356187,-1.6435833850980808,-1.5938305135362543,train
2023-06-02,-1.8414517303946045,-1.6955462229521578,-1.7173573877330905,-1.6296917920532599,train
2023-06-05,-1.8703970081859618,-1.7030870706429033,-1.7322007298246567,-1.6389023569825503,train
2023-06-06,-1.8837430664275345,-1.6451272994539596,-1.627470216940052,-1.5854502238338348,train
2023-06-07,-1.8155189479890517,-1.710292419879899,-1.6878152470620775,-1.6317250770821,train
2023-06-08,-1.7771820931934998,-1.7522970605547283,-1.752065669981611,-1.6711727452883292,train
2023-06-09,-1.776504197344311,-1.787419286946877,-1.8156241933612896,-1.6580744937967795,train
2023-06-12,-1.773890211057784,-1.8712307988500974,-1.916139835306682,-1.7315138823125495,train
2023-06-13,-1.73737741698376,-1.8593873256297406,-1.835126104507563,-1.7067228293105485,train
2023-06-14,-1.7425566572078044,-1.7912571293169286,-1.7651604711971178,-1.6572468151987543,train
2023-06-15,-1.7765093690741933,-1.6789065248236894,-1.67026559271582,-1.5777158093420647,train
2023-06-16,-1.8168177119950264,-1.61043518857154,-1.6213102595102173,-1.5053231628271047,train
2023-06-19,-1.795854534630208,-1.6084270102827531,-1.6427649212061415,-1.5078039098924492,train
2023-06-20,-1.7687258895363491,-1.681674461582927,-1.6645118908858871,-1.5647354535004494,train
2023-06-21,-1.7636939868111612,-1.6713117916516915,-1.6498452047641305,-1.5706950353861437,train
2023-06-22,-1.760576096380779,-1.7696515353863205,-1.7705967493425812,-1.713272860256912,train
2023-06-23,-1.7102946526926577,-1.7989827366257594,-1.820790813650726,-1.7405310620643488,train
2023-06-26,-1.7373492623950784,-1.7125430319376274,-1.729704358554411,-1.6881546456108418,train
2023-06-27,-1.7046900490087904,-1.7971018969710173,-1.775376266623823,-1.7607440354969732,train
2023-06-28,-1.6457799913683224,-1.7572413615742732,-1.7323528073738148,-1.7301142448459177,train
2023-06-29,-1.605495299613624,-1.7211898345988472,-1.7190301495999527,-1.6958366762513901,train
2023-06-30,-1.6230764394562254,-1.6489569284983956,-1.6630609752904733,-1.6107821848838382,train
2023-07-03,-1.6217941532356817,-1.7144002436320902,-1.745120451972622,-1.6739746501500397,train
2023-07-04,-1.6025801389573604,-1.7080813163802457,-1.688825471802106,-1.6639313282327615,train
2023-07-05,-1.56270724359159,-1.8423737071693869,-1.815690542289286,-1.757315311823474,train
2023-07-06,-1.539495304039913,-1.7922232692480349,-1.7897692572455712,-1.7358901071656925,train
2023-07-07,-1.5949999613106862,-1.6584992768155182,-1.6603806126849754,-1.639998317668305,train
2023-07-10,-1.6272687681805382,-1.6390744547165732,-1.6567519084533762,-1.614330954054177,train
2023-07-11,-1.6224961834223393,-1.728512131269063,-1.708540206766598,-1.7055222114552566,train
2023-07-12,-1.5953425154816956,-1.7145209777156043,-1.691294793147248,-1.714464353534402,train
2023-07-13,-1.6152086815043294,-1.5658169774737556,-1.5616351043238337,-1.623016089099978,train
2023-07-14,-1.6195977919249631,-1.6555055264988896,-1.6753595617565606,-1.691492227709091,train
2023-07-17,-1.607937783442407,-1.7049046909002172,-1.7349960105170317,-1.7585763156465846,train
2023-07-18,-1.605822751217915,-1.7302188884606327,-1.7102738905369759,-1.7860540577452546,train
2023-07-19,-1.6307857455727077,-1.6082064584897569,-1.5883777379900013,-1.6914353725059785,train
2023-07-20,-1.648389496998615,-1.633567321660964,-1.6311260382991486,-1.711764582015858,train
2023-07-21,-1.6643688460477761,-1.6506068699477858,-1.672304697801842,-1.7176484140017534,train
2023-07-24,-1.662079069074522,-1.6965691506190137,-1.7361102912924378,-1.7538164703201393,train
2023-07-25,-1.6586638787592607,-1.5301364227416077,-1.5134243835764933,-1.6204443965144464,train
2023-07-26,-1.6637259119307288,-1.6487974267369379,-1.6269054197150186,-1.7402996755059545,train
2023-07-27,-1.6398975219618992,-1.5832349259611858,-1.5797739472222418,-1.6759373727562321,train
2023-07-28,-1.7156325870909233,-1.4599881732774702,-1.4651032231650143,-1.5762632020042082,train
2023-07-31,-1.7153844522708956,-1.3961095038739462,-1.4145677309998057,-1.5207105424197698,train
2023-08-01,-1.7055118799418014,-1.5226279045887836,-1.5076897167692365,-1.6125337705552645,train
2023-08-02,-1.698637283712522,-1.502507666505002,-1.4847741761143984,-1.6018557403019773,train
2023-08-03,-1.665520988693446,-1.471289183875546,-1.4715026491481102,-1.5700388184119949,train
2023-08-04,-1.7101958035191487,-1.4702319897686627,-1.4851669727945491,-1.5895388208592391,train
2023-08-07,-1.735233580352061,-1.4795281782389302,-1.5012800570425144,-1.5893689215010451,train
2023-08-08,-1.7158771609890688,-1.5896715564700097,-1.5716543118814261,-1.66426302756675,train
2023-08-09,-1.7166701816032606,-1.6136779697630317,-1.5910757846285388,-1.7016594091520563,train
2023-08-10,-1.7240353938993327,-1.6405682564329844,-1.640150883020825,-1.7385797852816218,train
2023-08-11,-1.7484863014966898,-1.592640928125235,-1.6060327847801752,-1.6801552862662514,train
2023-08-14,-1.7623327821386585,-1.6306534150943386,-1.655752044664717,-1.7125132444221138,train
2023-08-15,-1.7558265575248455,-1.6252880718888039,-1.60464246193312,-1.702885843142184,train
2023-08-16,-1.7252741162792824,-1.55664356610375,-1.534798226790623,-1.6291658115979095,train
2023-08-17,-1.7209524654035209,-1.5912714645336403,-1.5918893520958537,-1.6242855027205576,train
2023-08-18,-1.7328881590232386,-1.6403237991997208,-1.6656454278494919,-1.6632085921369895,train
2023-08-21,-1.7405528502184622,-1.6817510205097952,-1.718690658817989,-1.700916775251405,train
2023-08-22,-1.689431210982726,-1.7411464325506625,-1.7182755263855722,-1.7444898637942172,train
2023-08-23,-1.6740160873660914,-1.7492211145818994,-1.7210868980654603,-1.7652535371988447,train
2023-08-24,-1.6835238081164021,-1.6027482797481152,-1.5917085790158658,-1.6492646482139954,train
2023-08-25,-1.686001918362711,-1.702214352485419,-1.7279727489175236,-1.6902449605194048,train
2023-08-28,-1.7382234452580325,-1.5430657313336928,-1.5552600589059036,-1.5848815632115603,train
2023-08-29,-1.714122815348312,-1.692500529857656,-1.6735005296458485,-1.6839442491033305,train
2023-08-30,-1.7277372768448773,-1.5157860663664704,-1.4976784450695493,-1.535033533154373,train
2023-08-31,-1.7274613048408902,-1.5985255170349773,-1.5968683133964066,-1.6104865245607933,train
2023-09-01,-1.7296625529661798,-1.5617677919800281,-1.5819618200703285,-1.5137571371531333,train
2023-09-04,-1.7482848322831332,-1.4953757402642311,-1.5077497937483848,-1.475243192402775,train
2023-09-05,-1.7092203933426777,-1.683801050779228,-1.6667427379775444,-1.602849172345745,train
2023-09-06,-1.7023468545436276,-1.6760024617778697,-1.653178101072535,-1.5611115449422956,train
2023-09-07,-1.6176963697699343,-1.647696183128842,-1.6447175849289621,-1.5499348151449583,train
2023-09-08,-1.6080104336923626,-1.717757408229251,-1.7442188146222826,-1.5935059644449567,train
2023-09-11,-1.5915949459009884,-1.8202573759486445,-1.8592219708975735,-1.7093812744562562,train
2023-09-12,-1.5743551338985025,-1.7747716372666031,-1.7520911227533025,-1.6991242048360369,train
2023-09-13,-1.5489721684023412,-1.7787327553612224,-1.7521168005525674,-1.7111831388419827,train
2023-09-14,-1.5533827471820179,-1.7525906117451104,-1.746370995739986,-1.6937304701480054,train
2023-09-15,-1.5938679455918034,-1.6249092159787955,-1.6295908139196653,-1.5809310229110336,train
2023-09-18,-1.5764029211394386,-1.6616022466821667,-1.694981477388147,-1.614163451718434,train
2023-09-19,-1.558465729155464,-1.747739750197736,-1.7277973909428535,-1.6713024834745984,train
2023-09-20,-1.5062775365527694,-1.7674439508280042,-1.742081558818144,-1.7150390080037383,train
2023-09-21,-1.5304678683078141,-1.6124535748882158,-1.6046808287475953,-1.6040910141403026,train
2023-09-22,-1.536636685477322,-1.6797602589308784,-1.6952479670351874,-1.6517941581692623,train
2023-09-25,-1.5576616545160182,-1.59647528820368,-1.610324592333059,-1.5833422077652362,train
2023-09-26,-1.5564347081166097,-1.6678672794702893,-1.6494677317161357,-1.6265251796200961,train
2023-09-27,-1.5460513327821777,-1.6593350285958965,-1.6380476874382632,-1.6259556295664699,train
2023-09-28,-1.5355881196762955,-1.6450205709101675,-1.642737017489567,-1.6326153657190747,train
2023-09-29,-1.5619216462399765,-1.5886090149182892,-1.599555069052118,-1.6014734794731562,train
2023-10-02,-1.5429085323679423,-1.6512140322478583,-1.6779690656511637,-1.633247260165344,train
2023-10-03,-1.5378915055211528,-1.6194563921975427,-1.601720311909198,-1.6509910191268464,train
2023-10-04,-1.5634502649421493,-1.5289968711936388,-1.511637030831422,-1.5714111590985425,train
2023-10-05,-1.5469748522435491,-1.5180289313239712,-1.518208807748554,-1.5651212086033606,train
2023-10-06,-1.5608645939123191,-1.5640002343589765,-1.5867706301531663,-1.6671685870658677,train
2023-10-09,-1.655404107362628,-1.379215451795193,-1.3831847261903967,-1.5319761806083254,train
2023-10-10,-1.665534033076828,-1.4852038157691343,-1.471527417772598,-1.594846883625786,train
2023-10-11,-1.6550739992205776,-1.5019927394966734,-1.4835398304193934,-1.6168186455384983,train
2023-10-12,-1.6668969128165378,-1.4885404796727597,-1.4887730356674154,-1.5779518789856293,train
2023-10-13,-1.702424370220872,-1.4334813995686382,-1.4497536054793063,-1.5255417171948058,train
2023-10-16,-1.6110560941774308,-1.555653807382692,-1.5883701091590932,-1.6311244966783887,train
2023-10-17,-1.6061271202383351,-1.5842634767826898,-1.565760538225922,-1.6555779189389703,train
2023-10-18,-1.6178351470091488,-1.518706267659188,-1.4983358092643633,-1.5508462634482862,train
2023-10-19,-1.6170879335975288,-1.5478540651741752,-1.547103140051212,-1.580677447022958,train
2023-10-20,-1.6622202797003383,-1.442287895699268,-1.448654691761758,-1.4668841683135396,train
2023-10-23,-1.6747910444374092,-1.4943707569176512,-1.5242843720384325,-1.5206722461055948,train
2023-10-24,-1.6651892477846486,-1.5002908172684049,-1.4834378048806065,-1.529379305595961,train
2023-10-25,-1.6944111433206668,-1.4947256781493752,-1.4747220975143513,-1.5294356693664368,train
2023-10-26,-1.696684166400856,-1.5687552877617204,-1.5717286805933415,-1.585547961527205,train
2023-10-27,-1.7121628427357067,-1.5763570333706607,-1.5956647559223813,-1.5965158714233054,train
2023-10-30,-1.7244414888846356,-1.530383282743856,-1.5514369541316442,-1.5604285876487136,train
2023-10-31,-1.7106505270865198,-1.5815802278515687,-1.5616719356860573,-1.5230683391379167,train
2023-11-01,-1.7178094455434678,-1.5024246373303272,-1.4810661594071801,-1.487958840745613,train
2023-11-02,-1.7149924873495044,-1.4854635632564146,-1.4835817988231879,-1.472161393399726,train
2023-11-03,-1.7107173763285437,-1.5165169347450211,-1.5395209968730927,-1.4990853947405376,train
2023-11-06,-1.731685412513312,-1.4452108939702555,-1.462687762636052,-1.435911071011784,train
2023-11-07,-1.7235339839129822,-1.5589509910473693,-1.541483594635863,-1.5200896620638233,train
2023-11-08,-1.7108259898737004,-1.6290606890355366,-1.6055971857564832,-1.572254261644039,train
2023-11-09,-1.6646092840875386,-1.6738036897114812,-1.673347397871581,-1.6232985541711007,train
2023-11-10,-1.6877273043397059,-1.5998694501301776,-1.6134585600379767,-1.5416036788164686,train
2023-11-13,-1.6807611434499592,-1.6832599522889315,-1.7138115414375668,-1.6116307713074491,train
2023-11-14,-1.608531898167977,-1.73133566512872,-1.7089171494476412,-1.6410286896918471,train
2023-11-15,-1.6549040197613245,-1.47072892509135,-1.4515607158938735,-1.4394386575284839,train
2023-11-16,-1.630488099253038,-1.546078802185242,-1.5463915250705047,-1.466015164515329,train
2023-11-17,-1.6478861818777062,-1.5572733064850672,-1.5778390190225073,-1.5100832012901424,train
2023-11-20,-1.6555197066595897,-1.5546873286950273,-1.5869225389974895,-1.5059355847572746,train
2023-11-21,-1.660949813106107,-1.5577736648507496,-1.5416338557611726,-1.5048975478561686,train
2023-11-22,-1.6581432200607256,-1.6682805844442832,-1.6441852543801474,-1.5938153725725654,train
2023-11-23,-1.6688343079458126,-1.6147209687131079,-1.610542940180107,-1.5473453616837383,train
2023-11-24,-1.6706659129716066,-1.7526187193900862,-1.7854226333121792,-1.6573318616764163,train
2023-11-27,-1.6640958775498895,-1.7683672166032578,-1.8076665994321326,-1.6989801979355423,train
2023-11-28,-1.6370053876556099,-1.797134310699938,-1.7729088876912331,-1.7324591926401751,train
2023-11-29,-1.6422915923041128,-1.7339491894931782,-1.7076673562593045,-1.684899016312649,train
2023-11-30,-1.652175445269453,-1.7167358513671038,-1.7090569217683904,-1.7472909189981078,train
2023-12-01,-1.6663923965272955,-1.630626473593728,-1.6416162478177345,-1.6736731389830848,train
2023-12-04,-1.6901799110138407,-1.5921570962856426,-1.6166398673540678,-1.6299574577809446,train
2023-12-05,-1.643119402790004,-1.5708008746050302,-1.5546912359213725,-1.5955766270802456,train
2023-12-06,-1.6673206091950918,-1.5532998671451466,-1.5348832039157323,-1.6112813678039046,train
2023-12-07,-1.66751402160528,-1.6078907477607227,-1.6102386686156382,-1.6539174922410906,train
2023-12-08,-1.6831380491314565,-1.6087684118222347,-1.6298711499747902,-1.6539463003918538,train
2023-12-11,-1.6933871808476488,-1.520559364058631,-1.536229226314219,-1.5906689515891859,train
2023-12-12,-1.684146940762142,-1.6353857840099157,-1.617200195894611,-1.6996438527456603,train
2023-12-13,-1.709908560994498,-1.6128848406051823,-1.5909834025777234,-1.6872483020988374,train
2023-12-14,-1.7655816811800153,-1.4455901555342738,-1.4385689239692432,-1.5565425381821512,train
2023-12-15,-1.8191016420776593,-1.42393703520247,-1.4342102116425912,-1.5248290445615895,train
2023-12-18,-1.8543909660284759,-1.443686362072042,-1.465792841333255,-1.5810664500893876,train
2023-12-19,-1.8547889076911812,-1.5440133062026442,-1.5295152493028041,-1.665640768490682,train
2023-12-20,-1.8624566444790234,-1.5440033757538978,-1.525103151126538,-1.6715486033662486,train
2023-12-21,-1.8630106515075646,-1.6337303172406832,-1.6352942512392492,-1.7645582328283969,train
2023-12-22,-1.847018548886421,-1.678910279975545,-1.7008467096215358,-1.814513405992372,train
2023-12-26,-1.834786828502198,-1.7108785002574305,-1.6878315184837085,-1.8315640747049042,train
2023-12-27,-1.8149684597327662,-1.7923196744907137,-1.7636586610161153,-1.8921805173222614,train
2023-12-28,-1.822218738665088,-1.7451393207570367,-1.740876331011768,-1.8601104883298776,train
2023-12-29,-1.8536719634615284,-1.6503461870343799,-1.6615870037083977,-1.7575428431732718,train
2024-01-02,-1.7978241498323353,-1.6738263500353299,-1.6517056843982392,-1.7550007267307524,test
2024-01-03,-1.796932087997575,-1.6727472377708072,-1.6474672677789641,-1.7510176146355665,test
2024-01-04,-1.7183965618686512,-1.6051638356114215,-1.6021650449606233,-1.6798037135413972,test
2024-01-05,-1.7166901149189533,-1.660268424234156,-1.6879514245230889,-1.734552126524361,test
2024-01-08,-1.7885266620388394,-1.5147143128272413,-1.5239563054361334,-1.5770286811943688,test
2024-01-09,-1.7933323467558895,-1.6565384626145434,-1.637612979959599,-1.6622362011274094,test
2024-01-10,-1.8095948264533444,-1.6452369409000056,-1.6222863867376924,-1.6636708486844622,test
2024-01-11,-1.8116113536797274,-1.7122618610738385,-1.7129624584894272,-1.7306594504482298,test
2024-01-12,-1.865469053925905,-1.5862604168522962,-1.5972805602871032,-1.6479918093798969,test
2024-01-15,-1.7825946589609831,-1.6818332541601166,-1.7114999170128353,-1.7049423814735887,test
2024-01-16,-1.7789904411091255,-1.792105071858105,-1.7698084558532747,-1.7901891033999235,test
2024-01-17,-1.8060806908997773,-1.6982244190605715,-1.6741765208414885,-1.7461192602307196,test
2024-01-18,-1.811074161067162,-1.7182441501332548,-1.716985279926778,-1.75733212653047,test
2024-01-19,-1.8413503386726982,-1.7674122576301394,-1.7883433460225782,-1.7782468865993923,test
2024-01-22,-1.8449510408663337,-1.8264080770489413,-1.866219246327788,-1.8355319203516958,test
2024-01-23,-1.854983971499612,-1.7991043515782446,-1.7773596448876183,-1.830419684670484,test
2024-01-24,-1.8419377479493513,-1.8207104621962626,-1.7937149338218792,-1.8822755010162817,test
2024-01-25,-1.8770941231928677,-1.754257299109993,-1.7478371999186364,-1.8089419760455636,test
2024-01-26,-1.9174321547198565,-1.728623012476291,-1.7430450795465646,-1.8007060146490765,test
2024-01-29,-1.9425041619295353,-1.719130779741918,-1.7515674817854752,-1.7849725263165475,test
2024-01-30,-1.953695265709643,-1.753576898333576,-1.733034565866546,-1.8193826332594711,test
2024-01-31,-1.953722615142018,-1.7693448231294804,-1.7445864393628487,-1.823112105022955,test
2024-02-01,-2.040262300860838,-1.615732235566827,-1.6068165291372423,-1.7420376900525703,test
2024-02-02,-2.0783561585891435,-1.692457111682506,-1.7127448308061977,-1.800336782748518,test
2024-02-05,-2.2365992102554806,-1.5050082188743805,-1.508754848450738,-1.6388380230704158,test
2024-02-06,-2.264865120769034,-1.6063353618718395,-1.5906434329600279,-1.7149867070178026,test
2024-02-07,-2.2529950861523194,-1.6523940749736963,-1.6325529910372019,-1.7454748358307592,test
2024-02-08,-2.228650111940464,-1.7554434495215392,-1.7590649079517486,-1.8315055374506939,test
2024-02-09,-2.2386257313003894,-1.8228227616839094,-1.8568997870689914,-1.8863358779016055,test
2024-02-12,-2.244395574935368,-1.909360733908667,-1.9462719237254795,-1.9743768095375305,test
2024-02-13,-2.2559150003769086,-1.987996951043747,-1.9602020568974423,-2.0097195354502913,test
2024-02-14,-2.4333574401931592,-1.7195374832919696,-1.6947295974018264,-1.8035254535937542,test
2024-02-15,-2.4501183541246547,-1.862896508207674,-1.8631486883219046,-1.9001252461502978,test
2024-02-16,-2.480430658254081,-1.8539080865817927,-1.882890737306963,-1.8715284134933494,test
2024-02-19,-2.5255229690510115,-1.8162968263393267,-1.8508886344737907,-1.825471807884589,test
2024-02-20,-2.4466735118227922,-1.9818570086924046,-1.9577274257611834,-1.9373606768814686,test
2024-02-21,-2.4418705882594156,-2.0207259362698062,-1.987474764450766,-2.0004939432460223,test
2024-02-22,-2.446001039459399,-2.054971778233481,-2.0511459850201414,-2.005738900369172,test
2024-02-23,-2.504163275053955,-1.9432272389957952,-1.955418954621908,-1.9102753600495554,test
2024-02-26,-2.513975930946834,-2.0603161150281037,-2.1024310926466643,-2.024082507623349,test
2024-02-27,-2.525184543484496,-2.057396995641806,-2.030123357851672,-2.0072307429274368,test
2024-02-28,-2.5068989996753683,-2.0887572393339218,-2.0558441837501187,-2.033514324969524,test
2024-02-29,-2.5196570203668665,-2.095776426541256,-2.093604838328923,-2.0310613928872745,test
2024-03-01,-2.5300465870035085,-2.086002877223258,-2.105858262978278,-2.0632055570277954,test
2024-03-04,-2.53267944336495,-2.102925999329719,-2.1390886263142392,-1.9993217945912485,test
2024-03-05,-2.5136732003861995,-2.1709538043548258,-2.142439686943754,-2.0614359260858484,test
2024-03-06,-2.5232977154453082,-2.1559506917169817,-2.1239770746577413,-2.0130838580978985,test
2024-03-07,-2.436814368299615,-2.204986810552811,-2.204420437368253,-2.02913264627131,test
2024-03-08,-2.4721799557307,-2.1265532238050784,-2.1447582790456043,-2.0580748861549267,test
2024-03-11,-2.5212875460011954,-2.078727398590548,-2.105523538694444,-2.047889080735861,test
2024-03-12,-2.254413930074139,-2.167393312913525,-2.141222701558391,-2.119361911724451,test
2024-03-13,-2.2092932192607213,-2.131821568786894,-2.1013622658774844,-2.1211498267195212,test
2024-03-14,-2.1748015359574446,-2.2007087906408582,-2.203318446741369,-2.2020662957924073,test
2024-03-15,-2.13947082652321,-2.2253600710351784,-2.2540916682005343,-2.228852427862547,test
2024-03-18,-2.0868741216365123,-2.3343025436791374,-2.3846464124758238,-2.3232818875592347,test
2024-03-19,-2.045810000301255,-2.400306175654588,-2.368618771713729,-2.3217857074390773,test
2024-03-20,-2.0287800634854536,-2.4450270269262333,-2.406072753456969,-2.406752097343485,test
2024-03-21,-2.0360899918778705,-2.2153189793142185,-2.2021984879991408,-2.229216355588634,test
2024-03-22,-2.039681267995211,-2.2500207699424366,-2.2722251111323657,-2.241495376013383,test
2024-03-25,-1.9830690751426976,-2.273658617479576,-2.3205636045807316,-2.2558772650213132,test
2024-03-26,-1.9723038835058606,-2.2735145574184066,-2.246554876318505,-2.2012821388931956,test
2024-03-27,-1.9455369932655835,-2.2634235658971167,-2.2320342196877543,-2.1973274321742404,test
2024-03-28,-1.9241663118310435,-2.380284899874008,-2.3798705645137908,-2.3126033748675083,test
2024-03-29,-1.9186243019239315,-2.308223022275211,-2.329048721542389,-2.256445447464356,test
2024-04-01,-1.8790650658785064,-2.399753787004281,-2.4527249164450775,-2.325202634785355,test
2024-04-02,-1.8491926228643218,-2.319126875920942,-2.2892635839597824,-2.2565773913965224,test
2024-04-03,-1.832612804335943,-2.2887401397770493,-2.255899851601595,-2.271241985945075,test
2024-04-04,-1.770020124455265,-2.2354471910629927,-2.2321181772803196,-2.2105918211908264,test
2024-04-05,-1.7758533366225575,-2.2917412673214916,-2.3238397000990227,-2.297659329349618,test
2024-04-08,-1.8180074449349009,-2.0673732496451267,-2.085960472086286,-2.13543309166363,test
2024-04-09,-1.8229159708399485,-2.2123430297466413,-2.1880226254606914,-2.220368221709339,test
2024-04-10,-1.816339128144546,-2.262938757665068,-2.2322784108871456,-2.250302169213847,test
2024-04-11,-1.977937544016374,-1.9013974170199397,-1.8862650627106314,-1.9950255915033996,test
2024-04-12,-2.0267159515022137,-1.9136347596125016,-1.9328255223260513,-1.8981413708279753,test
2024-04-15,-2.043757233594213,-1.9601635185041677,-1.9966910565658615,-1.9154225399165812,test
2024-04-16,-2.049326470438991,-1.8619741954768916,-1.8458744933849223,-1.85008043112893,test
2024-04-17,-2.0973905873243672,-1.749533435655701,-1.7337467068468457,-1.716207321753277,test
2024-04-18,-2.133207216872142,-1.8351671300921903,-1.8362795640249814,-1.8724567181519236,test
2024-04-19,-2.1539240638213837,-1.9100972358835484,-1.9428153490740012,-1.874192487646707,test
2024-04-22,-2.1957408626655597,-1.8541074740992072,-1.8854886250612517,-1.7967023718957102,test
2024-04-23,-2.205337793406331,-1.9488864286238383,-1.9281466270614844,-1.816745835691903,test
2024-04-24,-2.252070612809,-1.8334429413087465,-1.810431134358471,-1.7564638334222857,test
2024-04-25,-2.273218300861866,-1.9384906289159343,-1.939695529553146,-1.8662117985380406,test
2024-04-26,-2.313911083879737,-1.8601556131732673,-1.8825529197383486,-1.7747756897373599,test
2024-04-29,-2.344380960625191,-1.8860860455871682,-1.9237944203814705,-1.761125017681674,test
2024-04-30,-2.3542099715344706,-1.8623413322546405,-1.840892291729136,-1.76846428968817,test
2024-05-01,-2.407123456783245,-1.822153961019248,-1.7965275971059878,-1.7478443863345392,test
2024-05-02,-2.457370521603063,-1.752972404006757,-1.748625045499594,-1.7111916696861993,test
2024-05-03,-2.487625636490025,-1.7618147036009333,-1.7835779222429864,-1.727036850023532,test
2024-05-06,-2.631526506912013,-1.6078182235945833,-1.6219410076769134,-1.5994272095958064,test
2024-05-07,-2.605162905529496,-1.8417635908293712,-1.8214327211406889,-1.775536172652203,test
2024-05-08,-2.5905242686732106,-1.8953283478092875,-1.8673967334015336,-1.8089124224171624,test
2024-05-09,-2.4196833430563114,-2.031089812386813,-2.0339654377886696,-1.9286942254847048,test
2024-05-10,-2.4168633311890173,-2.013627848490497,-2.039900759580011,-1.9208815555377998,test
2024-05-13,-2.3981525498091987,-2.180355342103657,-2.2227308635995886,-2.0301435063840465,test
2024-05-14,-2.2518348733280416,-2.2224207386538826,-2.189307212753729,-2.10213026532281,test
2024-05-15,-2.227049144840952,-2.167020594226642,-2.1302917320123727,-2.068045593421927,test
2024-05-16,-2.231355734006545,-2.038673193425853,-2.0284805704657645,-1.8807284592466085,test
2024-05-17,-2.2212726988587472,-2.159142666232141,-2.192247114456439,-1.9858794082070896,test
2024-05-20,-2.201602999566391,-2.183818501767866,-2.23280017686144,-1.9856785361251243,test
2024-05-21,-2.1974035176459688,-2.236660048848648,-2.2069320264006325,-2.06415046515016,test
2024-05-22,-2.1868150159613573,-2.2519105837780997,-2.2160837374365996,-2.1474265969337,test
2024-05-23,-2.152946329449308,-2.3021638963414093,-2.2955446532322323,-2.2540061725723257,test
2024-05-24,-2.1755127056808674,-2.215138366424024,-2.2311401437580836,-2.137529660785954,test
2024-05-27,-2.169971532752635,-2.334856654714244,-2.38979299642587,-2.2263504036474933,test
2024-05-28,-2.1531196870568547,-2.325091889258254,-2.294273948602615,-2.2418747767495253,test
2024-05-29,-2.1396091873408496,-2.355119383640598,-2.318447548114304,-2.309278556569134,test
2024-05-30,-2.135468543874015,-2.274979931123078,-2.267764943263902,-2.2295229424097087,test
2024-05-31,-2.11637518661913,-2.355510429002794,-2.383099130680484,-2.2910714699307824,test
2024-06-03,-2.1246477942488515,-2.2890238216030045,-2.3249522168109977,-2.2151878402825558,test
2024-06-04,-2.1215287933449165,-2.258773592245588,-2.231775736588895,-2.2020347961489914,test
2024-06-05,-2.136537707203391,-2.2759151949420673,-2.245705001846852,-2.2018215715760507,test
2024-06-06,-2.133947027009392,-2.257137623118062,-2.2549147131784846,-2.197981368423484,test
2024-06-07,-2.1362432009513155,-2.2320909015436032,-2.2601825965604676,-2.1785555654499165,test
2024-06-10,-2.2583955144695085,-1.9947905757104192,-2.0021221190463407,-1.9866941078257443,test
2024-06-11,-2.2822323276250023,-2.116187194400648,-2.0943073953142948,-2.06908432349127,test
2024-06-12,-2.2229860313848366,-2.076438142189537,-2.0512015873775638,-2.060586287559051,test
2024-06-13,-2.3591645932590852,-1.8386248467813953,-1.8314016885558146,-1.8831912406292508,test
2024-06-14,-2.396066921348118,-1.878408764805409,-1.9056284054107497,-1.8932631401959719,test
2024-06-17,-2.4359204194305337,-1.9401618078217184,-1.9754540582383016,-2.008387015528217,test
2024-06-18,-2.441181157773316,-1.982244540107442,-1.9634129419575759,-2.05303980235076,test
2024-06-19,-2.4687689329255345,-1.9490047733150224,-1.9261245573105965,-2.030140515444571,test
2024-06-20,-2.4676967479394154,-2.1336834077969744,-2.1377206098061596,-2.199709959099828,test
2024-06-21,-2.4840896496407643,-2.1217600552974076,-2.150317234885791,-2.1848731575574893,test
2024-06-24,-2.5368416580837128,-2.053972003115532,-2.0799717502464063,-2.1350269455951567,test
2024-06-25,-2.5345334886801596,-2.154550724093783,-2.1275478650152797,-2.2221297201155634,test
2024-06-26,-2.5116970164913517,-2.200225543371191,-2.166109520139427,-2.2475029878181925,test
2024-06-27,-2.534350443708068,-2.1089237680301482,-2.104736871353153,-2.1728107639948586,test
2024-06-28,-2.549372707557108,-2.109815145962695,-2.1374974548774763,-2.164845759090313,test
2024-07-01,-2.574853076790473,-2.108692717931539,-2.141873853005362,-2.160407541703515,test
2024-07-02,-2.5691616833908015,-2.049190129130826,-2.0226032469972375,-2.090221200704666,test
2024-07-03,-2.533969145351168,-2.077979357848351,-2.0474115726011997,-2.0985314760985334,test
2024-07-04,-2.4671058446380587,-2.0434452552888023,-2.0400999119528733,-2.0568218125696687,test
2024-07-05,-2.285937189213419,-2.2024324736142415,-2.248344216595175,-2.1825700105219386,test
2024-07-08,-2.2775401048236197,-2.126641743830485,-2.1633709629683757,-2.1339314058789234,test
2024-07-09,-2.278231538173578,-2.160287867165326,-2.130869594742519,-2.1633114856975144,test
2024-07-10,-2.2487160112464113,-2.253859474844504,-2.2184492079598668,-2.245829406950776,test
2024-07-11,-2.243288319492215,-2.3824485045348425,-2.3821746806140593,-2.356691321028534,test
2024-07-12,-2.324487123294875,-2.076249421462448,-2.080584251665547,-2.0865748346363278,test
2024-07-15,-2.3139633145338525,-2.2527544751935586,-2.3014687883002485,-2.2399330088987015,test
2024-07-16,-2.293477808834015,-2.2702334294863222,-2.2410921702422293,-2.258456233597151,test
2024-07-17,-2.2408344172912957,-2.2771450986713266,-2.2436951652952675,-2.288458068155234,test
2024-07-18,-2.25280990712032,-2.2160083964470316,-2.215317545340344,-2.2332845658346514,test
2024-07-19,-2.240949360799096,-2.3526603032931255,-2.387035843288759,-2.375212425404772,test
2024-07-22,-2.2303163814270803,-2.3591394183627776,-2.4089007712315147,-2.381570463349677,test
2024-07-23,-2.194323274779614,-2.382549358661519,-2.3511697325698675,-2.4039314390790327,test
2024-07-24,-2.164067691543016,-2.403458250913103,-2.36667402515139,-2.4302917050912116,test
2024-07-25,-2.0919275487871785,-2.3914338232814996,-2.3857630652150057,-2.4527801081097955,test
2024-07-26,-2.098351124128411,-2.312953278533963,-2.334533636925538,-2.3807467363333226,test
2024-07-29,-2.0874546989550504,-2.3727305791953937,-2.4232863298173224,-2.4230476217955452,test
2024-07-30,-2.0596362470007206,-2.3691589179855845,-2.3394213597169204,-2.4403968289876286,test
2024-07-31,-1.9949620180280236,-2.359849256579434,-2.3256174844398987,-2.439868064011904,test
2024-08-01,-1.9958703765995518,-2.257485158113238,-2.2501059506811747,-2.3753812100297234,test
2024-08-02,-2.0192299241025187,-2.222972627939779,-2.241106432576585,-2.341308644900769,test
2024-08-05,-2.059665209682449,-2.0726703649171445,-2.091866127535607,-2.210746308783768,test
2024-08-06,-2.164715133465641,-1.8501972938141482,-1.8333195220192038,-2.0346206663480517,test
2024-08-07,-2.15856224972705,-1.9180940707210723,-1.8987870844493666,-2.061817332888298,test
2024-08-08,-2.07943848959697,-1.9741280597436899,-1.9816513296469793,-2.1077969100485423,test
2024-08-09,-2.0923781514863906,-1.9351851370782942,-1.9649634225328867,-2.0742958106603937,test
2024-08-12,-2.086871892564784,-2.114671575026633,-2.1775080036114765,-2.222922994489814,test
2024-08-13,-2.057953839423538,-2.2547607988553025,-2.2271461741863394,-2.350362520095399,test
2024-08-14,-2.0439238088407192,-2.235803474068337,-2.2027103433625213,-2.328793975461609,test
2024-08-15,-2.0631392908896333,-2.18082081388594,-2.174328218974992,-2.284118040917067,test
2024-08-16,-2.1036274647238917,-2.0932694597639965,-2.1042294816699445,-2.17069791229771,test
2024-08-19,-2.0875711253731266,-2.2196609173496227,-2.278020024905972,-2.2574308762416377,test
2024-08-20,-1.9911087937601637,-2.1394699969859223,-2.113891308989488,-2.165552564512213,test
2024-08-21,-1.955382153812478,-2.138820660124019,-2.108378363186236,-2.1607093143688214,test
2024-08-22,-1.9678462520963327,-2.0590350007749625,-2.0528481547997655,-2.089334032583463,test
2024-08-23,-1.9558215038317908,-2.0716702124092334,-2.0901536454720424,-2.136370323774287,test
2024-08-26,-2.009796523444824,-1.8779962962632752,-1.8940142142836358,-1.9272003933599977,test
2024-08-27,-1.993251758491268,-1.9814414415965254,-1.9598273797088357,-2.019405057429257,test
2024-08-28,-1.9407235150841162,-1.9667195587498214,-1.9406618078095366,-2.0354061273590562,test
2024-08-29,-1.9208272181422927,-1.9143580310137374,-1.9121101993451632,-1.9591178841179744,test
2024-08-30,-1.9297816456060177,-1.7945634057317847,-1.8051200498410869,-1.8844425596332348,test
2024-09-02,-1.9182199747207964,-1.9000569750427667,-1.934893224644012,-1.9881058560136124,test
2024-09-03,-1.9047039892500213,-1.9825344278346397,-1.9597738342930673,-2.0500271019352017,test
2024-09-04,-1.9086117321163925,-1.9368088568586972,-1.910904284084648,-2.0464323470050667,test
2024-09-05,-1.8463757197996213,-1.947474109324824,-1.9458436901397338,-2.0494353526942293,test
2024-09-06,-1.8525366359261954,-1.9875559243929242,-2.00917433510466,-2.1371495760523542,test
2024-09-09,-1.9160822636342711,-1.84097673529021,-1.8535098778896586,-2.0376436367556487,test
2024-09-10,-1.9172626319860637,-1.9336075207642127,-1.912898753942601,-2.106116889586601,test
2024-09-11,-1.8863624144707276,-1.9938764107544515,-1.9663204054925911,-2.1815692338334474,test
2024-09-12,-1.8958299650682453,-1.9059011915558484,-1.9029882042179662,-2.1272744507769703,test
2024-09-13,-1.9110105732952907,-1.9107376663278544,-1.9346523776524776,-2.146004175950667,test
2024-09-16,-1.9074616437052239,-2.090224221784259,-2.1410755268603,-2.3185989012170243,test
2024-09-17,-1.909890401765542,-2.098189384952289,-2.0706201367449864,-2.347474261322202,test
2024-09-18,-1.8835342070479422,-2.044905245908589,-2.013947038240412,-2.304649423071493,test
2024-09-19,-1.9770751709329182,-1.837283671625986,-1.8234879917502167,-2.1903122625989915,test
2024-09-20,-2.0240136515096747,-1.8485724093524503,-1.8628745932135045,-2.1930296200235047,test
2024-09-23,-2.0354419666217005,-1.8700598453645927,-1.9120086699765477,-2.207897210003483,test
2024-09-24,-2.0693827430221887,-1.7674993926948968,-1.7488783437381659,-2.070999002304342,test
2024-09-25,-2.0604484802153897,-1.831694020286115,-1.809052911370424,-2.1450484810863206,test
2024-09-26,-2.084162484769663,-1.863553097594269,-1.8620358896275533,-2.161875436277103,test
2024-09-27,-2.152154495968938,-1.7729525765273484,-1.7833677653661288,-2.0632198776515773,test
2024-09-30,-2.177929686501052,-1.740456849588804,-1.766310963352446,-2.046476226131345,test
2024-10-01,-2.1953626929767616,-1.7140386165762722,-1.6959973925692666,-1.9851352089783791,test
2024-10-02,-2.211817994320543,-1.6989690737916037,-1.6792198921352706,-1.9500995476953078,test
2024-10-03,-2.1783564765689842,-1.7356946787890348,-1.740172901736434,-1.9854452134573273,test
2024-10-04,-2.169638045118468,-1.8132952156728455,-1.8457199411566039,-2.027149744266504,test
2024-10-07,-2.285859044010713,-1.6535093153869327,-1.6652529215739078,-1.9061782505274736,test
2024-10-08,-1.9503093545270522,-1.8012478967275418,-1.7805716318172893,-1.9683480881675222,test
2024-10-09,-1.8620022361683115,-1.896754609155665,-1.8695436932250236,-2.020891512142741,test
2024-10-10,-1.827415566908812,-1.9149097580414745,-1.9158373801922604,-2.0286160262951594,test
2024-10-11,-1.8195444376168013,-1.8034620712776357,-1.821814428825197,-1.9141174829468244,test
2024-10-14,-1.808214705023605,-1.9226752773971687,-1.9596088248154264,-2.0393409096413135,test
2024-10-15,-1.7420339218943,-1.987164449176471,-1.9606366714058396,-2.0822781404323907,test
2024-10-16,-1.6825560750553208,-1.9956483798144862,-1.9638738422128081,-2.0764572228710394,test
2024-10-17,-1.6314065796798536,-2.018867049693285,-2.017830669232754,-2.0966761568072725,test
2024-10-18,-1.637718309455683,-1.9174795675774159,-1.9286152216497858,-2.0218523717237487,test
2024-10-21,-1.5829336032053802,-2.0797968309672252,-2.129127600191571,-2.106875481388334,test
2024-10-22,-1.5554352546382177,-2.1464805810861516,-2.1166409551721244,-2.1424201790681003,test
2024-10-23,-1.5172739777679816,-2.12524699685193,-2.0905725502784382,-2.1362883885767276,test
2024-10-24,-1.3108467382205091,-2.1271006563678627,-2.1232477740478113,-2.14831144081409,test
2024-10-25,-1.2674098678654693,-2.108110432826298,-2.124906639282828,-2.13640919549756,test
2024-10-28,-1.2015461519647315,-2.1682112779832203,-2.2141008977207486,-2.209967212874402,test
2024-10-29,-1.1572759380503579,-2.1698078228882087,-2.1407832583661657,-2.216939203709413,test
2024-10-30,-1.154323138213474,-2.0731380963799,-2.042534759487652,-2.1222870148140576,test
2024-10-31,-1.1444567151117564,-1.9916980699875182,-1.9842315726059192,-2.0707180868216413,test
2024-11-01,-1.108622711416614,-2.02548940093755,-2.0478026272909045,-2.107081498615545,test
2024-11-04,-1.105252053139118,-1.9063925898413667,-1.9313463116588456,-2.0043090959679573,test
2024-11-05,-1.0868277688648333,-1.9069674623464024,-1.887813531337139,-1.974162429629743,test
2024-11-06,-1.065491632778573,-2.0451502331176292,-2.0187735076794353,-2.091239625191622,test
2024-11-07,-1.1559233194939043,-1.6538723723338902,-1.6375745634383536,-1.7971928074346806,test
2024-11-08,-1.1859272411692627,-1.6399541689176962,-1.6487004240110532,-1.771832003417251,test
2024-11-11,-1.1949367073786472,-1.6717474852374905,-1.7025111557604775,-1.7884752013645453,test
2024-11-12,-1.1896496900718458,-1.6411360023208,-1.6291124450076502,-1.757988381906328,test
2024-11-13,-1.1753574398688582,-1.6003521857439862,-1.5873567258680574,-1.6965998679090841,test
2024-11-14,-1.1974841024690221,-1.5829554189204489,-1.5809458408258001,-1.687923094819899,test
2024-11-15,-1.2141035652550076,-1.5731755840803132,-1.5854748913655818,-1.655654740863864,test
2024-11-18,-1.2372222781007767,-1.5339177536178223,-1.5558673659763949,-1.59552912204415,test
2024-11-19,-1.1665789431745235,-1.6064706460726077,-1.59245312536091,-1.6422441055942671,test
2024-11-20,-1.1647040972784508,-1.4708757862922526,-1.4565779194181292,-1.5372995913547058,test
2024-11-21,-1.1513193333812033,-1.5346825545890337,-1.5374779558228626,-1.5864022142942669,test
2024-11-22,-1.1621710179338376,-1.4954896917366916,-1.5112650658563618,-1.5527541698241754,test
2024-11-25,-1.3304139311970336,-1.2193923445049801,-1.2036816891722997,-1.3293723877388928,test
2024-11-26,-1.3856203489626684,-1.2326895243155822,-1.2240620923553818,-1.3215073411487215,test
2024-11-27,-1.4558208630760852,-1.1449333871545664,-1.1360624106642803,-1.2353448522511394,test
2024-11-28,-1.479606651166733,-1.0904334717693362,-1.0945658515997794,-1.1718860521604295,test
2024-11-29,-1.481767593220108,-1.1936908687007382,-1.2280377035095063,-1.2687935483316772,test
2024-12-02,-1.4450121632750355,-1.250027745330703,-1.2765213834566562,-1.340794723713731,test
2024-12-03,-1.491593321757896,-1.1950619326689813,-1.1829114490311226,-1.2800763367285675,test
2024-12-04,-1.3952727496566393,-1.294759500772175,-1.2773012646317523,-1.3617360594256593,test
2024-12-05,-1.386477724307787,-1.2927051447576576,-1.2902426191569982,-1.4026437937948633,test
2024-12-06,-1.382359380083934,-1.2576069247780717,-1.276128148951034,-1.3615959140137663,test
2024-12-09,-1.4245315905590592,-1.2167326942286574,-1.232342647821024,-1.3227546767334162,test
2024-12-10,-1.2924311071473416,-1.3494169234613016,-1.3331239220582811,-1.4307636171576845,test
2024-12-11,-1.2681242695889257,-1.3959075207841984,-1.3748435311430436,-1.4712750249192486,test
2024-12-12,-1.2586986479650437,-1.3604056589516318,-1.3570870831158237,-1.4488398420504196,test
2024-12-13,-1.2385069424905057,-1.3396576440442431,-1.3535745395830352,-1.4472780326013315,test
2024-12-16,-1.2220627256607728,-1.4258465301449874,-1.4549623954309434,-1.526834192917483,test
2024-12-17,-1.2168520271983945,-1.4095834558524978,-1.3906041102476334,-1.5311783802954055,test
2024-12-18,-1.0673780092312257,-1.463250415837241,-1.440424642601504,-1.5840511278848786,test
2024-12-19,-1.0878725479313425,-1.239973288237889,-1.2284484632092374,-1.4073441419440373,test
2024-12-20,-1.100283167921997,-1.2799925514123067,-1.290288166153302,-1.4230041453172786,test
2024-12-23,-1.115186335894614,-1.2566198248817948,-1.278827870835486,-1.4128880493563847,test
2024-12-24,-1.103869291657655,-1.3070960295718066,-1.2924643523782842,-1.450450711076867,test
2024-12-26,-1.0904790198371677,-1.3933141478659041,-1.3998479552269136,-1.4983854615023167,test
2024-12-27,-1.0673168144840712,-1.6085687137007674,-1.6467384714114082,-1.6844548261612435,test
2024-12-30,-1.0521146387074272,-1.6616756950665559,-1.6984945324696321,-1.7284552878422967,test
2024-12-31,-1.0219770459364803,-1.6086505107090727,-1.5849071766362486,-1.6927484922102856,test
2025-01-02,-0.9881766623763958,-1.6688931035194292,-1.6634818947969998,-1.7277174412413265,test
2025-01-03,-0.9055569774887845,-1.475209581821657,-1.473273695735334,-1.5837096262301782,test
2025-01-06,-0.8920754328835366,-1.5391057448768812,-1.574645486308872,-1.6363728015293744,test
2025-01-07,-0.9518862201895015,-1.2586984391926013,-1.2460513151117636,-1.3991264683251823,test
2025-01-08,-0.9692858657798182,-1.316133159480111,-1.3017938119432289,-1.4065406257145934,test
2025-01-09,-0.9422491892694167,-1.2971719627295577,-1.3003824491296438,-1.408548289401868,test
2025-01-10,-0.9369450297311261,-1.4660331156032562,-1.499369854336569,-1.560617694879377,test
2025-01-13,-1.0357271514877089,-1.1385188322557143,-1.1320589513701227,-1.2993055509826243,test
2025-01-14,-1.0173410674028043,-1.283234261074714,-1.2712807410257323,-1.4204044688240214,test
2025-01-15,-1.0036684091268737,-1.2843474241708985,-1.2698964020140524,-1.4273333973845472,test
2025-01-16,-1.0308644985513826,-1.2270994902089702,-1.225855312192689,-1.3570916757033644,test
2025-01-17,-1.0565292893132543,-1.1856344675088697,-1.2056513330261946,-1.3048704422742456,test
2025-01-20,-1.071288501425019,-1.2893322377063343,-1.3172021989143865,-1.3996885361027893,test
2025-01-21,-1.2237865878309913,-1.0189122112864952,-1.0101998320536345,-1.20267469186498,test
2025-01-22,-1.2752204766516007,-1.071392278083292,-1.0627098018563796,-1.2555400379886812,test
2025-01-23,-1.2833293717039014,-1.1742169415487071,-1.1801097681062598,-1.3355134129319832,test
2025-01-24,-1.274443012187005,-1.2483226367765068,-1.2787644505775122,-1.3698448707703168,test
2025-01-27,-1.2909740553999927,-1.1938374601245618,-1.2213198612146021,-1.3298007672907233,test
2025-01-28,-1.289568437408583,-1.3128990629268977,-1.2974785204646277,-1.4809023419687757,test
2025-01-29,-1.295182116553569,-1.3223101526119303,-1.3021427341091922,-1.4909186118754636,test
2025-01-30,-1.2976958409212875,-1.3132318513939718,-1.309999193652013,-1.4982041928944705,test
2025-01-31,-1.3367856477069928,-1.165164592528357,-1.1671160732809278,-1.3788814642899718,test
2025-02-03,-1.3382511186912305,-1.1269561292481804,-1.1381246692220413,-1.3494100366430564,test
2025-02-04,-1.4300541339724955,-0.9124155140905073,-0.9042088837125386,-1.1409259053408964,test
2025-02-05,-1.372594813842706,-1.020739134137714,-1.010109159674451,-1.1829949007787917,test
2025-02-06,-1.31795797590162,-1.0816648762160361,-1.0892266772753278,-1.2615546149418444,test
2025-02-07,-1.268078958908418,-1.1882513452222105,-1.2180871445696224,-1.3546676937561566,test
2025-02-10,-1.2873025497680775,-1.0726475412661258,-1.0820010394881037,-1.2498464372001172,test
2025-02-11,-1.2768439562772718,-1.287116840999357,-1.269662784945977,-1.419562852431843,test
2025-02-12,-1.2529277645319832,-1.4294419536179523,-1.4053026032448521,-1.548068269798036,test
2025-02-13,-1.2787082718769218,-1.2442339903814192,-1.2348797098286657,-1.3970195585788645,test
2025-02-14,-1.3216215689226591,-1.184503768126228,-1.19048189091393,-1.3317318158495866,test
2025-02-17,-1.316071502603969,-1.35516577395145,-1.389112923002042,-1.4709423497553276,test
2025-02-18,-1.280626602048546,-1.4816725283008438,-1.4616891422585907,-1.5503245112623778,test
2025-02-19,-1.2633452849452906,-1.447029050949808,-1.4238189110765889,-1.519806297208838,test
2025-02-20,-1.252299681126095,-1.578585052654455,-1.5767733277221763,-1.6323394871604073,test
2025-02-21,-1.2358328728888273,-1.652992668858991,-1.6710952744393406,-1.7101476908864361,test
2025-02-24,-1.2407605062253708,-1.6317129020378782,-1.6551176046293976,-1.6728994245088096,test
2025-02-25,-1.249269557430227,-1.5419782414159644,-1.5195999924349262,-1.6368003019926118,test
2025-02-26,-1.238160496401226,-1.5595443688236819,-1.5346491690040953,-1.6516121517068472,test
2025-02-27,-1.2422439212027023,-1.4862223154105496,-1.481417719656884,-1.5709329559656195,test
2025-02-28,-1.2332139746918316,-1.4662801993523273,-1.4827565061568988,-1.553903537564787,test
2025-03-03,-1.2330681712659846,-1.4515669581033706,-1.4767150162798195,-1.540227744895336,test
2025-03-04,-1.1962926045250124,-1.4396016577177821,-1.4225963677649271,-1.522319409018195,test
2025-03-05,-1.066669026287359,-1.3347554529865715,-1.3190295107629675,-1.4210452838503589,test
2025-03-06,-1.005023452834878,-1.236931163693107,-1.23059510528807,-1.3476081281492307,test
2025-03-07,-0.9323765827816829,-1.164628300345244,-1.1690175730872618,-1.2838469774226011,test
2025-03-10,-0.9224142739255109,-1.1014442008815772,-1.1148113387063068,-1.2014981047277309,test
2025-03-11,-0.7854076334598882,-1.0516379004776115,-1.047752281151538,-1.1942261564938752,test
2025-03-12,-0.715737919743475,-1.0872249336883633,-1.081058281201596,-1.2244967603408354,test
2025-03-13,-0.49877745976848303,-1.1881139579511417,-1.1951368793106725,-1.3422013142550966,test
2025-03-14,-0.45618028912290953,-1.2192730190250862,-1.2399559569954592,-1.3886707888478502,test
2025-03-17,-0.437816098946745,-1.2592341786625723,-1.2830229015739782,-1.428799456953802,test
2025-03-18,-0.41198181028298925,-1.4166013014120218,-1.401257267519367,-1.5614412962899822,test
2025-03-19,-0.39952895218285767,-1.4302003384459911,-1.409830483918039,-1.578609126030221,test
2025-03-20,-0.41260894462940584,-1.3520264447158166,-1.3473050380818383,-1.5402841415536117,test
2025-03-21,-0.38685774261802225,-1.369263061413979,-1.3851433133542295,-1.558029256719776,test
2025-03-24,-0.36706277847550595,-1.4048601577585962,-1.4331296656757195,-1.6098536267293673,test
2025-03-25,-0.31932961937787213,-1.3334484210511197,-1.3165825793427084,-1.5197681293804337,test
2025-03-26,-0.3086851940679431,-1.4023165053546411,-1.3810158675603759,-1.6004008309300586,test
2025-03-27,-0.30159459526100546,-1.4364307144995896,-1.4348709703720444,-1.6135629824501678,test
2025-03-28,-0.2951721728641822,-1.3998972475274432,-1.413410192300842,-1.581402465701912,test
2025-03-31,-0.2857393375245754,-1.4111659623183135,-1.4370943715821163,-1.5879848279133946,test
2025-04-01,-0.28203918685700563,-1.374019307585226,-1.3549677519778927,-1.55086416489524,test
2025-04-02,-0.275384988464867,-1.3646777629408642,-1.3440603708887027,-1.5427155356097284,test
2025-04-03,-0.2802154506988834,-1.2082898009012861,-1.2007665246630441,-1.423613244165609,test
2025-04-04,-0.34762695975608904,-0.9853136119025595,-0.9696882673784335,-1.2489521960667935,test
2025-04-07,-0.40153366769123316,-0.8743683455378712,-0.8670918029929912,-1.1295479187369595,test
2025-04-08,-0.45329301119159876,-0.7581893450440934,-0.7583250462857968,-1.0134318451232938,test
2025-04-09,-0.46842614979941516,-0.7467523846275527,-0.748900811777009,-0.9919912026478654,test
2025-04-10,-0.5884178091855348,-0.5474456397973956,-0.5487924976510876,-0.7966646995464886,test
2025-04-11,-0.6217358921677477,-0.5825206269038642,-0.5867169331141295,-0.8169931797081756,test
2025-04-14,-0.8706270129695219,-0.3942062232282495,-0.37363120967544383,-0.6407544835498816,test
2025-04-15,-0.9175443536127307,-0.5009954638465839,-0.5078542826911254,-0.6946368450410406,test
2025-04-16,-0.9478547414308637,-0.5340456971415721,-0.539276600865512,-0.7224859207941904,test
2025-04-17,-0.986893107707232,-0.5967517565733856,-0.6057679256473029,-0.8017772363080695,test
2025-04-18,-0.9990727567876785,-0.6835046865072307,-0.7047448790287226,-0.922651898617673,test
2025-04-21,-0.9872106072850914,-1.0351273968619177,-1.0879515842555672,-1.2359183308420185,test
2025-04-22,-1.02646818290301,-0.8853971492841528,-0.8734896842780364,-1.1279995984338513,test
2025-04-23,-1.050035306406959,-0.8944003712737608,-0.880657858238089,-1.0940924592458845,test
2025-04-24,-1.1197868118750307,-0.7648140381170777,-0.7542985097068832,-0.9986459543049906,test
2025-04-25,-1.1422896503130073,-0.860338760250897,-0.8748827724155577,-1.0783221200293598,test
2025-04-28,-1.1547379703475378,-0.7945513215242702,-0.821861578550938,-1.035192399548072,test
2025-04-29,-1.1718024564261074,-0.8118755298052422,-0.8015436610714143,-1.089048386262381,test
2025-04-30,-1.1484347679218203,-0.8182623638729697,-0.8049375160643424,-1.0935844234371022,test
2025-05-01,-1.157377165898467,-0.8932561234654977,-0.8893543232803938,-1.1833984704807792,test
2025-05-02,-1.1765536135071182,-0.8839825921927725,-0.8942425472047714,-1.168836492498247,test
2025-05-05,-1.2120092683716126,-0.8412258865638141,-0.8525160480128545,-1.1529006022967965,test
2025-05-06,-1.2164678413032783,-0.935479129692619,-0.9213669186210001,-1.2705015726365947,test
2025-05-07,-1.2190183235585086,-0.9501383583877621,-0.9336579466233129,-1.284941032554783,test
2025-05-08,-1.2546634426910037,-0.9158840834559521,-0.9107072270485683,-1.2676196573695444,test
2025-05-09,-1.296896353801223,-0.9245081987509005,-0.9332250991713443,-1.2659344211896375,test
2025-05-12,-1.29412627809161,-1.08108302075481,-1.113563557051203,-1.3952554186728117,test
2025-05-13,-1.3628312387396018,-0.9094102366242838,-0.8980087836089647,-1.253110099965971,test
2025-05-14,-1.342673675692406,-1.0642782410405927,-1.0497433759416623,-1.3783613581163932,test
2025-05-15,-1.3166157951507913,-1.0320930685785636,-1.0289443876946527,-1.3610308852306898,test
2025-05-16,-1.328718797985253,-1.1015836750990686,-1.1177509254641158,-1.393507538138308,test
2025-05-19,-1.3203980141240943,-1.153339572575196,-1.1878056444738343,-1.4127534859901736,test
2025-05-20,-1.3118146248974312,-1.1869780499259097,-1.1716579481634635,-1.4111777216072487,test
2025-05-21,-1.3168653017417478,-1.21192591901416,-1.1930185422466888,-1.414541509605899,test
2025-05-22,-1.3403300370896825,-1.2144151375978964,-1.2096962624235574,-1.4257716238408347,test
2025-05-23,-1.332550154018206,-1.2135168943437071,-1.2239073605845945,-1.4409242372221838,test
2025-05-26,-1.3707891721070904,-1.125469364576287,-1.1330037668736248,-1.386969737581123,test
2025-05-27,-1.3754607134334227,-1.2722469554739497,-1.2571968628602384,-1.4767875208696737,test
2025-05-28,-1.3635991616295797,-1.263799466850749,-1.2456481322480446,-1.4796397699649713,test
2025-05-29,-1.3600861907133992,-1.280417701078188,-1.2795396848168545,-1.4690835392085873,test
2025-05-30,-1.419401367539301,-1.1642043140618035,-1.1648077741686849,-1.402573788914345,test
2025-06-02,-1.4275982926206607,-1.2611448687029307,-1.2817487507848837,-1.469362009965085,test
2025-06-03,-1.4240832011099394,-1.281077854211035,-1.2658572587125536,-1.470318557144548,test
2025-06-04,-1.36896628838655,-1.3116727531251675,-1.2931435397513802,-1.498532038004438,test
2025-06-05,-1.3921440622238213,-1.2953192735222594,-1.2950699153865046,-1.4367747153305481,test
2025-06-06,-1.4071167825522024,-1.3108621869525514,-1.3217750640144916,-1.471465841701404,test
2025-06-09,-1.4119353899990499,-1.3636652398164106,-1.3889974089432808,-1.5140588261575285,test
2025-06-10,-1.4146002855849074,-1.4594245298303845,-1.440687818492271,-1.6013878843015825,test
2025-06-11,-1.4309701285379326,-1.408111625899007,-1.3868691619078817,-1.5701049538596683,test
2025-06-12,-1.4557264968237689,-1.3784496977174399,-1.373654055412429,-1.5585768919105865,test
2025-06-13,-1.4992824698722447,-1.3406850591175226,-1.3476284820241393,-1.5219850022076813,test
2025-06-16,-1.5703990668293764,-1.229033922222206,-1.2311338097272093,-1.4275218533240737,test
2025-06-17,-1.48882899556797,-1.28968348248406,-1.2771928672607775,-1.4771391886158995,test
2025-06-18,-1.5026274271757485,-1.2635367567231244,-1.2487883571494347,-1.4584509708142972,test
2025-06-19,-1.542511522635809,-1.2233709412628146,-1.2228506825316618,-1.4197110387327296,test
2025-06-20,-1.55194648313098,-1.329606458376722,-1.3555861923497208,-1.5087213721837047,test
2025-06-23,-1.5565362128389522,-1.4337284984172511,-1.4679857892124117,-1.6057275345212356,test
2025-06-24,-1.593404410182022,-1.3265248490539168,-1.3105739739959639,-1.5230890695731274,test
2025-06-25,-1.606408578110919,-1.358225995878074,-1.3401137898179207,-1.531328704946234,test
2025-06-26,-1.6061437900121447,-1.4826139720150355,-1.4844173112581427,-1.6112778867102324,test
2025-06-27,-1.6131910337983466,-1.3894731396375122,-1.4027737216025282,-1.5112832091626287,test
2025-06-30,-1.606150390957081,-1.3670214892219885,-1.3913216849310752,-1.4847427768942034,test
2025-07-01,-1.5813001537703444,-1.4449127229395915,-1.4273290071594302,-1.5163204966018122,test
2025-07-02,-1.5783676559769508,-1.4409875260887148,-1.4203381075908699,-1.5131157002602682,test
2025-07-03,-1.341405498966815,-1.4087539006439789,-1.4075168726353093,-1.5103634798404741,test
2025-07-04,-1.3800343399704942,-1.281820561886593,-1.283866753968181,-1.387343170420028,test
2025-07-07,-1.36087818228754,-1.5087352519180814,-1.5589699299887743,-1.5619415768261176,test
2025-07-08,-1.3686801064491148,-1.4354977633956008,-1.4183232876416292,-1.5347808312780125,test
2025-07-09,-1.3601936500005585,-1.457120663649688,-1.4363594852190524,-1.5657225251672606,test
2025-07-10,-1.3565620462593715,-1.5487854365394937,-1.550669086190546,-1.6301128017208557,test
2025-07-11,-1.3576140362571145,-1.6523843786579562,-1.6771432266767834,-1.722990220478371,test
2025-07-14,-1.3236729310245907,-1.6032053154391799,-1.6338452530479621,-1.6822657937391383,test
2025-07-15,-1.3257172915678241,-1.6682608301985105,-1.6448185714637804,-1.7491296246789454,test
2025-07-16,-1.336309682174267,-1.6227844437596466,-1.5973755258814863,-1.725054426484717,test
2025-07-17,-1.4233939005892005,-1.4095389136232845,-1.396964282532828,-1.5459270799135196,test
2025-07-18,-1.4335161442165587,-1.5001584939450314,-1.5238364245761993,-1.5982931995783682,test
2025-07-21,-1.4374121531884394,-1.5462319564621103,-1.5861399694206564,-1.6451027669826168,test
2025-07-22,-1.434697681240481,-1.556701684108477,-1.5397761971647705,-1.6738174112731936,test
2025-07-23,-1.4344995323788954,-1.5877433426004228,-1.565576576486443,-1.7401539797467613,test
2025-07-24,-1.3819586608212893,-1.6545540334210478,-1.6495262555951808,-1.8106649713528888,test
2025-07-25,-1.3964046374155408,-1.6393226248374992,-1.6543837853794454,-1.7702320025139224,test
2025-07-28,-1.3767159482270894,-1.6761696779559705,-1.7118843042879142,-1.8169063615434564,test
2025-07-29,-1.3890939583411068,-1.5906920003784055,-1.571149640776413,-1.7488113551748703,test
2025-07-30,-1.41796854680187,-1.5277847898652739,-1.50789554593558,-1.6895117843015859,test
2025-07-31,-1.4486043273461109,-1.4752732879220358,-1.4711268046952821,-1.6594000911885654,test
2025-08-01,-1.4807984022862797,-1.4810114747994976,-1.4976735326032131,-1.662711546893507,test
2025-08-04,-1.7500437468278098,-1.1340254900740934,-1.1158242467038233,-1.3477180460848028,test
2025-08-05,-1.7689816208052123,-1.2828373742276993,-1.2748361958165504,-1.4701120987605985,test
2025-08-06,-1.787997403861703,-1.3131153031243188,-1.3009824461332786,-1.5087472897190157,test
2025-08-07,-1.7655251695566818,-1.3746051584191463,-1.3815250799712058,-1.5403996000792721,test
2025-08-08,-1.7998830984453087,-1.338684779991127,-1.3599580498819575,-1.503008201441272,test
2025-08-11,-1.7993327659668954,-1.5448377884285522,-1.5830601794932206,-1.676222494697471,test
2025-08-12,-1.776418103894171,-1.6212622141259923,-1.6003343794533558,-1.7442531863441242,test
2025-08-13,-1.803945467507994,-1.468090650723062,-1.4468835665721338,-1.6334499011963994,test
2025-08-14,-1.807691909832957,-1.5878640276468794,-1.588766167763274,-1.7107973792844304,test
2025-08-15,-1.8293140780146886,-1.5872505678735878,-1.6063297811393622,-1.712546436014274,test
2025-08-18,-1.8188633578385471,-1.664690209533331,-1.704788123022059,-1.7579553531406036,test
2025-08-19,-1.7328115915074263,-1.667502246620112,-1.6460097978394108,-1.753581755797223,test
2025-08-20,-1.7012749324710825,-1.7487547403341885,-1.7197432506673624,-1.8332990564357805,test
2025-08-21,-1.695261497717717,-1.7139092775907256,-1.7089515218978832,-1.7985119084897452,test
2025-08-22,-1.7030800813813736,-1.7289730746136613,-1.7488317016751422,-1.8061466551960514,test
2025-08-25,-1.7910486276685447,-1.5103649163631954,-1.5112285328844355,-1.647815589683148,test
2025-08-26,-1.7951031520613323,-1.6340347087071625,-1.613500785971531,-1.7318577689016188,test
2025-08-27,-1.8126889252831704,-1.5108469712234318,-1.4899510581346023,-1.6382095698417671,test
2025-08-28,-1.8228615836805828,-1.5445915922252909,-1.544945101443705,-1.6503375341109305,test
2025-08-29,-1.8169365343254,-1.6035380295785564,-1.6345264630833498,-1.7202366790719215,test
2025-09-01,-1.816502376548524,-1.6782652514249847,-1.7115820822115608,-1.7868989223451075,test
2025-09-02,-1.74769384708074,-1.7836884523634104,-1.760685578586568,-1.8614667468508135,test
2025-09-03,-1.7799710526178092,-1.7082306033205747,-1.6832241011188271,-1.8136380285256433,test
2025-09-04,-1.8093216089033268,-1.727764839008568,-1.7224395361148308,-1.7927169785734347,test
2025-09-05,-1.767302329707692,-1.7618966861657774,-1.787061756515625,-1.8090423039644428,test
2025-09-08,-1.8064590364403128,-1.6577715817830092,-1.6771010477060844,-1.768421196966699,test
2025-09-09,-1.7998173050868715,-1.7155294701578734,-1.6970149702686423,-1.8352400323107771,test
2025-09-10,-1.7899265835113236,-1.7386138198454002,-1.7145514817372953,-1.8944878049714005,test
2025-09-11,-1.7791951425921178,-1.6945347169843887,-1.6903996630932934,-1.861855878794883,test
2025-09-12,-1.803062020233451,-1.634586135171349,-1.6478726692174888,-1.8040363447362244,test
2025-09-15,-1.785277105352535,-1.77243440002659,-1.81542993250561,-1.9141597396787473,test
2025-09-16,-1.777609234033739,-1.8127835322513999,-1.7912601756779238,-1.9482300817715352,test
2025-09-17,-1.7879914658884057,-1.7561561140463635,-1.7313594458523405,-1.9430816996029936,test
2025-09-18,-1.872627195153054,-1.5851186587364392,-1.5743682405401118,-1.8147189721250485,test
2025-09-19,-1.9218596913926562,-1.6269850402396642,-1.6401084059616144,-1.828371417863883,test
2025-09-22,-1.9360629952231627,-1.6234043945934618,-1.6560414409757414,-1.803409231618241,test
2025-09-23,-1.945918271274819,-1.6550396009386334,-1.6376797718090876,-1.8027054242224245,test
2025-09-24,-1.9685026840811921,-1.6738419917655383,-1.6524076896346274,-1.8040270493331043,test
2025-09-25,-1.9362212614648056,-1.7894464327667239,-1.7899145139418677,-1.9314117170960472,test
2025-09-26,-1.9700891899454887,-1.7695773053767416,-1.7860129637865645,-1.8971882947732885,test
2025-09-29,-1.9778179317456446,-1.8259994373658797,-1.8613662617256896,-1.9514692329740817,test
2025-09-30,-1.9017168277441143,-1.7988162769073677,-1.7758628361534345,-1.8820867786348343,test
2025-10-01,-1.9009538538545292,-1.7852315333224507,-1.7590349587128342,-1.8704952823019125,test
2025-10-02,-1.972002682295313,-1.6070841819783215,-1.5987381409595012,-1.7518243566437601,test
2025-10-03,-1.9830992279580517,-1.7242551482737145,-1.750616540074922,-1.8524541948444997,test
2025-10-06,-1.9803390046774287,-1.8108581697686417,-1.8608811904424598,-1.9320159714046405,test
2025-10-07,-2.045728326898186,-1.6358411650302576,-1.6166615533040236,-1.7876225575487492,test
2025-10-08,-2.049640340623713,-1.7608399583655314,-1.7365321889694185,-1.8263661424927107,test
2025-10-09,-2.0616101876928323,-1.794224280522261,-1.7911911947421324,-1.8328615164957063,test
2025-10-10,-2.089641913247516,-1.7483437166462632,-1.766058621093722,-1.7727489398816973,test
2025-10-13,-2.147255281268922,-1.6446715971738333,-1.6667538150087404,-1.681497508957877,test
2025-10-14,-2.183520005238735,-1.7243797723298409,-1.7040756762433553,-1.7672065385806506,test
2025-10-15,-2.2052742789673454,-1.6773313262678402,-1.6551473040173763,-1.7461327476918604,test
2025-10-16,-2.2052760408483976,-1.7138565217024941,-1.7156984510748734,-1.7917694686336432,test
2025-10-17,-2.2227509146326874,-1.7552951404139836,-1.784433179734137,-1.832968627113424,test
2025-10-20,-2.2396763520677143,-1.7945539471732528,-1.8285027242105196,-1.8745850715668009,test
2025-10-21,-2.2256791469852235,-1.9219427451523687,-1.8975595582599427,-1.999411165710823,test
2025-10-22,-2.2212736935017596,-1.9084829904689578,-1.8792072190225235,-1.9915228173714434,test
2025-10-23,-2.195267580224364,-1.9879883648755878,-1.9871184848448942,-2.055175063504122,test
2025-10-24,-2.182210704504237,-2.0762987382168565,-2.1132963345658546,-2.1094534045988684,test
2025-10-27,-2.2011449229032185,-1.9208320031379678,-1.9377576427621914,-1.9944573706173507,test
2025-10-28,-2.1736676630332132,-2.0367795893127068,-2.0092154044043005,-2.0955159230371416,test
2025-10-29,-2.1894662018365696,-2.0226121233060326,-1.9902278304616554,-2.081037838134645,test
2025-10-30,-2.3041840155481172,-1.7783706543507551,-1.7648686602478758,-1.9080859886924648,test
2025-10-31,-2.322592959408332,-1.7945654222193599,-1.8178827112261466,-1.9096369174697259,test
2025-11-03,-2.3335395874754807,-1.88774436739141,-1.9288578233925195,-1.9609005358629927,test
2025-11-04,-2.3451875921548613,-1.8841474855664613,-1.862984242973668,-1.944500201155849,test
2025-11-05,-2.354433607918499,-1.8955903384808013,-1.8695118210134918,-1.9505619574339477,test
2025-11-06,-2.358054880167564,-2.0128561111090026,-2.01114799026216,-2.071243091042415,test
2025-11-07,-2.356423076817809,-2.0427750322649425,-2.069622168266539,-2.113683714412507,test
2025-11-10,-2.365575227000118,-2.042351009413065,-2.079606754328607,-2.1154113407044095,test
2025-11-11,-2.334579314765677,-2.058443814397866,-2.031411944561491,-2.121220344253438,test
2025-11-12,-2.3228572722176115,-2.0960950136890424,-2.064344915193526,-2.1584692213594376,test
2025-11-13,-2.317384121041285,-2.147415894109135,-2.146475589657379,-2.1823635516379856,test
2025-11-14,-2.335164440955956,-2.0918532365849307,-2.113740412563169,-2.120092203060843,test
2025-11-17,-2.316843021617702,-2.0803739896664344,-2.114169010987033,-2.090056824179367,test
2025-11-18,-2.3006529636929334,-2.160623359922674,-2.1331047300627377,-2.110933274851272,test
2025-11-19,-2.280271689650712,-2.1253088627965218,-2.094028773320117,-2.0916735663251727,test
2025-11-20,-2.2903002233509167,-2.076746897244583,-2.0733760505838488,-2.0289002475876186,test
2025-11-21,-2.3161923149663943,-2.0496620972094366,-2.0705438424018263,-2.0053546679751966,test
2025-11-24,-2.3441954909701646,-2.0226853106845515,-2.05365152716837,-1.981588239905195,test
2025-11-25,-2.3586991339077343,-2.0354516433016654,-2.0113641485145255,-2.0109846502954207,test
2025-11-26,-2.3935608998447697,-1.953611933145913,-1.9277868393758832,-1.9473122144571176,test
2025-11-27,-2.405610906548121,-1.9364263847833096,-1.9342761919628155,-1.9315215975532225,test
2025-11-28,-2.3997039554447888,-2.0743413463871407,-2.1143088543943933,-2.061229405407902,test
2025-12-01,-2.406384287561068,-2.060525405286695,-2.098585743064364,-2.067992415057368,test
2025-12-02,-2.412763990068306,-2.0570963480079296,-2.0330285811074664,-2.0636574278980473,test
2025-12-03,-2.3897580454427394,-2.1281234102154767,-2.0973862961553595,-2.1566848363807054,test
2025-12-04,-2.368574869816831,-2.1981009878714337,-2.1965909252170364,-2.228096663325644,test
2025-12-05,-2.360665848841517,-2.192854078105139,-2.226001974911607,-2.2166930624008385,test
2025-12-08,-2.3691198421603645,-2.198342804572289,-2.240561269234467,-2.2132676140394816,test
2025-12-09,-2.3756151270254424,-2.1896879116092625,-2.1608557848723415,-2.2313555047403315,test
2025-12-10,-2.3477238237068563,-2.206494324531097,-2.173047011607429,-2.26322692931342,test
2025-12-11,-2.3800123625952803,-2.0805789235663243,-2.07252131045774,-2.167267963655555,test
2025-12-12,-2.4020968528480724,-2.080474094040606,-2.106167049764232,-2.192997834740201,test
2025-12-15,-2.403611313985141,-2.10521256801605,-2.151642062903634,-2.2350148293422007,test
2025-12-16,-2.399113257185497,-2.1309468372950082,-2.1052925012353856,-2.2582913887947322,test
2025-12-17,-2.4132596314153623,-2.0187986626068284,-1.9917091239020643,-2.169372722826412,test
2025-12-18,-2.363880801608982,-2.0772131396504387,-2.07460988294839,-2.2249574084999457,test
2025-12-19,-2.345096012006342,-2.023682976437672,-2.043558447121587,-2.1758787155210517,test
2025-12-22,-2.33969008279235,-2.0688205518904845,-2.1143943955786795,-2.221506167180593,test
2025-12-23,-2.308072218139812,-2.095808743776515,-2.0716502879300194,-2.252476846799539,test
2025-12-24,-2.223224051041043,-2.1492772788161676,-2.1182825876112163,-2.282668791244706,test
2025-12-26,-1.9899106096752435,-2.224524068671685,-2.2614740583713364,-2.3403936296094527,test
2025-12-29,-1.8547931347480542,-2.2309212792950994,-2.270326706791526,-2.339759516242096,test
2025-12-30,-1.784261418176385,-2.1908196881592326,-2.1624553160024726,-2.304400446984211,test
2025-12-31,-1.697527611884613,-2.2304295554819653,-2.1969840411785158,-2.3110551430867945,test
2026-01-02,-1.6595183609648028,-2.19426593657993,-2.219840188887916,-2.296879238887051,test
2026-01-05,-1.6451122857845175,-2.1662411268189317,-2.2071583790108056,-2.259714208212501,test
2026-01-06,-1.6417906135837066,-2.1025320456703662,-2.077322568004833,-2.1758819090163,test
2026-01-07,-1.633161862379848,-2.1066362034992934,-2.0771975160966574,-2.1894436000489064,test
2026-01-08,-1.6330975367230391,-2.11491174629591,-2.114538199820665,-2.2197500488208766,test
2026-01-09,-1.6091844755744682,-2.1719611302777726,-2.208378043540786,-2.299246882408222,test
2026-01-12,-1.6005251827550997,-2.1599108567201855,-2.2040218380512817,-2.271754053290224,test
2026-01-13,-1.5459861249721607,-2.096862763629961,-2.070693724891482,-2.205737964888992,test
2026-01-14,-1.5343882990711302,-2.1559650875811074,-2.124860922684042,-2.2573867795699063,test
2026-01-15,-1.5228197930896916,-2.2237926277060347,-2.22392964778793,-2.2695846369571937,test
2026-01-16,-1.528182817155272,-2.193177558831587,-2.2244764844285676,-2.2200050295703284,test
2026-01-19,-1.5299463296407163,-2.1780685655269103,-2.220474164850815,-2.2085856068090086,test
2026-01-20,-1.5377138837247997,-2.151950396208499,-2.124867668789268,-2.194115116198881,test
2026-01-21,-1.5516545101538983,-2.0462891556986444,-2.0185874185767574,-2.1591772772175926,test
2026-01-22,-1.5499266961350406,-1.978786727078354,-1.9742366033713847,-2.10199362477056,test
2026-01-23,-1.5437520082554361,-2.015990403225508,-2.048157687458183,-2.093952669622445,test
2026-01-26,-1.556166296199008,-1.935718147270265,-1.9712977490544434,-2.0471409174402266,test
2026-01-27,-1.600946171160123,-1.8056868548620388,-1.7883991226945084,-1.9621693326488696,test
2026-01-28,-1.742417042326348,-1.6003545944755753,-1.5856415709899179,-1.7876517718861733,test
2026-01-29,-1.85927619628516,-1.5198613191602417,-1.5151277193483668,-1.7227474655621355,test
2026-01-30,-1.8701344306192833,-1.4391574770723552,-1.454502073419927,-1.6414918892692394,test
2026-02-02,-1.8790549318149439,-1.327452895206513,-1.3482679978383914,-1.5708759274185076,test
2026-02-03,-1.8611345561817374,-1.3569647380819922,-1.3520809893618415,-1.5591344350317002,test
2026-02-04,-1.7887285263923318,-1.4915537643218866,-1.4784754020013886,-1.6820977187643285,test
2026-02-05,-1.7215069671799155,-1.5835181241767908,-1.589225003594267,-1.7778044258031358,test
2026-02-06,-1.6326984682848298,-1.6350900339185441,-1.661659546197032,-1.8159238418384087,test
2026-02-09,-1.5840892525135242,-1.7901442164936463,-1.8383565037678218,-1.921046594208542,test
2026-02-10,-1.5779665771382534,-1.7398153967161354,-1.7172086020704487,-1.861861917209982,test
2026-02-11,-1.5691603867432973,-1.778091086016995,-1.7507171869648812,-1.8966462714768346,test
2026-02-12,-1.6103176147037985,-1.5901979853766601,-1.579043053147836,-1.7471724495868912,test
2026-02-13,-1.5971279869837625,-1.6664332004408886,-1.6889204443839183,-1.7903730017977657,test
2026-02-16,-1.5867230040659628,-1.6527971207485093,-1.693239628949553,-1.7722656497119251,test
2026-02-17,-1.5474804163076037,-1.8183876524003486,-1.794817642706362,-1.9014523844666549,test
2026-02-18,-1.4786396463899816,-1.812900882119984,-1.7832288213565897,-1.8926659197240792,test
2026-02-19,-1.4522241067177475,-1.9021794402236307,-1.8966668245697231,-1.97193740555644,test
2026-02-20,-1.2836152247675883,-1.8778982234826453,-1.8932691104341148,-1.9141842845518804,test
2026-02-23,-1.2531782576726427,-1.8175050049809984,-1.8364270117546662,-1.854307054470258,test
2026-02-24,-1.2415283353427857,-1.7858267800166676,-1.7606961325714428,-1.8140714928129624,test
2026-02-25,-1.223906855762779,-1.826266109754072,-1.7968055856631173,-1.8285102851567538,test
2026-02-26,-1.2152897233286153,-1.8900358640018047,-1.8913225513825442,-1.8732810799302695,test
2026-02-27,-1.2092283997247568,-1.9150715663994362,-1.9414357034432137,-1.8988613719529743,test
2026-03-02,-1.186007970290019,-1.9904433391452048,-2.0281413094031473,-1.969063079493992,test
2026-03-03,-1.2029242585661872,-1.8212870047895557,-1.79652998617287,-1.83749324828854,test
2026-03-04,-1.2220506150586896,-1.7084294448303512,-1.6865366980961294,-1.7071810916714478,test
2026-03-05,-1.261904264610464,-1.6169937606935172,-1.6130710309174663,-1.6248726233100805,test
2026-03-06,-1.3104106431625482,-1.4789718080716734,-1.4878136622409124,-1.5042050935337539,test
2026-03-09,-1.3549540840877512,-1.3678485694660758,-1.3865252444266183,-1.398341997274882,test
2026-03-10,-1.3800018185261524,-1.293725116363375,-1.2877572799574852,-1.3260185563270441,test
2026-03-11,-1.4107357265650549,-1.332959083022955,-1.3237716771558354,-1.3636286896270786,test
2026-03-12,-1.4219012941923164,-1.3982960938909372,-1.4059669321253332,-1.4253129463434284,test
2026-03-13,-1.4311781946244417,-1.4733496037175022,-1.5031757649111328,-1.4862948919792671,test
2026-03-16,-1.451162681876969,-1.5086556695586932,-1.5398894453948435,-1.5253723307489115,test
2026-03-17,-1.474468513653718,-1.563543216647834,-1.547432677924939,-1.5783264570856446,test
2026-03-18,-1.490384606865571,-1.6180148117501973,-1.596624134655744,-1.6311766523336637,test
2026-03-19,-1.50189362263554,-1.5493925346596769,-1.5460510028491894,-1.5828546353539328,test
2026-03-20,-1.5670695947903466,-1.406399936847257,-1.4111680250478715,-1.4668798594467747,test
2026-03-23,-1.5756692046201677,-1.4351035543514175,-1.4616449032938543,-1.4899607238621646,test
2026-03-24,-1.8215918263033313,-1.1525296341058788,-1.1421545571000153,-1.2604646628124372,test
2026-03-25,-1.888006808301405,-1.1746810916770103,-1.1648154563533795,-1.2625892009961102,test
2026-03-26,-1.922149429045788,-1.2319159096782122,-1.2392115451746715,-1.3019491419664628,test
2026-03-27,-1.9566000235967957,-1.267157215252536,-1.2927142202291257,-1.330074858633449,test
2026-03-30,-1.9645430504073507,-1.3369359622807173,-1.3825013827058659,-1.3860313454665683,test
2026-03-31,-1.9670543964002236,-1.4599553577232758,-1.440518332725833,-1.499006513387005,test
2026-04-01,-1.9867303027816532,-1.4175199234378106,-1.3941728583833233,-1.4805000970603712,test
2026-04-02,-2.012119667717593,-1.4330363120104124,-1.4277163929532204,-1.5133099533340284,test
2026-04-03,-2.052589772031012,-1.410454397006884,-1.4219193540387864,-1.498578784395982,test
2026-04-06,-2.0460799081425547,-1.6231098410240534,-1.6820365698787372,-1.6631709162902624,test
2026-04-07,-2.025559694003263,-1.597414569865988,-1.5753279112818568,-1.6452699318635142,test
2026-04-08,-2.0323811751791636,-1.6389525177815074,-1.6116224393106946,-1.7041257348633423,test
2026-04-09,-2.133464556395539,-1.5220798965214566,-1.5099408293792482,-1.6255333281530417,test
2026-04-10,-2.156192037988111,-1.6707381000747026,-1.6927016662381045,-1.7383242027179824,test
2026-04-13,-2.1793841946283767,-1.6152068352132563,-1.6502335373478754,-1.6856945231233336,test
2026-04-14,-2.1994243831669347,-1.6409977583843094,-1.6199751339938986,-1.7272688508125973,test
2026-04-15,-2.212064604414273,-1.6858070868808928,-1.6596193489820839,-1.7727993784592542,test
2026-04-16,-2.201351278215989,-1.812829038317869,-1.8108516857615349,-1.889714082422966,test
2026-04-17,-2.180964555726068,-1.85839315730137,-1.8869096816932363,-1.925654402588193,test
2026-04-20,-2.2171709560503876,-1.7827648035434203,-1.8051486577395544,-1.871328221992521,test
2026-04-21,-2.189112166744687,-1.8612815544318677,-1.8346049871661145,-1.9319839132362204,test
2026-04-22,-2.1853295076957484,-1.7693260773015544,-1.7415497810350435,-1.8651950367371595,test
2026-04-23,-2.1834106238529856,-1.8732668425256427,-1.8729673312052209,-1.9222703323445565,test
2026-04-24,-2.219710944553098,-1.8085273324060005,-1.8294753234532728,-1.86557078731895,test
2026-04-27,-2.2326068987075023,-1.9183230260895343,-1.9630851461237515,-2.0002944293046094,test
2026-04-28,-2.229703237762314,-1.9431433645600238,-1.9186472842115305,-2.0455934769810287,test
2026-04-29,-2.227452584624907,-1.9784911790029227,-1.947813084103466,-2.078975043381258,test
2026-04-30,-2.2433150460759856,-1.931306388581087,-1.9262650404251438,-2.079659285917279,test
2026-05-01,-2.2908766277410773,-1.8845897897462585,-1.897404064238031,-2.0385694073342564,test
2026-05-04,-2.333521057223259,-1.8872270311387558,-1.919681321253716,-2.0105017697804017,test
2026-05-05,-2.3591844415082366,-1.8724057006368335,-1.8510580835753427,-1.9851947267362613,test
2026-05-06,-2.369528385073535,-1.9354176146160442,-1.9083382688454529,-2.027974043134832,test
2026-05-07,-2.3945728176309897,-1.835912007049085,-1.8318178492096837,-1.9634693773701526,test
2026-05-08,-2.3925166688524135,-1.9033026020883614,-1.9283720620310738,-2.0031259516365667,test
2026-05-11,-2.392328439080474,-1.9719954807422544,-2.0141005978709003,-2.052372116449904,test
2026-05-12,-2.3730913766530524,-2.0490160867224305,-2.023454479361474,-2.11835878240117,test
2026-05-13,-2.288867020155634,-2.052785200598477,-2.0226320259490054,-2.1290113447025494,test
2026-05-14,-2.2649139797515145,-2.154180901614082,-2.1533953457674557,-2.1973414247557015,test
2026-05-15,-2.247048799659642,-2.1881343437685774,-2.218509593893175,-2.2261985813096556,test
2026-05-18,-2.26438965259571,-2.1294609486570484,-2.1611612795247597,-2.165749241856342,test
2026-05-19,-2.1951124487303906,-2.0637548351120816,-2.035951561101221,-2.1006096236252714,test
2026-05-20,-2.168015127575019,-2.1091588953137346,-2.0772031919351437,-2.134617295587968,test
2026-05-21,-2.1980192680017265,-1.9705702541939272,-1.9638029252738767,-2.019354042228099,test
2026-05-22,-2.231593026736924,-1.886447105771783,-1.9020852029473698,-1.9364129329305149,test
2026-05-25,-2.2303170725778494,-1.9595746950207404,-2.00399300837196,-2.0102698544249535,test
2026-05-26,-2.2003604914062405,-2.075196207439996,-2.0511198772745676,-2.085858021142797,test
2026-05-27,-2.164207313830171,-2.1186102887269755,-2.087870622138216,-2.1091846955742404,test
2026-05-28,-2.139224760379558,-2.1112418415506844,-2.107564700349941,-2.1058717159009097,test
2026-05-29,-2.1502256216774254,-2.143444538386026,-2.1653666361268153,-2.152385947328227,test
2026-06-01,-2.1380921266841217,-2.1625874765221256,-2.2004709187038123,-2.135498473033874,test
