date,Y_h,pred_HAR,pred_HAR-DOW,pred_HAR-X,split
2012-02-13,-0.931748797572126,-0.887098882720046,-0.8989535086213407,-0.9766526825394755,train
2012-02-14,-0.9501783909714685,-0.9263348379090246,-0.9106480175324903,-1.0180867943901157,train
2012-02-15,-0.7566496466856171,-0.9276804899149527,-0.9201694197624631,-1.0243871526399104,train
2012-02-16,-0.8411967050885967,-0.8651410246598314,-0.8679351225774486,-0.9751518250010961,train
2012-02-17,-0.9278692357673043,-0.860704514949455,-0.865586915436261,-0.9568458362556376,train
2012-02-20,-0.9570920352885195,-0.9498764246161945,-0.9614784465287638,-1.145611077886929,train
2012-02-21,-0.9321234146405424,-0.9779464383010635,-0.9612725943600752,-1.1799126668583273,train
2012-02-22,-1.2231823839829405,-0.7565584194291554,-0.746760002469163,-0.9519658146914818,train
2012-02-23,-1.1525791071592772,-0.9416305703172623,-0.9552856198188432,-1.0598023685663884,train
2012-02-24,-1.1573904520571145,-0.9713150485204601,-0.986514924130414,-1.0455820361914205,train
2012-02-27,-1.1435530547819528,-1.0435826355848978,-1.0578251014123463,-1.0185609894204664,train
2012-02-28,-1.125833453489968,-0.9910001063197648,-0.9739222154182826,-0.9682866926800947,train
2012-02-29,-1.1693668291406538,-1.0908743234798373,-1.0811504652079162,-1.0886307955902157,train
2012-03-01,-1.2800006638830883,-1.0221694777625085,-1.0253482198123445,-1.095843605612889,train
2012-03-02,-1.2652171203193716,-1.0610908551511993,-1.0746524578162955,-1.0513142262560984,train
2012-03-05,-1.2327336557023223,-1.0920183511409358,-1.1032400832294667,-1.0331291750091225,train
2012-03-06,-1.3014696901875769,-1.0522824739999916,-1.0339633042428382,-0.9908843015500071,train
2012-03-07,-1.2574859751943899,-1.1421897968828028,-1.1352500381915096,-0.9923346804134167,train
2012-03-08,-1.2039653550302125,-1.1938954017648713,-1.2066911459979297,-1.0385870048359396,train
2012-03-09,-1.2533806639136926,-1.1472806713586283,-1.157810139605,-1.1394653308618499,train
2012-03-12,-1.2484524517814826,-1.1479054775281503,-1.1545589064546844,-1.209758543935105,train
2012-03-13,-1.2816697910367914,-1.214123897538368,-1.19247464532108,-1.2763879809291292,train
2012-03-14,-1.3201027303951616,-1.1738816800801484,-1.164380333238619,-1.3132944970813978,train
2012-03-15,-1.3746261478257926,-1.1399883659425643,-1.1482872899925058,-1.2859862899128407,train
2012-03-16,-1.3562066512667044,-1.1914268000931516,-1.2089285515892136,-1.311200180164233,train
2012-03-19,-1.3664118950424367,-1.1713553999091404,-1.1777061884860531,-1.3250173229903615,train
2012-03-20,-1.264057004973902,-1.261329524776389,-1.2398042343401585,-1.3981630944183665,train
2012-03-21,-1.2797993434798598,-1.2579206198583381,-1.2488656621591798,-1.4027814056565109,train
2012-03-22,-1.2625012516567649,-1.2798352042889887,-1.290945592216034,-1.4217561756292414,train
2012-03-23,-1.2769287460998289,-1.2663018227630434,-1.280095312114498,-1.3967719342939375,train
2012-03-26,-1.2568698926192428,-1.262428024847624,-1.267884038831275,-1.3697748811348718,train
2012-03-27,-1.3630157077681435,-1.2004727307773004,-1.1806944045721968,-1.3013521324528954,train
2012-03-28,-1.2397372708423555,-1.2705897095637988,-1.2630663081142082,-1.3494908085535031,train
2012-03-29,-1.2090765596851343,-1.2377872693440815,-1.2489575906146282,-1.1761210735429777,train
2012-03-30,-1.2628215165107775,-1.2472419887803408,-1.264373596674273,-1.2219760054452986,train
2012-04-02,-1.35902589913101,-1.213148256133182,-1.2186792385350649,-1.112499038917555,train
2012-04-03,-1.2562148658799097,-1.335462043919691,-1.3127833990741615,-1.2526056691672784,train
2012-04-04,-1.336896360764046,-1.1895730836696392,-1.1788197020890732,-1.0951426099520891,train
2012-04-05,-1.3935473313068862,-1.2072524003124956,-1.215818748659998,-1.2605461865197487,train
2012-04-06,-1.3882247459306172,-1.3104440729568907,-1.336498421519921,-1.3532409311178222,train
2012-04-10,-1.2556798195212662,-1.3470137848239583,-1.323924622079997,-1.4458020668569127,train
2012-04-11,-1.3375476640401203,-1.2296036960783525,-1.2192840480732479,-1.3143814350454317,train
2012-04-12,-1.2984071599463687,-1.2866185784944146,-1.295656510021237,-1.3840664393790094,train
2012-04-13,-1.2836966669891237,-1.328714814827304,-1.3463157764928082,-1.4259385397447257,train
2012-04-16,-1.2602859843882894,-1.361689493018682,-1.3757608580797276,-1.448298733587301,train
2012-04-17,-1.4215137871476957,-1.214433105957993,-1.194939617249477,-1.2921003972708278,train
2012-04-18,-1.479981921937052,-1.320985797709497,-1.3122981162679628,-1.4096557824909057,train
2012-04-19,-1.496616649405346,-1.2536108756143143,-1.2595784083108268,-1.2198958012102539,train
2012-04-20,-1.5483315616339208,-1.2750408989226996,-1.2923435082284114,-1.2355466214573458,train
2012-04-23,-1.5327657681880622,-1.2820347807110495,-1.2950866170577735,-1.284434293513337,train
2012-04-24,-1.5940126470688893,-1.4013848722605768,-1.3772348111741082,-1.4137903316383214,train
2012-04-25,-1.5673313673934264,-1.4478502229587287,-1.4390250253096692,-1.4645725339086215,train
2012-04-26,-1.5929547664138461,-1.3586324027856596,-1.3625189176138084,-1.497046393904598,train
2012-04-27,-1.6440334148486013,-1.444336315286807,-1.4636588558391344,-1.4440276085412884,train
2012-04-30,-1.7455913459340284,-1.4128280314148023,-1.41976582141396,-1.3257323946313944,train
2012-05-01,-1.5302752294985331,-1.5904712985971288,-1.5617612470351145,-1.4978984417127446,train
2012-05-02,-1.4881904910372163,-1.4993141107632522,-1.487750837825119,-1.4063571993062451,train
2012-05-03,-1.5040480472343067,-1.4496705481414909,-1.4537372542907907,-1.379168217958319,train
2012-05-04,-1.4683647514872087,-1.5617673950437263,-1.5866004790777957,-1.6211624558257982,train
2012-05-07,-1.4297706474682277,-1.62029341472436,-1.63343750972254,-1.7069353091149204,train
2012-05-08,-1.5314186615479948,-1.4255928637506765,-1.401224099492449,-1.5103300210353066,train
2012-05-09,-1.4923115258797124,-1.4440158830439083,-1.4328392646199093,-1.4778669549377041,train
2012-05-10,-1.394497976205978,-1.4254589780683118,-1.4328196170550127,-1.437755278451697,train
2012-05-11,-1.277488803222815,-1.457487467537968,-1.4799642416045347,-1.4719390803297159,train
2012-05-14,-1.1470779645073124,-1.4395943704070921,-1.4535602116287472,-1.472576768500869,train
2012-05-15,-1.0995564863823677,-1.482730535422883,-1.4580483339045327,-1.5249046035095233,train
2012-05-16,-1.072648729706038,-1.4161279737618822,-1.4043592811990209,-1.5147870882907117,train
2012-05-17,-1.050185337069434,-1.339890649919693,-1.3415255897872327,-1.4638744702119824,train
2012-05-18,-0.9900303549409681,-1.296718619328894,-1.3070590547687422,-1.4042863239430812,train
2012-05-21,-1.0217591590076995,-1.220437173838071,-1.2248107755936313,-1.4183230847185648,train
2012-05-22,-1.0504750105014082,-1.2408807140454696,-1.2241706896033866,-1.4342107453083537,train
2012-05-23,-1.0576107731799178,-1.2006679925602526,-1.1950217827629614,-1.3525711893795251,train
2012-05-24,-1.0959532271787347,-1.140495408483176,-1.146126689647404,-1.3085552834525351,train
2012-05-25,-1.1408212203053172,-1.0902090269270779,-1.0983782077706459,-1.2250415888942257,train
2012-05-28,-0.9333499831105286,-1.1467504433262048,-1.156413015481645,-1.1257610198399672,train
2012-05-29,-0.8494859587598075,-1.218759071164305,-1.201699077469066,-1.1793851373348019,train
2012-05-30,-0.8132911936138099,-1.173511893442605,-1.1676090306223053,-0.9739286030944672,train
2012-05-31,-0.7600083328887408,-1.1485797218300637,-1.156366871841735,-0.9243444739526465,train
2012-06-01,-0.7804151166666026,-1.1419609875408752,-1.151730824894316,-0.965780731125096,train
2012-06-05,-0.9137180932413002,-0.982532966467207,-0.9688667208810281,-0.8468150025067998,train
2012-06-06,-0.8844854505131026,-0.9989063966135183,-0.9941127769750975,-0.8482600389599312,train
2012-06-07,-0.8957746220730325,-0.967871412711114,-0.9780619530981137,-0.9814188025427115,train
2012-06-08,-0.9715470132871648,-0.9075128819553306,-0.917418416038182,-0.9102832880062478,train
2012-06-11,-1.0167242760216042,-0.9609681929220892,-0.9732776587692408,-0.9918393092753317,train
2012-06-12,-0.9832943362216763,-0.9700070935013364,-0.956153658188408,-1.000755524539021,train
2012-06-13,-1.0621586328360912,-0.9331040487068794,-0.9269062197717117,-0.9760270727915589,train
2012-06-14,-0.9615035771732549,-0.9593820105763636,-0.969497638577432,-0.8926850320241086,train
2012-06-15,-0.9077965892106091,-0.9970189349373967,-1.0129786441269306,-0.9513071327748708,train
2012-06-18,-0.8997680250339499,-1.058296679267459,-1.0722576515183297,-0.9770561192456184,train
2012-06-19,-1.0535576917119283,-0.9563583209903465,-0.9409550189532252,-0.8868004650975094,train
2012-06-20,-1.045213273253434,-1.0482727611177807,-1.041087277742819,-1.0263921731756434,train
2012-06-21,-1.2835612016027382,-0.9313467443530468,-0.9308084875031364,-1.0243648737385138,train
2012-06-22,-1.3846151583287978,-0.9323892517920058,-0.9414955709234103,-0.9969669014645881,train
2012-06-25,-0.9141048510669031,-0.9953135628013404,-1.0096467313085375,-1.0844748871079959,train
2012-06-26,-0.8936147460310548,-1.13787996602595,-1.1184172646615271,-1.1972065773746494,train
2012-06-27,-0.9692408644986144,-1.062157460683655,-1.0542528827696525,-1.0787231400404615,train
2012-06-28,-0.9750388198281825,-1.255969741720777,-1.274645162397616,-1.3017185594912473,train
2012-06-29,-0.9155786114783241,-1.2066127588782298,-1.2174874004312715,-1.156286002916148,train
2012-07-02,-1.4269881623113685,-0.9076283695944631,-0.8910546345581029,-0.7874038667514112,train
2012-07-03,-1.4190503999645632,-1.1035999727464219,-1.0848148885786189,-0.9628181395534806,train
2012-07-04,-1.40361678714349,-1.2019459184608694,-1.1961413976234525,-1.0634416504718298,train
2012-07-05,-1.334090568497232,-1.241339791698325,-1.2633125643677299,-1.0693216853075311,train
2012-07-06,-1.4938657484178237,-1.0835233728843208,-1.0902001226882816,-1.0710247430116104,train
2012-07-09,-1.4124585811398147,-1.3093704217472935,-1.3188580546346196,-1.3691398039703515,train
2012-07-10,-1.4066689863248059,-1.3062156949696238,-1.2817164777760364,-1.3694706408958717,train
2012-07-11,-1.2688464639355521,-1.3324281546876842,-1.3225610206332263,-1.3522399607368691,train
2012-07-12,-1.2313886997144923,-1.2689722127757253,-1.2797126124222835,-1.2824591547523805,train
2012-07-13,-1.168669922385631,-1.3500947621383683,-1.3682636469585816,-1.3630013904653118,train
2012-07-16,-1.1604982667703578,-1.2733231753034802,-1.2769399113861701,-1.2658277599578809,train
2012-07-17,-1.119029977501787,-1.310432719015393,-1.2873741810712642,-1.3267732438748445,train
2012-07-18,-1.1938736587323258,-1.1894469581714906,-1.17833866041641,-1.2259645435266715,train
2012-07-19,-1.1217658338331749,-1.2090161022594903,-1.217852458591194,-1.2726541425361377,train
2012-07-20,-0.94212342953728,-1.1735514477022513,-1.1880029771916127,-1.2706726307132499,train
2012-07-23,-0.7080871647851933,-1.1727970145705608,-1.1801305169322267,-1.2761653499300656,train
2012-07-24,-0.736265112022895,-1.1650540616348735,-1.1478080874436813,-1.2594701980195104,train
2012-07-25,-0.7047887311488061,-1.2224776609409784,-1.2156492773526506,-1.3324083861452503,train
2012-07-26,-0.7132568407299783,-1.1176440731590493,-1.121635061474761,-1.145486537172576,train
2012-07-27,-0.47674843382411347,-0.9904253580954928,-0.9896576322064256,-0.8401683618162742,train
2012-07-30,-0.602937582162736,-0.8483724617580466,-0.8423069721484447,-0.6440232425949939,train
2012-07-31,-0.5614811742664868,-1.0439306064603238,-1.0302620819618735,-0.8203891805930071,train
2012-08-01,-0.6186647504219193,-0.9940944574856163,-0.9920456490137349,-0.781164068763796,train
2012-08-02,-0.7048583166553247,-0.9668443484672334,-0.9772246185131713,-0.8394517732622753,train
2012-08-03,-1.251907472288316,-0.7151161788351186,-0.7009821997851913,-0.7548350582130794,train
2012-08-06,-1.4612696213545158,-0.8849503697520553,-0.8905648067104563,-0.9545997493584476,train
2012-08-07,-1.61918863133001,-0.8927383561364589,-0.8821094037024763,-0.965791499620782,train
2012-08-08,-1.6379483521360405,-1.0472145004520375,-1.0483341790399134,-1.056695973353573,train
2012-08-09,-1.6822305511222322,-1.1233120063800301,-1.1478542037510173,-1.1199456449021534,train
2012-08-10,-1.7932646737563591,-1.20960187268075,-1.226996662129341,-1.2099278873941117,train
2012-08-13,-1.8025600209705464,-1.3116951499901945,-1.322383721193377,-1.3444454773813774,train
2012-08-14,-1.794000224283478,-1.379216429015113,-1.3513879033424236,-1.4134356058278554,train
2012-08-15,-1.6703480313965384,-1.422920529364529,-1.4109523065836234,-1.5114655152852505,train
2012-08-16,-1.5161505979016647,-1.4803859711336202,-1.4990214221542255,-1.5767970935520568,train
2012-08-17,-1.4546407182652268,-1.517715382799377,-1.5403825762131278,-1.5930710310242266,train
2012-08-20,-1.383296428564992,-1.492030505197618,-1.4985626635709846,-1.5357083319037912,train
2012-08-21,-1.4479271685145934,-1.4966064107858736,-1.4663092904969193,-1.5180787597911876,train
2012-08-22,-1.5310317241336269,-1.4119731495996328,-1.396057752859824,-1.419480812445574,train
2012-08-23,-1.6629117801832285,-1.3362832791806587,-1.341117609827356,-1.339292460594045,train
2012-08-24,-1.7387849857536246,-1.3435136622820338,-1.3623074068594532,-1.3406470375008945,train
2012-08-27,-1.5501118530964508,-1.2848701558090572,-1.2913577111291774,-1.3094493915481407,train
2012-08-28,-1.5508425453500763,-1.4751538796395174,-1.4493861406631097,-1.529916218697258,train
2012-08-29,-1.5257776081065288,-1.4809022743987972,-1.4704936132600492,-1.5024678011957915,train
2012-08-30,-1.3893792653461023,-1.555616755139421,-1.5717246720486286,-1.599488963574031,train
2012-08-31,-1.2421203938018401,-1.602754676823681,-1.6267363797566008,-1.4772125805042544,train
2012-09-03,-1.3633457600305336,-1.4043645076884896,-1.3963931970192967,-1.2224428158299236,train
2012-09-04,-1.339978858892114,-1.6319092691588502,-1.603711424063332,-1.4023843361229238,train
2012-09-05,-1.3410695073984311,-1.5574506282529272,-1.5455339467328386,-1.3862721424576032,train
2012-09-06,-1.3156595379018807,-1.4383054826733213,-1.4431506601053716,-1.2212322733603604,train
2012-09-07,-1.2431784769409295,-1.3428390905156817,-1.3529123282695839,-1.198211548594262,train
2012-09-10,-1.2567864649203506,-1.3925860981345715,-1.3981779778206955,-1.2897756772016913,train
2012-09-11,-1.1689628034561708,-1.479614274054352,-1.457086415301273,-1.3701816381081324,train
2012-09-12,-1.1285699384622232,-1.4380675182936409,-1.4306812763306376,-1.3063657144988008,train
2012-09-13,-1.1972095319683502,-1.3437015798541676,-1.3486328723394156,-1.2590034211765437,train
2012-09-14,-1.3008932077397102,-1.2710298216620926,-1.274701135275918,-1.2953471491218673,train
2012-09-17,-1.1657578087798242,-1.3303105456180646,-1.338742682174774,-1.366863159695856,train
2012-09-18,-1.1662881890071557,-1.2688996443206793,-1.250521603436761,-1.3087110288107515,train
2012-09-19,-1.1711670159615546,-1.2477692448971691,-1.2421442026149416,-1.2970733057830104,train
2012-09-20,-1.1844087444719786,-1.2882464288899305,-1.303211750858732,-1.3506725306627076,train
2012-09-21,-1.2069645746099877,-1.289367113919782,-1.3034732456861438,-1.3353310385996107,train
2012-09-24,-1.362986253065677,-1.1736555670995645,-1.1732829521547246,-1.2437723894599606,train
2012-09-25,-1.36105562151588,-1.2457052673050415,-1.2272338692756115,-1.270339040259006,train
2012-09-26,-1.3935085734718213,-1.2601697757375054,-1.2536556579414517,-1.3012612804046064,train
2012-09-27,-1.396237909929618,-1.2786686001138847,-1.2953619856274077,-1.2991327612602879,train
2012-09-28,-1.4027248187925148,-1.2556604011164092,-1.2736365445091211,-1.175887151576954,train
2012-10-01,-1.4789241271577565,-1.30180550906322,-1.3105556818692625,-1.145093501796525,train
2012-10-02,-1.5956126428368038,-1.2830669346455152,-1.2614144794804507,-1.1997270040859838,train
2012-10-03,-1.559946426091966,-1.3451720438263661,-1.3362272132275346,-1.2111792986086871,train
2012-10-04,-1.5490067612895684,-1.3357963461880649,-1.349484019648632,-1.1947476464442313,train
2012-10-05,-1.5558986674541737,-1.3098895576183365,-1.3256567456010235,-1.275483698072616,train
2012-10-08,-1.5073535529774618,-1.411983807354689,-1.427179128266856,-1.4342440145255644,train
2012-10-09,-1.4941291664721652,-1.4904086935690728,-1.4633124285507104,-1.4796528275961416,train
2012-10-10,-1.5672577998800472,-1.4114019527386876,-1.3983832247973633,-1.4121874186303238,train
2012-10-11,-1.5634582864827586,-1.4136339854341822,-1.4234409093924811,-1.42772096317723,train
2012-10-12,-1.6336138581989812,-1.3989494214388842,-1.4127144322391663,-1.4596796850474028,train
2012-10-15,-1.686825081476145,-1.3994356727278765,-1.4087726390048472,-1.4464259165244777,train
2012-10-16,-1.694487604808181,-1.4460060870556943,-1.4211343128199596,-1.4881202942125256,train
2012-10-17,-1.7196078940884847,-1.481501022497712,-1.4712172353936042,-1.5639916312013447,train
2012-10-18,-1.7236034965401905,-1.4418329841556312,-1.4514642754838167,-1.4387051129800563,train
2012-10-19,-1.7102491058385056,-1.5096948795520126,-1.5313546520360237,-1.5487707720397614,train
2012-10-22,-1.6563841703526079,-1.5426151828965016,-1.5546219330957405,-1.615325158167746,train
2012-10-23,-1.6768170892899619,-1.5658615688243158,-1.537798023223307,-1.6123917629548203,train
2012-10-24,-1.7001911268438914,-1.6051607857874286,-1.5936502628960587,-1.6399544605465166,train
2012-10-25,-1.8017748622276808,-1.5511144412825448,-1.558798110086694,-1.6878662753199363,train
2012-10-26,-1.8542891916047735,-1.5732404696905329,-1.59228655785748,-1.6505138194084834,train
2012-10-29,-1.8220493580513326,-1.5317166346828586,-1.5393009948854475,-1.5165007106885215,train
2012-10-30,-1.7801677135713008,-1.6147323588688265,-1.5868512116335307,-1.6063074099982575,train
2012-10-31,-1.727448307353864,-1.652307241739558,-1.6421916655115048,-1.6350520328073996,train
2012-11-01,-1.5301270302295584,-1.6912099661521267,-1.708237867564024,-1.6619051661697803,train
2012-11-02,-1.4431750651140105,-1.7076820887049031,-1.7309272726912908,-1.5488893969188025,train
2012-11-05,-1.494587939544206,-1.6277069499974457,-1.6302963961674368,-1.5668782457198194,train
2012-11-06,-1.5366838200236594,-1.6625306041085979,-1.6335350566875972,-1.6432870765121423,train
2012-11-07,-1.5187082495032376,-1.6383052048935718,-1.6260108643749576,-1.5782580052076738,train
2012-11-08,-1.661901590452438,-1.4632718511063443,-1.4658442499796807,-1.419368829965016,train
2012-11-09,-1.7591950260104456,-1.461344411275609,-1.4782800786330101,-1.457484905417962,train
2012-11-12,-1.7617050588816374,-1.5247382883666305,-1.5384311864327627,-1.4815576855724044,train
2012-11-13,-1.730390813279065,-1.6125718419015886,-1.5866683238744732,-1.5241181916299877,train
2012-11-14,-1.6144241290658718,-1.5510727727403497,-1.541202651426533,-1.519895120147321,train
2012-11-15,-1.593191553058513,-1.6014909817332292,-1.6147502881713605,-1.5961505953574096,train
2012-11-16,-1.5959809036665749,-1.6606695491174708,-1.6840397166835823,-1.7360762211267136,train
2012-11-19,-1.5995048960075768,-1.644238641673083,-1.6541191897410332,-1.7624048898614448,train
2012-11-20,-1.616339845142803,-1.6544126528372505,-1.6265268185165314,-1.7677687600456884,train
2012-11-21,-1.7077947100859996,-1.5183106582972554,-1.504099222108446,-1.5868876987129386,train
2012-11-22,-1.757723981944307,-1.5554493902128768,-1.5673511365711903,-1.560046128676061,train
2012-11-23,-1.759707253527461,-1.5946135715245546,-1.6208318926818814,-1.5914931330312854,train
2012-11-26,-1.7347026060878266,-1.579100371777833,-1.59173225472521,-1.5119105506198658,train
2012-11-27,-1.7233610169109448,-1.63068987982765,-1.6038806380770412,-1.5378245594143871,train
2012-11-28,-1.8317961698388878,-1.6008751524522629,-1.587646437606977,-1.5678167652834254,train
2012-11-29,-1.9135833620382656,-1.6547292199875991,-1.6693004681545642,-1.6445570405995606,train
2012-11-30,-1.8683269827495557,-1.6601242733270958,-1.6841840219639812,-1.4948995474860631,train
2012-12-03,-1.848063103804476,-1.607558656340819,-1.6158156204412601,-1.4594912946470133,train
2012-12-04,-1.8641712751998347,-1.6447625985281793,-1.6166059030273467,-1.515679107288419,train
2012-12-05,-1.834373827550384,-1.728996624735891,-1.717322189478548,-1.594592102671293,train
2012-12-06,-1.8147741103434767,-1.8033499879419244,-1.8253937334932957,-1.534029282513025,train
2012-12-07,-1.8309174373485873,-1.6999820546399698,-1.7167541678403593,-1.5900305968279633,train
2012-12-10,-1.8267426123334705,-1.6795566190476414,-1.6841655180731796,-1.546033490455507,train
2012-12-11,-1.8052493277806443,-1.7611361718222818,-1.7301976642763328,-1.617464910167248,train
2012-12-12,-1.8780651307028497,-1.7411693634867431,-1.7281946676091888,-1.606823878039125,train
2012-12-13,-1.8416043795486237,-1.7603141372879583,-1.781185950952267,-1.7578015447253723,train
2012-12-14,-1.7560735857360181,-1.7117218291290635,-1.7313772169159996,-1.7566692483099553,train
2012-12-17,-1.7137668801748236,-1.675578162524538,-1.6806146938947324,-1.8081133144637407,train
2012-12-18,-1.7869643894307337,-1.7168878884512837,-1.6875828262710488,-1.8904509824244808,train
2012-12-19,-1.868607846261501,-1.8460456207588702,-1.8355165401549334,-2.0149756563292356,train
2012-12-20,-1.8674939912440471,-1.760753348794436,-1.7763405697868448,-1.9231835188889188,train
2012-12-21,-1.9013218123959328,-1.6630137005239094,-1.6746891521563223,-1.8136560469044358,train
2012-12-24,-1.9894645167319556,-1.6393937598353154,-1.6425431501728964,-1.7347402272028247,train
2012-12-25,-1.7027018334564008,-1.8367127456423638,-1.8052993481810051,-1.9194551387939192,train
2012-12-26,-1.319815778527367,-2.1662543085670736,-2.161043113952318,-2.154705504111172,train
2012-12-27,-1.195514654592599,-1.9133461217679815,-1.9245146176203216,-1.9394520199428271,train
2012-12-28,-1.1607238130107433,-1.8654958260440726,-1.874162320780571,-1.823011421438815,train
2012-12-31,-1.1516886496709715,-1.9014949126670957,-1.9029308944618688,-1.8397969844958335,train
2013-01-02,-1.2171266680244905,-1.720619860728565,-1.7008968371859243,-1.6513737525619303,train
2013-01-03,-1.441054535364163,-1.4129329319467285,-1.4129201545493013,-1.3946243668348166,train
2013-01-04,-1.4727588076428653,-1.3792260422856282,-1.393893026376898,-1.2318799882971727,train
2013-01-07,-1.4388140075282507,-1.3708517220938092,-1.3829833953168067,-1.2958435127694925,train
2013-01-08,-1.4264805748628029,-1.3895747521644692,-1.3720255297109132,-1.292047666201437,train
2013-01-09,-1.3017754417843714,-1.4159818034115632,-1.4107929114954216,-1.2714752717613942,train
2013-01-10,-1.1967136888034267,-1.5635338266993537,-1.5852816334921036,-1.3595865923813237,train
2013-01-11,-1.2153065627787005,-1.4748047712742638,-1.4878302930500265,-1.4136182621595677,train
2013-01-14,-1.1907430725960815,-1.4389596953476507,-1.4432853438703426,-1.4049298036966256,train
2013-01-15,-1.2566332660603985,-1.4682435413116561,-1.4457791556273485,-1.491762099264701,train
2013-01-16,-1.2513095567187158,-1.3410382266077865,-1.3302157990689547,-1.3835283251703283,train
2013-01-17,-1.2602114948430416,-1.3088820792320983,-1.319745344510111,-1.4272309917152886,train
2013-01-18,-1.2136303875109655,-1.3306056978295564,-1.350416001508318,-1.4693884890756093,train
2013-01-21,-1.2466341166875847,-1.2583896500302039,-1.2644071702593607,-1.3719231571729567,train
2013-01-22,-1.1900108395255442,-1.4430093156404535,-1.4212047130992562,-1.5046097872674946,train
2013-01-23,-1.332868203275727,-1.2864108486990886,-1.2756184423054067,-1.3937955804905247,train
2013-01-24,-1.4252723411870667,-1.3277801174402628,-1.3372386597470733,-1.335621457263887,train
2013-01-25,-1.5851464596405662,-1.2721957074479422,-1.284656260197606,-1.2532179912647106,train
2013-01-28,-1.5380524734310541,-1.2557720698012032,-1.2624094474473526,-1.19899938225823,train
2013-01-29,-1.503241199311243,-1.2563155188868722,-1.236797605524472,-1.1857357568032927,train
2013-01-30,-1.2939657399663727,-1.3440748638809432,-1.3368668952910852,-1.275016355944636,train
2013-01-31,-1.215157617952659,-1.397172546235153,-1.41476959259976,-1.4091107803825904,train
2013-02-01,-1.060045661056047,-1.4949330727432943,-1.5217091139525762,-1.3783789112138156,train
2013-02-04,-1.1076505893071542,-1.3675760436952509,-1.3664871569579855,-1.2814553475707056,train
2013-02-05,-1.1261436282860562,-1.4038080404771405,-1.3789661587358937,-1.3255927023250833,train
2013-02-06,-1.2226519275535845,-1.245515602230634,-1.2322297107068487,-1.1761957047995253,train
2013-02-07,-1.2625384985603776,-1.2587173147853616,-1.2687292506113823,-1.1572270720432352,train
2013-02-08,-1.358210437145983,-1.121145190550408,-1.1314009969768337,-1.1332289126290425,train
2013-02-11,-1.3218578352657853,-1.185726968689577,-1.1974392243594056,-1.2514403111221446,train
2013-02-12,-1.3750497094566732,-1.228707773781019,-1.2101045749890305,-1.3205526682117503,train
2013-02-13,-1.4800085708287407,-1.2269390948436967,-1.2185628752147197,-1.2854757625891786,train
2013-02-14,-1.370882446932271,-1.2802133563858284,-1.2948020351264469,-1.3196670219832751,train
2013-02-15,-1.3173319422784273,-1.2955682107070563,-1.3111904325452024,-1.31765696950152,train
2013-02-18,-1.3639197969967345,-1.257033569128764,-1.2621399447632025,-1.2407294047034674,train
2013-02-19,-1.0648948196762453,-1.3978008783275502,-1.374217062112371,-1.3429236518128158,train
2013-02-20,-0.8571735535570838,-1.4451372768691442,-1.4359710009063953,-1.4282417097400897,train
2013-02-21,-0.910097689721133,-1.2861292848348123,-1.288539593171542,-1.2960635239791047,train
2013-02-22,-0.9135135476971965,-1.2764912428993407,-1.285841140138842,-1.3236787788367863,train
2013-02-25,-0.9283882695830818,-1.3323941207963999,-1.340295964765036,-1.3433618961509075,train
2013-02-26,-1.1666987579248567,-1.0936443242781664,-1.0774716541952472,-1.142737908237919,train
2013-02-28,-1.4937115383491015,-0.9892963179635499,-0.9907404098620537,-0.9984068545009448,train
2013-03-01,-1.4689813073277562,-1.1295517443178476,-1.1535903744049043,-0.9860664824669627,train
2013-03-04,-1.3509485629045401,-1.0831448026311938,-1.0932932389625543,-0.9045803356554257,train
2013-03-05,-1.4218745898984144,-1.1393105755128796,-1.1231452878833172,-0.9603675877195614,train
2013-03-06,-1.428516174721485,-1.2720951151752726,-1.2665550082990367,-1.0796476021101464,train
2013-03-07,-1.3142828731265008,-1.4550688153026143,-1.4772000061555992,-1.2714772185704575,train
2013-03-08,-1.3562273868251282,-1.3407860986080518,-1.352708097216881,-1.318451467088001,train
2013-03-11,-1.4902792880534856,-1.2352653007261165,-1.2301207835581631,-1.2783428880979635,train
2013-03-12,-1.2385689986455386,-1.4533252767170615,-1.4270089876277208,-1.481484514081477,train
2013-03-13,-0.9522568801878536,-1.4433853471633302,-1.433261009290888,-1.4825197435320139,train
2013-03-14,-0.9029450602623034,-1.3153903540727674,-1.3239492486419007,-1.2681966193579537,train
2013-03-15,-0.8521273378404484,-1.3631657452120878,-1.3823223536489107,-1.3224814580832838,train
2013-03-18,-0.8642158551228679,-1.3496072848615495,-1.3517076746833825,-1.3045335806786655,train
2013-03-19,-0.7987314492324368,-1.1853669042796344,-1.1660933732159375,-1.1327427778326102,train
2013-03-20,-0.9742105662685303,-1.0126458790458897,-1.0024294063139905,-0.9507862041710502,train
2013-03-21,-1.0566330726274435,-1.0614532008852162,-1.070706531164185,-1.1324048196755578,train
2013-03-22,-1.1100044970340714,-1.0345785848991942,-1.0528167078041353,-1.0957965854347147,train
2013-03-25,-1.2238855665040203,-1.0508790047114998,-1.0649852766756853,-1.126847716229113,train
2013-03-26,-1.6234197397065047,-0.918660287408422,-0.9071415995895303,-1.0066435879054834,train
2013-03-27,-1.735892895756921,-1.0906470036250415,-1.0857536496755182,-1.142657263895014,train
2013-03-28,-1.8328741560554627,-1.171864272642638,-1.1893336996926465,-1.1924433019431226,train
2013-03-29,-1.4145588160769498,-1.204370632402584,-1.2260040878780623,-1.0750858072566598,train
2013-04-01,-1.124734443506976,-1.4127948045332148,-1.4386567959923933,-1.192263602246613,train
2013-04-02,-1.0839511489979465,-1.5464294836448036,-1.5173737530532025,-1.3406906140668176,train
2013-04-03,-1.023717070923005,-1.5362985538899387,-1.5218401654699933,-1.3796446105733176,train
2013-04-04,-0.9924578597616547,-1.6181629181799888,-1.6331128883262138,-1.4433818840454622,train
2013-04-05,-1.296384712408457,-1.3040824648171612,-1.2912854168397114,-1.3088217265508293,train
2013-04-08,-1.530865252164592,-1.1845405091110284,-1.1790380212262819,-1.2515380975755548,train
2013-04-09,-1.4695463650707503,-1.2914051892006324,-1.2703394143130144,-1.3430289524513803,train
2013-04-10,-1.3948004651004375,-1.2028147203614916,-1.195423168514863,-1.2215185760678393,train
2013-04-11,-1.2455218078856076,-1.2208100309704293,-1.24112284975105,-1.218795912146472,train
2013-04-12,-1.15418407938599,-1.3595986301454681,-1.3870013669419945,-1.3719104147986834,train
2013-04-15,-1.1320547896383284,-1.383405537323622,-1.3910789330428033,-1.4010248041619555,train
2013-04-16,-1.193195016088306,-1.3418812828995097,-1.3178922196816114,-1.3609711421719815,train
2013-04-17,-1.214510247373738,-1.2636573138153242,-1.250118600198736,-1.3097332205082326,train
2013-04-18,-1.3505684057457423,-1.200547084716026,-1.2028208745440607,-1.3090789454070912,train
2013-04-19,-1.4202218081531648,-1.1980223630658802,-1.2135945695330674,-1.309073324604822,train
2013-04-22,-1.4581326244882722,-1.2080891488591776,-1.219962988815808,-1.345167483173017,train
2013-04-23,-1.4726936196744946,-1.3270405672719754,-1.3065395896124714,-1.4270872344800245,train
2013-04-24,-1.5718744164516487,-1.2276380865816623,-1.2180074324881762,-1.3280602984554415,train
2013-04-25,-1.5221571293047989,-1.3670347935368576,-1.3820310955335617,-1.356404057588557,train
2013-04-26,-1.1211748316216819,-1.3944155884349925,-1.4143360249225696,-1.227212892506826,train
2013-04-29,-0.829298347425947,-1.405635177468231,-1.4156402768185625,-1.1128981969900869,train
2013-04-30,-0.8304365708702891,-1.4815106276353096,-1.4563526755022858,-1.1994559148449104,train
2013-05-01,-0.8742904500162609,-1.4337285510420301,-1.421102752323382,-1.186310153659211,train
2013-05-02,-0.9117379829654624,-1.3902809503716294,-1.3976304767929935,-1.2155523460475304,train
2013-05-03,-1.205503775311447,-1.1189526882518903,-1.1087899582482597,-1.1116675650872954,train
2013-05-06,-1.518382565832061,-0.9848140633112321,-0.9765086536339123,-1.0554068694028902,train
2013-05-07,-1.4260960748992093,-1.2409767904527722,-1.2232589443927349,-1.2922921125264886,train
2013-05-08,-1.298960018048252,-1.2999136493382362,-1.2979739891894997,-1.3249041427684787,train
2013-05-09,-1.2176403309797934,-1.2957604590887422,-1.3161052885946385,-1.2999774300128324,train
2013-05-10,-1.1798051709722654,-1.3558225957756993,-1.3727282381214012,-1.3289188386908817,train
2013-05-13,-1.2801055919546525,-1.3496094117225899,-1.347220544447071,-1.3915556545241368,train
2013-05-14,-1.3393467151923233,-1.3528062123529632,-1.3290437932363404,-1.3750262561590623,train
2013-05-15,-1.3927911365292907,-1.2560519755658779,-1.2458435872460123,-1.3030829758408287,train
2013-05-16,-1.2267104671658575,-1.2160077723583615,-1.2254762320405437,-1.2745759755925359,train
2013-05-17,-1.2110342888331016,-1.2016041232650672,-1.217205276280095,-1.319437569847645,train
2013-05-20,-1.1631323736999573,-1.2905583122379107,-1.3034530076552344,-1.352680163423674,train
2013-05-21,-1.2367739332919816,-1.3729175641269504,-1.350345643621992,-1.4929901225246336,train
2013-05-22,-1.2176616581165813,-1.3477148349498107,-1.3378671538849491,-1.4313977458808271,train
2013-05-23,-1.3536210267313435,-1.17557541042916,-1.1718257131481569,-1.2678644139704913,train
2013-05-24,-1.3565230945942364,-1.2363015995342612,-1.2482678062808734,-1.2448366634135384,train
2013-05-27,-1.3489663996332864,-1.2179386913832988,-1.2259739758400667,-1.2669866190176347,train
2013-05-28,-1.076230067462117,-1.5525138321539993,-1.5261024839855504,-1.51744324422672,train
2013-05-29,-1.1034668549440636,-1.3314674152720662,-1.3206762831484866,-1.36369731224712,train
2013-05-30,-1.113057503703754,-1.3245136726697222,-1.326723702881235,-1.3418328890848978,train
2013-05-31,-0.9553254740793234,-1.327878576425339,-1.3362019029669725,-1.2324283773472007,train
2013-06-03,-0.8864244533354341,-1.327246819754793,-1.3298698194436172,-1.1455421128323107,train
2013-06-04,-1.0338567416879665,-1.1041082198549064,-1.088357644738768,-0.9456485056758063,train
2013-06-05,-0.9886990566560042,-1.2399483625574017,-1.2355151386268748,-1.0667103177452202,train
2013-06-06,-1.0503368629031398,-1.1810614360940204,-1.1907818845601408,-1.0141343043769875,train
2013-06-07,-1.2053859005222949,-1.0207943995131754,-1.0212310315019306,-1.0114218450031596,train
2013-06-10,-1.443815331525642,-1.0171874298605907,-1.0218807332832793,-1.0887952032512227,train
2013-06-11,-1.4738248956634643,-1.2234890797240894,-1.204739992281744,-1.285828846195636,train
2013-06-12,-1.4989716715625707,-1.1299986306295273,-1.1241739253169412,-1.1732470656440475,train
2013-06-13,-1.3816591598326264,-1.218739730373477,-1.237165534260806,-1.1636020923986248,train
2013-06-14,-1.262863610088235,-1.192563108635326,-1.2028463141763814,-1.1415491966197242,train
2013-06-17,-1.1581319209084262,-1.44540191102929,-1.4658084857481646,-1.3578648426643019,train
2013-06-18,-1.0472585366134501,-1.4567127004010965,-1.4305534104547086,-1.3734133702904248,train
2013-06-19,-1.0830351741263018,-1.376389886446314,-1.3628106062360092,-1.3682901779297236,train
2013-06-20,-1.148525385820452,-1.2902497543764306,-1.2923968198858482,-1.3938755026918819,train
2013-06-21,-1.3798508467328974,-1.1959425015150287,-1.1941919868954995,-1.304364304686178,train
2013-06-24,-1.4393911868874392,-1.2175749937942402,-1.2265289672308501,-1.3349773120362283,train
2013-06-25,-1.6125886156791183,-1.1287276650235838,-1.1124287840536813,-1.2161610225168582,train
2013-06-26,-1.637913048988947,-1.2150287868149523,-1.2106915531567126,-1.259709550649568,train
2013-06-27,-1.5780625218713495,-1.207617507736401,-1.2221159605874563,-1.2717816620838258,train
2013-06-28,-1.3829377223522181,-1.3399523824504023,-1.3648780317951337,-1.2839320133546648,train
2013-07-01,-1.3566009974457178,-1.3494846422779876,-1.3604725468692178,-1.2218923510559385,train
2013-07-02,-1.3834621836913066,-1.4871039146506098,-1.4594066429421106,-1.3699632099517856,train
2013-07-03,-1.3256265756022558,-1.4667566742517586,-1.4542346835022906,-1.3539579951455634,train
2013-07-04,-1.0352581703919275,-1.390572366341706,-1.3936156073272201,-1.268178418045431,train
2013-07-05,-0.633668164070742,-1.2743853560758156,-1.277915243335954,-1.284929820501321,train
2013-07-08,-0.599636129941933,-1.3335558973621036,-1.3424984056922542,-1.4140181503042268,train
2013-07-09,-0.5364064719292848,-1.494049288155902,-1.4687485899068546,-1.5696795952383635,train
2013-07-10,-0.529867362459876,-1.3530351524490203,-1.3428945293637495,-1.399250133452915,train
2013-07-11,-0.6715895813273225,-1.1119430700743882,-1.1020466130580906,-1.1460173464572914,train
2013-07-12,-1.2459320734539543,-0.9192381411911771,-0.9003928883877594,-0.954889902717874,train
2013-07-15,-1.369068575407498,-1.0678214865620015,-1.0785362216676613,-1.060459337826917,train
2013-07-16,-1.4940958594628604,-1.0110035371397172,-1.0001722178083063,-1.0097224371724751,train
2013-07-17,-1.646554002331926,-0.9957675512351449,-0.9962966441922454,-1.0332311269212977,train
2013-07-18,-1.7017946439412643,-1.0108148238467758,-1.022277837876391,-1.1230850973072202,train
2013-07-19,-1.6103675558169066,-1.2982398236497947,-1.3276782055784864,-1.4055182190027122,train
2013-07-22,-1.633622579504746,-1.36055666730905,-1.376718428909932,-1.5114524649603074,train
2013-07-23,-1.6635884943746866,-1.4712136874285373,-1.4446903415744508,-1.617342492992683,train
2013-07-24,-1.6648582100562352,-1.5679069492419246,-1.5570729281829543,-1.6947747845426684,train
2013-07-25,-1.5814586891310902,-1.45757527818432,-1.4576918161195855,-1.4493355221482271,train
2013-07-26,-1.5658326698339768,-1.4469610095651984,-1.4590563352544508,-1.2801972065468137,train
2013-07-29,-1.3441616024321597,-1.5385199639454168,-1.5530996832286215,-1.2744005679256152,train
2013-07-30,-1.3238472178789726,-1.6073255155874018,-1.5773572188065965,-1.339457044017311,train
2013-07-31,-1.323550673646367,-1.6007896786346103,-1.589851263166704,-1.3288230995529065,train
2013-08-01,-1.5231189261701485,-1.4075427607792594,-1.4035705944030534,-1.266975529094554,train
2013-08-02,-1.666802870093579,-1.448465362700746,-1.458671355681043,-1.4627079526095117,train
2013-08-05,-2.0957324030162643,-1.3016826692040122,-1.2993001444450027,-1.367432227834599,train
2013-08-06,-2.1700092750077196,-1.4495454904348724,-1.4252720941059518,-1.5014946662815374,train
2013-08-07,-2.103455211911977,-1.473417262689931,-1.4677219875636314,-1.512909808898255,train
2013-08-08,-2.2206900848520337,-1.5222717055356676,-1.5401727064368627,-1.5468732515786279,train
2013-08-09,-1.7467328479210402,-1.6274738782827252,-1.6566193612153344,-1.6399818976541773,train
2013-08-12,-1.6864091368194796,-1.8602338934632074,-1.8811493875974272,-1.8976453457338138,train
2013-08-13,-1.6859821182725891,-1.9107233390291725,-1.8735919207114566,-1.9496153983996067,train
2013-08-14,-1.6671898908920442,-1.8213979021134459,-1.8028423691285624,-1.8972630086688,train
2013-08-15,-1.5175898658375282,-1.9824651110904776,-2.0036324956072424,-2.0621753595588213,train
2013-08-16,-1.7322379809545474,-1.6336641470288569,-1.6263082135995992,-1.725227643076427,train
2013-08-19,-1.700095366583133,-1.7720812570696034,-1.787040491088414,-1.807251464155027,train
2013-08-20,-1.7159822919332588,-1.8293299990851288,-1.7978880598831366,-1.8575456093017757,train
2013-08-21,-1.7141500983910327,-1.7294075496673582,-1.715131069552887,-1.7694999439208503,train
2013-08-22,-1.8139463256990909,-1.5974063295212924,-1.606436071304334,-1.6916869223486888,train
2013-08-23,-1.870729359096974,-1.6380202019560353,-1.6507610397462922,-1.7058469399131506,train
2013-08-26,-1.933303873036935,-1.6850727519046198,-1.6984780302251679,-1.7887866604171634,train
2013-08-27,-1.943338732245863,-1.815517588899851,-1.7856377424607512,-1.9294838212909693,train
2013-08-28,-1.9894464474964022,-1.6969814323621832,-1.684245030217011,-1.7748589042345069,train
2013-08-29,-2.063174121619835,-1.757196763620759,-1.7724670150300572,-1.7703049214870588,train
2013-08-30,-2.0031305721868473,-1.7315123696575143,-1.7476580880526162,-1.6210884070852272,train
2013-09-02,-1.7786170335282523,-1.8505103788684667,-1.8670830473324378,-1.621879026379034,train
2013-09-03,-1.699221620733869,-1.9439416766729782,-1.910365551121903,-1.6898683077280412,train
2013-09-04,-1.7453208006243908,-1.8742911365584676,-1.8588653953073333,-1.676218340948882,train
2013-09-05,-1.7049426922854765,-1.9656127536394308,-1.985643774723306,-1.7712366498096013,train
2013-09-06,-1.8221300595487406,-1.8254828662074278,-1.8344806200077217,-1.7992007015119618,train
2013-09-09,-2.0041180329408284,-1.7127866676846821,-1.7125467891467543,-1.7874765974908076,train
2013-09-10,-2.024091572308157,-1.7495871910567944,-1.7216056475696855,-1.7924251727009943,train
2013-09-11,-2.0793363352558454,-1.8076004384286755,-1.79770240679148,-1.816294218486713,train
2013-09-12,-1.591008003457353,-1.7443489356066035,-1.7635090249146181,-1.6206200761513423,train
2013-09-13,-1.533399135438384,-1.7976451383785814,-1.8244742828709046,-1.7023977892867304,train
2013-09-16,-1.5336797049321809,-1.8264165281322602,-1.8371322149578606,-1.7166666289533143,train
2013-09-17,-1.483143084953382,-1.8761870987311513,-1.8434904611830665,-1.7594997949119369,train
2013-09-18,-1.4566447527853683,-1.994637561075631,-1.982766306104287,-1.8914314246261754,train
2013-09-19,-1.9317072176921462,-1.583189882553399,-1.5719776218693282,-1.6392166844057336,train
2013-09-20,-2.0527860107699314,-1.6883282993671203,-1.7074213832340828,-1.7736245349912168,train
2013-09-23,-2.128035324235227,-1.7304178096952034,-1.7454801712238743,-1.8066408667610754,train
2013-09-24,-2.2445335091741785,-1.6763888355098737,-1.650252696508748,-1.7543701740792532,train
2013-09-25,-2.1371076296991864,-1.7322022703778277,-1.7262782661267093,-1.7736164517758206,train
2013-09-26,-1.9768456197658075,-1.8988206835163732,-1.9235835458401176,-1.8096419766822702,train
2013-09-27,-1.8739255900309997,-1.9233411189054341,-1.9515216642779138,-1.790323760917489,train
2013-09-30,-1.8621297807463655,-1.9701208591858308,-1.9861186640884019,-1.8430761129945084,train
2013-10-01,-1.9029997163730374,-1.9968288088015105,-1.960372054369984,-1.8968276894692515,train
2013-10-02,-2.013415601406968,-1.9086330168700407,-1.8906087653226231,-1.8443519214354538,train
2013-10-03,-2.058111873458022,-1.8074951534262351,-1.8153992009025104,-1.8471580277069015,train
2013-10-04,-2.182427910610296,-1.765085698532766,-1.7829388942125075,-1.7994724600751464,train
2013-10-07,-2.1730556065238864,-1.8252359687312723,-1.8440540244306205,-1.8767492154383174,train
2013-10-08,-2.1898502457757334,-1.9010145581395104,-1.8689355130158107,-1.9842397613466642,train
2013-10-09,-2.050281391510043,-1.975735704014687,-1.9635371327433395,-2.019566512284924,train
2013-10-10,-1.7253621380452013,-1.899321315215014,-1.9092649220902382,-1.9773839473552757,train
2013-10-11,-1.6196871901774854,-1.9932502450789809,-2.0193938146542667,-2.039078196573574,train
2013-10-14,-1.6542602554914685,-1.9844613635774713,-1.9972729401370937,-1.989045922035451,train
2013-10-15,-0.71371029191632,-2.0595226640398563,-2.0226889434002913,-1.9798115007818138,train
2013-10-16,-0.672518585692218,-1.8937761536090798,-1.876904633959137,-1.8153434783131503,train
2013-10-17,-0.8074888671378294,-1.6774943841362657,-1.6710033017091972,-1.6243425941953524,train
2013-10-18,-0.8307027847137786,-1.6990135687315693,-1.7158351953102222,-1.6542379681042705,train
2013-10-21,-0.8084217354318911,-1.8801517657330098,-1.9059067664182399,-1.9121292438648245,train
2013-10-22,-1.917089079641752,-1.1949753495998632,-1.181463110434025,-1.3009953451721383,train
2013-10-23,-2.0750846951125186,-1.3860911361124062,-1.381724333130798,-1.5011262848150069,train
2013-10-24,-2.0076752312897477,-1.6809137468418252,-1.7150463729060677,-1.6403982469535379,train
2013-10-25,-1.9409726060285486,-1.6161516971941778,-1.644682251747153,-1.5810366202364152,train
2013-10-28,-1.9025007590119931,-1.596543453632104,-1.6198510853901613,-1.4905465091373173,train
2013-10-29,-1.7818029811848233,-1.9284782435371235,-1.8946971815347013,-1.806503146061952,train
2013-10-30,-1.8228483717146435,-1.8613005775486424,-1.8435352595819938,-1.7276362050633098,train
2013-10-31,-1.7816728035957106,-1.8564125200326065,-1.8716791562282207,-1.8625489294084694,train
2013-11-01,-0.9043060506719649,-1.770258680568572,-1.7838283618792528,-1.640000183110685,train
2013-11-04,-0.8229045653148109,-1.7902219839449924,-1.800469661562799,-1.631363175338662,train
2013-11-05,-0.8642647242143933,-1.714249879638004,-1.6861373105015707,-1.606038178868396,train
2013-11-06,-0.8200387081571646,-1.7695786276906516,-1.758161841728978,-1.657322921786129,train
2013-11-07,-0.7905549171244209,-1.7085826925912564,-1.7230673482154648,-1.6031030547213168,train
2013-11-08,-1.5420577207698858,-1.2145986726785125,-1.187885957552857,-1.2343262261031223,train
2013-11-11,-1.7670060236015626,-1.33849297789955,-1.3451184315967832,-1.3487596493667384,train
2013-11-12,-1.7446229867002032,-1.5903979552298209,-1.5665801703715228,-1.5469445146501353,train
2013-11-13,-1.8027065258499524,-1.40023468903573,-1.393707161932307,-1.3811211131531473,train
2013-11-14,-1.5097353059263299,-1.3524435329873383,-1.3685301461658785,-1.2771354336150975,train
2013-11-15,-1.416315947079237,-1.545049968152903,-1.5659761427742638,-1.5172656109578528,train
2013-11-18,-1.4181806142067324,-1.717053204370954,-1.734938863955928,-1.744322358870897,train
2013-11-19,-1.4106384442746618,-1.7275312190661982,-1.6975244586901066,-1.7519810594039436,train
2013-11-20,-1.4212288405799305,-1.6642822004750886,-1.6499978428211337,-1.7185689218298985,train
2013-11-21,-1.7962182029223182,-1.468918398857082,-1.4604500624006547,-1.615665450691077,train
2013-11-22,-2.0757004224962516,-1.5035480360921576,-1.5136862318079098,-1.6250814522023818,train
2013-11-25,-2.092329550338768,-1.6309289806261136,-1.653389966954156,-1.6737583991791565,train
2013-11-26,-2.010494427635846,-1.6319574707139128,-1.6058532122006828,-1.6849900723707314,train
2013-11-27,-2.1147710860348714,-1.5842218460214696,-1.5748167791484604,-1.618216536062897,train
2013-11-28,-2.1149057939146116,-1.715444198155272,-1.732528280202152,-1.6982104833322056,train
2013-11-29,-1.7926781112099173,-1.8644856179759381,-1.8955146455743597,-1.6930956020685226,train
2013-12-02,-1.6759160261203765,-1.8638172047722157,-1.8794855989519852,-1.6728218096501117,train
2013-12-03,-1.7876237783851863,-1.7729529049104338,-1.7400237611257263,-1.575497591922577,train
2013-12-04,-1.7793204195131882,-1.8957069452341198,-1.8806324118657012,-1.7248492997024238,train
2013-12-05,-1.7681751919745536,-1.8560848907732757,-1.8687962462185619,-1.7135475453073439,train
2013-12-06,-1.986101817438586,-1.6191622729096886,-1.6219577935642218,-1.6508809984058619,train
2013-12-09,-2.136293538528298,-1.6194459924847473,-1.627261947025848,-1.6793217970525645,train
2013-12-10,-2.0649446642006297,-1.8965049443832003,-1.8635693831467102,-1.9181506143222025,train
2013-12-11,-2.0475048335907875,-1.8467165961617429,-1.835360255008173,-1.8352310424551617,train
2013-12-12,-1.550659229348814,-1.789628609830204,-1.80516447032361,-1.637547085299172,train
2013-12-13,-1.5452269773509373,-1.8425233803563361,-1.8618847361480142,-1.7124543167813648,train
2013-12-16,-1.5148819043109654,-1.951896979767393,-1.9657504307542457,-1.8523495252125624,train
2013-12-17,-1.5559816026709887,-1.9205349658238955,-1.8867111125718845,-1.8795659305954682,train
2013-12-18,-1.6085885556617106,-1.9055357926122172,-1.8914056222313658,-1.9061393862535523,train
2013-12-19,-2.3605652883274475,-1.550744715768601,-1.539209889541151,-1.7345882576066534,train
2013-12-20,-2.6412686286814524,-1.7164902641938955,-1.7396034170704004,-1.8899631255771587,train
2013-12-23,-2.165720968039459,-1.7306913056626154,-1.7471007878283202,-1.8557013099358555,train
2013-12-24,-2.0443060227781937,-1.90347040349692,-1.8729224117252559,-1.9791498121914999,train
2013-12-25,-1.8772764203856571,-1.9742601766703631,-1.9663233217667433,-2.052003745211534,train
2013-12-26,-1.6223280328800238,-2.3344053072946704,-2.3732277487549047,-2.3919477614107203,train
2013-12-27,-1.5228564049244468,-2.390043992396015,-2.4283889877102247,-2.4199890710249745,train
2013-12-30,-1.7455040494921963,-2.025068227916866,-2.008634323747214,-2.0238527517123113,train
2013-12-31,-1.742925447950522,-2.086377479498337,-2.047282145843606,-2.088980749328303,train
2014-01-02,-1.754846766311505,-1.9551597784614465,-1.9610965770539328,-1.9265804992086304,train
2014-01-03,-1.787905309390135,-1.7250286316249535,-1.7369918667412234,-1.5660356935841748,train
2014-01-06,-1.4177726831610098,-1.692604888642933,-1.710847513473764,-1.472339257111129,train
2014-01-07,-1.4541813135813395,-1.775595638597729,-1.7479250118569594,-1.5919921891186928,train
2014-01-08,-1.4960165867430002,-1.788899931994449,-1.778786154549152,-1.6072200539238803,train
2014-01-09,-1.5164199496598598,-1.7734493541996383,-1.7884797078364116,-1.562488356297365,train
2014-01-10,-1.5733126485057007,-1.7266303107300893,-1.7417274709507007,-1.606655553939358,train
2014-01-13,-2.0803827985398278,-1.480804192871619,-1.4740286982584834,-1.492515951467081,train
2014-01-14,-2.111712233279668,-1.7412220084482604,-1.7150044865383984,-1.7658078596076305,train
2014-01-15,-2.0900481847039463,-1.792874531887472,-1.7862296016490036,-1.7938024791794054,train
2014-01-16,-2.1563285385822266,-1.7411514153829317,-1.759660576221619,-1.809951837379157,train
2014-01-17,-2.0719403392773614,-1.746741220876537,-1.7698901608051827,-1.8416111451502373,train
2014-01-20,-1.8837104232564974,-1.924338901330481,-1.9392233097392433,-2.022448586186627,train
2014-01-21,-1.8242486199131007,-2.0160239133310953,-1.9806811710731103,-2.078063401063276,train
2014-01-22,-1.8239829181721487,-1.974342938052034,-1.9600183260586677,-2.065190531952164,train
2014-01-23,-1.681557332156135,-2.006512543095676,-2.024482735641825,-1.995339731772992,train
2014-01-24,-1.7265223445251197,-1.8709374593987558,-1.8816156055593674,-1.8328430534461704,train
2014-01-27,-1.7837728418446044,-1.7683117990882549,-1.7699458871237195,-1.717348477183995,train
2014-01-28,-1.7513328746481072,-1.7969353790279956,-1.7665353027465893,-1.7202118741200811,train
2014-01-29,-1.7245333919416164,-1.8087798566048523,-1.7977274617015704,-1.7208106658763243,train
2014-01-30,-1.8377571198622575,-1.64759653613363,-1.6560887066121461,-1.65092744524547,train
2014-01-31,-1.6452587070531168,-1.7007947766127758,-1.722489498695953,-1.6308561820213554,train
2014-02-03,-1.6492306968901616,-1.702507647488862,-1.7110756752004002,-1.5223749231695105,train
2014-02-04,-1.7557458751536468,-1.7237263302172854,-1.6955503478705996,-1.5547660927629492,train
2014-02-05,-1.7459239229315084,-1.7329159946156514,-1.7231542912297717,-1.5781303325176206,train
2014-02-06,-1.729203327756284,-1.7753509321627428,-1.7934072693672187,-1.6167170957202126,train
2014-02-07,-1.933637674562439,-1.5776271020956256,-1.58266656837276,-1.5496896863749507,train
2014-02-10,-2.09109666413817,-1.6570116703625755,-1.667706346938669,-1.7259114931140305,train
2014-02-11,-2.053312934809319,-1.9179231403215182,-1.8854224810064755,-2.0119912676754677,train
2014-02-12,-2.128946737439421,-1.8156360051429958,-1.803068035836113,-1.8821820710803556,train
2014-02-13,-2.2932223756696293,-1.791991104598094,-1.8075491981443275,-1.8715361672197037,train
2014-02-14,-2.455413111729928,-1.8131977031214415,-1.8303849086332762,-1.8568607384603142,train
2014-02-17,-2.456771656597626,-1.9876475191001008,-2.0071758563919,-2.0036823421392636,train
2014-02-18,-2.4653265986738004,-1.9746054183177957,-1.9398602734543793,-1.9332367093621272,train
2014-02-19,-2.4828039842470795,-1.9958242126610413,-1.9811496002244982,-1.9937417712050927,train
2014-02-20,-2.4060646241922883,-2.1385871124771945,-2.1656829515465232,-2.127361432664828,train
2014-02-21,-2.372215385532882,-2.111135930231595,-2.134885308942987,-2.1204489021950055,train
2014-02-24,-1.9285936461831237,-2.140348173152676,-2.154959962495652,-2.1342593272968156,train
2014-02-25,-1.8346453861947074,-2.169195405303644,-2.1280428397681908,-2.147401654835028,train
2014-02-26,-1.7834062756820848,-2.1809885948712107,-2.161793280375473,-2.1677409846888116,train
2014-02-27,-1.7285358929503138,-2.1382211257245545,-2.155427973473083,-2.0899520666508304,train
2014-02-28,-1.663669621255602,-2.0918637303969896,-2.113908584206092,-1.9294931731992342,train
2014-03-03,-1.9280613895293155,-1.8219684143775607,-1.8148521919889258,-1.5977238986496072,train
2014-03-04,-2.0534757158524264,-1.8835360017794767,-1.8527014464313365,-1.6548929652594484,train
2014-03-05,-2.149417361326696,-1.879156299034247,-1.8677268320705525,-1.643300244840302,train
2014-03-06,-2.2552027839866313,-1.833623801279228,-1.8522493883859201,-1.628623147938164,train
2014-03-07,-2.10440556186688,-1.7623905193802187,-1.785012912499776,-1.6975782365153216,train
2014-03-10,-2.0880060192747676,-1.8958241618769307,-1.9122161406153522,-1.9398475530383001,train
2014-03-11,-2.0423675220738824,-2.080312933209613,-2.0457136958450812,-2.111598175920601,train
2014-03-12,-1.9222660101361482,-2.138928761570021,-2.126336388389073,-2.1460395357693947,train
2014-03-13,-1.786518805820526,-2.1567253503685695,-2.178374950547857,-2.0354707244882237,train
2014-03-14,-1.9558718025082782,-1.9547631175966702,-1.9585619916305899,-1.865425277810187,train
2014-03-17,-1.9917462228952179,-2.040086929577828,-2.0500118777999794,-1.912796409044932,train
2014-03-18,-1.7963132855672623,-2.0689935032095184,-2.034273628216506,-1.9489318863878378,train
2014-03-19,-1.7777103437915869,-1.9293489505524675,-1.9151343347663863,-1.8366119447207192,train
2014-03-20,-1.84145164979124,-1.8180687910601356,-1.8300393742909722,-1.8882057045130847,train
2014-03-21,-1.8271897564411543,-1.9178042525640937,-1.9439313665705027,-1.9956912015024317,train
2014-03-24,-1.7905999385022584,-1.9499545343975664,-1.9674565099390005,-2.024130371214463,train
2014-03-25,-1.8997275134445477,-1.751999379043082,-1.724631699948337,-1.820985806278541,train
2014-03-26,-2.037033967062154,-1.7835978484691408,-1.7715747444187364,-1.8168348453233514,train
2014-03-27,-2.1390122793898247,-1.8313941955076407,-1.8492665331932918,-1.8311537212053497,train
2014-03-28,-1.9833352580028674,-1.8086337217173447,-1.8341482891964764,-1.657597924406868,train
2014-03-31,-1.937197164795525,-1.7854170837757353,-1.8011380584726873,-1.5631858872803122,train
2014-04-01,-2.1042046864304185,-1.8054413623239762,-1.7754846731848966,-1.6142620037531172,train
2014-04-02,-2.088313936723331,-2.005665035023376,-1.9948025434345296,-1.842418531219208,train
2014-04-03,-1.9931830778535407,-2.066952402476495,-2.0929405107552372,-1.880601838277382,train
2014-04-04,-2.2943666696052487,-1.848551914248513,-1.856673997502186,-1.825901067211656,train
2014-04-07,-2.5720264336226455,-1.8742298334674985,-1.8818777508107063,-1.9455434815076273,train
2014-04-08,-2.4757565966252493,-2.1849039189988875,-2.1457562370819834,-2.2263393788365495,train
2014-04-09,-2.4770379629332187,-2.09867514908048,-2.0837780649020967,-2.122346607273327,train
2014-04-10,-2.598928404222325,-1.9678472335835606,-1.98147283933589,-1.9949163396213083,train
2014-04-11,-2.626285443500501,-2.1740389431474285,-2.2105833338777727,-2.2009900242990357,train
2014-04-14,-2.7366864775968764,-2.317788060316556,-2.3400069268619883,-2.3206898095009842,train
2014-04-15,-2.934988620790937,-2.2177488955495424,-2.1762891564319777,-2.2403903646703887,train
2014-04-16,-3.04328213067036,-2.2296226567366952,-2.210597098066435,-2.2752302509345768,train
2014-04-17,-2.9614004651322934,-2.25913951085405,-2.274609088457203,-2.3253728544811136,train
2014-04-18,-2.8540132800168676,-2.345934221047617,-2.383092988251717,-2.38610114430784,train
2014-04-21,-2.772355693044905,-2.684550688812406,-2.729620410667924,-2.7499147803115562,train
2014-04-22,-2.639248597100022,-2.730201128029726,-2.6763049951774094,-2.8018962966692067,train
2014-04-23,-2.530213553123749,-2.671570763465932,-2.644198089025201,-2.7826099235211825,train
2014-04-24,-2.492777139864213,-2.5726563098449717,-2.5748971709945754,-2.564276909295996,train
2014-04-25,-2.6453353430729516,-2.577753921959153,-2.597315400831952,-2.5758173470581878,train
2014-04-28,-2.4063871633096134,-2.6222297186481955,-2.647816685918563,-2.4732283265542914,train
2014-04-29,-2.500330598675354,-2.4668827733902434,-2.4236433285415564,-2.279871567049715,train
2014-04-30,-2.559763598542313,-2.3826581516299066,-2.3631614552863436,-2.171233060761276,train
2014-05-01,-2.741547351431636,-2.3407813621967994,-2.3514371706307364,-2.261028511355785,train
2014-05-02,-2.0144248289949616,-2.6540954847850124,-2.709174185839909,-2.394054538532239,train
2014-05-05,-2.085592367742151,-2.323836579440335,-2.330565855640189,-2.1748917490795603,train
2014-05-06,-2.066058958743241,-2.6361876795841614,-2.591293062435608,-2.5130324941400968,train
2014-05-07,-1.9861519019356944,-2.551988208542498,-2.531866640071751,-2.433745394878966,train
2014-05-08,-1.9649346705018664,-2.639113897399287,-2.660176172476084,-2.529571675928368,train
2014-05-09,-2.378021342869431,-2.143125297451836,-2.137331790806809,-2.147433381915914,train
2014-05-12,-2.4072481063849556,-2.381488479683165,-2.3979719655334963,-2.4064435589110436,train
2014-05-13,-2.3971737875000723,-2.462470661828548,-2.423522392041531,-2.4672272064031127,train
2014-05-14,-2.5769688615522974,-2.253218186426601,-2.237176453291561,-2.274046029397654,train
2014-05-15,-2.515380135600293,-2.3093157465017335,-2.336662993420083,-2.314383590922049,train
2014-05-16,-2.684930726950357,-2.302766489804114,-2.32228829454893,-2.371663576531771,train
2014-05-19,-2.7828796956766872,-2.3990259451470966,-2.418549111606675,-2.468175157633844,train
2014-05-20,-2.8301292914936407,-2.4599512087459012,-2.4200726801424595,-2.560271686738597,train
2014-05-21,-2.827516852135133,-2.509332088225948,-2.4931265976059795,-2.5753314563459586,train
2014-05-22,-2.9232090799080996,-2.3728264790204423,-2.387703378736657,-2.453422266532286,train
2014-05-23,-2.980794029918122,-2.462164136592435,-2.493099844737739,-2.5357888826995536,train
2014-05-26,-2.907005692524389,-2.591699697934976,-2.6162608330536643,-2.64651325628454,train
2014-05-27,-2.7872643101220405,-2.6793896611171237,-2.6310189114120344,-2.6512548562750506,train
2014-05-28,-2.692661062327244,-2.6122148345887903,-2.59163126767771,-2.614124720767553,train
2014-05-29,-2.7036098592023667,-2.594125541585054,-2.60985766728726,-2.5701405297274826,train
2014-05-30,-1.9076479352151512,-2.649664964045433,-2.6820096465914465,-2.4806031218154128,train
2014-06-02,-1.7898889996031244,-2.6155315035444815,-2.631007173281939,-2.330875025333838,train
2014-06-03,-1.8026230166149557,-2.5321450950490583,-2.4873848636121885,-2.295719193371525,train
2014-06-04,-1.8096148358520519,-2.4735430811395847,-2.4534365472396247,-2.2553535273628045,train
2014-06-05,-1.8134241998752918,-2.4926963328405036,-2.5140257831540516,-2.3121378062232885,train
2014-06-06,-2.4164144047349705,-2.021155167955381,-2.01091173553945,-2.03173159102091,train
2014-06-09,-2.6401874838125923,-2.079841028458458,-2.0904897835158973,-2.189190584116549,train
2014-06-10,-2.5482583494364444,-2.262454829013618,-2.2282732302929262,-2.339881724784616,train
2014-06-11,-2.5794999910047616,-2.2313756269970972,-2.220793656599266,-2.2679081091618296,train
2014-06-12,-2.508271094366487,-2.2524583548233728,-2.283939755461698,-2.1487454306842477,train
2014-06-13,-2.5575964661061423,-2.334526833383444,-2.3624338183994285,-2.243657584505944,train
2014-06-16,-2.585808366791089,-2.4580684600087634,-2.477069599518543,-2.328227478231467,train
2014-06-17,-2.6788845029036032,-2.380897463622445,-2.3407175203483606,-2.2577830602986033,train
2014-06-18,-2.7021454578288386,-2.447692774704891,-2.4308362267460772,-2.3630886151284454,train
2014-06-19,-2.78812397039228,-2.3559470428641416,-2.373489556130737,-2.445545445995987,train
2014-06-20,-2.700954387284374,-2.3949060252119887,-2.427313403457765,-2.482194088359138,train
2014-06-23,-2.7525513080974005,-2.4610570379935086,-2.484579440133631,-2.5808031160795446,train
2014-06-24,-2.733971382128336,-2.4993716743856402,-2.455783317955236,-2.6134986590154043,train
2014-06-25,-2.782698947347554,-2.511506719821518,-2.4932597917944967,-2.6144522870364715,train
2014-06-26,-2.861079012449733,-2.5118846255098046,-2.5324152415760843,-2.566957679899743,train
2014-06-27,-2.912237639716609,-2.407783905213251,-2.429026694663187,-2.247539133120218,train
2014-06-30,-2.992246386412649,-2.583097021512382,-2.610441963756018,-2.380441930543731,train
2014-07-01,-3.1219148694885663,-2.505669189952328,-2.4606058599329024,-2.3293398631500457,train
2014-07-02,-3.183168888885445,-2.603239628634203,-2.584913499800413,-2.430987418492735,train
2014-07-03,-3.1297040619465326,-2.647049395318479,-2.6749973410151986,-2.4784680338754326,train
2014-07-04,-3.3168177176018707,-2.5493665006262844,-2.570582118293915,-2.6091799168573564,train
2014-07-07,-3.2160260235192317,-2.8573822539358966,-2.895417005898543,-2.8899699811104504,train
2014-07-08,-3.1738677112629894,-2.8692909911458124,-2.8153408009514367,-2.9034080167272114,train
2014-07-09,-2.909876427460396,-2.956574743422675,-2.9334891154163216,-2.9665808983745685,train
2014-07-10,-2.935525253821827,-2.8462508630341343,-2.8637962156568024,-2.847843312641631,train
2014-07-11,-2.98126176548244,-2.896637362369188,-2.9256021293889427,-2.893850514274696,train
2014-07-14,-2.823780878243913,-2.8901364551949458,-2.9119305724132167,-2.9132865692735797,train
2014-07-15,-2.845406123727532,-2.867674629110967,-2.815801387924341,-2.8927251931403024,train
2014-07-16,-2.890714266332111,-2.653877789605405,-2.6294702792588236,-2.689602050332937,train
2014-07-17,-2.9107417536384097,-2.7715654901608,-2.7976906858220927,-2.8298284968352507,train
2014-07-18,-2.8378708784036095,-2.8153010465316,-2.857485945945312,-2.909658774160688,train
2014-07-21,-2.9518266391238233,-2.6574559975089347,-2.6699909540112783,-2.716458711104024,train
2014-07-22,-3.0137188942551822,-2.797200421319762,-2.7501088082544207,-2.849812959106588,train
2014-07-23,-3.241143543932901,-2.696640840255308,-2.6737216189396182,-2.7810928458622506,train
2014-07-24,-2.9305110915812973,-2.8050382197453576,-2.834428976358793,-2.7529876852818487,train
2014-07-25,-2.9543456461616504,-2.709445661129594,-2.7435368101799926,-2.6007696361080717,train
2014-07-28,-2.745763124344204,-2.78644326543025,-2.807472233676567,-2.623366455270588,train
2014-07-29,-2.731363759033428,-2.989225813152585,-2.9377466648754345,-2.8115274240143346,train
2014-07-30,-2.6855004404737035,-3.0353482352879095,-3.0134014239035243,-2.8508576478671204,train
2014-07-31,-2.78378938229965,-2.747146448770664,-2.752157924369491,-2.705442745090962,train
2014-08-01,-2.6699142745070876,-2.8486400310267674,-2.8816218213577107,-2.686111537597254,train
2014-08-04,-2.730639896823702,-2.6705277807684795,-2.6754293334319064,-2.5810232421830985,train
2014-08-05,-2.7037591119152298,-2.88033812144579,-2.8324310749644037,-2.7731810772541907,train
2014-08-06,-2.6988572997803364,-2.7507349431534154,-2.733821179925861,-2.6624216118516704,train
2014-08-07,-2.586857463830856,-2.681269050689719,-2.6968522448877983,-2.583512690512383,train
2014-08-08,-2.6007640225520974,-2.597723330166253,-2.6223746322213026,-2.620432008556286,train
2014-08-11,-2.569661086392178,-2.611928407141029,-2.6228880319790635,-2.677223635044193,train
2014-08-12,-2.5543686310137304,-2.7287456483222594,-2.6836000566465406,-2.7772682520019503,train
2014-08-13,-2.449186082107588,-2.682202202094208,-2.665781376278437,-2.713631398633476,train
2014-08-14,-2.5439760576298354,-2.495892981517871,-2.5059372377348095,-2.546296305438793,train
2014-08-15,-2.6011956269350702,-2.5445340399474707,-2.5722141910090706,-2.5909088783053544,train
2014-08-18,-2.592224659319617,-2.501719556895423,-2.5127525097465275,-2.4846771818638187,train
2014-08-19,-2.5320762413732,-2.619168524623866,-2.5764230537061548,-2.5912410745304264,train
2014-08-20,-2.5386373807673315,-2.448851329992658,-2.43214206736794,-2.431414669689928,train
2014-08-21,-2.504326426824593,-2.482544725508668,-2.502708922340202,-2.4767379227229007,train
2014-08-22,-2.401358008625435,-2.537953305096966,-2.573942587828771,-2.558791489180347,train
2014-08-25,-2.438471716026934,-2.45606478976161,-2.4668186494017044,-2.518388164380282,train
2014-08-26,-2.5128153396946358,-2.487011004415218,-2.446769397692656,-2.559793226324671,train
2014-08-27,-2.606191927844769,-2.438301271999711,-2.42069499010076,-2.4896844678076304,train
2014-08-28,-2.546150918256411,-2.387369981914393,-2.404791547629916,-2.438688559205829,train
2014-08-29,-1.490794341113431,-2.3010445385472496,-2.32667973389363,-2.1494835315730123,train
2014-09-01,-1.4308852994078405,-2.34998550974218,-2.3670024139712234,-2.101632364744118,train
2014-09-02,-1.3645718983083293,-2.561726272637984,-2.5186585961899888,-2.280231692436924,train
2014-09-03,-1.255733462349943,-2.557932477147598,-2.5412269751140704,-2.329115685131365,train
2014-09-04,-1.1948493015734942,-2.3956302012713437,-2.405727754950417,-2.1831864133944183,train
2014-09-05,-1.8137624846172333,-1.90593376215397,-1.8805809010038554,-1.9082320788715696,train
2014-09-08,-1.8446945771778025,-2.0768802768686423,-2.0867917136441676,-2.157385133724271,train
2014-09-09,-1.8526603310814667,-2.0092874624560335,-1.980829603540849,-2.0840727086263873,train
2014-09-10,-1.9184911842306613,-1.804051954348622,-1.796146789886735,-1.8773820817919191,train
2014-09-11,-1.673388503004385,-1.7210703220143106,-1.7381028375529968,-1.6091651590470228,train
2014-09-12,-1.587519846192954,-1.9003212156923737,-1.9274225269424883,-1.7833834610637438,train
2014-09-15,-1.541568749263675,-1.9258999167059379,-1.9432449286442814,-1.7918776598284167,train
2014-09-16,-1.5287415458376614,-1.9572719937875984,-1.927920402266488,-1.8116480626467966,train
2014-09-17,-1.5595991856885691,-1.9336374292111922,-1.9211917957760791,-1.780998431206504,train
2014-09-18,-1.8701447359053975,-1.697721772702313,-1.6936979486343502,-1.7366455354272532,train
2014-09-19,-1.887588247008301,-1.724351614488545,-1.7409866915129206,-1.7967335833382456,train
2014-09-22,-1.9929887686426364,-1.718669903000103,-1.7327245185474753,-1.8144086965410244,train
2014-09-23,-1.974659574047014,-1.7545018550986125,-1.7290295595517302,-1.8136204822109652,train
2014-09-24,-1.7978248139806834,-1.7839908723005848,-1.7770339881483836,-1.8185472014516475,train
2014-09-25,-1.6890708342484084,-1.8516826388884504,-1.8702947352081167,-1.8732088010910555,train
2014-09-26,-1.5190780336835419,-1.7722703568048106,-1.7863830882036746,-1.626599741377926,train
2014-09-29,-1.3527614588778774,-1.9162994372860989,-1.93457150120207,-1.644065590560061,train
2014-09-30,-1.293271295308025,-1.8717855413105684,-1.839607947921843,-1.644359018359532,train
2014-10-01,-1.2620862839432907,-1.704675318057756,-1.6889863753699923,-1.5281110642359401,train
2014-10-02,-1.0647561909948093,-1.6410822338905457,-1.6499419458699316,-1.4814304258393105,train
2014-10-03,-1.0560298658879845,-1.4855672542512095,-1.4886317810643324,-1.4732983523619212,train
2014-10-06,-1.1097724399286963,-1.4149234645544093,-1.4210955030582626,-1.4908194019107532,train
2014-10-07,-1.0697010590979292,-1.4449778081845452,-1.425015827222465,-1.5263622891811761,train
2014-10-08,-1.1093674710405457,-1.3788712767463118,-1.371166956118751,-1.4110183994755214,train
2014-10-09,-0.9268399117733761,-1.1988301092999945,-1.1992059641958381,-1.2198835423638301,train
2014-10-10,-0.7687190833640487,-1.2234896930950567,-1.2341045277036822,-1.2314198464473711,train
2014-10-13,-0.719430128847178,-1.3414416551197539,-1.358724026528637,-1.3686060660638841,train
2014-10-14,-0.7539075020107205,-1.2698807751454428,-1.2533663532878048,-1.282434230039164,train
2014-10-15,-0.7241193622034046,-1.3145982828563563,-1.3100053558873903,-1.3789145454667977,train
2014-10-16,-1.0058554411334435,-1.0568212482283739,-1.0467492486700662,-1.1462908863517776,train
2014-10-17,-1.317710324019654,-1.0015008794138855,-0.9979317565105227,-1.0904748924700893,train
2014-10-20,-1.474451467088038,-1.0791703144991178,-1.0920377912534611,-1.1747151637808884,train
2014-10-21,-1.5351840139177786,-1.1812628693736424,-1.166502908742782,-1.2746794438238278,train
2014-10-22,-1.6345379303037697,-1.0951380608016,-1.093117700001183,-1.1706753575656552,train
2014-10-23,-1.5939169347840128,-1.194795822661753,-1.2089123757411169,-1.1998475967497488,train
2014-10-24,-1.630207458616925,-1.2832780482094561,-1.3012159895739972,-1.2657544311766218,train
2014-10-27,-1.3328484974409107,-1.4440089675995729,-1.4637272694402925,-1.3950878218139229,train
2014-10-28,-1.2282845337838242,-1.4921767924190052,-1.4648656932412092,-1.394983129675799,train
2014-10-29,-1.2521578865229739,-1.4640483906946296,-1.4508334693629257,-1.3506465422950438,train
2014-10-30,-1.3116655312130818,-1.3749397756169917,-1.3765050899661266,-1.3466450286870273,train
2014-10-31,-1.05967224079102,-1.4400040098801605,-1.4558374392540125,-1.2879627657093697,train
2014-11-03,-1.113755324855427,-1.213663582246396,-1.2087941298031948,-0.932417338382891,train
2014-11-04,-1.1665667689047023,-1.2298820563069894,-1.2094379475596482,-0.9877525715673332,train
2014-11-05,-1.1473215193237611,-1.332066809941969,-1.3262913637556488,-1.1304163776223086,train
2014-11-06,-1.0978319419936908,-1.3086069102495266,-1.321594092692066,-1.1426187952535767,train
2014-11-07,-1.4017613128795419,-1.0764834279796542,-1.0740806686499529,-1.0569150097170164,train
2014-11-10,-1.373688474535852,-1.1616061702444418,-1.1648360309627273,-1.2494134591510118,train
2014-11-11,-1.3272099184071464,-1.2995926050349331,-1.2782463940702977,-1.348850974085189,train
2014-11-12,-1.3474529147132848,-1.2878617502366143,-1.2820570032554357,-1.3281452923843948,train
2014-11-13,-1.4227372896631283,-1.1940439107681236,-1.2037002178267755,-1.2123551014583316,train
2014-11-14,-1.2721537724190053,-1.3949655239974141,-1.4219407180501251,-1.3825707976423907,train
2014-11-17,-1.3537156255749352,-1.2699379632888963,-1.2678774278190972,-1.267808344579337,train
2014-11-18,-1.3958079819242322,-1.3330878916056355,-1.3111367726732273,-1.3543415159954306,train
2014-11-19,-1.3768765387246182,-1.4165159360923776,-1.4094578647861165,-1.4595377160324348,train
2014-11-20,-1.348530011249036,-1.4093536675462126,-1.4223686370822306,-1.4943156052422273,train
2014-11-21,-1.538025178406028,-1.2675214499050638,-1.2764616816019039,-1.3674300442626712,train
2014-11-24,-1.6603670901170289,-1.3125860102535316,-1.317794753818204,-1.4041664792375723,train
2014-11-25,-1.6156820944368808,-1.3972664923971978,-1.3739044889178298,-1.4540038877788533,train
2014-11-26,-1.6720853171960801,-1.389254520279294,-1.3812516778850694,-1.423057062751601,train
2014-11-27,-1.7344679683615323,-1.3260340520131144,-1.3373202752065494,-1.305585369822391,train
2014-11-28,-1.2149236326014536,-1.497426453948,-1.5275742282749918,-1.3391486774243868,train
2014-12-01,-1.036731759236475,-1.506578882437642,-1.5173639903118887,-1.2716586607683737,train
2014-12-02,-1.0694735523699341,-1.451018634718402,-1.424639603424407,-1.247788789076182,train
2014-12-03,-0.9585522829279604,-1.5832163133706503,-1.5726481558771002,-1.3664331624225219,train
2014-12-04,-0.9399274440223233,-1.55848695131445,-1.5692229340990838,-1.3795452902014964,train
2014-12-05,-1.0885375625833715,-1.207345651317331,-1.1959819427279883,-1.1988772171934037,train
2014-12-08,-1.2067724132540973,-1.176962539741729,-1.1760157271966698,-1.2835988012491066,train
2014-12-09,-1.1495645617256343,-1.3476473977751502,-1.3268038189513822,-1.4435575508494065,train
2014-12-10,-1.0805824645434166,-1.1897463533222656,-1.1833526236787195,-1.2664641022759988,train
2014-12-11,-0.872286316463132,-1.2243896061143775,-1.2431774304884438,-1.1371757868452441,train
2014-12-12,-0.9257743482458369,-1.1507401887943376,-1.1557548570534555,-1.0931181528671918,train
2014-12-15,-0.9665768801937663,-1.2619344301632598,-1.2709045383055406,-1.142095961187911,train
2014-12-16,-1.0419331689728621,-1.227943400319338,-1.2096108984268286,-1.1041754897615605,train
2014-12-17,-1.2409592222230812,-1.1343584919658367,-1.1253983722297487,-1.1062624391239682,train
2014-12-18,-1.698710621269121,-0.9904257000050831,-0.9896854126407257,-1.126280796082597,train
2014-12-19,-2.0759298836953586,-1.0764429912161089,-1.091193521457623,-1.2094381998118233,train
2014-12-22,-2.124555993326621,-1.1799022789721345,-1.1989201277144121,-1.3013432651131935,train
2014-12-23,-2.058650739042289,-1.3143491316793203,-1.2942545459719572,-1.4480971801467177,train
2014-12-24,-2.0778804191699964,-1.4404202752077453,-1.4345046243310524,-1.5018215932815298,train
2014-12-26,-1.8792938196975952,-1.663563703038623,-1.700324370806908,-1.712808761187745,train
2014-12-29,-1.4946878420591982,-1.848783035165077,-1.8713018973826627,-1.8604891562118768,train
2014-12-30,-1.3634648981670063,-1.74103685236021,-1.7049511400538995,-1.7824428552786598,train
2014-12-31,-1.2184073916943698,-1.7164250392733535,-1.69682731363495,-1.6931725194711689,train
2015-01-02,-1.1266613266476422,-1.7890800152486441,-1.8140398715531074,-1.7677482914523825,train
2015-01-05,-1.0699928011873894,-1.6180168333874556,-1.6199585188234518,-1.5428310398690779,train
2015-01-06,-1.1798169774791278,-1.3605147223855043,-1.3363024825098881,-1.2915735252932337,train
2015-01-07,-1.207971787311378,-1.3325897035438041,-1.3197349409719596,-1.2738429437350953,train
2015-01-08,-1.1341213729102673,-1.262759869537618,-1.266570108769724,-1.2294142883853434,train
2015-01-09,-0.3125652242463629,-1.2554715020950042,-1.2763750340848476,-1.2154880905647725,train
2015-01-12,-0.22959540202202477,-1.1868394561631133,-1.1965277628484103,-1.2370314994357239,train
2015-01-13,-0.20731755708275082,-1.271142558510976,-1.2527033316049976,-1.350771969002886,train
2015-01-14,-0.2078690446057438,-1.258166580550728,-1.2506154703695795,-1.2969368086605009,train
2015-01-15,-0.103074149531841,-1.163889359947841,-1.1645000992208523,-1.267874549330621,train
2015-01-16,-0.3052682342372128,-0.7339897395190531,-0.7045302357013051,-0.7469031309097252,train
2015-01-19,-0.016228313827492902,-0.8395164220933387,-0.8432614980346657,-0.8127525800278348,train
2015-01-20,0.07588095690743682,-0.9042977679167633,-0.8974978843604653,-0.8359646806527815,train
2015-01-21,0.18028869488806884,-0.9387447624349821,-0.9427894672159884,-0.8918891354009114,train
2015-01-22,0.11420753850520808,-0.7076524390357085,-0.7069133956281515,-0.5826185936037903,train
2015-01-23,-0.09401376230658416,-0.6525262112945762,-0.6382968455126736,-0.6260668060187319,train
2015-01-26,-0.44400127290317326,-0.4893990088766885,-0.47589398360008356,-0.4950701828652966,train
2015-01-27,-0.5931059739630802,-0.5017481699957863,-0.5032907241181424,-0.4675166891141893,train
2015-01-28,-0.736638183643107,-0.36180771075440565,-0.36813153222537576,-0.34511981629685096,train
2015-01-29,-0.7672351756789095,-0.43877372382440727,-0.45486572188403057,-0.4542259842129983,train
2015-01-30,-0.6708455804578732,-0.5661837892128901,-0.5873218821621313,-0.5604771337275888,train
2015-02-02,-0.5422611843559866,-0.62684880316465,-0.6342414723547927,-0.5369910250576372,train
2015-02-03,-0.5631240395231302,-0.7248412108699792,-0.7140576083270269,-0.6595592584394756,train
2015-02-04,-0.5888755645698198,-0.7135008008707363,-0.7074442773417596,-0.6582847198482319,train
2015-02-05,-0.6514062823263899,-0.7320069428271452,-0.7367561956676492,-0.7093977224202783,train
2015-02-06,-0.7191325273546139,-0.6411399255051369,-0.6423048086408732,-0.6505130484633509,train
2015-02-09,-1.0088338621699382,-0.5462193792372368,-0.5408442640926693,-0.6600661946733416,train
2015-02-10,-1.0382329887500907,-0.7014530556226342,-0.6901398981054013,-0.8330816821011804,train
2015-02-11,-1.0985524780451317,-0.6612845950200794,-0.6575413115852076,-0.7547258521537825,train
2015-02-12,-1.0073231439966868,-0.7405856756646712,-0.7548831673330118,-0.8421926384157398,train
2015-02-13,-1.1167467932010757,-0.6964175210549286,-0.7031431464779481,-0.8262458700807197,train
2015-02-16,-0.9088488807067495,-0.8898436756877738,-0.9009476199113821,-0.9612410320898308,train
2015-02-17,-0.8913186436897388,-0.9439938913709323,-0.9247572481474752,-0.9864446444194674,train
2015-02-18,-0.9181144321935203,-0.9391913930261324,-0.9294925017155283,-0.9735824849701988,train
2015-02-19,-1.0711880210182214,-0.8529776739101765,-0.8535492751346836,-0.8679477314541326,train
2015-02-20,-1.083092909536962,-0.9549681409166563,-0.968952367332356,-0.949980830740594,train
2015-02-23,-1.2713653620153085,-0.7819516068475436,-0.7767184166197018,-0.8291121517681141,train
2015-02-24,-1.3749283484747434,-0.9039217674182922,-0.8876427097129543,-0.8974914416752148,train
2015-02-25,-1.4572789626226337,-0.9520861657596364,-0.9467359460038661,-0.9897552358730376,train
2015-02-26,-1.3629776623918177,-1.105934851549467,-1.1251378850229434,-1.1008892930367284,train
2015-02-27,-1.2437014348634472,-1.07486769595051,-1.0912028949661334,-0.9184919299506185,train
2015-03-02,-0.8455069596507837,-1.1005089058394184,-1.102933592524224,-0.8467181058252342,train
2015-03-03,-0.7974735755880724,-1.2834138127647174,-1.2583909469918888,-1.0420380828110016,train
2015-03-04,-0.5808597713947988,-1.3134869467533878,-1.3027274412463088,-1.080821464594759,train
2015-03-05,-0.39974125718173165,-1.2061973595891213,-1.2114241708758762,-1.0172922470936214,train
2015-03-06,-0.16014956184915896,-1.1185138055157229,-1.1208901896522139,-1.0820933033605795,train
2015-03-09,-0.22945940632419465,-0.8947427650845553,-0.8783682428638866,-0.9925821040116563,train
2015-03-10,-0.15872905402517204,-1.0574783288097054,-1.0411485984892415,-1.1478327873733438,train
2015-03-11,-0.23823399231573802,-0.8027620605411497,-0.7964190764840517,-0.8848662398388664,train
2015-03-12,0.44322962729633797,-0.6767347707858583,-0.674927199612937,-0.6489143552234236,train
2015-03-13,0.47540280679700075,-0.5037761492517281,-0.49451000223618713,-0.4860566675990612,train
2015-03-16,0.4932904534582528,-0.5929564767251747,-0.5955391324581666,-0.5052423605082694,train
2015-03-17,0.5575426004574848,-0.5743476968674006,-0.5729240974519234,-0.47031421165503406,train
2015-03-18,0.6372877744552025,-0.6619889255859568,-0.6658941644157096,-0.5338110838537287,train
2015-03-19,0.04800738630702616,-0.13666225986863548,-0.10641688202903335,-0.13338948627900438,train
2015-03-20,-0.16073583172019953,-0.24605284094294996,-0.23723788565846438,-0.2401933788869437,train
2015-03-23,-0.20882786628634104,-0.2979675602901012,-0.30371238025014197,-0.3836409445417923,train
2015-03-24,-0.36029229355652814,-0.19665130632397002,-0.2030540176792902,-0.29319300929642855,train
2015-03-25,-0.5628661490051785,-0.09725141846624469,-0.10611353086410528,-0.1819694135451717,train
2015-03-26,-0.5402961174234783,-0.3909372557472296,-0.40782240463726266,-0.47834336250754284,train
2015-03-27,-0.5517050026414706,-0.4302567745872968,-0.4412483705987831,-0.5504365367441509,train
2015-03-30,-0.2891511088626391,-0.4098143443971577,-0.41388245095435405,-0.38840358675130937,train
2015-03-31,-0.3171606884247519,-0.5058949568554859,-0.49914936699125484,-0.4784371270385175,train
2015-04-01,-0.30777656082203503,-0.582251128175446,-0.5788388879465086,-0.5995525441898503,train
2015-04-02,-0.29130715575456106,-0.5324307374486682,-0.5368399458096557,-0.5647602569601512,train
2015-04-03,-0.3343313810183543,-0.5143057249834584,-0.5199436159081892,-0.5198599049455486,train
2015-04-06,-0.6974262740839348,-0.28598190134746654,-0.2706718762884414,-0.38063850906294827,train
2015-04-07,-0.6646707571464265,-0.4870119595902977,-0.47836829630668065,-0.5743412507673274,train
2015-04-08,-0.5219655180818996,-0.4628312354513794,-0.4608568531647182,-0.5429083600735394,train
2015-04-09,-0.45680652111253295,-0.41621520969928716,-0.42029304042807814,-0.35389604909201,train
2015-04-10,-0.259374334705744,-0.5026625374121125,-0.5177556841543565,-0.42848564414284773,train
2015-04-13,-0.18756041253514213,-0.5892433437361475,-0.5925860591217312,-0.5212684750797971,train
2015-04-14,-0.19971620763402548,-0.5863768167318075,-0.5745723304844935,-0.514489360599111,train
2015-04-15,-0.30556018531175405,-0.4543961062246166,-0.4466598219841152,-0.4014816588164094,train
2015-04-16,-0.3960785103740963,-0.43939592636825653,-0.43614809360827606,-0.5885705443510164,train
2015-04-17,-0.5227606712725248,-0.3006871207793479,-0.2934767179289199,-0.4390696531746596,train
2015-04-20,-0.53923897622078,-0.33827640453132485,-0.34087207994183716,-0.45182429693727766,train
2015-04-21,-0.5415725444212831,-0.440744261036568,-0.4363587512792165,-0.5500387678630377,train
2015-04-22,-0.5489649323880724,-0.48577891386813843,-0.48580351025630836,-0.59387025675543,train
2015-04-23,-0.35513480890585863,-0.538661693920175,-0.5473166513229881,-0.5220058643557797,train
2015-04-24,-0.14879446167486363,-0.534581453994658,-0.5356749560737275,-0.512377901808921,train
2015-04-27,-0.14947344745090904,-0.5312201149290176,-0.5297123880231487,-0.5546103317987718,train
2015-04-28,-0.16764046493543922,-0.6052043100631549,-0.5955329999896357,-0.5835722901759802,train
2015-04-29,-0.07778200440302895,-0.6043852372451092,-0.6013181824322117,-0.5358251138388367,train
2015-04-30,-0.12530248535063943,-0.4097151836333718,-0.401929268990928,-0.42463923131287995,train
2015-05-01,-0.3318608758844112,-0.287369089017331,-0.2735258808332915,-0.33562748864596226,train
2015-05-04,-0.20299350566426472,-0.3844052757515088,-0.3878672363464498,-0.3110747583825242,train
2015-05-05,-0.16922128164504135,-0.500781367490029,-0.4949808303775796,-0.45903095425581575,train
2015-05-06,-0.2721208670895436,-0.33995452160178974,-0.33944142752507117,-0.36482185099743947,train
2015-05-07,-0.316313901892772,-0.3420687497507131,-0.3419370233900626,-0.325666229600202,train
2015-05-08,-0.35181983548781376,-0.4394520135762801,-0.44388218577762373,-0.42197152161717244,train
2015-05-11,-0.5404965565109993,-0.3086669623781948,-0.3012655053299274,-0.4210237283602867,train
2015-05-12,-0.5554274416839187,-0.3989523480081987,-0.3952139866443807,-0.47505669549281304,train
2015-05-13,-0.3514859166608856,-0.46509814206177313,-0.4657941618310485,-0.5390050593323341,train
2015-05-14,-0.32823948111942575,-0.4125963170739597,-0.4138831955968605,-0.5083261379123998,train
2015-05-15,-0.31964934962474656,-0.4728450732871518,-0.48173112455235273,-0.5660730937773711,train
2015-05-18,-0.2539626624871908,-0.5235836283575317,-0.5253256548975906,-0.5775100947104481,train
2015-05-19,-0.31597321496316794,-0.5830234679173479,-0.5730837375229243,-0.6821312180463861,train
2015-05-20,-0.4868495249206238,-0.3844855014488127,-0.378493038512264,-0.439418513405174,train
2015-05-21,-0.523796382884543,-0.40790346764654933,-0.40703807637921774,-0.5046160214537379,train
2015-05-22,-0.5128500418422646,-0.444107310103354,-0.45250710740225836,-0.5177299209537376,train
2015-05-25,-0.6435183901970754,-0.3578256752787744,-0.3569924079395011,-0.45302695929082826,train
2015-05-26,-0.5150811281885089,-0.6129103354774371,-0.6036091095884105,-0.6347397776306802,train
2015-05-27,-0.403905082760505,-0.5621783231342931,-0.5578338928975751,-0.6147786219689468,train
2015-05-28,-0.2647178583858525,-0.5299813364899569,-0.52826379986018,-0.38619402911702316,train
2015-05-29,-0.21551498827995533,-0.5376388437286244,-0.54066508085729,-0.3908243311728996,train
2015-06-01,0.16044453239935963,-0.6293730992268038,-0.6329468604441778,-0.38229912139151057,train
2015-06-02,0.19521565997610224,-0.5410720224369486,-0.5326395800366218,-0.31775329050472934,train
2015-06-03,0.1648398143957024,-0.43955700486356897,-0.43473508145286666,-0.25262624177329984,train
2015-06-04,0.1138459005430946,-0.33524500823395315,-0.3271449962988886,-0.339824382465584,train
2015-06-05,0.06641878801346832,-0.36604600000694093,-0.3679596588802274,-0.3639880398242137,train
2015-06-08,-0.28178423719836176,-0.07890068068748753,-0.06372665174651333,-0.2039222577707005,train
2015-06-09,-0.35348559781224187,-0.19841397626417948,-0.2010821091329721,-0.3053909910790211,train
2015-06-10,-0.45036403105638206,-0.24165310608792143,-0.24637973215336303,-0.34450457468047957,train
2015-06-11,-0.6189695456461596,-0.22124780131791794,-0.22447792235195316,-0.20464713031314186,train
2015-06-12,-0.5497867063910425,-0.3160054860278597,-0.33083835008865137,-0.2898035650747661,train
2015-06-15,-0.6907547269696135,-0.3685176278524403,-0.37018074407112667,-0.30624323962466327,train
2015-06-16,-0.7099948635297414,-0.4507586344469231,-0.44426892848545224,-0.3821794514256891,train
2015-06-17,-0.678116677553289,-0.5538529303540531,-0.5530431913682694,-0.49217024498050566,train
2015-06-18,-0.6873667456653056,-0.6082130226217062,-0.6169263058871015,-0.6517897209565018,train
2015-06-19,-0.8599478158664308,-0.5094880763468846,-0.5079291209215349,-0.5839790549305354,train
2015-06-22,-0.8581942544543618,-0.6709440769347889,-0.6793607501109671,-0.7725598866899458,train
2015-06-23,-0.37803010402727355,-0.6490907360123236,-0.6362950415833564,-0.7465363773162096,train
2015-06-24,-0.3087906195219903,-0.6493783465117032,-0.6439845328719963,-0.7094659257729478,train
2015-06-25,-0.27195173530933925,-0.6670462983409512,-0.675990845327435,-0.7226895440113558,train
2015-06-26,-0.19039885925138778,-0.7497520066340526,-0.762990297365047,-0.7455118947317572,train
2015-06-29,-0.2250359995326863,-0.7475653221186186,-0.7536030775131016,-0.7053748025439303,train
2015-06-30,-0.5412602089385437,-0.4133462649730122,-0.40591232893318835,-0.40567363651746446,train
2015-07-01,-0.582337724987084,-0.49900900534386594,-0.4938562490084202,-0.5044429187013038,train
2015-07-02,-0.5583035920046477,-0.5140263529774942,-0.520967727924299,-0.5327046430102229,train
2015-07-03,-0.6254204613864127,-0.4312216617134407,-0.43690216225162737,-0.518554354050806,train
2015-07-06,-0.45394471830229366,-0.6305547620850775,-0.653335969356354,-0.7138620215427003,train
2015-07-07,-0.3883226451667126,-0.5666557164085675,-0.5573461991903781,-0.6693741116954446,train
2015-07-08,-0.45318747810980364,-0.6273357522137966,-0.6218207760151387,-0.6857510794516761,train
2015-07-09,-0.5198547309166813,-0.6191581171843,-0.6214099694184069,-0.6591243507845507,train
2015-07-10,-0.5144667164472091,-0.6776411035154541,-0.6861549066558086,-0.5472683135385518,train
2015-07-13,-0.7023196970672255,-0.5325307448894965,-0.5326399491008225,-0.42341067397518106,train
2015-07-14,-1.0396004834516512,-0.4733408538450108,-0.46829045963969285,-0.3631076632056389,train
2015-07-15,-1.0524063410969775,-0.6424232439962434,-0.6424908985063198,-0.5707818091077187,train
2015-07-16,-1.0823272137920061,-0.6752027555303362,-0.6871591703238904,-0.6761444690690509,train
2015-07-17,-1.092285859307109,-0.6340289535056823,-0.6436381665936163,-0.8039932771532184,train
2015-07-20,-0.9975167549701227,-0.8447075941892099,-0.8624057147600215,-0.9722426129888935,train
2015-07-21,-0.8796796077450427,-0.994029180158953,-0.9744207611929868,-1.1005150486960924,train
2015-07-22,-0.9470511814338902,-0.9336221471904176,-0.9240218253429123,-1.0464219823578407,train
2015-07-23,-0.923726320965101,-0.9543481485569588,-0.9601362913652848,-0.9514896905653276,train
2015-07-24,-1.021742709740347,-0.9077256668459985,-0.9088920852427569,-0.8785705200323872,train
2015-07-27,-0.7164573576639663,-0.8915127240517667,-0.8947921686285837,-0.8941462584436846,train
2015-07-28,-0.8076586187462947,-0.813128604915688,-0.7986359757124051,-0.8023091883156906,train
2015-07-29,-0.7880076541452734,-0.9557697949895579,-0.9514445619694396,-0.9358976882792834,train
2015-07-30,-0.8018455824612213,-0.8914940880019045,-0.8978840514905471,-0.9420064142086854,train
2015-07-31,-0.8451291741040285,-0.9747758977682607,-0.9899257208558436,-1.0510132294415486,train
2015-08-03,-0.9573572385332164,-0.7196394254878511,-0.7068213000920432,-0.708017544352351,train
2015-08-04,-0.9137701252266774,-0.9909625778879948,-0.973844715986505,-0.9998429009634836,train
2015-08-05,-0.7987107767824075,-0.9583571718567342,-0.9537940171155026,-0.9674567400863062,train
2015-08-06,-0.7502772930464326,-0.934317525684349,-0.9425858514017821,-0.9532076729735183,train
2015-08-07,-0.6583046771753053,-1.0495287026666145,-1.0745402060117004,-1.0640001294512222,train
2015-08-10,-0.888577278936294,-0.8850687691030653,-0.8736981150370352,-1.000210750767795,train
2015-08-11,-0.9052826731753225,-0.9925161723984163,-0.9756706930542808,-1.094597974928738,train
2015-08-12,-1.0757276261882234,-0.8810962476195023,-0.8735006689850856,-0.9878780095964839,train
2015-08-13,-1.107681927457054,-0.8792385845037504,-0.8842052518652781,-0.9499678518921696,train
2015-08-14,-1.1367105567849498,-0.8259597806417691,-0.8383826794726332,-0.8938154659376634,train
2015-08-17,-1.0617894492935958,-0.9795006414497658,-0.9927469133453188,-1.02407008771462,train
2015-08-18,-0.25699475882357153,-0.9957753520713624,-0.9805581915313779,-1.0411605605798657,train
2015-08-19,-0.004408556881772245,-1.1318234079427294,-1.1269337093568004,-1.173745937461771,train
2015-08-20,0.1223048761441595,-1.028287678236313,-1.0306475756075664,-1.106363767015666,train
2015-08-21,0.16695471618183594,-1.0441255012783468,-1.051464698959341,-1.06262820023547,train
2015-08-24,0.1936017089753339,-1.006893624059675,-1.0095667993868624,-1.06382151134678,train
2015-08-25,-0.20319355223970706,-0.5610847475062425,-0.554810369730526,-0.6648815115827946,train
2015-08-26,-0.3680990526207617,-0.46893821036150274,-0.46512960936295916,-0.5449800079075808,train
2015-08-27,-0.5814647425518157,-0.3997525464338627,-0.3988795397997051,-0.4637920125850794,train
2015-08-28,-0.5888156932564236,-0.4116522416682774,-0.42522568207966915,-0.3498113486578198,train
2015-08-31,-0.5882082405451616,-0.3975952073037481,-0.41268279758994086,-0.22554453498578209,train
2015-09-01,-0.6707509860835669,-0.5718421623882641,-0.567779252635385,-0.4081727169741767,train
2015-09-02,-0.8358181403350157,-0.5714509371840241,-0.5695909377673952,-0.38174519995415435,train
2015-09-03,-0.9102521214240119,-0.7056117472401097,-0.7161085998636848,-0.5484514347544204,train
2015-09-04,-1.0059702233663381,-0.6418148964383993,-0.645669234606846,-0.6531848371692148,train
2015-09-07,-1.1228120235253725,-0.6490560958658849,-0.652412834590499,-0.7819943095894736,train
2015-09-08,-1.1171811420021105,-0.8372239496289287,-0.8234632560277098,-0.9210703918030316,train
2015-09-09,-1.1678410290647592,-0.8811716027517833,-0.8761653161973648,-0.9972260804038735,train
2015-09-10,-1.1449443625055287,-0.9330047181043473,-0.9462571501448342,-0.9903386415926726,train
2015-09-11,-0.9843412358684583,-0.8954120207796451,-0.9003450716231445,-0.8588143566876969,train
2015-09-14,-0.9439664760774439,-0.9626442919713454,-0.9656456382834488,-0.8934002109093571,train
2015-09-15,-0.906303247601066,-1.034595372856663,-1.0143693843047958,-0.9584995069662039,train
2015-09-16,-0.8709143735231427,-1.0722805171278746,-1.0644640271584738,-1.0188780376511504,train
2015-09-17,-0.75176281405298,-1.0127754302433245,-1.0204080605879633,-0.9797525333113706,train
2015-09-18,-0.8973532690015776,-0.8360860773670071,-0.8281866464071027,-0.9654450015372207,train
2015-09-21,-0.8703517987905343,-0.8859719892924004,-0.8868352641412455,-1.0305889420119652,train
2015-09-22,-0.8599254458567193,-0.9192261864830644,-0.9020904804072187,-1.0271819357971268,train
2015-09-23,-0.8046331434248035,-0.9065504443030952,-0.9013527189754069,-1.0055427430319734,train
2015-09-24,-0.9363997698672687,-0.7832394711344141,-0.7840695386704191,-0.8891704652563703,train
2015-09-25,-1.0409590534168318,-0.8954673539789275,-0.9057886133554696,-0.9222267565959488,train
2015-09-28,-0.5885326991288875,-0.8691383741052392,-0.8707430771674144,-0.7885916151443426,train
2015-09-29,-0.5877969377549321,-0.9331614720968621,-0.9186553243717513,-0.870565430419338,train
2015-09-30,-0.6502931766035397,-0.87752965788431,-0.8727074320786775,-0.8183805351171877,train
2015-10-01,-0.6598905038731656,-0.9816674084608425,-0.9946946554174727,-0.9344883891104518,train
2015-10-02,-0.6073011854091935,-1.0978072565589119,-1.1227392400068459,-1.1115998033381884,train
2015-10-05,-1.185292806418786,-0.7196361828279648,-0.6998146264129977,-0.8201155663824449,train
2015-10-06,-1.3223361427153908,-0.9381523164666029,-0.9244084656673203,-1.0419861689829986,train
2015-10-07,-1.3371467907210044,-1.0364484164722154,-1.032958326677193,-1.0973363424998237,train
2015-10-08,-1.3330316408540044,-1.0238642476387394,-1.038448787112106,-1.0634458338527946,train
2015-10-09,-1.247290048747275,-0.9441726656544333,-0.959545360515861,-0.9160978359844106,train
2015-10-12,-1.2414880236726231,-1.0882142616548713,-1.0945563390961883,-1.1129652497765061,train
2015-10-13,-1.2027916414356838,-1.3013951937444455,-1.2770022584004095,-1.3009263584216886,train
2015-10-14,-1.251944994089921,-1.2455045998081522,-1.2354388894016501,-1.2938677237415472,train
2015-10-15,-1.3347260488586954,-1.2101849159672047,-1.2175863361951533,-1.2949451304815822,train
2015-10-16,-1.161950018692852,-1.1026651769458167,-1.102996194528568,-1.0989567615192914,train
2015-10-19,-0.9937597241398507,-1.150303839504034,-1.1539938655998758,-1.139789795835597,train
2015-10-20,-0.9846075527976499,-1.2147398432600776,-1.193357573068172,-1.1950791099779376,train
2015-10-21,-0.937114083208561,-1.2944310627597448,-1.2881871436749899,-1.2527539645954022,train
2015-10-22,-0.5493762481366931,-1.334365060615559,-1.3524547778321905,-1.2178753628049321,train
2015-10-23,-0.6736839260234131,-1.0848743309789732,-1.074206835579694,-1.0645641298126916,train
2015-10-26,-0.7628689319593253,-1.0531646385223885,-1.0461036008907443,-1.0192330549578,train
2015-10-27,-0.7485025946936316,-1.204644562870151,-1.1844741756105595,-1.1291328081815266,train
2015-10-28,-0.7493556833417568,-1.1548474570066871,-1.1493919738539413,-1.0966321382305197,train
2015-10-29,-1.1484277400244038,-0.7720648691959906,-0.7614977473867084,-0.7660009670693297,train
2015-10-30,-1.2198402658046794,-0.9694033888233812,-0.9835240732944964,-0.9399473940574233,train
2015-11-02,-0.9075091442100887,-0.9979374873886303,-1.0044681516567953,-0.8571864711258016,train
2015-11-03,-0.8834692603321251,-1.0515635338147693,-1.0365203049098937,-0.9310000846709418,train
2015-11-04,-0.8528165846756851,-1.0802651579010651,-1.0781930729171032,-0.9409694675990674,train
2015-11-05,-0.8789579011727321,-1.147750311970076,-1.1567055895883622,-1.0635660680997399,train
2015-11-06,-0.6914919898752507,-1.193247738337381,-1.2098632634507676,-1.131114375070565,train
2015-11-09,-0.9204109622574486,-0.9344419176856994,-0.9215461463822159,-0.9689388675145008,train
2015-11-10,-0.9049728837600224,-1.082444425008296,-1.0661010894432512,-1.0947996413096943,train
2015-11-11,-0.9320254456653462,-1.056398961721927,-1.0515856293976693,-1.0610870338815657,train
2015-11-12,-0.9517324371411692,-1.083124247542272,-1.0984988877904842,-1.0568398320972292,train
2015-11-13,-1.142936668334613,-0.8516931425621573,-0.8504133860840275,-0.9125503626132879,train
2015-11-16,-1.2501901649030744,-0.9809636174807469,-0.9851499319594336,-1.0470613700609845,train
2015-11-17,-1.2944593883295565,-1.0166661086260902,-1.0012760216744092,-1.0663575880435636,train
2015-11-18,-1.2981062504911953,-1.0707244908130331,-1.0664804352358832,-1.1246818809280124,train
2015-11-19,-1.2187834445271415,-1.0975273709428017,-1.1157799887532454,-1.2283591717884796,train
2015-11-20,-1.4300824842040483,-1.0710185425677645,-1.0807126686243163,-1.185898871099731,train
2015-11-23,-1.5272739659519663,-1.1502234568983392,-1.1592969758568412,-1.2589944563135003,train
2015-11-24,-1.6251422739892663,-1.1857707347783084,-1.164033674778919,-1.3071129750184793,train
2015-11-25,-1.6756801026576937,-1.208342473110901,-1.1990772721296794,-1.2835848518453927,train
2015-11-26,-1.701910329893315,-1.1240817251119435,-1.1302925583111867,-1.0977454450424007,train
2015-11-27,-0.08974847003392879,-1.4472523718291597,-1.488913067567201,-1.2163701535182387,train
2015-11-30,0.08142708139932385,-1.4451753857245968,-1.4598114586027982,-1.151553047461267,train
2015-12-01,0.09522699908231715,-1.4951605423903027,-1.4657869294562973,-1.2088478220396923,train
2015-12-02,0.10202143537522115,-1.493637317172785,-1.4786009814082253,-1.2629825692108723,train
2015-12-03,0.10398037506979607,-1.4336651903033202,-1.4326388725291814,-1.2565299665980567,train
2015-12-04,-0.8699820706821039,-0.7339870125473643,-0.6859155490018519,-0.7712798843603081,train
2015-12-07,-1.178355843007497,-0.7379598327521414,-0.7305212034948866,-0.8459592160782591,train
2015-12-08,-1.141783104281243,-0.9076117215675279,-0.8983487382849624,-0.984728462483868,train
2015-12-09,-1.1076816813816612,-0.9128951378781559,-0.9173864612699246,-0.975711345609812,train
2015-12-10,-0.8281548450322213,-0.8650594857510642,-0.8843742552621688,-0.7753300748246066,train
2015-12-11,-0.7675439993314556,-1.0946635318288982,-1.112913153868358,-1.0068025310291502,train
2015-12-14,-0.7978820963253325,-1.0952587351746736,-1.0948717012535096,-1.0018646312327881,train
2015-12-15,-0.8280753750000692,-1.1498207689932074,-1.131254407421008,-1.0567789184182304,train
2015-12-16,-0.8810682066756689,-1.1379051991271272,-1.1311583061373978,-1.048474091676328,train
2015-12-17,-1.2419717403420907,-0.8931323557982898,-0.8847068966315063,-1.0301447043920953,train
2015-12-18,-1.425689988737225,-0.9474756189318557,-0.9589953949327706,-1.083316406421459,train
2015-12-21,-1.6151999268841437,-0.9698254211909181,-0.9782869213727181,-1.0736094370676124,train
2015-12-22,-1.615772834374159,-1.0718682793498588,-1.0564333861479667,-1.2069622050397388,train
2015-12-23,-1.6207972265103097,-1.1505013063988514,-1.1483336184295567,-1.2834667773746187,train
2015-12-24,-1.5875614109145482,-1.2299472248758667,-1.2436191448626068,-1.3301662274885089,train
2015-12-28,-1.3363329719353305,-1.3318936286263834,-1.3451081801431066,-1.3549497284539855,train
2015-12-29,-1.264182233356028,-1.4181041112556836,-1.3905337797202728,-1.4602894865869012,train
2015-12-30,-1.144101179187533,-1.369295873753686,-1.3555289017295942,-1.3827045535728408,train
2015-12-31,-0.9194262923183302,-1.4047594382151138,-1.4186947450519616,-1.430722560974131,train
2016-01-04,-0.6723358995012341,-1.3292049799887156,-1.3330509797060075,-1.2736883598907969,train
2016-01-05,-0.6438750359428537,-1.153919922612583,-1.131873808434442,-1.1431262191894327,train
2016-01-06,-0.6253919162163153,-1.1956771083897861,-1.1855419989992444,-1.1937666239719442,train
2016-01-07,-0.6367737563349165,-1.1253143319374368,-1.1284478279376644,-1.0968732239391876,train
2016-01-08,-0.6665951248729697,-0.9844801766288375,-0.9867239730428611,-0.9844150897241555,train
2016-01-11,-0.7546106854305186,-0.8202619048928074,-0.815805174779999,-0.925337811081272,train
2016-01-12,-0.9218593771370677,-0.8496113507777296,-0.8401338015621262,-0.9860880942300629,train
2016-01-13,-0.9302897343787644,-0.9101608229916004,-0.9101722673056564,-0.9977284640144508,train
2016-01-14,-0.9193641377558173,-0.8921844732928383,-0.9055514168738622,-1.0380732078075279,train
2016-01-15,-0.6829396001726539,-0.8639537086231999,-0.8738180182160946,-0.8353078726739821,train
2016-01-18,-0.7951032932117098,-0.8518740317344952,-0.8525893702410844,-0.7866171420265399,train
2016-01-19,-0.8091803893876053,-1.1064657926668433,-1.0895331124748675,-1.0248678556119373,train
2016-01-20,-0.8526549166399353,-1.0623473924618059,-1.0571101122915172,-1.0255923086881453,train
2016-01-21,-0.8762831386657376,-1.0229356267021399,-1.0299972796810661,-0.9044812589460232,train
2016-01-22,-1.3410771693654342,-0.8154382147739542,-0.8040870935448027,-0.8310426637216153,train
2016-01-25,-1.220485244755611,-1.0119290245357306,-1.021444182819622,-1.0301560101458176,train
2016-01-26,-1.1936020444816426,-1.1317925890602856,-1.1142957337058965,-1.086381715858873,train
2016-01-27,-1.209132381060472,-1.1265345192424279,-1.1223769144466784,-1.0846797436631468,train
2016-01-28,-0.9992375641143193,-1.0600758359059312,-1.0678710954721637,-1.0841044769467936,train
2016-01-29,-0.795941323075341,-1.2138073591793508,-1.2294774943584352,-1.2221962941416453,train
2016-02-01,-0.7774622779933295,-1.0739673266211633,-1.0692110392492533,-1.0149240467649063,train
2016-02-02,-0.657496684077916,-1.1802271159932203,-1.1585699661044047,-1.1311614199694184,train
2016-02-03,-0.4863356824795105,-1.2043869131544884,-1.1972542196066234,-1.1535547798645907,train
2016-02-04,-0.5377847534251677,-0.9596672475097898,-0.9515606927010574,-0.9278773655003961,train
2016-02-05,-0.5010648510600971,-0.8694227551942966,-0.8670716567946118,-0.8776995502586918,train
2016-02-08,-0.533355177711951,-0.8860744664254191,-0.8858299565647949,-0.9621984940884996,train
2016-02-09,-0.6209064804784608,-0.8264636102637599,-0.8154068612860708,-0.9291752276977253,train
2016-02-10,-0.7961282115533873,-0.6792138839540265,-0.6768790964053412,-0.743485491005289,train
2016-02-11,-0.9145320831677631,-0.7303016976339014,-0.7377281047320532,-0.8177099302335894,train
2016-02-12,-1.1791434790461883,-0.6539118997029987,-0.6549327908901907,-0.7575445625283266,train
2016-02-15,-1.2777319682263288,-0.7427281303908495,-0.7528251713387227,-0.8227515300170547,train
2016-02-16,-1.2805915917942656,-0.8945292458891346,-0.8828700905293542,-0.9197833479715781,train
2016-02-17,-1.2573752347841514,-1.0004663213335736,-0.998159653690153,-1.0559270362763409,train
2016-02-18,-1.222944033179153,-1.0209715715774477,-1.033718740506374,-1.0639195885912214,train
2016-02-19,-1.2487458642847955,-1.0860024634713152,-1.0990473268646517,-1.1471475586452675,train
2016-02-22,-1.216988517440895,-1.1259243548213356,-1.1315749490015405,-1.1776656566927757,train
2016-02-23,-1.216760894037765,-1.1811040854923522,-1.1595213853318802,-1.2269630244386411,train
2016-02-24,-1.1709752854109103,-1.158267573216808,-1.1491059409398898,-1.1661752688182476,train
2016-02-25,-1.263241314143641,-1.1029552347806366,-1.1089172300455916,-1.100511789165736,train
2016-02-26,-1.2568630736953663,-1.137453268479996,-1.1531294471528528,-1.0891061639422812,train
2016-02-29,-0.9625238427484587,-1.0918934670847957,-1.0957499689174648,-1.0085309974787604,train
2016-03-01,-0.9892146664192939,-1.143612556016333,-1.1229492763548659,-1.0565849999280434,train
2016-03-02,-1.0361290002586327,-1.0839412740697274,-1.0745489346089887,-1.0307465058354817,train
2016-03-03,-1.0172290026798732,-1.1991794600119108,-1.2153841948427826,-1.1596327430802442,train
2016-03-04,-0.03242122448931234,-1.1425749390041031,-1.1570134543651218,-0.9877133791585634,train
2016-03-07,-0.10566029805621716,-0.9183402202324069,-0.9065648543214692,-0.8492969688327283,train
2016-03-08,-0.09291893409064997,-1.1588180361225835,-1.1390903649245188,-1.0902611566857239,train
2016-03-09,-0.10279324917331992,-1.1559799148084176,-1.1482572242636715,-1.0921405716103132,train
2016-03-10,-0.012313519514221523,-1.1649647576058848,-1.1800059761886186,-0.9818554849431433,train
2016-03-11,-0.8899026309845401,-0.5706574981261952,-0.531369550599102,-0.5462928563198595,train
2016-03-14,-1.0381358147592281,-0.8764743164297442,-0.8809603904114236,-0.8719798757672226,train
2016-03-15,-1.076740018289312,-0.9657962443269709,-0.9539397510878216,-0.9461492106303937,train
2016-03-16,-1.0023516022114858,-1.0173222843524499,-1.0184823062517427,-0.976869583226956,train
2016-03-17,-1.3142339053460343,-0.7575819500833911,-0.7606389052620535,-0.8434987812948918,train
2016-03-18,-1.4883002747121887,-0.9793131516336272,-0.9882682127124329,-1.1171140254801588,train
2016-03-21,-1.6459535517115056,-1.151054818489299,-1.1666907145778458,-1.2425990913821339,train
2016-03-22,-1.7371068269908159,-1.2072111272138883,-1.1865532406187125,-1.290667722213413,train
2016-03-23,-1.558797031854308,-1.078828835397354,-1.0708636514515513,-1.1929355795717986,train
2016-03-24,-1.475194686803653,-1.293347937512748,-1.3117365811318988,-1.371093322370523,train
2016-03-25,-1.454020271780348,-1.3215658248424542,-1.3393126135859141,-1.3352450298501566,train
2016-03-28,-1.1626732329431222,-1.6760622713977116,-1.7104918435105092,-1.592974097131521,train
2016-03-29,-1.1213478439102924,-1.6490587100530836,-1.6150547107821844,-1.582744541919399,train
2016-03-30,-1.2968048446089806,-1.383253017360585,-1.360324160254512,-1.3427761808943115,train
2016-03-31,-1.2539089834703339,-1.4377229383395653,-1.4406648162886317,-1.393647746129258,train
2016-04-01,-1.1323656479922353,-1.4451006467271785,-1.4566300944639248,-1.4472416461393391,train
2016-04-04,-1.2811348673263485,-1.1648713110741977,-1.16332407228554,-1.2496343658066924,train
2016-04-05,-1.254714355442889,-1.2660856601775585,-1.245727645207688,-1.3271317256163717,train
2016-04-06,-1.21761753654069,-1.2867878412786724,-1.277486676456734,-1.362190430584596,train
2016-04-07,-1.246358643988009,-1.2274287085930782,-1.2339701672124417,-1.298985170683223,train
2016-04-08,-1.3953282043323274,-1.1335947568965934,-1.1398255356128568,-1.1800097760748192,train
2016-04-11,-1.4103909679706144,-1.2826520596435609,-1.2949606773260802,-1.3383192451261379,train
2016-04-12,-1.4185149780425144,-1.3206892255448572,-1.2997895423030237,-1.3837742395144723,train
2016-04-13,-1.5475645012722166,-1.2550955998053657,-1.2465050538853464,-1.3349111015157282,train
2016-04-14,-1.6295675657288744,-1.2765929831851306,-1.2870196791261588,-1.384716909779104,train
2016-04-15,-1.3294240872451293,-1.3572712576684482,-1.3767386463919948,-1.3373876761574908,train
2016-04-18,-1.3284133297414844,-1.3977591047124105,-1.4109559545515062,-1.3859824910435357,train
2016-04-19,-1.3419141953642701,-1.4220478315329979,-1.3989554383143563,-1.4088995416089474,train
2016-04-20,-1.3076908979220654,-1.5079365614602271,-1.498672472472614,-1.471350853088413,train
2016-04-21,-1.266022916715247,-1.5071665371654965,-1.5194786146351227,-1.3994464195152605,train
2016-04-22,-1.4634402113448792,-1.275977159227147,-1.2709523569666243,-1.3180674705178583,train
2016-04-25,-1.370265615346368,-1.4131773127346412,-1.4258420809220105,-1.416736431910877,train
2016-04-26,-1.303677133159538,-1.4467014544361925,-1.422732787580271,-1.4140561669302307,train
2016-04-27,-1.2376239050801079,-1.3824749990551324,-1.3737206491000409,-1.3084812006090043,train
2016-04-28,-1.128376157950645,-1.3164343274176542,-1.3273650124823022,-1.3103783517532261,train
2016-04-29,-1.1983407567125723,-1.342490870074812,-1.3518495596993076,-1.3449484196713155,train
2016-05-02,-1.2184775721883288,-1.3026189283695926,-1.3069436215674342,-1.2247068843504554,train
2016-05-03,-1.260851489150716,-1.2936730527586042,-1.2729359686310269,-1.2230379839319594,train
2016-05-04,-1.3265926198397564,-1.2509650069535765,-1.2427330759963233,-1.228250151259751,train
2016-05-05,-1.5898008003837778,-1.1459353429747945,-1.1498296095212703,-1.1437301308708498,train
2016-05-06,-1.6748100040560634,-1.280814831799057,-1.305547730072724,-1.2687201119793625,train
2016-05-09,-1.7141324172541834,-1.2469047632844854,-1.2558390784394677,-1.3249679611007468,train
2016-05-10,-1.8015210627730407,-1.3303047597822282,-1.3093575846883874,-1.428073306129609,train
2016-05-11,-1.924807461257801,-1.3577114472766982,-1.3497037669564915,-1.473756561404204,train
2016-05-12,-1.6869854372546678,-1.556565977494352,-1.5803667977883316,-1.637738268560622,train
2016-05-13,-1.6140039070907406,-1.6006152838345604,-1.6302487246364141,-1.6828704338415619,train
2016-05-16,-1.769593295052861,-1.5183582883300166,-1.5215665733104078,-1.595199112907899,train
2016-05-17,-1.7679393534779888,-1.662778889963905,-1.631564553779285,-1.7109214596639284,train
2016-05-18,-1.7145801737161666,-1.7407129502224277,-1.7268447480622557,-1.777800517821362,train
2016-05-19,-1.9688207157520057,-1.5085418044576564,-1.5086155463784567,-1.5796053548297162,train
2016-05-20,-2.039688306089375,-1.531412709735919,-1.5503168815298638,-1.6126826047818816,train
2016-05-23,-1.988002128986628,-1.6927993074438508,-1.7116724869488442,-1.8046809055683615,train
2016-05-24,-2.091019132350959,-1.6930800006299818,-1.6621616856888968,-1.8483426557372584,train
2016-05-25,-2.041706575474806,-1.637159296575728,-1.6245132580568382,-1.7369158375949492,train
2016-05-26,-1.8525691034450913,-1.7841263195601968,-1.8035390962573912,-1.8476482241969001,train
2016-05-27,-1.6353579363570083,-1.7703840764387282,-1.7908616799897294,-1.6569543343222088,train
2016-05-30,-0.9362595474664472,-1.760684193766333,-1.7720460985491766,-1.5186515641988805,train
2016-05-31,-0.8686609268993989,-1.969034128996485,-1.9319174469810956,-1.6911242657032264,train
2016-06-01,-0.891944702494544,-1.8035255281036502,-1.784658713331413,-1.5781872122820635,train
2016-06-02,-0.9562085350669438,-1.7016179894404448,-1.7049120854045587,-1.5183979465184945,train
2016-06-03,-1.0110941628254018,-1.5850192185501757,-1.58896954894089,-1.5640548448221359,train
2016-06-06,-1.7289340170323462,-1.2302312489558018,-1.2103719956846204,-1.3543288351645106,train
2016-06-07,-1.7478644250150375,-1.3700733770610276,-1.3530758858216585,-1.4712560187219887,train
2016-06-08,-1.6887614673034164,-1.4515140810805796,-1.4503922016025446,-1.5249816059738361,train
2016-06-09,-1.5132036240541615,-1.5485127344050384,-1.5783142337593061,-1.468898102987974,train
2016-06-10,-1.1980978529540696,-1.4803301564114828,-1.5001634660996621,-1.4154823820553213,train
2016-06-13,-1.0967890677474696,-1.6440254626635589,-1.6531654613486253,-1.5515584844967256,train
2016-06-14,-1.0520861664527665,-1.6583893918642922,-1.6301117325839654,-1.5617090303050525,train
2016-06-15,-0.9950584724674894,-1.6252625321305811,-1.61297643707531,-1.5529431030790806,train
2016-06-16,-1.0066155030064883,-1.477369161483463,-1.4836624920237573,-1.541579215644549,train
2016-06-17,-0.9868372456437466,-1.258382790528969,-1.252905381863485,-1.3029132454429397,train
2016-06-20,0.5143796295179884,-1.2862954173838785,-1.292297777738652,-1.3898854382330952,train
2016-06-21,0.5820526579639227,-1.2981187548917301,-1.2812181953303525,-1.3976566916784676,train
2016-06-22,0.5979408729254976,-1.2272496971044033,-1.222864323647348,-1.3228581730858835,train
2016-06-23,0.6202254799188703,-1.2336219889795907,-1.2488316692992918,-1.3263496104866794,train
2016-06-24,0.6460008356692954,-1.0814153798474322,-1.0785730271093275,-1.1929245340785477,train
2016-06-27,-0.49111662418437046,-0.4523067318834112,-0.4096066570656403,-0.4886420956616242,train
2016-06-28,-0.74752900730202,-0.6133837984054614,-0.6133913833886676,-0.6582592505650605,train
2016-06-29,-0.7843686221941304,-0.6522045552891276,-0.6592546081428419,-0.6711718109218717,train
2016-06-30,-0.8259195690011488,-0.5621917003252241,-0.581334025678389,-0.5945997014342976,train
2016-07-01,-1.1679305549616465,-0.42202164061411235,-0.4280909794889327,-0.4893769106770611,train
2016-07-04,-0.9455753252977406,-0.782947944244507,-0.796743572467398,-0.7942832517279578,train
2016-07-05,-0.9472789329850646,-1.0674928023792016,-1.0512572381761405,-1.034803728837272,train
2016-07-06,-1.0016688566951968,-0.9855122532044729,-0.9799799723325617,-0.9938311925345288,train
2016-07-07,-1.124737659014964,-0.9824067417507617,-0.9897472071565601,-0.9749754108826354,train
2016-07-08,-1.0935396760096088,-1.1090689511217884,-1.1240915383990615,-1.101614658662063,train
2016-07-11,-1.4429063577468566,-0.8872997835333404,-0.877484594353301,-0.9983196943312757,train
2016-07-12,-1.452137031708163,-1.122819180629809,-1.1031322105175474,-1.2131909970141714,train
2016-07-13,-1.5424904892446822,-1.0741426558787952,-1.066831824879963,-1.1950693394966783,train
2016-07-14,-1.494516308271137,-1.1951644878717331,-1.2139231927451555,-1.3386464542390415,train
2016-07-15,-1.5475970899506188,-1.079154392448802,-1.0885145959178608,-1.0814164343436927,train
2016-07-18,-1.6069990467305981,-1.199309643570944,-1.2036082216860151,-1.2002104526907904,train
2016-07-19,-1.6446350534028786,-1.323898173516998,-1.2969524558621552,-1.3155869987517963,train
2016-07-20,-1.684945871504464,-1.3665253577035075,-1.3551431185927925,-1.3485421558702742,train
2016-07-21,-1.6302467841563213,-1.2911545424248985,-1.3003612649551866,-1.1869711964727672,train
2016-07-22,-1.7450529157995935,-1.2762819736507915,-1.2856211727496085,-1.310004436573155,train
2016-07-25,-1.7320633281192246,-1.3427893437017397,-1.3501462682586591,-1.3386078860038129,train
2016-07-26,-1.7312621989920034,-1.5017790746896118,-1.4711512121600843,-1.4473911520816913,train
2016-07-27,-1.741649270518038,-1.5712384042915422,-1.5601352442936836,-1.5153254652317834,train
2016-07-28,-1.9595519277807323,-1.4467853267456603,-1.449770390132421,-1.4811908822777053,train
2016-07-29,-2.0620921522938236,-1.562616973408976,-1.5817354488420348,-1.6053459474837322,train
2016-08-01,-1.8463295060187572,-1.5385231053260542,-1.5433912998263923,-1.506522047257214,train
2016-08-02,-1.874778524058554,-1.6808578321984144,-1.6500074781405172,-1.6733532249939873,train
2016-08-03,-1.893640255580146,-1.7028767499261954,-1.6923628771687815,-1.6938940483722496,train
2016-08-04,-1.8580514731241249,-1.7876735135356958,-1.8074199501566566,-1.7930859327104496,train
2016-08-05,-1.8490406153086842,-1.8446309448683744,-1.8724855772623232,-1.844127337498091,train
2016-08-08,-2.043557971975205,-1.629142685039643,-1.620591382929366,-1.7206732308108261,train
2016-08-09,-2.0461404255007793,-1.8862552138723976,-1.8511196281867417,-1.958834987538099,train
2016-08-10,-1.7714187750252561,-1.912717094831806,-1.8994054225688768,-1.9996380334156314,train
2016-08-11,-1.6752950896943606,-1.8401706468439243,-1.855225799214112,-1.9214517581666093,train
2016-08-12,-1.5615983507828406,-1.8667323868025234,-1.8950750417444917,-1.92521119522485,train
2016-08-15,-1.64176565014252,-1.8024149527568982,-1.8020368822175143,-1.8810989781464906,train
2016-08-16,-1.5950451199876308,-1.9821425104105788,-1.9464604722027108,-2.045855360581072,train
2016-08-17,-1.7982551568070704,-1.6945603316336866,-1.6770653998568477,-1.7396041468347574,train
2016-08-18,-1.899582553534307,-1.685759999234476,-1.6946217711327436,-1.7177014876851822,train
2016-08-19,-2.1271240625541425,-1.6160305439646294,-1.633010728375831,-1.6597534656110828,train
2016-08-22,-1.7613568231051873,-1.7104454831367413,-1.725484104859254,-1.7491243700252705,train
2016-08-23,-1.782584443896241,-1.7147856328816908,-1.6886213323751011,-1.7465781550482178,train
2016-08-24,-1.7760108286151726,-1.8291957531175085,-1.8193936984262427,-1.9184384883608647,train
2016-08-25,-1.7789143586207388,-1.8268518310718596,-1.843233801442203,-1.9036033791802032,train
2016-08-26,-1.6293976414730222,-2.011155136750167,-2.048758886911174,-2.0466233015173434,train
2016-08-29,-1.497326888694946,-1.6849087280909956,-1.6760072421930605,-1.6604939640521783,train
2016-08-30,-1.5193103566626769,-1.896879727164044,-1.8644903279865297,-1.8851682045034226,train
2016-08-31,-1.3392173532788305,-1.892665232087078,-1.8803253005551006,-1.7947280855234227,train
2016-09-01,-1.3376858060508348,-1.8631556898737762,-1.8792350813385743,-1.7986970243269642,train
2016-09-02,-1.2873888399594555,-1.7043719214080542,-1.7214289220132988,-1.5310600053368326,train
2016-09-05,-1.571893681077994,-1.522052299586821,-1.5111853559829744,-1.4397596828377444,train
2016-09-06,-1.456209778773027,-1.8153631077587258,-1.785840084076685,-1.6644630498284132,train
2016-09-07,-1.5782192886612223,-1.5326202327484462,-1.520038105720305,-1.4245502684053548,train
2016-09-08,-1.5503202663847147,-1.64164632102845,-1.6643888576755423,-1.522656814737924,train
2016-09-09,-1.6692007962996467,-1.5042887568203658,-1.5183787536392366,-1.545792010620156,train
2016-09-12,-1.7175841411620414,-1.6138065978429,-1.6226309730976487,-1.6549281238677545,train
2016-09-13,-1.8662658895396103,-1.5287293104115025,-1.5056712736846962,-1.5782731674208113,train
2016-09-14,-1.9766485512471568,-1.5847587699819643,-1.574455121800951,-1.6691374604898335,train
2016-09-15,-1.7869966479319908,-1.577251483419463,-1.595207506544582,-1.5160439154631726,train
2016-09-16,-1.8042856554074649,-1.6396068041123573,-1.6649949092015046,-1.575855981603788,train
2016-09-19,-1.8536727868370046,-1.6549074534880186,-1.6678562947188242,-1.566360608911785,train
2016-09-20,-1.8199404582715577,-1.8450612156962822,-1.813106310644402,-1.7909230221429437,train
2016-09-21,-1.8190945632663351,-1.8526256528351053,-1.8390763555907412,-1.7829922798515865,train
2016-09-22,-2.0944238813674474,-1.6469538286537526,-1.6460697180792678,-1.6652131224347106,train
2016-09-23,-2.0950303642938133,-1.7548888065160684,-1.7788101377031496,-1.7494878362311927,train
2016-09-26,-1.8807290444944351,-1.7937984196292753,-1.8081145684029698,-1.8317157198185006,train
2016-09-27,-1.916849646833738,-1.7871089504006445,-1.7556106947955081,-1.744500090134044,train
2016-09-28,-1.6244630044728146,-1.8012681057628674,-1.7895262396020013,-1.7651455082928205,train
2016-09-29,-1.589180106141199,-1.8796995356671922,-1.8965068312181237,-1.8904656487420295,train
2016-09-30,-1.5878399117815785,-1.84605136898757,-1.866808656164788,-1.9102634505713856,train
2016-10-03,-1.523198896229122,-1.6825036369598576,-1.6815353906847632,-1.6268409576735257,train
2016-10-04,-1.5202965748604347,-1.8859114055367847,-1.8522101417765795,-1.8884641500685722,train
2016-10-05,-1.714149981649232,-1.5914502532410162,-1.5742569587091853,-1.5499736803017234,train
2016-10-06,-1.604741005040938,-1.6791380636097448,-1.6967120350906968,-1.6599481417434774,train
2016-10-07,-1.5031851805026881,-1.6956647201944948,-1.7228810552756537,-1.638333335029675,train
2016-10-10,-1.645259801812245,-1.5454383225484334,-1.5447979064294146,-1.6090518702298986,train
2016-10-11,-1.6315354337226404,-1.750552545368489,-1.7228994076465627,-1.7406465822519215,train
2016-10-12,-1.654879908522208,-1.723409268042027,-1.7105797091959347,-1.7826785444382522,train
2016-10-13,-1.7812636493763372,-1.6208089883308203,-1.62740285507584,-1.6746535145327877,train
2016-10-14,-1.5269301846537042,-1.571502633429879,-1.5863331022337233,-1.4895679642672601,train
2016-10-17,-1.5939300080436365,-1.650060800067064,-1.6602040989169218,-1.5683524691547845,train
2016-10-18,-1.5989430624418255,-1.7394876601717693,-1.7118481387007707,-1.6281464176519256,train
2016-10-19,-1.620427363527965,-1.6983630133307126,-1.6882541658734294,-1.5823282352871568,train
2016-10-20,-1.6157261571128452,-1.745277146058821,-1.762425317003508,-1.680381417135561,train
2016-10-21,-2.012418444583935,-1.4944956772598645,-1.489883655597417,-1.5670665135383925,train
2016-10-24,-1.8744117897800479,-1.7319932366978226,-1.7498218626636437,-1.8029848804087247,train
2016-10-25,-1.8230559096447692,-1.7842617488012,-1.7545344394201612,-1.8573550260244853,train
2016-10-26,-1.8444273644648121,-1.7569527506926295,-1.745848431505729,-1.7784782519760574,train
2016-10-27,-1.7759342928497028,-1.729601656760554,-1.7461852261224526,-1.6192608770763661,train
2016-10-28,-1.7387662275870615,-1.7915011966984797,-1.808922261909597,-1.7119224864267615,train
2016-10-31,-1.8374113440953403,-1.6954135310503256,-1.699093488002077,-1.5033528083450742,train
2016-11-01,-1.821957021987752,-1.7375490716049042,-1.707559468581249,-1.5663507434385227,train
2016-11-02,-1.8218036518151022,-1.7916135359249712,-1.7805764077167738,-1.6451827021361247,train
2016-11-03,-0.3513443303205955,-1.6665183134982435,-1.6761445642961432,-1.573938520823908,train
2016-11-04,-0.29106493417277485,-1.6601555485762847,-1.6775273890977533,-1.5657173306189942,train
2016-11-07,-0.23633572554088575,-1.747396160790167,-1.7613156427082277,-1.7774554843363684,train
2016-11-08,-0.1544034583868279,-1.7367368508901166,-1.7069969888420642,-1.7622273678121325,train
2016-11-09,-0.10280639804893452,-1.7937472539158983,-1.7832865958751847,-1.8012497251339477,train
2016-11-10,-0.9323951868428652,-1.0661362928284124,-1.0264881760084006,-1.1449402285468708,train
2016-11-11,-0.9392888966517469,-1.255787213909333,-1.2640580093537013,-1.2933902399509392,train
2016-11-14,-0.8870217146856094,-1.1991549062608564,-1.209191658608304,-1.1967105505205693,train
2016-11-15,-0.962186782372479,-1.0458353944154157,-1.0370195213051572,-1.04755972582063,train
2016-11-16,-0.9991153792443995,-0.9930367979643749,-0.9968956704946992,-1.037882781578235,train
2016-11-17,-1.0250294317317497,-1.1347445219701822,-1.1455184037945796,-1.1753806336421815,train
2016-11-18,-1.0980899621518785,-1.1082295137920537,-1.120568270292327,-1.1656838907821936,train
2016-11-21,-1.1892879830137024,-1.0529460366013228,-1.0585647814653685,-1.1617960142998964,train
2016-11-22,-1.1673862929211134,-1.1331734601841217,-1.1191894406240228,-1.234958332115769,train
2016-11-23,-1.1262154591936941,-1.1721971344882833,-1.168587670983392,-1.2542131440488906,train
2016-11-24,-0.9898828923646085,-1.1394512737366191,-1.150815415211847,-1.1911022401893194,train
2016-11-25,-0.9422539249777568,-1.1765799499204854,-1.1950828884772868,-1.2032879945282156,train
2016-11-28,-0.9634214476346916,-1.1832066305999485,-1.190982378089121,-1.0631037559691685,train
2016-11-29,-0.6353102007268814,-1.1413497202283318,-1.1233830609038866,-1.0050031776636517,train
2016-11-30,-0.6483550244539437,-1.1310192292706236,-1.1233530949554567,-0.9993742739670565,train
2016-12-01,-0.8080249864757653,-0.9918431829921528,-0.9910566807794765,-0.9178024258824693,train
2016-12-02,-0.5509111481799482,-1.0053000697521646,-1.0184401098018492,-0.8096408237909491,train
2016-12-05,-0.5502820817007648,-1.0557808897969514,-1.0691986179742519,-1.000983096294335,train
2016-12-06,-0.8830131657960083,-0.7446110285987304,-0.7352798933033242,-0.7371788387156692,train
2016-12-07,-0.8929847598574111,-0.9227877655762189,-0.9207736768340025,-0.9015028430799534,train
2016-12-08,-0.6722259932185305,-1.093481486689353,-1.1171603363800282,-0.9100673897861169,train
2016-12-09,-0.7411081270185939,-0.7304808655977276,-0.7187913050624104,-0.6752070049305847,train
2016-12-12,-0.6597247235815675,-0.9466223604792707,-0.9624049849008396,-0.8351751120716642,train
2016-12-13,-0.6523967533252686,-1.0553801933372968,-1.037458470338049,-0.9343368706826665,train
2016-12-14,-0.6680257321338091,-1.072339312157855,-1.0655438392848986,-0.9614963692776168,train
2016-12-15,-0.8598382421927446,-0.8295376270957198,-0.8272073362318093,-0.8779856587576197,train
2016-12-16,-1.1824327226185314,-0.7988189476765989,-0.791394879415696,-0.8877968770208527,train
2016-12-19,-1.4437018438289948,-0.8289162639194417,-0.8344453585003987,-0.9452042069137813,train
2016-12-20,-1.6154480399347375,-0.8856264722057209,-0.8736276242310532,-1.0457839245898217,train
2016-12-21,-1.7720410066258236,-0.9462401346809921,-0.9460400735235011,-1.0684674103583345,train
2016-12-22,-1.849908655505484,-1.0460274817022202,-1.0641714061520369,-1.1988449752043921,train
2016-12-23,-1.872245899183969,-1.1194845017662032,-1.1359777828641322,-1.261653852923621,train
2016-12-26,-0.9868011381545253,-1.3558044377913439,-1.3765439545593599,-1.4522157069111594,train
2016-12-27,-0.9960906634131154,-1.4423958313087066,-1.4128436120975125,-1.5229495276012954,train
2016-12-28,-0.7855175364158145,-1.5800013958652364,-1.5679497193252743,-1.6362168002303241,train
2016-12-29,-0.6954898248718452,-1.538761962095571,-1.548445377189921,-1.570550521106275,train
2016-12-30,-0.5308130725335168,-1.4905788774802589,-1.497146118372287,-1.527683274218427,train
2017-01-02,-0.8519378957906445,-1.0718929525433487,-1.0466060577244007,-1.0014733423633344,train
2017-01-03,-0.757210842858756,-1.4342097415663937,-1.4075782295773818,-1.3100789439172031,train
2017-01-04,-0.8475323391768061,-1.062419580662048,-1.0509757256120542,-1.011491003458704,train
2017-01-05,-0.6330215973324436,-1.052720100150622,-1.0607277766567875,-0.9999548534391401,train
2017-01-06,-0.7215000331268484,-0.8713054253806161,-0.8711366842208871,-0.8433356889791893,train
2017-01-09,-0.7121062130413743,-1.0234439928229135,-1.0283074903576084,-1.1409771434205394,train
2017-01-10,-0.7453473034394061,-0.9839289160001737,-0.9719712894682968,-1.1293982204912498,train
2017-01-11,-0.7070724572282046,-1.0210729357413817,-1.017529036226803,-1.0956718387249764,train
2017-01-12,-1.0039547788890533,-0.7929940373667701,-0.7870702926226975,-0.8669731607431914,train
2017-01-13,-0.9967062136546161,-0.9035506018719257,-0.9131065240752272,-0.8199494915400655,train
2017-01-16,-1.065542330099132,-0.9188230281131394,-0.9263757144575071,-0.7996483471126046,train
2017-01-17,-1.0312836151053448,-1.0433191634863692,-1.0298079528194832,-0.87636471357251,train
2017-01-18,-1.171725010493246,-0.9488469046014079,-0.9453192083928122,-0.8419526588503765,train
2017-01-19,-1.1858429445487004,-1.1187218814935276,-1.1340594584250163,-1.0204838248943529,train
2017-01-20,-1.355412737184506,-1.019342504885732,-1.0243183080635918,-1.127911308037826,train
2017-01-23,-1.412474865050491,-1.1053586878875636,-1.1143767339206865,-1.2257361036396173,train
2017-01-24,-1.4437287726607875,-1.0900074508499156,-1.073232904333436,-1.2140528838183204,train
2017-01-25,-1.2833157426021893,-1.2216963204186084,-1.216092730216376,-1.3330363461451653,train
2017-01-26,-1.1988662318555898,-1.181780109568033,-1.195228447486905,-1.192896818778794,train
2017-01-27,-1.2174169756891635,-1.2159102829693265,-1.232030943322435,-1.1754353465670984,train
2017-01-30,-1.1448451807063338,-1.2396995611788706,-1.248094971524984,-1.0819427368378478,train
2017-01-31,-1.2046408273346187,-1.2379138659806002,-1.213679741415499,-1.076176961780041,train
2017-02-01,-1.3395530199575008,-1.1383174470979014,-1.126215108908652,-0.9996310803017224,train
2017-02-02,-1.463244629140025,-1.0948888329504256,-1.0996073225679546,-1.072769943570216,train
2017-02-03,-1.4787307040604487,-1.1828419337547504,-1.2043040858735334,-1.1426046866278041,train
2017-02-06,-1.6558534507358356,-1.0909051714755984,-1.0961179889320032,-1.2011639664161393,train
2017-02-07,-1.707564733656389,-1.2477191355769586,-1.226289799051144,-1.3128048654684885,train
2017-02-08,-1.6651850559928227,-1.294018827334679,-1.2852039107783588,-1.354725278274835,train
2017-02-09,-1.6080849001821798,-1.3390644889657541,-1.3513642581548182,-1.3595296111645139,train
2017-02-10,-1.5896034501122878,-1.354569309974682,-1.3740420537639608,-1.4063050479457972,train
2017-02-13,-1.6151834494084096,-1.4732515547247362,-1.4859432282905691,-1.4851447019725688,train
2017-02-14,-1.6322291814150502,-1.5635289329080024,-1.533919319033352,-1.6410816669330177,train
2017-02-15,-1.6854846250462765,-1.4663461670550528,-1.4518080118136445,-1.5077627622544825,train
2017-02-16,-1.5002383981604908,-1.4301408574245007,-1.4354512202344372,-1.5163648691797846,train
2017-02-17,-1.5182133342034807,-1.454266097204367,-1.47016927266381,-1.555898487509172,train
2017-02-20,-1.4367980471631256,-1.542893894818518,-1.5595169904296236,-1.67208052044978,train
2017-02-21,-1.3908067736178438,-1.617455769470091,-1.5886714539921014,-1.6886199295280238,train
2017-02-22,-1.3568053121021444,-1.566828437203873,-1.5535882040541336,-1.6837582774439297,train
2017-02-23,-1.4960751972163095,-1.3940555098258876,-1.3884831375495197,-1.4472031552810416,train
2017-02-24,-1.5615996498217337,-1.5083611862160116,-1.5266284872505653,-1.5143048658792113,train
2017-02-27,-1.5438902337451952,-1.4488827734177332,-1.4573568494863685,-1.3814392674790814,train
2017-02-28,-1.5244237822108884,-1.4701843401501593,-1.4463534532749918,-1.4238046657612689,train
2017-03-01,-1.6576718289810564,-1.4047114040205624,-1.3955366359091912,-1.3759523955253707,train
2017-03-02,-1.8475779358518554,-1.4122826539637665,-1.4186930606036918,-1.4542816752161989,train
2017-03-03,-1.6360696362556078,-1.567108607078769,-1.597510899535786,-1.4613452142248078,train
2017-03-06,-1.5807405567200943,-1.4804729645410144,-1.4870651001361324,-1.3442083249288908,train
2017-03-07,-1.6329782526602061,-1.5175358425725545,-1.4925991198753512,-1.3692514346587097,train
2017-03-08,-1.623286855090018,-1.7021268239833318,-1.693917059604811,-1.5447537130196307,train
2017-03-09,-1.3533999535837833,-1.7446932758460263,-1.7632957485909093,-1.4561415210341504,train
2017-03-10,-1.4443436187571814,-1.532154413912492,-1.5379516749092734,-1.413883623991854,train
2017-03-13,-1.5569481807894072,-1.5153306783888671,-1.5161172074550775,-1.5006125187711774,train
2017-03-14,-1.5775698499085604,-1.668532624941235,-1.6395247265488608,-1.6290326872045648,train
2017-03-15,-1.4851060679279875,-1.6979967083132441,-1.6891021767846353,-1.6530722001648526,train
2017-03-16,-1.762203384122613,-1.3800092458795958,-1.3785157880540455,-1.484556093388706,train
2017-03-17,-1.863538809268217,-1.5169543072409186,-1.5365825350743916,-1.5881325415626597,train
2017-03-20,-1.9331491089036519,-1.5854810742057193,-1.5971873460239487,-1.5810498636879797,train
2017-03-21,-1.9014798508491633,-1.6821939027566246,-1.653579567385911,-1.6682303009298614,train
2017-03-22,-1.9830280990977622,-1.5335445128735188,-1.5228327314932428,-1.5326298723206653,train
2017-03-23,-1.8595277867290125,-1.653496296254,-1.6690572377401085,-1.6285978145247997,train
2017-03-24,-1.788381237217635,-1.7296375948820661,-1.757196515154259,-1.6985951237038,train
2017-03-27,-1.7618240207737883,-1.772521182875795,-1.7866377729039757,-1.8201810878521476,train
2017-03-28,-1.7841105690465626,-1.760576146718252,-1.7291774176134727,-1.79134473629569,train
2017-03-29,-1.8460552906813705,-1.7825530855421827,-1.7675219446228008,-1.8067703026811621,train
2017-03-30,-1.9497151812114686,-1.666731186233625,-1.670848852832236,-1.7091826537741193,train
2017-03-31,-1.9167645888730316,-1.6778461746561655,-1.6971476385674666,-1.7356385497937934,train
2017-04-03,-1.8503040389101366,-1.6990893897561867,-1.7131125094559607,-1.674069562634446,train
2017-04-04,-1.8853298934184846,-1.7555375520635896,-1.725706397787679,-1.7546995568835397,train
2017-04-05,-1.8814817673781046,-1.8293532191378412,-1.818846258195427,-1.8384519685451406,train
2017-04-06,-1.8403474996275557,-1.7870389610817163,-1.7982993788028376,-1.809727248690881,train
2017-04-07,-1.9529295356321439,-1.7349770196222032,-1.7489251177055036,-1.7889872714242454,train
2017-04-10,-2.1779005476343944,-1.7058304012118635,-1.7121070922019073,-1.7794356280428711,train
2017-04-11,-2.1349016216615286,-1.8660777004743583,-1.833487699007086,-1.9418538293019787,train
2017-04-12,-2.0012144980115525,-1.8625932624252861,-1.8513403207859755,-1.951325949761928,train
2017-04-13,-2.1569086168158753,-1.7453541233418635,-1.7541163057664688,-1.8367951012004142,train
2017-04-14,-2.0667964845269164,-1.853298238725502,-1.8801016105413741,-1.8945009869536622,train
2017-04-17,-1.8998246284559526,-2.08310037634693,-2.1085738461613284,-2.1261987247024967,train
2017-04-18,-1.529345030017865,-1.98710990674622,-1.951198217385093,-2.0358768823013333,train
2017-04-19,-1.5365339790811137,-1.866297866806744,-1.848861164545481,-1.9064601612198664,train
2017-04-20,-1.412253938287517,-2.006002721474665,-2.024433141474808,-2.060147118161637,train
2017-04-21,-1.2686148885712203,-1.9000904671912602,-1.9155029708476223,-1.8002112497560565,train
2017-04-24,-1.2158626005943503,-1.8094132042208064,-1.818836460932528,-1.7127039598250766,train
2017-04-25,-1.501724886023139,-1.544502012646631,-1.5211246051610827,-1.4253748310345953,train
2017-04-26,-1.5616212062173545,-1.6719023647065445,-1.6617722262811092,-1.5234718898770947,train
2017-04-27,-1.70635920866255,-1.5434723493068767,-1.5551833743370673,-1.3123016502611586,train
2017-04-28,-1.9075529844319057,-1.4127894597105006,-1.4226233334541165,-1.343058275289798,train
2017-05-01,-2.050804992997273,-1.4331269919045662,-1.4460810539904638,-1.2617573455371027,train
2017-05-02,-1.8321580641499928,-1.753720854778299,-1.7267917800273411,-1.592139417408198,train
2017-05-03,-1.7520291698320734,-1.749735584915363,-1.7417834089841715,-1.6534086277174747,train
2017-05-04,-1.7032205877853437,-1.8357909102043493,-1.8594742149359813,-1.813917783214022,train
2017-05-05,-1.799450398995423,-1.7833431450757262,-1.797585146339411,-1.723266715120116,train
2017-05-08,-1.80667228442367,-1.8642388187592134,-1.8731332404270133,-1.867627634544152,train
2017-05-09,-1.9835082229442862,-1.7095663915676862,-1.680527992036846,-1.7239357973307547,train
2017-05-10,-1.9872743504390469,-1.7104739026796147,-1.6979204338373346,-1.6753891385884476,train
2017-05-11,-1.9207811031289348,-1.6999333677053612,-1.7186252586429394,-1.670123669606895,train
2017-05-12,-1.727228769204877,-1.773702921624281,-1.8050279086668275,-1.7802319246898362,train
2017-05-15,-1.7287173075604956,-1.750157465131703,-1.7644457074320334,-1.8049796183552274,train
2017-05-16,-1.5499326911503724,-1.8726480010410942,-1.8396626135839513,-1.9122688634210263,train
2017-05-17,-1.4367470505448572,-1.784157165110312,-1.767797050469855,-1.7919557884093937,train
2017-05-18,-1.365599120924272,-1.7388895976535492,-1.7473601210877876,-1.7348645530802411,train
2017-05-19,-1.470735821878516,-1.613119007936913,-1.6228009003418233,-1.5969626928367,train
2017-05-22,-1.450967451653797,-1.6950284113485647,-1.7100966228201124,-1.6693082875269583,train
2017-05-23,-1.6415717735258863,-1.5162430840294834,-1.4923183930244865,-1.5258674547250475,train
2017-05-24,-1.6188248018685627,-1.4494676501050172,-1.4382655832274254,-1.4562117557465037,train
2017-05-25,-1.6999068477788035,-1.435114844959253,-1.4447742942904958,-1.4471334609685205,train
2017-05-26,-1.7136560367667244,-1.581038273895397,-1.6114240822890527,-1.571837099253951,train
2017-05-29,-1.5787611550916887,-1.5544296943023939,-1.5714418668335417,-1.4576469433234485,train
2017-05-30,-1.5496303001989524,-1.806700250214409,-1.7769693325356328,-1.6835978127539424,train
2017-05-31,-1.7690294548696535,-1.5915547485052823,-1.5755423922485583,-1.5310153385216034,train
2017-06-01,-1.6126682195632567,-1.668549429757594,-1.6781986745080646,-1.656538920766454,train
2017-06-02,-1.5339241314601504,-1.7314230650059246,-1.758982150788223,-1.6075534587563889,train
2017-06-05,-1.607650290321962,-1.5559822889405315,-1.5573629402905447,-1.5324805506432593,train
2017-06-06,-1.6164377096682918,-1.6820854202901838,-1.6548761974310935,-1.6461257614582978,train
2017-06-07,-1.636338858440598,-1.7586364310864928,-1.747516096471972,-1.7229601337007203,train
2017-06-08,-1.5212937343410513,-1.5559172945193604,-1.5550171901363445,-1.3062923711190229,train
2017-06-09,-1.5560054426267542,-1.5786366678506574,-1.5966942401051334,-1.48107185593989,train
2017-06-12,-1.6771736864130733,-1.593042521396564,-1.60059253108847,-1.548751095672335,train
2017-06-13,-1.6861344234943891,-1.7208271531535504,-1.691935362788985,-1.644023509765888,train
2017-06-14,-1.6771002231234082,-1.7412277668889056,-1.7328160813726776,-1.6674124537164583,train
2017-06-15,-2.2173609427005836,-1.4760899047979983,-1.469293358301378,-1.5998742960344023,train
2017-06-16,-2.4236398662487018,-1.6245118345698855,-1.6457214856641007,-1.7300518395924116,train
2017-06-19,-2.4702505131437595,-1.7775404015385992,-1.7977573505455395,-1.7951785571049133,train
2017-06-20,-2.3036650943614427,-1.825042728450671,-1.7927471893149913,-1.8330289394514856,train
2017-06-21,-1.9674026319405602,-1.7969253519802872,-1.785676881248151,-1.7912328658264405,train
2017-06-22,-1.2177019858062421,-2.0128488086973717,-2.0361482008649947,-1.995832339168838,train
2017-06-23,-1.1253321548699358,-2.1055163353011337,-2.13776518877375,-2.0894480696693725,train
2017-06-26,-1.0742984324999938,-2.1341884048928303,-2.1498489279242157,-2.180832015120724,train
2017-06-27,-1.1061648220737066,-1.9829757510885424,-1.945353567002341,-2.0266041758038256,train
2017-06-28,-1.242430141941963,-1.7978809102530224,-1.7759571633420466,-1.8645920840075352,train
2017-06-29,-1.9420571691705404,-1.4136360247516693,-1.3950645832915467,-1.4996593950624733,train
2017-06-30,-2.0653006561989042,-1.5170837121890202,-1.5385176721235567,-1.5880191038243043,train
2017-07-03,-1.9958019166443834,-1.497643996640906,-1.5185926958821319,-1.4688957356245746,train
2017-07-04,-2.051020030091624,-1.591914582399864,-1.5697871888081512,-1.5982608630791213,train
2017-07-05,-1.9948326462565968,-1.7316109608273234,-1.7265029894040087,-1.7198418241213154,train
2017-07-06,-1.8454502772680546,-1.8412367040924378,-1.8578253249936834,-1.8182071229813914,train
2017-07-07,-1.7764537711526414,-1.8729428685658378,-1.8959101278834247,-1.791102333919422,train
2017-07-10,-1.7899496939848856,-1.7992234691034648,-1.8027019842043028,-1.7849478474633296,train
2017-07-11,-1.7743335295830458,-1.9967886752091608,-1.961328585884194,-1.9568588526679571,train
2017-07-12,-1.6548454356922875,-1.8963944002017687,-1.8817796677419916,-1.874194478380241,train
2017-07-13,-1.812616867406839,-1.7468441482510586,-1.7514486941192,-1.7612943858989556,train
2017-07-14,-1.6679004098334158,-1.7370918219871079,-1.7549649385768809,-1.6645357230387963,train
2017-07-17,-1.700301719388927,-1.7490174296324008,-1.7566198357050242,-1.6771646017834123,train
2017-07-18,-1.6745983244495837,-1.862333275231074,-1.8321717847590957,-1.7700063408463056,train
2017-07-19,-1.6997089354453376,-1.6585645737344503,-1.6455451656381332,-1.5795049010844138,train
2017-07-20,-1.4241116282875659,-1.8485946005109688,-1.872668364526243,-1.6835329190137123,train
2017-07-21,-1.4541761638562374,-1.6296080513622921,-1.6353500370583154,-1.6264750492420126,train
2017-07-24,-1.414194911858241,-1.717579438517906,-1.7289787376333505,-1.724958626409158,train
2017-07-25,-1.313177546549817,-1.7518211110491495,-1.7227908426922895,-1.7525984324984336,train
2017-07-26,-1.3220579020239664,-1.6535559937970203,-1.6393428707857791,-1.618948496727807,train
2017-07-27,-1.4288605563464203,-1.443393745676619,-1.443794657507105,-1.4730337600147123,train
2017-07-28,-1.49204133440589,-1.4980583713368552,-1.5106175437895983,-1.5184106565904365,train
2017-07-31,-1.3314435414488601,-1.5342235931263262,-1.5460726946836654,-1.4952929004115372,train
2017-08-01,-1.416063773905534,-1.4545031492768412,-1.4346326137036842,-1.4340170694311565,train
2017-08-02,-1.434407960568994,-1.4788307009536072,-1.472652571409669,-1.504526163053359,train
2017-08-03,-1.3809539433127143,-1.4702859065703116,-1.4813765105118737,-1.5164954360927787,train
2017-08-04,-1.3486240759442998,-1.509558041500674,-1.5306744515166855,-1.5612593470919829,train
2017-08-07,-1.4192236889971082,-1.345106936598819,-1.345566583603688,-1.4058751875127473,train
2017-08-08,-1.4010641480762818,-1.55309341224712,-1.528846198680523,-1.6034706747678287,train
2017-08-09,-1.3292106938173867,-1.5218382688243153,-1.5132742080742345,-1.552656437130971,train
2017-08-10,-1.2892042208296646,-1.4013613646820438,-1.406514801637066,-1.4307589311799727,train
2017-08-11,-1.2386420467470305,-1.4093612520956025,-1.426464398230335,-1.4250731680032709,train
2017-08-14,-1.2835232835150778,-1.3899189315508949,-1.3930529395131208,-1.4791544551646967,train
2017-08-15,-1.3067920457213342,-1.4829549513777054,-1.459446113170671,-1.5610413881545055,train
2017-08-16,-1.4052939369285518,-1.365171034208631,-1.355987445945338,-1.4753697651564015,train
2017-08-17,-1.6132578628295602,-1.28599473466183,-1.2896545086178954,-1.3885105388504806,train
2017-08-18,-1.8909058909384364,-1.280464016291393,-1.293215237246653,-1.3796112707842447,train
2017-08-21,-1.6555731230274107,-1.3132992351525468,-1.323017436631061,-1.34641159551927,train
2017-08-22,-1.6758131910842355,-1.452296613125439,-1.4291829776485705,-1.4716735417116555,train
2017-08-23,-1.458375777617708,-1.483589594597456,-1.4760147216085604,-1.486059476359304,train
2017-08-24,-1.3788001319074257,-1.561136400554303,-1.5792021724512635,-1.560437098442313,train
2017-08-25,-1.2288301527626975,-1.769959593749669,-1.8070311030753825,-1.724350722176539,train
2017-08-28,-1.1315420132959577,-1.481637862897307,-1.4709954859203171,-1.3952405855979617,train
2017-08-29,-1.1015575369102064,-1.7176473675734847,-1.685599518265398,-1.6493279587572736,train
2017-08-30,-1.1719187281899077,-1.453232529076252,-1.436134084645063,-1.3668656930544132,train
2017-08-31,-1.2265947438712193,-1.4699579270819176,-1.4788136197795572,-1.4491321234414405,train
2017-09-01,-1.1218790424601384,-1.3355671712158732,-1.3506393692437417,-1.184805589153949,train
2017-09-04,-1.2816106191634191,-1.1941406451936418,-1.1873454677559327,-1.143198621624416,train
2017-09-05,-1.2870656379223586,-1.357207088156772,-1.3374459021971707,-1.251911057664682,train
2017-09-06,-1.3755168623573495,-1.3210967146375503,-1.313470939612536,-1.2755446153054855,train
2017-09-07,-1.3557750996982922,-1.4218578140895772,-1.4436062971281471,-1.3087484141415187,train
2017-09-08,-1.4258407040267438,-1.2274845437668274,-1.2318080561092084,-1.2841054113928305,train
2017-09-11,-1.5377129996903753,-1.293136608384449,-1.294948022565148,-1.378051718242673,train
2017-09-12,-1.515947894472704,-1.4354366741503448,-1.4124881670507197,-1.4931220889464318,train
2017-09-13,-1.458264934193966,-1.4997429913417772,-1.4922711369741581,-1.569636120968102,train
2017-09-14,-1.1216757088702272,-1.450390544483976,-1.4670728941720343,-1.3975047822780806,train
2017-09-15,-1.2232236179335483,-1.3718227003269448,-1.377741859824614,-1.3484152846432875,train
2017-09-18,-1.2713204193687666,-1.467277302837346,-1.4739556147085573,-1.3815686274765067,train
2017-09-19,-1.271197666871882,-1.515523540322024,-1.4899377862173055,-1.4124872041482543,train
2017-09-20,-1.2179816724831491,-1.45783381148943,-1.4481291137659262,-1.3028672343686534,train
2017-09-21,-1.5919654826484972,-1.169732493605389,-1.162995178493464,-1.1379214124105412,train
2017-09-22,-1.62416851932138,-1.3727032615394896,-1.3962437179358187,-1.3060525781514112,train
2017-09-25,-1.6224117660117676,-1.4184186181844822,-1.4347307665068967,-1.3640125990180214,train
2017-09-26,-1.6428801125278332,-1.4127158475601291,-1.3892264847778872,-1.3460603332549652,train
2017-09-27,-1.822997258360905,-1.3212398424473777,-1.3113659752256615,-1.3028750616903892,train
2017-09-28,-1.8640843187144163,-1.4746161796319839,-1.4881738630968875,-1.4618190801978403,train
2017-09-29,-1.9616887780782313,-1.51384563931299,-1.536928745060971,-1.5517816461407334,train
2017-10-02,-1.8964035719254657,-1.5130570955094467,-1.5254518387199123,-1.5175339029524169,train
2017-10-03,-1.993783376653777,-1.557713715436518,-1.5299996256283235,-1.6334692525550814,train
2017-10-04,-1.9750767433177474,-1.6739526822099118,-1.6618834874110318,-1.7039318085449662,train
2017-10-05,-1.9765187528693506,-1.6608161597640716,-1.6745437355956934,-1.702777000102433,train
2017-10-06,-1.9745789539446323,-1.7838383468849774,-1.8160463797228832,-1.7572986623583804,train
2017-10-09,-1.8182943393564315,-1.6458092964952404,-1.6488130170837159,-1.6572391733038276,train
2017-10-10,-1.7742991340796759,-1.8696704777512456,-1.8343901876734725,-1.8343793542093652,train
2017-10-11,-1.826690225298063,-1.7987228045628623,-1.782959396118594,-1.7990707489604414,train
2017-10-12,-1.8826486762926835,-1.7836425385002173,-1.7950937048280982,-1.7921085435630784,train
2017-10-13,-1.7572599476942512,-1.847135345405582,-1.878412085607361,-1.888061613763616,train
2017-10-16,-1.9962480815660608,-1.6334743230536999,-1.6278849817584193,-1.6919888003970907,train
2017-10-17,-1.9925562095502631,-1.7677827218448772,-1.736795135497322,-1.8093157231347325,train
2017-10-18,-1.9680601150193222,-1.8401572623747784,-1.82867724246503,-1.8772475000957751,train
2017-10-19,-1.921882353101737,-1.8546450309977869,-1.8740616143396005,-1.90345505802445,train
2017-10-20,-1.6415412874709574,-1.7126986739165482,-1.7286882691586558,-1.610839530123419,train
2017-10-23,-1.5435354789751408,-1.832577738358438,-1.8419794112054668,-1.7621275340852087,train
2017-10-24,-1.5300255475410478,-1.8796263857379956,-1.8466183870008286,-1.7756469855404704,train
2017-10-25,-1.5041428851113032,-1.8793460025364137,-1.8664822600898532,-1.7575809163184044,train
2017-10-26,-1.497402572158894,-1.8258448874393143,-1.8413160839594496,-1.6158806438674795,train
2017-10-27,-1.729303468887545,-1.5999882739042504,-1.5976006096984119,-1.5167702683624273,train
2017-10-30,-1.8168906384136052,-1.6267027215004863,-1.6320850437376173,-1.4432601926628195,train
2017-10-31,-1.8322101119654628,-1.7124994957880795,-1.68600727439947,-1.5436138199268181,train
2017-11-01,-1.8392657167387425,-1.688628588767635,-1.680685433382633,-1.5784415508557965,train
2017-11-02,-1.896974364063369,-1.6743165917335485,-1.6943536368033945,-1.648051127463256,train
2017-11-03,-1.9953571249611894,-1.6866311808708048,-1.7042582893918516,-1.6663080637344065,train
2017-11-06,-2.11461147241247,-1.7293869855016828,-1.7392867998693988,-1.8237815369789945,train
2017-11-07,-2.1952114413489023,-1.79325545073447,-1.763291126227012,-1.8880936675214577,train
2017-11-08,-2.1642420817452814,-1.7883203958452274,-1.7765280323861539,-1.7838050008964697,train
2017-11-09,-1.9952660088552565,-1.8462615374952318,-1.868328164542151,-1.7946799550216133,train
2017-11-10,-1.9553757479786893,-1.8467867028364537,-1.8709462088181739,-1.7770245256923831,train
2017-11-13,-1.8857547149830343,-1.9314384934387412,-1.9474360496240326,-1.8291096699793148,train
2017-11-14,-1.6561272750511933,-2.0304329231101956,-1.993134973264641,-1.9048772180039815,train
2017-11-15,-1.6554270648562357,-1.931497471055656,-1.9133021523092548,-1.889985966529254,train
2017-11-16,-1.7118749852992714,-1.8184423950298179,-1.8235177061566061,-1.8617018261406237,train
2017-11-17,-1.774544855713488,-1.8294344365664996,-1.8487036976315667,-1.9422499278282959,train
2017-11-20,-1.8042350648943848,-1.796333328909825,-1.8073801951531736,-1.901059991444483,train
2017-11-21,-1.9723491146273895,-1.6088002529658225,-1.5836066149727082,-1.73466120695361,train
2017-11-22,-1.903280260452358,-1.6864787820574014,-1.6768372288080222,-1.7895628717807324,train
2017-11-23,-1.8836447908879452,-1.700214430327662,-1.7167050093302536,-1.7156406660922707,train
2017-11-24,-1.721209439010196,-1.7865144100366936,-1.819724719014999,-1.7351549245305804,train
2017-11-27,-1.537630415725061,-1.7750433718436196,-1.7910412273024972,-1.6897371718959238,train
2017-11-28,-1.5395034567381873,-1.8380827059539935,-1.8064056315233936,-1.754193837116436,train
2017-11-29,-1.595204994632564,-1.7686342759629075,-1.753092508527783,-1.698388135931963,train
2017-11-30,-1.6345531806676425,-1.777756803110775,-1.7895984613940292,-1.7600844862926885,train
2017-12-01,-1.7708546419635542,-1.6557436145992812,-1.6693854825368195,-1.6708985458450452,train
2017-12-04,-1.9965685922324996,-1.5376882641341902,-1.5409517892594924,-1.550082257099402,train
2017-12-05,-2.0632284683474102,-1.6559891464399914,-1.6310615591842392,-1.7061741142202158,train
2017-12-06,-2.108949326673882,-1.6833411902516422,-1.674699439360141,-1.731845268049939,train
2017-12-07,-1.9979899550048938,-1.7124085937050684,-1.7332416096297678,-1.5815174388389974,train
2017-12-08,-1.775505296039462,-1.7916441185366094,-1.8223222931897718,-1.5025020118930057,train
2017-12-11,-1.7949423340323587,-1.831056740041846,-1.8433278327113771,-1.5905120076141113,train
2017-12-12,-1.7554452390171564,-1.9219573427235028,-1.887673936314409,-1.615649559399479,train
2017-12-13,-1.7326071002092325,-1.9126820623580245,-1.8973671196101642,-1.632043357187428,train
2017-12-14,-1.8366567816281225,-1.7822844657520005,-1.7880190853102145,-1.6955555011147405,train
2017-12-15,-2.0862954402991947,-1.652056761401886,-1.659113844253746,-1.731092860448562,train
2017-12-18,-2.0513309098742654,-1.784900650169773,-1.8015582698851773,-1.8358117708567652,train
2017-12-19,-2.1771058963836136,-1.7588252528229076,-1.7294285798155464,-1.824742428999111,train
2017-12-20,-2.273027913325174,-1.7405360114892794,-1.729699232482265,-1.7932097045323212,train
2017-12-21,-2.374503834446922,-1.8181007494690316,-1.8382225200937212,-1.869732516771783,train
2017-12-22,-2.4295792365179296,-1.9104615814028298,-1.9385082209579563,-1.9699063286820488,train
2017-12-26,-2.494812667703215,-1.8605553687233953,-1.8276335411247302,-1.887373013094186,train
2017-12-27,-2.3299563832128753,-2.0864110611800504,-2.0745004389453,-2.1041760197750996,train
2017-12-28,-2.203049263802729,-2.070785101825347,-2.091198688518104,-2.074211214539628,train
2017-12-29,-2.055747981773106,-2.154597459922515,-2.189599378470859,-2.065680037364107,train
2018-01-02,-2.0034104390467666,-2.156631074972361,-2.1155014803312286,-2.0622897077446227,train
2018-01-03,-1.987573873350248,-2.13689279562987,-2.1148624233630757,-2.0877236767573706,train
2018-01-04,-1.7920063910607715,-2.064410726190627,-2.0758823132685555,-2.007745675058412,train
2018-01-05,-1.5313511068584642,-2.003964430660546,-2.0225319013401197,-2.0380106695865443,train
2018-01-08,-1.2992478512993653,-1.9268996390629713,-1.936555513380594,-2.0273567746062846,train
2018-01-09,-1.1797812462406716,-1.9362730813736178,-1.904440693151356,-2.0571591366674413,train
2018-01-10,-1.0320682098430063,-1.920175447137454,-1.9070678806110126,-2.001073356561534,train
2018-01-11,-0.9469398933019452,-1.739526659045202,-1.7432322930048496,-1.8033666555845393,train
2018-01-12,-0.9798752671261937,-1.5906684010133638,-1.593745464342745,-1.5855812598797274,train
2018-01-15,-1.0780179650460793,-1.4670528691667357,-1.4661751133677083,-1.5376064161859266,train
2018-01-16,-1.1737790220634094,-1.4329500925598717,-1.4153743464641775,-1.4599458672593035,train
2018-01-17,-1.2952888792852535,-1.3015124479989997,-1.2968258463882458,-1.358410993400214,train
2018-01-18,-1.3706280035271778,-1.2369942279873176,-1.245327123381302,-1.3251128429160708,train
2018-01-19,-0.9067801197719582,-1.2718325057123927,-1.2898949900755976,-1.2093682871284002,train
2018-01-22,-0.8282212590251863,-1.3370279515577632,-1.351883007334667,-1.2115211536292954,train
2018-01-23,-0.7756540558631871,-1.487673935116763,-1.4682199476099047,-1.330495547488106,train
2018-01-24,-0.7119813039941354,-1.485693987678092,-1.4792759255119627,-1.3301923000182507,train
2018-01-25,-0.7320697267033229,-1.4193208262097716,-1.4247189947959427,-1.1902522087233518,train
2018-01-26,-1.1331889948183242,-1.1282877850821147,-1.1116050259709185,-1.0235675501351493,train
2018-01-29,-1.1699738308141026,-1.182997123851421,-1.1870555059901167,-1.0349243188940545,train
2018-01-30,-1.136548261203248,-1.184442544137238,-1.1700343514365539,-1.0437444159646738,train
2018-01-31,-1.105614805714594,-1.06991857895846,-1.067331295581598,-0.958901989723528,train
2018-02-01,-1.1243970940549544,-1.0931108741207929,-1.1098740786366714,-1.0481541636980785,train
2018-02-02,-1.0566295061011874,-1.1887830191343967,-1.206085661569778,-1.1889316796053981,train
2018-02-05,-1.1062941845057341,-1.1512763734741807,-1.1558463217409005,-1.211822783761137,train
2018-02-06,-1.1723775982146478,-1.1490963056088892,-1.1312461052742835,-1.21945522681682,train
2018-02-07,-1.2958328350453643,-1.0886436484956294,-1.079905934712657,-1.154552515009262,train
2018-02-08,-1.0270505183440883,-1.1490943947627519,-1.1632957258580203,-1.180620448284975,train
2018-02-09,-1.0933928351460735,-1.0405272012314994,-1.0497939851228895,-1.044538183230964,train
2018-02-12,-1.1074612106458872,-1.108894614619118,-1.1191181122868024,-1.16362452981274,train
2018-02-13,-1.1212704662557382,-1.200760000868115,-1.1804879618839217,-1.2831188117889871,train
2018-02-14,-1.1216471839286555,-1.251562307639394,-1.2430820605540824,-1.3089249017616733,train
2018-02-15,-1.4110037011124656,-1.0021349747378072,-0.9952390408013376,-1.1093183298013598,train
2018-02-16,-1.4458679483751566,-1.1510201527326636,-1.1669790650350849,-1.2966806990770212,train
2018-02-19,-1.5229317730620175,-1.1787353695450882,-1.1893305483691474,-1.2492060551573911,train
2018-02-20,-1.5327581474006804,-1.2488955297754796,-1.2280089459955008,-1.2763894876234767,train
2018-02-21,-1.4663543775996388,-1.2259957486436344,-1.2191566406044472,-1.251631612911908,train
2018-02-22,-1.5345633907105776,-1.2674698699344047,-1.2757220984313453,-1.2817243759532815,train
2018-02-23,-1.485825012198475,-1.2879164225291757,-1.3035762879635888,-1.2088629598139937,train
2018-02-26,-1.4359020030915124,-1.3786810863931782,-1.3920662420098027,-1.3515462893141248,train
2018-02-27,-1.3214141261682861,-1.4155953400361756,-1.3895145961350597,-1.3874843865788862,train
2018-02-28,-1.3734687492706803,-1.322493745490195,-1.3097022570942496,-1.3258555440837723,train
2018-03-01,-1.3597200790728001,-1.414136041695877,-1.427813323756302,-1.4359321111334271,train
2018-03-02,-1.2976347346159671,-1.337325748011361,-1.3473030888959991,-1.2948010121420064,train
2018-03-05,-1.333542308442794,-1.3511080158099598,-1.3604367403261233,-1.1639369690281323,train
2018-03-06,-1.5009039126221868,-1.2570286715105758,-1.2361214417163935,-1.0775948654626388,train
2018-03-07,-1.5164707216239204,-1.3324904245220552,-1.3233277160731103,-1.148903006959026,train
2018-03-08,-1.5382994253385494,-1.341858353119997,-1.356993737499007,-1.1791144907982858,train
2018-03-09,-1.7968328033287841,-1.2385894426091648,-1.2457517705581531,-1.2275703182396036,train
2018-03-12,-1.836076159479143,-1.3625830632012002,-1.3783588109932283,-1.4825251816281149,train
2018-03-13,-1.7840568147094873,-1.5385453976234664,-1.5115462418716932,-1.6612279626053965,train
2018-03-14,-1.8493739714150506,-1.4647961136392489,-1.4530434961299503,-1.609021120781468,train
2018-03-15,-1.8434263222873404,-1.4929373524424707,-1.506793418001065,-1.4718322380934188,train
2018-03-16,-1.7193407338100455,-1.625285557966555,-1.6508480333114173,-1.5795163426410144,train
2018-03-19,-1.6910110017073043,-1.649760588663831,-1.6615754571309282,-1.575989885526619,train
2018-03-20,-1.704108437096773,-1.631026745446185,-1.601515678150362,-1.5372489077915075,train
2018-03-21,-1.7066786947408243,-1.6631465711836113,-1.6493967129363936,-1.5782854372367676,train
2018-03-22,-1.7129803704727826,-1.6330267578368565,-1.642863545879227,-1.6967754590070172,train
2018-03-23,-1.8280949531281208,-1.5497817708819348,-1.5625383024844233,-1.6576992345746644,train
2018-03-26,-1.986037879411254,-1.5846285005090472,-1.5961554990791418,-1.6774546142224307,train
2018-03-27,-2.0585864101076288,-1.6311721932667147,-1.6029538476401364,-1.720795944475601,train
2018-03-28,-2.061994707357279,-1.6248439894488793,-1.6135710032331474,-1.6726997215503734,train
2018-03-29,-2.1017507841663714,-1.6010779670235802,-1.613753781963308,-1.6417758192068788,train
2018-03-30,-2.1173537467619257,-1.687748065328197,-1.71257723186473,-1.7155736973902451,train
2018-04-02,-1.9017341639127685,-1.9120321769100446,-1.9398082774749967,-1.8401520213057179,train
2018-04-03,-1.8409711575158652,-1.905881375627942,-1.870196003912211,-1.84674364017472,train
2018-04-04,-1.7036097160070516,-1.8495956071611335,-1.831943946807317,-1.8291727978895336,train
2018-04-05,-1.7499858694525499,-1.8648516791743908,-1.873909470096129,-1.8852793257057412,train
2018-04-06,-1.7532392063493745,-1.9000483882775492,-1.9214055357648503,-1.9353539332849512,train
2018-04-09,-1.8859551568658837,-1.7405237889375582,-1.7460727593335355,-1.8967319978588175,train
2018-04-10,-1.9407459147015624,-1.7737743474089436,-1.7441952485594725,-1.9188774210851784,train
2018-04-11,-2.1860973175770453,-1.632116650222268,-1.617722862983257,-1.7908985967581463,train
2018-04-12,-2.1624808823429564,-1.7692886613176801,-1.7912553420886266,-1.8654420980282143,train
2018-04-13,-2.13717957939525,-1.7613765029639736,-1.7898592770245823,-1.8083650746220068,train
2018-04-16,-2.037726552181228,-1.87349314181831,-1.8940516203427185,-1.8709669951504457,train
2018-04-17,-1.950371185168965,-1.9041509337654698,-1.8711284837231419,-1.8852307144320646,train
2018-04-18,-1.873993394709196,-1.9693845246538428,-1.953277625039768,-1.9480195915053253,train
2018-04-19,-1.8506870947406473,-1.9402475620143111,-1.9537710121245175,-1.956038053456026,train
2018-04-20,-1.6693801470492966,-1.9160059952632529,-1.9359996495476581,-1.802879704441473,train
2018-04-23,-1.6346402772742177,-1.8659688955453473,-1.8750243341033637,-1.776876911645219,train
2018-04-24,-1.6185200725257147,-1.8333437617527766,-1.802544950403867,-1.7393577064185002,train
2018-04-25,-1.6110210402813974,-1.793426903390946,-1.780137545609153,-1.6915709562969343,train
2018-04-26,-1.3120939555774802,-1.7978365968888292,-1.8141580211611656,-1.5912915603956925,train
2018-04-27,-1.3257018252496058,-1.6290493531874326,-1.6377900948437043,-1.5262362322795064,train
2018-04-30,-1.2427189491582347,-1.6739231458763515,-1.6856715032389897,-1.4743138613218263,train
2018-05-01,-1.2673826022408232,-1.676189270081985,-1.6507740664771038,-1.4951068937880605,train
2018-05-02,-1.2137669982548678,-1.6574305773973608,-1.6475793235509397,-1.4607691245937875,train
2018-05-03,-1.4444192583331923,-1.3876665987554166,-1.3851789163744241,-1.3654396316083286,train
2018-05-04,-1.4105290345396966,-1.4593106073270403,-1.474138888324539,-1.4803648020711901,train
2018-05-07,-1.5397245434934328,-1.3992259676148375,-1.4068077048781102,-1.538508447947415,train
2018-05-08,-1.5386705876645888,-1.5249996908265517,-1.5033386737359806,-1.6541948171161953,train
2018-05-09,-1.553075148638951,-1.4108900545448626,-1.404109602523041,-1.5283369178047228,train
2018-05-10,-1.4622035072681407,-1.5253533325381188,-1.541797626713918,-1.5774484405448332,train
2018-05-11,-1.5072734343378666,-1.4378215678299686,-1.4482145656867424,-1.5038928982672395,train
2018-05-14,-1.5017911257372183,-1.5850998710701198,-1.6012311198405502,-1.5850101043869183,train
2018-05-15,-1.4662653003467083,-1.6004419040814655,-1.5748387229077903,-1.6238095949427065,train
2018-05-16,-1.5042147613713304,-1.5220686992728498,-1.5101601163068166,-1.5960710774702176,train
2018-05-17,-1.381846920443229,-1.4419826937506048,-1.4483737735555513,-1.462766652085158,train
2018-05-18,-1.4414624382661267,-1.4507721773503301,-1.4635296587336657,-1.5174039437797646,train
2018-05-21,-1.3796791044764036,-1.5124816487355808,-1.5281583821234392,-1.6135485252452981,train
2018-05-22,-1.3681628082520507,-1.4761096750189626,-1.4521899729281722,-1.5962141209044707,train
2018-05-23,-1.2059590234805684,-1.481271635979096,-1.471442616447834,-1.5641428435462108,train
2018-05-24,-1.2272450282304272,-1.3212274138392155,-1.3196174367979174,-1.4314138581599065,train
2018-05-25,-1.0478627665940312,-1.4496704148115536,-1.4707683123495852,-1.4566359640989093,train
2018-05-28,-1.0015530549425957,-1.386186727786781,-1.3957122332905139,-1.2713466107311997,train
2018-05-29,-1.0118461468102686,-1.4147117940949503,-1.3919280202441253,-1.2587258509236128,train
2018-05-30,-1.1095605388682281,-1.2348745162900738,-1.2241318104027301,-1.1232800525709854,train
2018-05-31,-1.1723378329219623,-1.2331917890534387,-1.235777572808903,-1.1656520961536336,train
2018-06-01,-1.3758470223756918,-1.116630344028239,-1.1211765692073494,-1.1284927246059344,train
2018-06-04,-1.4879904681328453,-1.1543673945279536,-1.1642982260227872,-1.2634719259384826,train
2018-06-05,-1.488194124361387,-1.2526605701628177,-1.2354638608733453,-1.3556760749102206,train
2018-06-06,-1.5016867790321757,-1.2534746051855385,-1.247734660679074,-1.3419380700028465,train
2018-06-07,-1.5034675745733166,-1.2384425434052426,-1.2480157827127984,-1.1761506450849268,train
2018-06-08,-1.2525682311496709,-1.3692458641262717,-1.3915183474376265,-1.1009510542766827,train
2018-06-11,-1.1033287531661449,-1.4235856550454296,-1.4364284126874503,-1.1804154389096722,train
2018-06-12,-1.1171168374754732,-1.4429439590030129,-1.418194916793934,-1.206742050937528,train
2018-06-13,-1.0651818417832344,-1.4048006001962545,-1.393400857785636,-1.200503159110316,train
2018-06-14,-1.1117910280352026,-1.3588056735035736,-1.3634029826675504,-1.2941429388240453,train
2018-06-15,-1.2119848284954042,-1.1931108159640775,-1.1919402299292063,-1.2993352418892834,train
2018-06-18,-1.304092409071552,-1.150369825862632,-1.152533833282,-1.2134063932061683,train
2018-06-19,-1.2413392516995356,-1.3076133773770078,-1.28749804310395,-1.3509932824499915,train
2018-06-20,-1.33872202890339,-1.1710755946152456,-1.1637746234444037,-1.2261469567719576,train
2018-06-21,-1.3164292378202527,-1.2428003885090115,-1.259163509839984,-1.306175473631444,train
2018-06-22,-1.3355506894458415,-1.196300275676542,-1.2053142807712176,-1.2541376024258706,train
2018-06-25,-1.1944293857502248,-1.2653915995895242,-1.2721407465485257,-1.3540902182067576,train
2018-06-26,-1.1974661775865811,-1.2491844194473964,-1.228985074401734,-1.3050044951330986,train
2018-06-27,-1.2111130188694461,-1.3343446282479476,-1.326725051119958,-1.3776544001066888,train
2018-06-28,-1.2938391200795705,-1.2785138434398267,-1.2897418854433764,-1.3476145851629464,train
2018-06-29,-1.4398067727210397,-1.2474891116832019,-1.2570367858722247,-1.3153582638521195,train
2018-07-02,-1.731101540808035,-1.15045671808461,-1.1481843775460259,-1.1762190934625922,train
2018-07-03,-1.8153817529667196,-1.2617073657973448,-1.2416369352395056,-1.2897128195987633,train
2018-07-04,-1.8297715613908927,-1.330503640412235,-1.3253524570061856,-1.3536068175338625,train
2018-07-05,-1.6846287658705341,-1.4163353326675976,-1.440308608356676,-1.4337700277456393,train
2018-07-06,-1.6692058589513767,-1.4730113987192777,-1.500012849415503,-1.5168719542893507,train
2018-07-09,-1.6864518640417863,-1.53075132244408,-1.5395722834420942,-1.664674310859165,train
2018-07-10,-1.7429818776674422,-1.5820727495876197,-1.551754221980807,-1.6960750443838237,train
2018-07-11,-1.7273269923315093,-1.601230936515611,-1.5872063043802853,-1.6997253062231295,train
2018-07-12,-1.864737398219722,-1.4690499267401114,-1.4738363411620656,-1.5330350205104144,train
2018-07-13,-1.6417998719407758,-1.526491721716433,-1.5491244787429035,-1.5913965800519456,train
2018-07-16,-1.582447168335822,-1.5375324437359432,-1.5490856129042962,-1.551144462174259,train
2018-07-17,-1.544757304686081,-1.6467997612539276,-1.616761845202175,-1.6893569878113404,train
2018-07-18,-1.5401087078952245,-1.6017497830590572,-1.5889267199446522,-1.6420785437581928,train
2018-07-19,-1.488432169017727,-1.6707780352208477,-1.685593896305991,-1.7265548604870091,train
2018-07-20,-1.6454505168552873,-1.4804695751280248,-1.4829885468662112,-1.386701452333884,train
2018-07-23,-1.7907203642386318,-1.5152372044997082,-1.5218969249936385,-1.4279255708935565,train
2018-07-24,-1.878283282251019,-1.559218397309353,-1.5330781095876989,-1.4513571072899174,train
2018-07-25,-1.8968088555182279,-1.5490268374199947,-1.538979724960373,-1.4231011642335145,train
2018-07-26,-2.021146892880774,-1.5026453526970935,-1.5164860057414085,-1.2913270156373249,train
2018-07-27,-2.1194401027463026,-1.5566826445324686,-1.5763576940536548,-1.5013087235378564,train
2018-07-30,-2.0129026214503214,-1.728762555059279,-1.7498297642376601,-1.6161004142964874,train
2018-07-31,-1.9835133783229655,-1.8256268411503713,-1.792864324484725,-1.7236811401401235,train
2018-08-01,-2.1036886466226083,-1.7637302025117332,-1.748698193584917,-1.7066203747268334,train
2018-08-02,-2.0929485713019735,-1.8667236230891275,-1.8842140818637223,-1.906291832665375,train
2018-08-03,-2.1311395205489494,-1.8797075619500845,-1.9015005875128763,-1.9069000396781977,train
2018-08-06,-1.6427104728717605,-1.8024036486319062,-1.8098609436357982,-1.8579008928001646,train
2018-08-07,-1.4534769598913806,-1.8563807875617895,-1.8233794085257138,-1.9038827175791042,train
2018-08-08,-1.3373240098006804,-1.9596677237449576,-1.9463074006820658,-1.9491423063241191,train
2018-08-09,-1.2374360520430938,-1.9050727698321388,-1.920665055570544,-1.8773351739109203,train
2018-08-10,-1.1368627552928032,-1.9369332349485222,-1.9635608893658936,-1.940551702433795,train
2018-08-13,-1.3811612388720507,-1.6117619856502663,-1.5976914248666694,-1.6704319598268453,train
2018-08-14,-1.5287927768970933,-1.5910494110747038,-1.565443097607968,-1.6550255431839815,train
2018-08-15,-1.4669812717620339,-1.5435730624793043,-1.5340194614340166,-1.6624333184762934,train
2018-08-16,-1.5035598719536287,-1.448334954357731,-1.46041016351312,-1.5795925177587005,train
2018-08-17,-1.5240767622345173,-1.3658026226102213,-1.3862501090621733,-1.4719110933496669,train
2018-08-20,-1.4546802877437928,-1.4888740539036749,-1.504400536004214,-1.5386148264699442,train
2018-08-21,-1.4432324544945556,-1.6255762680141728,-1.6006424174750327,-1.6604169486932088,train
2018-08-22,-1.5609674257279276,-1.4916978149915936,-1.4803692238282404,-1.5306608667353403,train
2018-08-23,-1.6185289797789877,-1.5422516578339174,-1.5549509977388072,-1.5654117987963154,train
2018-08-24,-1.6486178797140918,-1.5299421504103998,-1.5463407749740927,-1.5369532143448037,train
2018-08-27,-1.672010709291702,-1.4805048348652914,-1.4874904174274992,-1.5366730694364357,train
2018-08-28,-1.6863395866278255,-1.5618264731913885,-1.5384599064297644,-1.6062395265401026,train
2018-08-29,-1.6767222840418272,-1.5902449841873687,-1.5812008401392939,-1.5739683559811557,train
2018-08-30,-1.5471422942786213,-1.61050648573021,-1.6277976066399764,-1.6468807727158683,train
2018-08-31,-1.5699814856816194,-1.5770079489098352,-1.5944780079108647,-1.6267812176387617,train
2018-09-03,-1.5727439241769663,-1.5496770804916515,-1.554580433600032,-1.5212504178059152,train
2018-09-04,-1.5824602675551227,-1.644190604204982,-1.616105720001127,-1.6261568197342593,train
2018-09-05,-1.5947682926272444,-1.6050605824785227,-1.593438405263272,-1.6559696959330936,train
2018-09-06,-1.6843946307445752,-1.4692008279963618,-1.4745361169806024,-1.4575383330896712,train
2018-09-07,-1.6469634528538735,-1.5241672488228812,-1.5455151164601897,-1.3777237565947509,train
2018-09-10,-1.741464488944966,-1.476933713973342,-1.483103999036417,-1.3890588761854583,train
2018-09-11,-1.7685243890305928,-1.5773992707538138,-1.5502125536013625,-1.449424102514328,train
2018-09-12,-1.7251840655086141,-1.5675265647093675,-1.5572383799137424,-1.4353757728552425,train
2018-09-13,-1.7566372248559758,-1.5721067056884748,-1.582951164966498,-1.4883667191139425,train
2018-09-14,-1.7646252180434534,-1.5428990397901237,-1.558717618356339,-1.6107834584256344,train
2018-09-17,-1.787253484699698,-1.6306477262280938,-1.6432161020636318,-1.6815005431596641,train
2018-09-18,-1.6333064924271097,-1.7282007640524768,-1.6979425614965873,-1.7826695185677048,train
2018-09-19,-1.6802265248758852,-1.6179881211230684,-1.604486811076358,-1.6897000558260533,train
2018-09-20,-1.6332329049961856,-1.6435780315204227,-1.6563960239902271,-1.559900954650786,train
2018-09-21,-1.5745447882599233,-1.6200446566468691,-1.6348366321898347,-1.469641519062728,train
2018-09-24,-1.5681951277154624,-1.6944605872657705,-1.7087787216006916,-1.5645327286577493,train
2018-09-25,-1.662093918876055,-1.5510103718106252,-1.5254773795665255,-1.4162568416634627,train
2018-09-26,-1.6414130981885258,-1.6430464460999474,-1.6324765380198678,-1.4917277843733021,train
2018-09-27,-1.5762875930812659,-1.5685883889616186,-1.5789755875969114,-1.509359274013308,train
2018-09-28,-1.6368386269434902,-1.508303220617633,-1.5201505466391667,-1.5204204201569467,train
2018-10-01,-1.5694269646034464,-1.5895938806204548,-1.6068158988383139,-1.5657756257245525,train
2018-10-02,-1.581273681071714,-1.6398392819153085,-1.6123848363937698,-1.6664535440030315,train
2018-10-03,-1.5675361328718862,-1.61280140103843,-1.601893616994467,-1.5922950213621638,train
2018-10-04,-1.7099154584074459,-1.5113432669673272,-1.5166451740804192,-1.5678245029762723,train
2018-10-05,-1.636942402533015,-1.5660954074370683,-1.583283216704662,-1.6146428417820655,train
2018-10-08,-1.6931316840971036,-1.538131022774624,-1.547819200782247,-1.6341108475069324,train
2018-10-09,-1.702429433849286,-1.6167304511537637,-1.5905258833813105,-1.65034750082577,train
2018-10-10,-1.7531345329237895,-1.5691666551529353,-1.5590216595482957,-1.6532514911048743,train
2018-10-11,-1.7367783730152682,-1.6567477628864535,-1.6746063506588187,-1.6524853016795888,train
2018-10-12,-1.87633185419037,-1.5333695819334736,-1.5433362731953113,-1.5354359590651399,train
2018-10-15,-1.7928985122956111,-1.6351386517971664,-1.6482029113954053,-1.6231993629830657,train
2018-10-16,-1.7533026554222761,-1.6861172377937617,-1.6575579032403402,-1.6913276383808575,train
2018-10-17,-1.7076169478918517,-1.6948552839231972,-1.6830930467276115,-1.7092030459003682,train
2018-10-18,-1.6842293970262439,-1.6634198274538077,-1.6783841753030893,-1.703122561343994,train
2018-10-19,-1.6808151418593353,-1.700772981279933,-1.7206663264948678,-1.5851457105024203,train
2018-10-22,-1.715610618530622,-1.6260307407244585,-1.6307466478020773,-1.50692044459588,train
2018-10-23,-1.6269191665899068,-1.6616855629918381,-1.6332286341302642,-1.4585254104969587,train
2018-10-24,-1.6776723019310231,-1.6184961111339586,-1.6063760488549679,-1.3893641910250862,train
2018-10-25,-1.6803838827197357,-1.612659597109574,-1.6264579191569943,-1.4163275247253753,train
2018-10-26,-1.6868574827257627,-1.6155809050316063,-1.6383184783810156,-1.5752207532560307,train
2018-10-29,-1.6567379252022505,-1.610436971315819,-1.619877985257995,-1.4648487794828549,train
2018-10-30,-1.8025607578015814,-1.550007742777449,-1.52482553191828,-1.4831453927999938,train
2018-10-31,-1.814814825959302,-1.6593151213781412,-1.6496982055763008,-1.6149247801039168,train
2018-11-01,-1.4962461219641254,-1.6175529748213004,-1.6315428139369472,-1.6312469820713347,train
2018-11-02,-1.4678683620597273,-1.6302723017890077,-1.6536581735343199,-1.5186332585210087,train
2018-11-05,-1.5336029618391733,-1.5804025398812298,-1.587857706416995,-1.608672534245892,train
2018-11-06,-1.433039041231167,-1.749494793750473,-1.7193146602157947,-1.8063239905229174,train
2018-11-07,-1.3378561603546668,-1.7526351573292283,-1.7411453651735442,-1.75236760772016,train
2018-11-08,-1.400470376570121,-1.4625576897221466,-1.456006780130181,-1.4133114793808041,train
2018-11-09,-1.2377130658402524,-1.5681981407046681,-1.588614843344061,-1.6073458195692878,train
2018-11-12,-1.1874422685189385,-1.6352590984653876,-1.6503976331604127,-1.6054245796187865,train
2018-11-13,-1.2321518789811097,-1.5269807057681306,-1.5031035769075738,-1.4612549972514426,train
2018-11-14,-1.2889274707271923,-1.455416255100679,-1.4465903443606862,-1.4394193473971864,train
2018-11-15,-1.4126258288076612,-1.3828846542324054,-1.3833268273322148,-1.434394642079994,train
2018-11-16,-1.6885276897082746,-1.3002860450287943,-1.3063743224589417,-1.4087016520790119,train
2018-11-19,-1.735818394115939,-1.3437964163789426,-1.3584306798028094,-1.449926758868462,train
2018-11-20,-1.7663588211320773,-1.4222571501012835,-1.4015124304561133,-1.5154747551136474,train
2018-11-21,-1.723050430452836,-1.4601851076265495,-1.4543819824101918,-1.5597056794907191,train
2018-11-22,-1.5093960974920393,-1.4400942463881754,-1.4507491069889331,-1.4827771383428612,train
2018-11-23,-1.4483265160674663,-1.6412837626496144,-1.67187866607258,-1.6066635133705103,train
2018-11-26,-1.5007367499529727,-1.6024234222349707,-1.61212546726311,-1.574851280690184,train
2018-11-27,-1.4228370178068146,-1.6662301599412792,-1.6365523739183439,-1.6044826854629666,train
2018-11-28,-1.4380420826336922,-1.593976142448421,-1.5803038319591907,-1.5397961580201673,train
2018-11-29,-1.7396272828683006,-1.4185846591464797,-1.4131303064321086,-1.3951114732318948,train
2018-11-30,-1.7121135477596228,-1.4932813682390278,-1.515230302305536,-1.493859720682537,train
2018-12-03,-1.4483622121414936,-1.5893494913826038,-1.6093258164121647,-1.5770659675940073,train
2018-12-04,-1.434140903631406,-1.4630628538079329,-1.4392364778902513,-1.4956058113476454,train
2018-12-05,-1.4380810621876874,-1.5032357082856718,-1.4938632506458438,-1.5349505630652296,train
2018-12-06,-1.3669075018266013,-1.6221102160033634,-1.6386246162559146,-1.6587824762428613,train
2018-12-07,-1.3526379431584947,-1.550854839963894,-1.5662598906249752,-1.448682094142096,train
2018-12-10,-1.551118969262952,-1.3743453077852226,-1.3727566649742038,-1.2498162883899242,train
2018-12-11,-1.6774753111612888,-1.4340978177719153,-1.410745489368389,-1.2911426480646284,train
2018-12-12,-1.7258642661393189,-1.4764352627295165,-1.467724119989682,-1.3476277089603244,train
2018-12-13,-1.6259285553211158,-1.397813288053637,-1.410326185021649,-1.1312020171633332,train
2018-12-14,-1.5717815835680164,-1.3911598192646282,-1.4104124167756438,-1.2781237906342087,train
2018-12-17,-1.458443041437064,-1.5266870649383462,-1.5420405253596712,-1.4549037804827665,train
2018-12-18,-1.4045545781713824,-1.6574471014687966,-1.6289832691962638,-1.599240777254515,train
2018-12-19,-1.3903080466160527,-1.6703901500675298,-1.6593654605652912,-1.5999838949628578,train
2018-12-20,-1.4016496236125016,-1.5075609867101694,-1.5081096844266468,-1.616235488502952,train
2018-12-21,-1.4471079186237874,-1.4981582242589233,-1.5075593967900975,-1.573156604529432,train
2018-12-24,-1.5650478523381068,-1.4485697162960118,-1.4528654763936268,-1.5367353547265181,train
2018-12-26,-1.5007632429285793,-1.4712724911104094,-1.4632557887575002,-1.5708096315715174,train
2018-12-27,-1.3062812216185062,-1.488230918462133,-1.510035956540727,-1.6104717532841266,train
2018-12-28,-1.3128412357591712,-1.3781094155957734,-1.388945412688946,-1.3974942126943861,train
2018-12-31,-1.3841169656681809,-1.4326438089818467,-1.4420427840244476,-1.4582205575150127,train
2019-01-02,-1.3743004736620856,-1.5523934417070535,-1.5427135171770978,-1.5653732761704116,train
2019-01-03,-1.365690649085752,-1.46020667480937,-1.4693462593474387,-1.4472519202770278,train
2019-01-04,-1.5209848226498632,-1.301885462013064,-1.3087106629007637,-1.3467976436603908,train
2019-01-07,-1.6017786136550098,-1.3326466094144587,-1.3388819657529267,-1.47530689366539,train
2019-01-08,-1.6026290899392586,-1.4815795002459078,-1.4576191153471276,-1.6034580620544083,train
2019-01-09,-1.5318034992773446,-1.4484293214021755,-1.4408337102989281,-1.5633703927255687,train
2019-01-10,-1.659007434845315,-1.3855485697933565,-1.395382385157307,-1.5025906162451383,train
2019-01-11,-1.7631730802511876,-1.480716496259687,-1.5005598914984337,-1.541204551219593,train
2019-01-14,-1.9306711176778855,-1.4996421718473605,-1.507977100890816,-1.6110807574440633,train
2019-01-15,-2.065695463929876,-1.5634208737602613,-1.536634209074377,-1.7060142414768813,train
2019-01-16,-2.3781317590095075,-1.4584048795647608,-1.4466121574332205,-1.6216716072440231,train
2019-01-17,-2.482156416086486,-1.610815760498633,-1.631186382139402,-1.8174599066038204,train
2019-01-18,-2.2218563910947453,-1.6889866251791423,-1.720500188944768,-1.719684352877548,train
2019-01-21,-2.116311108473691,-1.80036905274635,-1.8210265651792998,-1.7947331219234832,train
2019-01-22,-2.0388315854081696,-1.9761012104552307,-1.9375064582110628,-1.9153678813414068,train
2019-01-23,-2.0198268524249463,-2.0434966489506516,-2.0250048497586723,-1.988582065784775,train
2019-01-24,-1.6852069781074466,-2.0820465370387837,-2.0981260413241096,-1.8961660848838489,train
2019-01-25,-1.7901986795117175,-1.8834136516011977,-1.8866786527623705,-1.8799323657829068,train
2019-01-28,-1.7741105167686386,-1.9054283864674317,-1.9115916619715887,-1.8089980197040585,train
2019-01-29,-1.8031175642410044,-1.9112700433597696,-1.8758431115211902,-1.8049199067141561,train
2019-01-30,-1.830873670683173,-1.9340607803308643,-1.9207308801973249,-1.8017382933376132,train
2019-01-31,-2.2918787987343654,-1.6222058277710016,-1.6202201540671877,-1.6208283504569168,train
2019-02-01,-2.4212965745443986,-1.7863155781062707,-1.8103953118979401,-1.77861409565663,train
2019-02-04,-2.694977485623988,-1.768473393272872,-1.7793843581581428,-1.8399900983214263,train
2019-02-05,-2.605955669764056,-1.9216265377759894,-1.8890464967026377,-2.0007146844056325,train
2019-02-06,-2.4995492892063464,-1.9879129514846412,-1.9785250540719945,-2.0691396710984553,train
2019-02-07,-2.3139191488374666,-2.1904651281880207,-2.219868433958468,-2.2569344361834203,train
2019-02-08,-2.0473689463541436,-2.1874346137956415,-2.216738694490387,-2.2082830565990124,train
2019-02-11,-1.9610483892144777,-2.349539677255117,-2.3689129128955555,-2.397471091121887,train
2019-02-12,-2.0007492870047248,-2.2445219191078327,-2.201844535166867,-2.3340462449152053,train
2019-02-13,-1.9530872025401076,-2.214074186290012,-2.193113812626388,-2.2628115924899554,train
2019-02-14,-1.9762039762223524,-2.102280178497682,-2.1125806739421233,-2.172328286995957,train
2019-02-15,-2.1188374075170304,-1.9425664062396266,-1.9514426916384535,-2.0448583353511776,train
2019-02-18,-2.142382049963185,-1.9824031972862564,-1.9998368803549729,-2.0430831809652132,train
2019-02-19,-2.1425565682063588,-2.062675604505737,-2.02937833845911,-2.083980846644816,train
2019-02-20,-2.2124880553447053,-1.956035835360661,-1.942416322979319,-2.0465331620423663,train
2019-02-21,-2.2269381624065647,-1.9744994239782587,-1.9928159199733493,-2.0385716234282585,train
2019-02-22,-2.2451604521436996,-1.9852168054898045,-2.0070445146442983,-2.066526432903575,train
2019-02-25,-2.275479373874233,-2.039588164950813,-2.056683057893771,-2.12068526569118,train
2019-02-26,-2.2995770603762384,-2.088924397376808,-2.0537853573970994,-2.162277844309929,train
2019-02-27,-2.258803950881348,-2.090503179909737,-2.075324194278532,-2.147664952562736,train
2019-02-28,-2.353716361814863,-2.078929434336113,-2.095251620662357,-2.1416391630298524,train
2019-03-01,-2.297687427554853,-2.0573860317179595,-2.0791326513261716,-2.0180484179071314,train
2019-03-04,-2.2514374108132524,-2.1523347053432507,-2.1710578489594208,-2.0340638580175643,train
2019-03-05,-2.2259748780586515,-2.210150885784261,-2.172198201839844,-2.065792254323657,train
2019-03-06,-2.157418648863859,-2.1181334454004457,-2.1010374891672963,-1.9587591780903197,train
2019-03-07,-2.0851676799188055,-2.250158201539805,-2.2758745889584007,-2.085863609774871,train
2019-03-08,-2.2115634155551107,-2.09978290299399,-2.115190132260426,-2.0687298046300784,train
2019-03-11,-2.2529036961502102,-2.1200809762845516,-2.1334615164548074,-2.17695496873242,train
2019-03-12,-2.2908777884050857,-2.145954645071057,-2.1091380113675964,-2.2221868208287843,train
2019-03-13,-2.4942940671773894,-2.0143945722170007,-1.9962838550065567,-2.1294655367747564,train
2019-03-14,-2.0373368030503975,-2.0241812493958844,-2.043387279807958,-1.9982208595130118,train
2019-03-15,-1.9646321725516538,-2.112410410797768,-2.1457207852721507,-2.0940254569185006,train
2019-03-18,-1.6133489013220574,-2.136178621448391,-2.1545038356525885,-2.0627988237876487,train
2019-03-19,-1.5793320265233763,-2.2271446096679055,-2.188675551338343,-2.129901448783414,train
2019-03-20,-1.5656678919214957,-2.2968022909344743,-2.2797735618232666,-2.2033849352213766,train
2019-03-21,-1.781390359998324,-1.9514411300559975,-1.942961785578187,-2.017554296027378,train
2019-03-22,-1.7369333892976606,-2.0436578386656943,-2.066172300416338,-2.0671822006376486,train
2019-03-25,-2.050910928064556,-1.7592520312836721,-1.7540654414035035,-1.8540788926565752,train
2019-03-26,-2.0602834182661782,-1.916956291410038,-1.888390467127728,-1.9598345658472105,train
2019-03-27,-2.0380633357574935,-1.9269650700873424,-1.9211450487211446,-1.9606796612114796,train
2019-03-28,-2.1316365899346525,-1.9119251764622265,-1.9278921777741644,-1.9646237183297086,train
2019-03-29,-2.3400671886406297,-1.8587517138345995,-1.8796116631288236,-1.9575753566515954,train
2019-04-01,-2.494102036316053,-1.961047457393906,-1.9721813050734143,-1.9525224938890846,train
2019-04-02,-2.555153381780019,-2.0375639760320086,-2.0036881911664577,-2.0734163726904384,train
2019-04-03,-2.5975822816245446,-2.0140631213952984,-2.001850758135854,-2.109803888033133,train
2019-04-04,-2.5692730983935586,-2.065650503349199,-2.0885975501559355,-1.9822402201518,train
2019-04-05,-2.5434561106070306,-2.210007755664202,-2.249501250112989,-2.099386756554683,train
2019-04-08,-2.49240113145076,-2.232844172293306,-2.2499613636847453,-2.231950631205497,train
2019-04-09,-2.5291381010117395,-2.2936631816082964,-2.2512072699686487,-2.2719508378115494,train
2019-04-10,-2.4874441665092486,-2.287817649780231,-2.267853501268113,-2.2165072990209236,train
2019-04-11,-2.5395504865406147,-2.24664360855128,-2.2602875943921195,-2.331787861924712,train
2019-04-12,-2.350236756985051,-2.2886388874706975,-2.321486528129964,-2.3456642462172255,train
2019-04-15,-2.534517456786472,-2.229272795900532,-2.241860267690727,-2.2817062218597286,train
2019-04-16,-2.6106825486134406,-2.3474460761488856,-2.3048674168106635,-2.4143035204649457,train
2019-04-17,-2.643464855392102,-2.241802528564382,-2.2222496569255212,-2.3238106099913143,train
2019-04-18,-2.507339351647937,-2.2898396182349448,-2.3091615472480544,-2.3960489577268103,train
2019-04-19,-2.6145700335347857,-2.1180640305927763,-2.1333559728197433,-2.2558594789246045,train
2019-04-22,-2.3977057644057416,-2.61279895781005,-2.6568628255642097,-2.73728312353726,train
2019-04-23,-2.3071258322918493,-2.677099601603333,-2.6267341126618726,-2.797133981922265,train
2019-04-24,-2.3129438335881347,-2.5252010217690297,-2.499810042676474,-2.6184746871052984,train
2019-04-25,-2.1160613207334054,-2.4199856628184113,-2.4240973269880115,-2.4117133762858285,train
2019-04-26,-2.186410522985854,-2.459828708501528,-2.475545578717329,-2.442385780218487,train
2019-04-29,-2.1753568701868633,-2.319754169773424,-2.3307145855600093,-2.143837519450365,train
2019-04-30,-2.1403239180658638,-2.3094454320325988,-2.2721832675415063,-2.100933235228791,train
2019-05-01,-2.1061618575168017,-2.289149923999354,-2.2747822429897346,-2.0758076099164606,train
2019-05-02,-2.34782319128822,-2.0779653280616928,-2.0799841856524504,-1.96148073921721,train
2019-05-03,-2.2254059944896354,-2.2836674679969753,-2.3217652809229867,-2.153879353343836,train
2019-05-06,-2.295351441665024,-2.214559884986445,-2.228808929015196,-2.2353742525587483,train
2019-05-07,-2.3173827791096775,-2.2241830866662076,-2.188985391977779,-2.271796112801825,train
2019-05-08,-2.354216485971033,-2.175810121975303,-2.16215037616904,-2.252919002215115,train
2019-05-09,-2.29213522774292,-2.231615018726256,-2.2483770814545396,-2.296042039558034,train
2019-05-10,-2.432289401346351,-2.1389108825358125,-2.1617274303320295,-2.1907334880045344,train
2019-05-13,-2.481339538067599,-2.2552585628694435,-2.277064186543974,-2.3071552913110374,train
2019-05-14,-2.5558663512263577,-2.2685245734835235,-2.231158040415188,-2.3060482020343946,train
2019-05-15,-2.5137456306365813,-2.268847811523284,-2.253252888657189,-2.3097352079075604,train
2019-05-16,-2.773971867322865,-2.1671309180750944,-2.1787932294883166,-2.251356788394893,train
2019-05-17,-2.609666273578007,-2.3250237383442043,-2.3615376410628883,-2.437520588553207,train
2019-05-20,-2.5120874526838444,-2.388731711851286,-2.413451138731972,-2.4632908479559057,train
2019-05-21,-2.5543176106945102,-2.479634289652249,-2.436228906782646,-2.6023618701435187,train
2019-05-22,-2.628110444518102,-2.3238770510486018,-2.303199694197493,-2.4349044994399582,train
2019-05-23,-2.568062425162458,-2.5246712596500593,-2.552270616393614,-2.641259680538486,train
2019-05-24,-2.765403159925931,-2.3258094973062904,-2.3423779501709268,-2.418812573620713,train
2019-05-27,-2.654965658837527,-2.3270834708396393,-2.3396533100334205,-2.446443858423918,train
2019-05-28,-2.4640049778674875,-2.55438534599984,-2.508647855589894,-2.5925695837978497,train
2019-05-29,-2.2235892104764408,-2.451546690240865,-2.430377632467381,-2.522360685772302,train
2019-05-30,-2.02890752763094,-2.4313778296657023,-2.4529038786908735,-2.4514613591336545,train
2019-05-31,-1.7435069240653864,-2.530383830836282,-2.5661629590598825,-2.418990452548356,train
2019-06-03,-1.663891441523481,-2.394918425374039,-2.3981404357313365,-2.229960652926342,train
2019-06-04,-1.6889870115249659,-2.3123066387462243,-2.272911076247357,-2.1688569892078684,train
2019-06-05,-1.7932403279397466,-2.139097690222607,-2.1191966350364377,-2.025458349604824,train
2019-06-06,-1.887203068787367,-2.0470077551261756,-2.056130361588696,-1.936105058927121,train
2019-06-07,-2.2078000656701966,-1.8424496968013102,-1.8541278386486648,-1.8880427408027043,train
2019-06-10,-2.3446801112735325,-1.8365145285937663,-1.8483732258299417,-1.9233634582137809,train
2019-06-11,-2.3422455830480673,-1.9970366753924167,-1.9695238166651918,-2.0663716237955696,train
2019-06-12,-2.1478391673819335,-2.0176063748687616,-2.0091088806028266,-2.0858593765763342,train
2019-06-13,-2.0836319904071265,-2.0432307633764544,-2.0654811828386315,-1.9778129542663254,train
2019-06-14,-1.9636584239367219,-2.2391768545144357,-2.279946167820945,-2.177242763040044,train
2019-06-17,-1.8931813858223385,-2.1790189276364074,-2.188260030360579,-2.0628486412952953,train
2019-06-18,-1.8799458463646062,-2.2446112787003734,-2.2065937098885233,-2.129447981676793,train
2019-06-19,-1.856158278590203,-2.0362454702720982,-2.0169958992843138,-1.9451014892941758,train
2019-06-20,-1.8963902848090923,-2.0356617644234514,-2.0480625761789333,-2.0966608217982614,train
2019-06-21,-1.9836047200535423,-1.9651301488915824,-1.989368869352944,-1.9957764447110462,train
2019-06-24,-2.1436528492800773,-1.883269201664763,-1.8925423690619523,-1.9880813703544196,train
2019-06-25,-2.101915673527573,-1.9761896159389383,-1.9456488016643374,-2.038000239502991,train
2019-06-26,-2.29677336566962,-1.8322081686897735,-1.817474489792211,-1.888441949294045,train
2019-06-27,-2.324545161369635,-1.918248301978217,-1.9389381541299515,-2.0083605872902988,train
2019-06-28,-2.4409854071948542,-2.0136125114382475,-2.0512862620845187,-2.087230811902335,train
2019-07-01,-2.3736633581566946,-2.0807903498952256,-2.10148314981465,-2.0625877305309617,train
2019-07-02,-2.522578719925807,-2.0010531922715633,-1.966101937060876,-2.0151045741847917,train
2019-07-03,-2.687617237150586,-2.064297645238544,-2.046636707000196,-2.142278343434617,train
2019-07-04,-2.5264699514154136,-2.0869148733810614,-2.1034946806401504,-2.0672842043814628,train
2019-07-05,-2.300908280082028,-2.387569145613297,-2.445262229193251,-2.3937356929193907,train
2019-07-08,-2.3998895361275823,-2.176693521460157,-2.1866049531979423,-2.2555788956894256,train
2019-07-09,-2.3788883925711377,-2.382464748246275,-2.3380274101997633,-2.457141235496599,train
2019-07-10,-2.328633864410446,-2.4695897388482373,-2.4494481870971803,-2.4531167250425456,train
2019-07-11,-2.5805356992455413,-2.25943984427071,-2.26021225009883,-2.3176735636807004,train
2019-07-12,-2.611117465655626,-2.156108786617223,-2.176316145968105,-2.2255689745095153,train
2019-07-15,-2.3777165142005217,-2.30739462734888,-2.3284319257865635,-2.420551794714979,train
2019-07-16,-2.3916091034324363,-2.3032604373805254,-2.2622449581316033,-2.4140614223323387,train
2019-07-17,-2.4257090408257915,-2.248745084575707,-2.2329758546819245,-2.396602690294863,train
2019-07-18,-2.3639915851137654,-2.395052539094052,-2.4216237390381994,-2.511570307112663,train
2019-07-19,-2.2296965064453955,-2.3020099326481285,-2.3208643819783177,-2.2552357729977746,train
2019-07-22,-2.3907017224173863,-2.1798107239663413,-2.1832264488064173,-2.094507045970743,train
2019-07-23,-2.3876552885471303,-2.3563476258892346,-2.3154268068135377,-2.250745588099444,train
2019-07-24,-2.350608100306502,-2.3790063955572904,-2.3630903742221605,-2.2642442188855623,train
2019-07-25,-2.05792973211791,-2.3001570472164805,-2.3210865462063293,-2.095584920899718,train
2019-07-26,-2.0780114280429545,-2.1512709857709873,-2.163630694907903,-2.0827653217839823,train
2019-07-29,-1.9930576762851613,-2.329680446618909,-2.3471150231492626,-2.2665296279402902,train
2019-07-30,-1.8388282654258712,-2.3868962577677904,-2.3463283845288445,-2.2919857736841025,train
2019-07-31,-1.71392030719511,-2.3199273418600384,-2.304098140654836,-2.2450307381476735,train
2019-08-01,-1.7972968728327408,-2.0562865001025443,-2.057490800832744,-2.100432351889281,train
2019-08-02,-1.78963730225555,-2.103106443928588,-2.119400066782425,-2.174816255984866,train
2019-08-05,-1.8197529097096692,-2.086932748565651,-2.0998010589914675,-2.1463005932838954,train
2019-08-06,-1.9208998502011079,-1.9350004882902159,-1.9066181356328533,-2.0285050251445695,train
2019-08-07,-1.9415694513903374,-1.8430578270872373,-1.8330431163907515,-1.8918331752710693,train
2019-08-08,-2.009858370520151,-1.8624554265416777,-1.8778042427100015,-1.8884639827009342,train
2019-08-09,-2.051106787425395,-1.834382153078115,-1.8565166822009522,-1.8520265001424447,train
2019-08-12,-2.0364812378187382,-1.9222785406759477,-1.9436521098348911,-1.9829367844954486,train
2019-08-13,-2.082586324595293,-2.008963419951171,-1.9778624676206502,-2.0655471177348104,train
2019-08-14,-2.255656188738908,-1.9170720797424632,-1.9029691837714215,-2.0229499536684488,train
2019-08-15,-2.383730275539542,-1.974400229979581,-1.9922615836677562,-2.116435141122195,train
2019-08-16,-2.4602764605272425,-1.9497755153572847,-1.971116859065456,-2.0741738085007144,train
2019-08-19,-2.298538527545335,-1.961815151761168,-1.9772117445050563,-2.0139072922555017,train
2019-08-20,-2.1534528571663487,-2.099230508048438,-2.0637532787279755,-2.1283033850987465,train
2019-08-21,-2.160075121241096,-2.172958383629292,-2.1588714267613356,-2.2068730977301083,train
2019-08-22,-2.154647496939134,-2.246233398915959,-2.2722455508584933,-2.2862402098931014,train
2019-08-23,-2.181847191931294,-2.1667181394964254,-2.187170495494495,-2.2123126287285992,train
2019-08-26,-2.313102875097812,-2.0426489994128887,-2.0420205292602818,-2.1389360878707255,train
2019-08-27,-2.4483704070117316,-2.0235635265194416,-1.9879950683592618,-2.1477928920724736,train
2019-08-28,-2.139156062161123,-2.1383772573679614,-2.125481447851158,-2.205615809233133,train
2019-08-29,-2.053641814833743,-2.132009612068286,-2.160357419501405,-2.169672283550257,train
2019-08-30,-2.0511784380655356,-2.0755076608517977,-2.1035442987051347,-2.124299701790478,train
2019-09-02,-2.1127127817280136,-2.0933156519318854,-2.1025841055697727,-2.067775783589875,train
2019-09-03,-2.0441795958299234,-2.2246616225618063,-2.1838356425659833,-2.172487628263789,train
2019-09-04,-2.3074187576108196,-1.967395810758362,-1.9467161776691488,-1.9702025096098377,train
2019-09-05,-2.4219857119488504,-2.0099105886480446,-2.027728123291734,-2.0375854620356186,train
2019-09-06,-1.7672674762502005,-2.0333453827658268,-2.0640987670138173,-1.9098235835517883,train
2019-09-09,-1.70096973058956,-2.096879198862254,-2.116938835847277,-2.0438469726069135,train
2019-09-10,-1.7178056241783675,-2.022987697718666,-1.9900903171520008,-1.972334896122387,train
2019-09-11,-1.6643776220990616,-2.197584867440945,-2.1833632212053224,-2.140036640438421,train
2019-09-12,-1.5651716914816551,-2.2724752786315956,-2.2983820170783678,-2.071365203694765,train
2019-09-13,-2.075551493246134,-1.8311687867724478,-1.8199499225907876,-1.8313201514752637,train
2019-09-16,-2.1498473204206032,-1.9578819587282983,-1.9702481391070232,-1.930619653777814,train
2019-09-17,-2.110306053186234,-2.021649114585621,-1.9891772181424656,-1.943704293502761,train
2019-09-18,-2.163860879514881,-1.9575888784520323,-1.946248538329732,-1.8874071903346197,train
2019-09-19,-2.3333516901480476,-1.8222411305480475,-1.839280839054064,-1.859643741690189,train
2019-09-20,-2.2889905668520028,-2.0301261106794666,-2.06314179086696,-2.048308772615416,train
2019-09-23,-2.2819516915002382,-2.045945344554142,-2.0631375292947856,-2.0791288098186413,train
2019-09-24,-2.2894463017245648,-1.995758968365809,-1.9621832051534271,-2.0604056023035087,train
2019-09-25,-2.1323651431620942,-2.083940078071344,-2.070321208882632,-2.0959293163712895,train
2019-09-26,-2.1081831289824384,-2.1910976488818408,-2.215534100404671,-2.2398461294317222,train
2019-09-27,-1.9122868509558115,-2.096230297542232,-2.1202001807765813,-2.1298566286779157,train
2019-09-30,-1.8814018127922238,-2.101895801644512,-2.1161105385351195,-2.0156603178692802,train
2019-10-01,-1.953810951160523,-2.0786984119983734,-2.0419618558979993,-2.0031229608684167,train
2019-10-02,-2.102776063357172,-1.9691273247257919,-1.9510991936619502,-1.9504181676324057,train
2019-10-03,-2.112988850645751,-2.048524256656136,-2.072404541090394,-1.9994314819841748,train
2019-10-04,-2.4071858324674227,-1.8377322736165955,-1.8475165434408298,-1.8313058813482808,train
2019-10-07,-2.3507476794916964,-1.9108936942605441,-1.9270341300264757,-2.010412385488441,train
2019-10-08,-2.379556706758407,-2.045837770324067,-2.012076109080461,-2.184932199911766,train
2019-10-09,-2.1259917117975484,-2.1065626134233364,-2.0931856587441255,-2.2125231702351917,train
2019-10-10,-1.988915952534792,-2.112714403203702,-2.1365531258835753,-2.1814964319151127,train
2019-10-11,-1.8649239977835481,-2.1655645422740553,-2.19289275186824,-2.242398462758178,train
2019-10-14,-1.9564189616530394,-2.0701843166397644,-2.074781683898409,-2.1445279587752966,train
2019-10-15,-1.93102616688443,-2.2578054139122883,-2.217299108248055,-2.282734628891348,train
2019-10-16,-2.063497663117448,-1.9880676022652706,-1.9679421368309258,-2.0520971401839776,train
2019-10-17,-2.249288740457595,-1.9493340141400572,-1.959846280719352,-2.06656849769353,train
2019-10-18,-2.2850193022724707,-1.8724784158374888,-1.8906275351127273,-1.8038603607890449,train
2019-10-21,-2.3631227363995535,-2.035640924167335,-2.0578905964650973,-1.9955963445334302,train
2019-10-22,-2.4425833456447057,-2.0350020863471086,-2.0023460593251072,-1.9830192879938688,train
2019-10-23,-2.589800057982619,-2.0153641249584755,-2.000805565156771,-1.9738602131643894,train
2019-10-24,-2.3411648556532634,-2.2088848702399573,-2.237546705197626,-2.0327701193376457,train
2019-10-25,-2.4728379043335345,-2.0676060652618182,-2.0817654405449657,-2.064134922505701,train
2019-10-28,-2.3509460887857996,-2.293519745189804,-2.3208993618925526,-2.1491720137005603,train
2019-10-29,-2.2821911336067386,-2.3931456365229486,-2.3491589374124513,-2.2318739865965886,train
2019-10-30,-2.192368780534503,-2.3995510068644874,-2.3793922860296246,-2.2342260019789557,train
2019-10-31,-2.441156591531742,-2.1711263213962506,-2.1745417026010574,-2.116019388707863,train
2019-11-01,-2.510463079681444,-2.274751681950753,-2.296116930503648,-2.2469621329219223,train
2019-11-04,-2.656022566477677,-2.214367863701193,-2.2265524569246677,-2.2775528454472975,train
2019-11-05,-2.776477341196799,-2.2270516108649927,-2.189168796982611,-2.3414216929162213,train
2019-11-06,-2.9863990848648574,-2.126145628789052,-2.1110803712695,-2.2031824706329624,train
2019-11-07,-2.947190891200663,-2.3751645616079045,-2.408713503189002,-2.445977769016241,train
2019-11-08,-3.055634427520357,-2.3184941559521577,-2.349386465912547,-2.2995344620261213,train
2019-11-11,-3.088108746434923,-2.4589820004924725,-2.482941392540928,-2.414100879463743,train
2019-11-12,-3.0431016410759137,-2.590906635607824,-2.5424974766671027,-2.50917999431844,train
2019-11-13,-3.0976154251787453,-2.619422726565746,-2.59630280872846,-2.6042238017064205,train
2019-11-14,-3.081457212790937,-2.5936944503795667,-2.6147298819501117,-2.593217093734445,train
2019-11-15,-3.093385692908425,-2.65418162600896,-2.687964313241067,-2.767295517921454,train
2019-11-18,-2.9062337823840987,-2.724018581980867,-2.745574477736715,-2.846082447847702,train
2019-11-19,-2.9076974400342843,-2.7113050226467803,-2.661341847942393,-2.8332300031001107,train
2019-11-20,-2.9071435916184827,-2.7721514495481983,-2.7504446235477458,-2.859507022944882,train
2019-11-21,-2.951249907055038,-2.712214933307535,-2.7307945693066045,-2.8147776669689044,train
2019-11-22,-3.0495857627084346,-2.7507625111069514,-2.786131715888673,-2.7720694957217535,train
2019-11-25,-3.0996257630175497,-2.601109109183015,-2.6100950762381463,-2.6103833680238395,train
2019-11-26,-2.920899959559056,-2.7175917179045013,-2.669737874022667,-2.6797641760929807,train
2019-11-27,-2.8402139278592298,-2.7425472141285874,-2.723875372207751,-2.724231962967793,train
2019-11-28,-2.7331317668702484,-2.7341839316027436,-2.759757143465489,-2.7052258738770925,train
2019-11-29,-2.6467911391916523,-2.8903609183235006,-2.9436265523632215,-2.90093827128881,train
2019-12-02,-2.560203389874865,-2.759483555341265,-2.768186859595219,-2.795201167844327,train
2019-12-03,-2.7219677656427175,-2.6830193396575677,-2.6358408168127623,-2.751850838817816,train
2019-12-04,-2.7694193988170497,-2.703285850120114,-2.6821821395090892,-2.758986649200045,train
2019-12-05,-2.7071793397399087,-2.6194629523325603,-2.6365871321866288,-2.4676331218173537,train
2019-12-06,-2.548863593616406,-2.614507523564076,-2.655695657351595,-2.3160485410281777,train
2019-12-09,-2.162118695516254,-2.4755486948438055,-2.4869845880954786,-2.177748997479478,train
2019-12-10,-2.0920144773462286,-2.7572309096778733,-2.711542030600254,-2.4078683897021653,train
2019-12-11,-2.047640250725033,-2.727917804349702,-2.710006858472824,-2.4069606092949773,train
2019-12-12,-2.103093036266169,-2.5839840068397497,-2.5961112781478337,-2.4523770050905513,train
2019-12-13,-2.157939621910919,-2.4936221462904875,-2.515377288323718,-2.5207654625142792,train
2019-12-16,-2.6842529213313635,-2.2505923324434813,-2.2432293276979225,-2.326515619374888,train
2019-12-17,-2.7833080985556085,-2.364524546836854,-2.328961889244021,-2.4483429900120646,train
2019-12-18,-2.9147829463234487,-2.3125767311603243,-2.3021194987287554,-2.38521504693254,train
2019-12-19,-3.057658549106345,-2.3629036963421237,-2.3930130763592645,-2.541735871497668,train
2019-12-20,-3.0260504501877765,-2.351530509784601,-2.3871916461698897,-2.475416160702533,train
2019-12-23,-2.914886832146212,-2.539123835192972,-2.561571471048003,-2.6014186322554735,train
2019-12-24,-2.855669530016865,-2.640075988728564,-2.594112297833289,-2.7481521254161128,train
2019-12-26,-2.6455187847228143,-2.7351982928600114,-2.7669495690801327,-2.866854451008765,train
2019-12-27,-2.5192125291269103,-2.846407201584064,-2.8967500043445664,-2.865579925259404,train
2019-12-30,-2.5693049833668735,-2.6679875807755034,-2.674459632950349,-2.673870189265946,train
2019-12-31,-2.547874690257733,-2.626456052369492,-2.5784903534366266,-2.647399590703659,train
2020-01-02,-2.3964600885571277,-2.6402736730459586,-2.661327060646114,-2.614816464663804,train
2020-01-03,-2.465013575760741,-2.4622555990652386,-2.484382445222176,-2.4315967057926504,train
2020-01-06,-2.4085940245360145,-2.420837368946813,-2.4396924175727004,-2.367683382428226,train
2020-01-07,-2.4396107540784477,-2.4581769483413374,-2.4170211234736705,-2.4582137255943346,train
2020-01-08,-2.53910760543851,-2.40200693261019,-2.3832380139258227,-2.41183015925238,train
2020-01-09,-2.6922187321672504,-2.2897118741467,-2.303376741405066,-2.2971194513749786,train
2020-01-10,-2.6910872268047785,-2.3963293565170463,-2.4318900648829533,-2.4248747123640806,train
2020-01-13,-2.870876120391456,-2.3087001044506863,-2.3232695643593093,-2.4558267475702316,train
2020-01-14,-2.943666343820328,-2.41369760835301,-2.3736160688029924,-2.5372022219039945,train
2020-01-15,-2.94188261151395,-2.4773077838014665,-2.4618604367076626,-2.5743510627452864,train
2020-01-16,-2.977427347343225,-2.508299070700477,-2.5303664907249157,-2.6503131742641868,train
2020-01-17,-2.7292095294249656,-2.512632985265085,-2.5442431036843947,-2.491726867642065,train
2020-01-20,-2.719211507494839,-2.657486964296426,-2.681468673973624,-2.5577047968590514,train
2020-01-21,-2.6455516297187844,-2.7502598138885084,-2.7010578151273164,-2.6194344577500117,train
2020-01-22,-2.672923519432393,-2.6897424439219613,-2.6682034206060106,-2.603491671202165,train
2020-01-23,-2.658985527013903,-2.700419571296701,-2.721422291847248,-2.506311223503321,train
2020-01-24,-2.9643934600328987,-2.4949700418524805,-2.5060803525093927,-2.450611438326387,train
2020-01-27,-2.8688246212155835,-2.639226344891147,-2.6622591785322007,-2.6229352651198727,train
2020-01-28,-2.8558203616710958,-2.554919877231028,-2.5109514092135647,-2.5106539401773382,train
2020-01-29,-2.825592778060906,-2.609589160107914,-2.5924986990722476,-2.566752983713429,train
2020-01-30,-2.8429957392731144,-2.560175227289392,-2.583252724430376,-2.5787678550017255,train
2020-01-31,-2.7475764865502015,-2.673781385256933,-2.7098822012261006,-2.7083072532431034,train
2020-02-03,-2.663696217015186,-2.58513079597407,-2.5987057042963797,-2.5805054883418364,train
2020-02-04,-2.697982982811472,-2.610851446771705,-2.564909287497279,-2.6302271080892847,train
2020-02-05,-2.6651132145181715,-2.6268788495232633,-2.6078977909894108,-2.630990561075967,train
2020-02-06,-2.593157060704719,-2.628164038886244,-2.651932998884997,-2.660494737308834,train
2020-02-07,-2.5952518536084166,-2.5381339481204965,-2.566297952302168,-2.4837854039965634,train
2020-02-10,-2.6646545391756375,-2.4825029014554927,-2.492891122069012,-2.459078825438784,train
2020-02-11,-2.728183166491689,-2.6029299980779883,-2.5589846213710405,-2.608521506806876,train
2020-02-12,-2.599406347947415,-2.562951469900862,-2.545165842200839,-2.5452705343229685,train
2020-02-13,-2.6337941019500475,-2.4881500566934243,-2.5075719713776663,-2.490217946798226,train
2020-02-14,-2.5494023348135446,-2.4828892900117308,-2.5137182774652036,-2.5896459699885903,train
2020-02-17,-2.3229012223208674,-2.5112604975081845,-2.527712785572311,-2.565040186257333,train
2020-02-18,-2.082092974884545,-2.7080812282433118,-2.6619845769040795,-2.7147097760429277,train
2020-02-19,-2.041601025873257,-2.466477871992939,-2.445171222092895,-2.532927559660055,train
2020-02-20,-1.8586429718797268,-2.53239432784915,-2.5536143955336894,-2.568796302810984,train
2020-02-21,-1.7243507252754813,-2.42420759013727,-2.44559191214685,-2.400380409023089,train
2020-02-24,-1.4298471500372185,-2.273961854507442,-2.2763102567951874,-2.330947447354744,train
2020-02-25,-1.1619670430235833,-2.1361186317798118,-2.104730522628315,-2.1579533198036076,train
2020-02-26,-0.8423752078896666,-2.12937581504205,-2.116194230071348,-1.9858729013185417,train
2020-02-27,-0.7906217940281044,-1.965209520783838,-1.9770297226596325,-1.8090001245560354,train
2020-02-28,-0.7709076798226696,-1.8645869820831706,-1.882681241590907,-1.7696066805855954,train
2020-03-02,-0.751949897872972,-1.642804861407152,-1.6398798367371055,-1.487903881802399,train
2020-03-03,-0.24466104981827652,-1.4941644049140503,-1.4785350370128376,-1.3645674375305672,train
2020-03-04,-0.2247306128641107,-1.2739180262392318,-1.2673809111270258,-1.2789508527377589,train
2020-03-05,-0.17601358430824007,-1.3257226562164965,-1.3434403297419846,-1.3210782139768003,train
2020-03-06,0.2325119632228248,-1.305694137816362,-1.3329662956813526,-1.1446724757877875,train
2020-03-09,0.34970431593817297,-1.1721209924384797,-1.178180759854291,-1.080661745439977,train
2020-03-10,0.273983223142642,-0.8176590715414516,-0.8164505858461492,-0.7204055757536498,train
2020-03-11,0.27324790669228494,-0.9090631023229611,-0.907673330667478,-0.8040272978824967,train
2020-03-12,0.3550848238130032,-0.8935197157497029,-0.9064349817531115,-0.8252507273232326,train
2020-03-13,0.4126211128966629,-0.4428131202731153,-0.4255088464106415,-0.5365214423403094,train
2020-03-16,0.4634934750777231,-0.40565492053497587,-0.4082383499881848,-0.49099340913533895,train
2020-03-17,0.48984916698381387,-0.3597961450417449,-0.36745330074243104,-0.465800592981394,train
2020-03-18,0.5609148169550191,-0.41800252245454184,-0.42574947778409117,-0.47228140227803705,train
2020-03-19,0.5129309152968932,-0.25969988157449725,-0.26638152769373397,-0.30230234348972806,train
2020-03-20,0.25330053624662147,-0.06447699710029565,-0.045756150395788814,-0.09932909643300003,train
2020-03-23,0.08877086512650721,-0.0620106123786043,-0.05975310353085198,-0.11932242487852052,train
2020-03-24,-0.15223203532536006,-0.003213231097777113,-0.013141987687724017,-0.058796506440468965,train
2020-03-25,-0.28500746526042325,0.04228030465583038,0.03429889543469965,-0.04297833533022377,train
2020-03-26,-0.3463098700881504,-0.07968745804132779,-0.09692263738012717,-0.12480440643739965,train
2020-03-27,-0.4205980854158056,-0.10533511750120524,-0.11225016820277436,-0.18020612491821497,train
2020-03-30,-0.520698095730679,-0.18672153606460362,-0.19419133278189438,-0.1280964003119227,train
2020-03-31,-0.6208929331353482,-0.285347921442363,-0.281322116016149,-0.2439091967904512,train
2020-04-01,-0.8488013318117446,-0.2699934587831272,-0.2663244521033863,-0.31733259204827524,train
2020-04-02,-0.8639678156355941,-0.40066377792403585,-0.41244117358312854,-0.47344400882641446,train
2020-04-03,-0.9975866535242152,-0.37752306166046157,-0.3818430726532727,-0.48642560292167536,train
2020-04-06,-1.1987048933409068,-0.48166715684342315,-0.49053926659460634,-0.6652920308505582,train
2020-04-07,-1.2907356111706367,-0.5626883843756934,-0.5488168174767829,-0.7470449281513016,train
2020-04-08,-1.356638810588938,-0.6611606195426637,-0.6541468761737118,-0.7760865849109551,train
2020-04-09,-1.472525806642694,-0.6576507039192296,-0.6624123109138165,-0.7454907407909932,train
2020-04-10,-1.4945415920780054,-0.7222285531322411,-0.7310554405701932,-0.7855160002420792,train
2020-04-13,-1.3090336395142672,-1.1102153322099892,-1.1405209199386166,-1.1840947515776101,train
2020-04-14,-1.298531958799099,-1.0645393535844132,-1.0375715114775188,-1.1438287597809862,train
2020-04-15,-1.2258858220994946,-1.0980991403271498,-1.0838897495480788,-1.2001044090664248,train
2020-04-16,-1.2898540219197612,-1.1400319617347918,-1.1434482619255135,-1.2787887914712868,train
2020-04-17,-1.2164777975758445,-1.1176421199274735,-1.119278953536694,-1.2164418873719227,train
2020-04-20,-1.193723335475578,-1.041120653827991,-1.0448361851715684,-1.1632475699428102,train
2020-04-21,-1.1944654222416076,-1.1259849117820329,-1.102635322973907,-1.246080844633833,train
2020-04-22,-1.2573393828335757,-1.0572994464713286,-1.0464519395029936,-1.1806172709729443,train
2020-04-23,-1.218026360058237,-1.2158048993747481,-1.2342489959664873,-1.215739801982285,train
2020-04-24,-1.17863930098702,-1.0773707934356336,-1.079390698026433,-0.9235651671903692,train
2020-04-27,-1.2555648803016952,-1.1199542107016531,-1.1241859703516586,-0.923938208928373,train
2020-04-28,-1.267187286033955,-1.2092573358646452,-1.1881231332152176,-1.0221201904533777,train
2020-04-29,-1.1997603893518933,-1.2360287548473052,-1.2270953081587779,-1.0480635389674622,train
2020-04-30,-1.2128948049576382,-1.230850244029804,-1.245113988403587,-1.0953994553415116,train
2020-05-01,-1.4413098204092591,-1.1170725851066927,-1.1172910155709432,-1.2349517701056147,train
2020-05-04,-1.483389568783878,-1.27548923174068,-1.2876371944164566,-1.3044266661470305,train
2020-05-05,-1.498399675524411,-1.3228286476503106,-1.3008032656239767,-1.3304345585628923,train
2020-05-06,-1.6270751180185443,-1.2203603734652864,-1.2105937314646253,-1.211707210880682,train
2020-05-07,-1.6169916075999833,-1.298149583932812,-1.3144335906580715,-1.334653850334647,train
2020-05-08,-1.6403906919379454,-1.3749268698374484,-1.3946893628586416,-1.3351099517856875,train
2020-05-11,-1.6363724815938028,-1.4348189189834202,-1.4491518042041662,-1.4636555847985553,train
2020-05-12,-1.4882823067471047,-1.45574795606452,-1.430646034428683,-1.4848618862140455,train
2020-05-13,-1.49879584355812,-1.4660175642050208,-1.4536602625821085,-1.5206009599411336,train
2020-05-14,-1.5690345959604926,-1.4472210598524848,-1.4568782553816495,-1.5011982935640755,train
2020-05-15,-1.5592447278776402,-1.4778577621683624,-1.4975161743734464,-1.524136202625925,train
2020-05-18,-1.6223581322671226,-1.490279372689209,-1.5019721498106784,-1.5785925641791,train
2020-05-19,-1.9320390634919662,-1.3554214999003986,-1.331959196064703,-1.4866251057222015,train
2020-05-20,-1.9583890447115588,-1.4443384787024132,-1.4343589134845616,-1.5434550094230965,train
2020-05-21,-1.5830245006456434,-1.5213557297290727,-1.5405085383686028,-1.6226671457309811,train
2020-05-22,-1.5707630855996655,-1.4784671362924413,-1.4978467205832837,-1.5711377941644336,train
2020-05-25,-1.3613528343957597,-1.5969826976206853,-1.6170891959201108,-1.6556954201600236,train
2020-05-26,-1.2617976965303526,-1.8335712701149474,-1.7986567304857142,-1.8221403150282036,train
2020-05-27,-1.204989513160606,-1.727047707143578,-1.709816142261773,-1.7621266388180714,train
2020-05-28,-1.3377210057317497,-1.4784010632367004,-1.4697145263361722,-1.4551580026341102,train
2020-05-29,-1.1374501700656492,-1.5804565114265288,-1.595542145393905,-1.4564343243739162,train
2020-06-01,-1.0811312737166523,-1.4094187815847883,-1.4091809946922011,-1.2455798078273141,train
2020-06-02,-1.0619770885285649,-1.4106418912053367,-1.3897541907842095,-1.2404356414080486,train
2020-06-03,-1.0572427919044998,-1.344682496362656,-1.3379441079446084,-1.1544018659430892,train
2020-06-04,-0.9692077567239591,-1.3679305552663137,-1.3776646126437155,-1.0434594416730576,train
2020-06-05,-0.9970023999886364,-1.2085645191581171,-1.2114666288856288,-1.0380308954438624,train
2020-06-08,-1.011015418443664,-1.1933530513008779,-1.1953882678997538,-1.0872253218668508,train
2020-06-09,-0.9674898562763493,-1.2691179089288884,-1.252147394466945,-1.1735710266120907,train
2020-06-10,-0.9254364605112221,-1.2459449897978476,-1.241272022537089,-1.1338208404767909,train
2020-06-11,-0.9895360630326248,-1.1224739225924605,-1.1279705620928082,-1.2212810598318962,train
2020-06-12,-1.0980287697415678,-1.1148355612678,-1.122682782673684,-1.2133085577853011,train
2020-06-15,-1.1717393636966804,-1.1187300366665862,-1.1231027435982395,-1.1842921656738574,train
2020-06-16,-1.2782516587213584,-1.1274378863130083,-1.1127260066060838,-1.1924753216674198,train
2020-06-17,-1.361988714348541,-1.0835741217395054,-1.0794580355090106,-1.1563511139430487,train
2020-06-18,-1.4367621274012548,-1.1225439183414263,-1.134952579367972,-1.1830377404889356,train
2020-06-19,-1.514444923154654,-1.1888711520652044,-1.20935140880849,-1.2603396397826785,train
2020-06-22,-1.6852459355979805,-1.183837476469707,-1.1923327377957627,-1.2944056137367865,train
2020-06-23,-1.689767502088301,-1.3354931292701309,-1.3134436067695041,-1.4245831536157227,train
2020-06-24,-1.7013720483231518,-1.3075616177080622,-1.2980027546473487,-1.3736540197976845,train
2020-06-25,-1.7951177985718754,-1.322165813700459,-1.3336641237036664,-1.3481561039514969,train
2020-06-26,-1.7328638304251207,-1.3909347085227262,-1.4143118475124818,-1.3227591097702973,train
2020-06-29,-1.774508666039508,-1.5143478467622211,-1.5304116888930521,-1.4165697782619904,train
2020-06-30,-1.7598709762437021,-1.502721437747286,-1.4736857045007505,-1.4074392520343042,train
2020-07-01,-1.806774291285978,-1.4659238396425989,-1.451136317901,-1.4331123594925899,train
2020-07-02,-1.7869423907461492,-1.568038268486956,-1.5835882831223154,-1.5949376676157365,train
2020-07-03,-1.7311051565102702,-1.4834642356400138,-1.496586762205181,-1.6087592425705117,train
2020-07-06,-1.696921653633395,-1.6395140132095165,-1.660309433985617,-1.7567023390036167,train
2020-07-07,-1.699051999370269,-1.5777629907271586,-1.5478041142337144,-1.7140735010041204,train
2020-07-08,-1.7437026169855203,-1.5976573306954085,-1.5826331477975382,-1.6743931491226642,train
2020-07-09,-1.7279292655275986,-1.6113933361450312,-1.6249851242744036,-1.6650996951829258,train
2020-07-10,-1.8151415388023497,-1.5194046968355632,-1.5276400820700946,-1.4177462696468386,train
2020-07-13,-1.8087545420756062,-1.6184401552536247,-1.6358511065831727,-1.5367791556480896,train
2020-07-14,-1.6713383241796471,-1.6013738830582478,-1.5731875616498898,-1.5209806261202725,train
2020-07-15,-1.4921004191357583,-1.66105298237326,-1.6493363798324974,-1.6439300939496968,train
2020-07-16,-1.3839839888192473,-1.6345790614123192,-1.6479718561424281,-1.6336447143042414,train
2020-07-17,-1.3751104536223708,-1.6481819915576081,-1.6645287370924697,-1.8132560256595696,train
2020-07-20,-1.3200266517093369,-1.7129168184003443,-1.7286338233915268,-1.8060189520249275,train
2020-07-21,-1.2932044326635588,-1.5626185291224954,-1.53653900552215,-1.641168524703024,train
2020-07-22,-1.3499973750172285,-1.473618225172326,-1.4607373396706207,-1.5507183108334472,train
2020-07-23,-1.369327496117428,-1.4275521417262524,-1.434827762121743,-1.4071132860687836,train
2020-07-24,-1.3127583916230228,-1.4719274833696114,-1.4938758512107086,-1.4111375733898437,train
2020-07-27,-1.1602460988829495,-1.441672136442693,-1.4569356459397562,-1.4581749554027994,train
2020-07-28,-1.1928850541740466,-1.3613141564589215,-1.3421581565972998,-1.3815537726673637,train
2020-07-29,-1.1968566942119716,-1.4094146677182455,-1.4010710069058403,-1.4249461205252867,train
2020-07-30,-1.1982212111649662,-1.3936137492005514,-1.4033257436275854,-1.4814595534598458,train
2020-07-31,-1.1566656295008277,-1.3596314392497015,-1.375185855398351,-1.4785080518351101,train
2020-08-03,-1.223010624215958,-1.226852823915562,-1.229489108332053,-1.2276133268554659,train
2020-08-04,-1.3054820603828938,-1.300574983946113,-1.2823342246648777,-1.3229910692106677,train
2020-08-05,-1.2711257065343906,-1.3041759512259599,-1.2980789107180175,-1.3279238531422386,train
2020-08-06,-1.2835658305079574,-1.2807388734646477,-1.2929790380170043,-1.3129821813725011,train
2020-08-07,-1.3863636573389377,-1.2202972258470266,-1.2325763829579734,-1.2229507313536387,train
2020-08-10,-1.5125914970095424,-1.2418110657031696,-1.2485285543004807,-1.3107919437345168,train
2020-08-11,-1.5058951309990947,-1.3992577253984275,-1.377124579971687,-1.4532285668739517,train
2020-08-12,-1.5547656625537478,-1.2864199947353374,-1.277236443734594,-1.3493798850042726,train
2020-08-13,-1.4911083908348395,-1.3018965860936984,-1.313445368366943,-1.3757418367333654,train
2020-08-14,-1.4258981127055241,-1.3608164595371461,-1.3813600166345381,-1.5009747192962641,train
2020-08-17,-1.3518644900167096,-1.4367912750677876,-1.4503341661634743,-1.5565221337563626,train
2020-08-18,-1.3653252020396467,-1.4488648636517714,-1.423399164499072,-1.5744370602100868,train
2020-08-19,-1.4170963731094197,-1.4053629117436308,-1.3928131468584837,-1.5361731159956344,train
2020-08-20,-1.5715431717164043,-1.3397535573339006,-1.342553604018049,-1.4659112464387791,train
2020-08-21,-1.3617038316333812,-1.3317431939257227,-1.3436254925177666,-1.3859208351785681,train
2020-08-24,-1.3321999661302475,-1.3081949981121794,-1.3159794115203607,-1.4055851778674777,train
2020-08-25,-1.3004908288523718,-1.408405659296571,-1.3848760168896406,-1.4804107824125325,train
2020-08-26,-1.1340923819117583,-1.4135505090794753,-1.405013529079809,-1.4333566422503512,train
2020-08-27,-1.0595962479915833,-1.5052231776822138,-1.5229445527159637,-1.4993242423935034,train
2020-08-28,-1.231368116330563,-1.272054516456332,-1.2677072935031692,-1.299357102428965,train
2020-08-31,-1.2484302174456203,-1.3339278046121132,-1.3375577405058432,-1.272518128670916,train
2020-09-01,-1.3288282455171132,-1.3868864155878413,-1.3637514337069803,-1.3696194825142176,train
2020-09-02,-1.4655750046837708,-1.2026788798482084,-1.192171306638472,-1.2361663593880465,train
2020-09-03,-1.5362255155814883,-1.208981646107102,-1.2223401966839176,-1.3003786990281034,train
2020-09-04,-1.4383659708853147,-1.2773711512542723,-1.2957095249260768,-1.220624796389084,train
2020-09-07,-1.559742772085487,-1.27160263152567,-1.2801743577103417,-1.2493067567298253,train
2020-09-08,-1.5343365965188467,-1.547278220441115,-1.5216138332786384,-1.4741300371212342,train
2020-09-09,-1.6355743329768972,-1.4338920872748757,-1.4215431339133189,-1.3827943477428013,train
2020-09-10,-1.5062180711248319,-1.489876751424173,-1.5019267323130185,-1.1917769823330686,train
2020-09-11,-1.6356156821064034,-1.3711759331526576,-1.3754628896989889,-1.260351600475971,train
2020-09-14,-1.6581903959982682,-1.5584954198219436,-1.5735484985406967,-1.4947654629525335,train
2020-09-15,-1.5255342102354295,-1.5931162933722223,-1.565410228695739,-1.4905572884441727,train
2020-09-16,-1.4315673848031851,-1.5940056634674922,-1.5824035009519628,-1.4943343330788788,train
2020-09-17,-1.5231211367178488,-1.427727981202575,-1.4287060869590458,-1.5092934212394793,train
2020-09-18,-1.5150630237950604,-1.5128993278845877,-1.526241435455788,-1.5596909945906672,train
2020-09-21,-1.489502667566613,-1.6248367538159514,-1.642153130212807,-1.616721274220812,train
2020-09-22,-1.565521592596717,-1.4717527421611696,-1.4467456577909479,-1.4965135958110518,train
2020-09-23,-1.6304286423540566,-1.418413581117641,-1.4076689770478976,-1.4323419573906693,train
2020-09-24,-1.6222987749424942,-1.4574989931689388,-1.4680401004048478,-1.472067899425779,train
2020-09-25,-1.660304882411414,-1.439868221044741,-1.4553419476338605,-1.4395746089192645,train
2020-09-28,-1.6411163960721402,-1.4846817692291565,-1.502067332445426,-1.4511696411787807,train
2020-09-29,-1.7040110263501862,-1.537885240933448,-1.5119405161676307,-1.4889263699197641,train
2020-09-30,-1.6756059363126898,-1.545312107572187,-1.5337466133440054,-1.4999318148123881,train
2020-10-01,-1.8044992879401172,-1.5076331821501254,-1.5160750359291038,-1.5439655601100393,train
2020-10-02,-1.9496208047916421,-1.5495034168883328,-1.567332735436495,-1.6522151702353762,train
2020-10-05,-2.0399468841725286,-1.571630710806534,-1.5846397026722834,-1.7219040654859226,train
2020-10-06,-2.0509097092561985,-1.7049129382410342,-1.675576712588965,-1.8978534794327442,train
2020-10-07,-2.196720520756914,-1.5907652500814051,-1.57745899826313,-1.7443298849225752,train
2020-10-08,-2.2282546534195196,-1.7134134161461771,-1.7325515142623418,-1.8447350093988386,train
2020-10-09,-2.1817001685035002,-1.8246183372894214,-1.8569650428876165,-1.8886688720592355,train
2020-10-12,-2.1952641457740016,-1.8495867347821775,-1.8642997996608173,-1.9088359713617582,train
2020-10-13,-2.1562493466374484,-1.9068453064736375,-1.871640741443659,-1.908741610475157,train
2020-10-14,-2.1816275281709543,-1.9065475403795273,-1.8887481111134972,-1.9944695090537599,train
2020-10-15,-2.1444542943593072,-1.9431993204232476,-1.9593886125934814,-1.9847573162314198,train
2020-10-16,-2.154942514629335,-1.9068216865083218,-1.930217100663201,-1.9852136180538524,train
2020-10-19,-2.121280751429442,-1.9513455553843488,-1.9659381345453786,-1.9915862686820818,train
2020-10-20,-2.1299593100281204,-1.93461095690071,-1.8992660453540497,-1.9992060510185712,train
2020-10-21,-2.110191073757441,-1.9462908711837668,-1.9300206235634483,-1.9667234348876594,train
2020-10-22,-2.0742131630643,-1.9234110679663357,-1.9376519908065715,-1.9778553188156767,train
2020-10-23,-1.9457074659533347,-1.951825559212959,-1.9776357943451293,-1.828852448239087,train
2020-10-26,-1.9041339288507326,-1.937216203974092,-1.9501391327236628,-1.848039591522241,train
2020-10-27,-1.9225140446194302,-1.9739751267483903,-1.9394629876591611,-1.855396463604969,train
2020-10-28,-1.9154535928815424,-1.9486550065421069,-1.9334346652883003,-1.8525220850002477,train
2020-10-29,-1.2187156089438234,-1.9106737481830804,-1.9230193051098252,-1.7936461413445646,train
2020-10-30,-1.1228535196888074,-1.8219708949183058,-1.836901297672337,-1.732240175056373,train
2020-11-02,-1.0077942843003023,-1.846644320501971,-1.8587530593447004,-1.7345798941472783,train
2020-11-03,-0.8380467902430191,-1.9383151844676172,-1.906786751881841,-1.8371100800825566,train
2020-11-04,-0.762402909323588,-1.8951387453748743,-1.882748469207209,-1.7641341277939864,train
2020-11-05,-1.1383189314225415,-1.4481730364419771,-1.430450184285208,-1.377463960335063,train
2020-11-06,-1.2758850566452586,-1.5219453866399115,-1.5308041471154379,-1.5241399588279523,train
2020-11-09,-1.4793564037137226,-1.4360770147028081,-1.4415298812344044,-1.469042859034773,train
2020-11-10,-1.7761338110375848,-1.258139175470434,-1.2454912066294916,-1.2891854689324598,train
2020-11-11,-2.0498595987199892,-1.2229125978905993,-1.2229004918351962,-1.2513976849871953,train
2020-11-12,-2.1684475661920315,-1.443778487984527,-1.469135522349335,-1.472689762454843,train
2020-11-13,-2.24366602803889,-1.529327273276489,-1.5624280713059793,-1.6078948283834598,train
2020-11-16,-2.2837228849061435,-1.6958615735755764,-1.721914184323421,-1.7589079985856868,train
2020-11-17,-2.204651338893303,-1.739559898026478,-1.709687574796089,-1.7879638786543226,train
2020-11-18,-2.059998885720731,-1.8842503400514439,-1.870510034795506,-1.9656473689485228,train
2020-11-19,-1.9240027147323482,-1.9498413153982062,-1.9707116556364912,-2.0555013183908986,train
2020-11-20,-1.9491663002835857,-1.957275678098816,-1.983749130624123,-2.06721907833522,train
2020-11-23,-1.9580784724438007,-2.0288295948158206,-2.0481727811917048,-2.1313041454246306,train
2020-11-24,-2.001463620849083,-1.881474307119402,-1.8453222292321296,-2.004357387274546,train
2020-11-25,-2.0023924194904543,-1.8211464238826767,-1.8022867493796184,-1.8749652962322652,train
2020-11-26,-1.9526119009444718,-1.754261598906481,-1.7632111186615798,-1.7292019028281505,train
2020-11-27,-1.8452780258465438,-1.8774815048418825,-1.9128604487469092,-1.837165270301103,train
2020-11-30,-1.7262288848604006,-1.9255185085671238,-1.9511485290739723,-1.8718441949339957,train
2020-12-01,-1.7077289510383447,-1.8394103887501176,-1.8059728221323377,-1.8122846646617186,train
2020-12-02,-1.7741088386935,-1.811579230154589,-1.7937283199000351,-1.8429828909768518,train
2020-12-03,-1.8758578998067172,-1.7612772865039903,-1.7655786385527579,-1.8259756700066307,train
2020-12-04,-1.788609289849973,-1.737865492001328,-1.7580512707716176,-1.6430836294951776,train
2020-12-07,-1.8129510661412793,-1.685999446512008,-1.698967553296775,-1.6175483412092795,train
2020-12-08,-1.8329651405805865,-1.6896842347348158,-1.6629075730924479,-1.624758955692246,train
2020-12-09,-1.7742996186928712,-1.778712716038153,-1.768720060527299,-1.7192477702693665,train
2020-12-10,-1.5512300643233137,-1.8260273225491979,-1.8439887790949314,-1.509347285190208,train
2020-12-11,-1.643396399602882,-1.7227202818284881,-1.7362281731071987,-1.6011179632376435,train
2020-12-14,-1.6859405245549635,-1.797297742507962,-1.811527571238617,-1.6338320231158086,train
2020-12-15,-1.5064348351476817,-1.8031047362130437,-1.773964311213502,-1.6428755768556331,train
2020-12-16,-1.5017719985813833,-1.7491228254251854,-1.7370018871633823,-1.589298029117549,train
2020-12-17,-1.641400336358674,-1.5604924977629735,-1.5626673433522567,-1.7283202838754987,train
2020-12-18,-1.7018755105298424,-1.717611425492263,-1.7457495643065468,-1.820630134775977,train
2020-12-21,-1.6300594373775001,-1.7780408928827174,-1.7995381651549194,-1.8725410758503125,train
2020-12-22,-1.8360054091259381,-1.5412713496759198,-1.517701350650937,-1.686009487126333,train
2020-12-23,-1.821669330354454,-1.612156972970747,-1.6025408164676422,-1.73942094602874,train
2020-12-24,-1.8231997620049387,-1.6396403877028987,-1.6512330107576416,-1.7773835482326479,train
2020-12-28,-1.6997099684406423,-1.8086453290863864,-1.8338706063966803,-1.8675733404792987,train
2020-12-29,-1.7612696796943197,-1.6705263761700393,-1.6436401256388564,-1.7325142188680238,train
2020-12-30,-1.568271780390168,-1.7498046524790682,-1.7366189082810872,-1.7566741113540212,train
2020-12-31,-1.562839740601342,-1.699041184197434,-1.7092256839983322,-1.7115261889132167,train
2021-01-04,-1.392401424114531,-1.6880466519276365,-1.6951053753842253,-1.5782025678808573,train
2021-01-05,-1.371401130961532,-1.6249785939040315,-1.5982088484642778,-1.552783651402836,train
2021-01-06,-1.320791042730903,-1.7263245693364995,-1.716104898520456,-1.7200078877752023,train
2021-01-07,-1.4245591369016315,-1.511808810713187,-1.5138493796974415,-1.4889091307861126,train
2021-01-08,-1.412920426448102,-1.580992712472966,-1.6020867896836348,-1.648498602004738,train
2021-01-11,-1.6439280332214663,-1.4143892198728663,-1.4140473430975191,-1.5540509116889465,train
2021-01-12,-1.8065251124062571,-1.4756879479241012,-1.4532734344747706,-1.6319270359741909,train
2021-01-13,-1.903872202554334,-1.4549726558827452,-1.4485531355109222,-1.5099878424993594,train
2021-01-14,-1.9551323215346923,-1.4892087055135679,-1.5043703488712628,-1.6164504779787845,train
2021-01-15,-2.036031673122445,-1.4741294644415122,-1.495873554954765,-1.4289166080997626,train
2021-01-18,-2.0662842003574893,-1.61173410891576,-1.628778185490514,-1.5179657095435155,train
2021-01-19,-2.002651127835295,-1.805997522144416,-1.773977638230683,-1.6505442566804183,train
2021-01-20,-1.9975037614820146,-1.8097717443529477,-1.7966418844470762,-1.7188933515338178,train
2021-01-21,-1.9319291366775624,-1.77139137412777,-1.7817401339332877,-1.5629088963096651,train
2021-01-22,-1.88399603056053,-1.8017381102327197,-1.8209582919854266,-1.6927952314568577,train
2021-01-25,-1.8078512700086682,-1.8586450313866465,-1.8713107756811733,-1.8236754405459747,train
2021-01-26,-1.7633512980707329,-1.837320551794799,-1.8041554243406972,-1.7785596325778017,train
2021-01-27,-1.6970850118583622,-1.8429414748111572,-1.8292361059693443,-1.7788850660030293,train
2021-01-28,-1.805869852778074,-1.7262918584778328,-1.7324137702951385,-1.7140793011417512,train
2021-01-29,-1.9011256525624824,-1.7227498404207058,-1.739416144571416,-1.735969685741937,train
2021-02-01,-1.9795636480328231,-1.6906695155657376,-1.6998127620006207,-1.6588130303474637,train
2021-02-02,-2.0408812094134765,-1.6957942338237837,-1.6671753349174876,-1.703011940435992,train
2021-02-03,-2.1599429218982964,-1.645304658344935,-1.634020002208057,-1.6622424154560904,train
2021-02-04,-2.207009546522049,-1.7567135841740087,-1.778039544953547,-1.8023378346657681,train
2021-02-05,-2.2962149120127076,-1.8022575018053755,-1.8320163893071655,-1.8131871363970338,train
2021-02-08,-2.3883982589451764,-1.8332074517583554,-1.8474485797492446,-1.8902508352578724,train
2021-02-09,-2.535777084631827,-1.8861097410851766,-1.852474685604821,-1.9777987838722428,train
2021-02-10,-2.4874427150061313,-1.9652496776558097,-1.9501851017748795,-1.982370153696718,train
2021-02-11,-2.4052592619630033,-2.015307200434666,-2.035975036921413,-2.0547425055837176,train
2021-02-12,-2.3718970849125913,-2.1135555020062866,-2.1508163928970463,-2.2018972705527187,train
2021-02-15,-2.3466360832747495,-2.1350468131500997,-2.151623339734406,-2.1646018749158538,train
2021-02-16,-2.1856088741879796,-2.298603174275955,-2.2551841036219593,-2.2815188762525698,train
2021-02-17,-2.2402620836340694,-2.1630105790014698,-2.1411391778806506,-2.221188839103729,train
2021-02-18,-2.153592807547086,-2.12141921624577,-2.1311296634554004,-2.1724418981085813,train
2021-02-19,-1.8965545831442423,-2.165461908216801,-2.195990943068153,-2.163080473828516,train
2021-02-22,-1.6234030842477936,-2.1443043764096568,-2.1585478609855957,-2.2135989303375587,train
2021-02-23,-1.6075058406701765,-2.0182752330729286,-1.9835110638029425,-2.0229986882365547,train
2021-02-24,-1.533819318671225,-2.0976175716486174,-2.0824594872089515,-2.0760594362606235,train
2021-02-25,-1.5401846689273977,-1.9756971830407344,-1.983293040142518,-1.942887862134923,train
2021-02-26,-1.6038255063541051,-1.8193506347056891,-1.8287735136207237,-1.8108865598427144,train
2021-03-01,-1.6698383128463496,-1.6713446942893035,-1.6717186104908974,-1.6103927470740242,train
2021-03-02,-1.6971052113328258,-1.7754406549706783,-1.7493584569218816,-1.7742841551845845,train
2021-03-03,-1.728035873253295,-1.7087096093969016,-1.7009597564112997,-1.7228822573910119,train
2021-03-04,-1.7216356038858833,-1.7108221527065923,-1.7295335611024505,-1.735016691148751,train
2021-03-05,-1.6882872297698261,-1.7199288646673871,-1.7427360883476688,-1.6201122362956606,train
2021-03-08,-1.8458116753469502,-1.677391073534844,-1.6826126139165911,-1.6227122699760832,train
2021-03-09,-1.8366272862757218,-1.7980196279077456,-1.7708883765558117,-1.7239831393685316,train
2021-03-10,-1.8699206025397035,-1.794324047262918,-1.7844177777648251,-1.7162706009536837,train
2021-03-11,-1.8483000380862709,-1.7556322514924256,-1.7704583109421994,-1.534601184923389,train
2021-03-12,-1.9160489355531445,-1.7003515051270672,-1.7175324489331114,-1.6005992274891543,train
2021-03-15,-1.9790808505538877,-1.822085578483161,-1.8382717941261837,-1.7054438789423636,train
2021-03-16,-1.9967135891561092,-1.8094814479922874,-1.779903651050964,-1.6922085953548671,train
2021-03-17,-1.981526259946196,-1.8405592370171713,-1.8293242269362944,-1.7383640722735316,train
2021-03-18,-2.0800535066829124,-1.7422515824231564,-1.752443342241827,-1.7538077394857219,train
2021-03-19,-2.13191786571389,-1.7787290874995407,-1.7989347392133213,-1.789582650984556,train
2021-03-22,-2.129718708893072,-1.9071693550667481,-1.9288849449070649,-1.9387926035815783,train
2021-03-23,-2.1422519402094946,-1.8686612060741097,-1.835476433534353,-1.9184150288401018,train
2021-03-24,-2.201615743272592,-1.850558700493251,-1.836373109443643,-1.8794972514985553,train
2021-03-25,-2.2141774265831846,-1.884898584340129,-1.9001358185248693,-1.9483951373385089,train
2021-03-26,-2.246417766938044,-1.8872603813470654,-1.9092475455245757,-1.9467730174261972,train
2021-03-29,-2.289758957928781,-1.9533825823012188,-1.9726242256914224,-1.9090677146466324,train
2021-03-30,-2.3503800071033143,-1.940679460954165,-1.905474079362471,-1.887672225886693,train
2021-03-31,-2.329534873303033,-2.014644247527474,-1.999553258496072,-1.9905944729603455,train
2021-04-01,-2.2926062765706328,-1.9857049722686502,-2.000405144614785,-1.9599954570290024,train
2021-04-02,-2.3211102297004222,-2.0042642250746185,-2.0284486037530702,-2.024833670257752,train
2021-04-05,-2.2661261381657463,-2.120838219749323,-2.143602586275204,-2.244798366437868,train
2021-04-06,-2.2408623760414788,-2.132036641217514,-2.0928796549253508,-2.252167764584189,train
2021-04-07,-2.2044418031242587,-2.1086183048614497,-2.090988373186111,-2.204763393452347,train
2021-04-08,-2.3023632284939435,-2.0526469892767794,-2.063054119879778,-2.1595981526738406,train
2021-04-09,-2.279539459553507,-2.106844185630215,-2.1331887805389638,-2.1605958964280605,train
2021-04-12,-2.2870312583409675,-2.099529315009544,-2.116156147571246,-2.146425451208204,train
2021-04-13,-2.1881090837466886,-2.098762480364721,-2.0624959325660512,-2.1573536646620144,train
2021-04-14,-2.209334350965815,-2.052039053183447,-2.0358793759856617,-2.1313038575724432,train
2021-04-15,-2.174307766537829,-2.1443404905846695,-2.165497580586401,-2.2610159847264035,train
2021-04-16,-2.1490617189809003,-2.0953595101259843,-2.1203420816095297,-2.1019372116131847,train
2021-04-19,-2.1652688736199566,-2.1430576202503495,-2.1606023117050084,-2.067154152861339,train
2021-04-20,-2.219788423786854,-2.040537635435375,-2.0062511532571423,-1.95227310461706,train
2021-04-21,-2.2657510592135175,-2.0875890651443343,-2.072061815519758,-2.0023654960324895,train
2021-04-22,-2.1651679248775135,-2.076336860906836,-2.095292165091178,-1.8859927409453408,train
2021-04-23,-2.2302939660118506,-2.037548832963032,-2.061689468351157,-1.9540215929677445,train
2021-04-26,-2.1170722605212604,-2.1176361734446645,-2.1393830856151728,-2.0648305406945076,train
2021-04-27,-2.14245358297468,-2.0889606392956113,-2.0538072005186647,-2.0180783992966966,train
2021-04-28,-2.053032991867749,-2.1558991544046187,-2.141245244186099,-2.0814638836454105,train
2021-04-29,-2.217559013536102,-2.0271735786278873,-2.0369416819669723,-2.0043240837438336,train
2021-04-30,-2.2222119981551076,-2.1283657084413505,-2.1593456447923765,-2.12856149263514,train
2021-05-03,-1.8141477780124033,-2.01535058307691,-2.02578095418359,-1.9753383365153616,train
2021-05-04,-1.7565050454498141,-2.0778014778807243,-2.04324739232954,-2.077695611391028,train
2021-05-05,-1.7722715051065188,-1.9817102472436554,-1.9671074836955578,-1.9668458179878074,train
2021-05-06,-1.4687457134241841,-2.1728479170466457,-2.2015698176449345,-2.1294884852059917,train
2021-05-07,-1.4194267444656261,-2.126658137268159,-2.1582366511699207,-2.1054072846007004,train
2021-05-10,-1.7508979957651423,-1.8113865443361938,-1.8016381922371145,-1.8904999260523045,train
2021-05-11,-1.8336869815408177,-1.9133847337181944,-1.8828057397149973,-1.9759690229389806,train
2021-05-12,-1.8894553033924937,-1.9420204089674196,-1.929183584099165,-2.0131539967112286,train
2021-05-13,-2.2006171210219287,-1.6279669218314254,-1.6289341970284061,-1.7779840188010922,train
2021-05-14,-2.3064109278903615,-1.7055444749634392,-1.7360414276981642,-1.8301678705903193,train
2021-05-17,-2.167203904635291,-1.9393521195009589,-1.9665774019814302,-1.9841742760309782,train
2021-05-18,-2.114719257085516,-1.98942724581164,-1.9566864064196074,-2.031156271673769,train
2021-05-19,-2.058971234808784,-2.0245777932310416,-2.0127520098720466,-2.078087625951441,train
2021-05-20,-2.1450670094619926,-1.9987182191140773,-2.006727578644682,-2.073173449354856,train
2021-05-21,-2.089913412265145,-2.115852932840551,-2.1448536902532225,-2.161642914031715,train
2021-05-24,-2.1413903326414663,-1.9872338779245131,-1.995128754226815,-2.1050580012151854,train
2021-05-25,-2.204488509142018,-2.003662696699288,-1.9692283176748586,-2.1303319171235886,train
2021-05-26,-2.255685749205277,-1.9628146181449624,-1.9488123647312048,-1.9973607682776486,train
2021-05-27,-2.2939107736182853,-2.0058226112633566,-2.0238947490761183,-2.023376369169622,train
2021-05-28,-2.3205544290428866,-1.954308455673878,-1.9795643381701653,-1.964953147808329,train
2021-05-31,-2.164266931197425,-1.9844865579580373,-1.9982144290848973,-1.8741145724668153,train
2021-06-01,-2.1626118104547043,-2.0828738128316338,-2.0463095423167856,-1.959724383440388,train
2021-06-02,-2.205108568502595,-2.09090140801322,-2.075446458772583,-2.086817164721524,train
2021-06-03,-2.271511950793111,-2.1087353711675116,-2.128506755677596,-2.1213575399851656,train
2021-06-04,-2.2207206989918165,-2.0894802810707804,-2.113735549076505,-1.9770902795934813,train
2021-06-07,-2.485429284126071,-1.9473189669772724,-1.9488479233913494,-1.953696807915124,train
2021-06-08,-2.5055229869360063,-2.0815959379407087,-2.044892109184264,-2.077189120296236,train
2021-06-09,-2.497259972795807,-2.158107071475949,-2.144622539319447,-2.084918114866261,train
2021-06-10,-1.86193000709268,-2.2406404452171054,-2.2701845145091837,-1.989353545160385,train
2021-06-11,-1.7550488170240672,-2.091870978565396,-2.1106546608012424,-2.01867226164452,train
2021-06-14,-1.6204523170325444,-2.277727060529206,-2.294312392309964,-2.181668218428278,train
2021-06-15,-1.5376965622943277,-2.315050381021554,-2.2731405266053866,-2.203235971699087,train
2021-06-16,-1.4842784216053435,-2.312479859902539,-2.294675739258894,-2.228737524750917,train
2021-06-17,-1.8156590033779167,-1.8682194008714832,-1.8581000352913388,-1.9408469409856792,train
2021-06-18,-1.9910449944334814,-1.8957008959462862,-1.906940791660507,-1.9285593918455908,train
2021-06-21,-2.1847605984510805,-1.8281049985603357,-1.8366222506174437,-1.8843970144042894,train
2021-06-22,-2.2569992112154496,-1.7896905474198261,-1.7640094211624093,-1.853750441274207,train
2021-06-23,-2.336485468737265,-1.7658771406902072,-1.7603124385744686,-1.7782806858156823,train
2021-06-24,-2.2799443930531544,-1.9219091084356525,-1.9473760189535925,-1.9409513156708669,train
2021-06-25,-2.2534793376306506,-2.0011669606062252,-2.0349418364264205,-2.01559984552968,train
2021-06-28,-2.08551987685028,-2.1049433069074843,-2.1258257798490434,-2.015096255956914,train
2021-06-29,-2.180072208902076,-2.084554671549289,-2.048487553070283,-2.032154663402995,train
2021-06-30,-2.1211544387556036,-2.157730421509357,-2.141556735031206,-2.1057177144548618,train
2021-07-01,-2.1007669594376996,-2.0773129018196865,-2.0900250832118266,-2.0666514010408714,train
2021-07-02,-2.057182139168461,-2.083129884960546,-2.109360397380858,-2.081640251386241,train
2021-07-05,-2.2205840353085105,-1.942459388163573,-1.9490524923498946,-2.047421924254752,train
2021-07-06,-2.1593080650281,-2.1595562735231395,-2.1222828838187087,-2.2191639096066806,train
2021-07-07,-2.0443733444137013,-2.039922765642153,-2.024329910263599,-2.1289355672248176,train
2021-07-08,-2.1243900287244237,-2.003904162679187,-2.016858961193891,-2.060499645258146,train
2021-07-09,-2.215330717181702,-1.97675625283881,-1.9996930702870557,-2.0480927384742156,train
2021-07-12,-2.219075100544623,-2.108339279939925,-2.1279490387372624,-2.1524261080628917,train
2021-07-13,-2.1986872521727747,-2.057551289885365,-2.022288667052768,-2.100830479746702,train
2021-07-14,-2.332136787117976,-1.906351574242395,-1.8889039712694247,-1.999223982186963,train
2021-07-15,-2.3546062685875184,-2.0418014577565713,-2.063569454152077,-2.157299900568398,train
2021-07-16,-2.1618796696359515,-2.0857443282692927,-2.1180906335584413,-2.0655343916320694,train
2021-07-19,-2.1612644841690534,-2.1237256105311495,-2.1438806482265984,-2.06658498116843,train
2021-07-20,-2.182295041197542,-2.088608620813206,-2.0525124602980975,-2.036639804253801,train
2021-07-21,-2.2161614761820396,-2.1111846068679654,-2.09274230396159,-2.03146347717018,train
2021-07-22,-2.077295216865507,-2.1906665151288363,-2.212407957235647,-2.006628970584489,train
2021-07-23,-2.2696929122875655,-2.003475830382671,-2.0171222404116205,-1.9708188412516057,train
2021-07-26,-2.2618428578560286,-2.122883150869578,-2.144335184260679,-2.1021604619961143,train
2021-07-27,-2.2394332511060377,-2.1137989283156884,-2.077886755610791,-2.061035269827361,train
2021-07-28,-2.3094659598691014,-2.1075026745881984,-2.0914696255237364,-2.0797427555959525,train
2021-07-29,-2.37996976765439,-1.9838626108196558,-1.9945096168992855,-2.073365551652888,train
2021-07-30,-2.3513139971159243,-2.160905685946962,-2.1959259798262685,-2.2493215101687327,train
2021-08-02,-2.3478864118072114,-2.151796921064543,-2.170796705927914,-2.1751927021531254,train
2021-08-03,-2.4154505937216775,-2.112886783859618,-2.0766407080509874,-2.185084575412775,train
2021-08-04,-2.4356645445517757,-2.2206743043075616,-2.20615066066065,-2.2578426469456634,train
2021-08-05,-2.515911013455133,-2.1437006502068914,-2.154834525955301,-2.159350649102786,train
2021-08-06,-2.6011705809522594,-2.1811983548712814,-2.2110709172148293,-2.1945185196532133,train
2021-08-09,-2.693703465142847,-2.19505599358314,-2.2125988126219776,-2.27497131446433,train
2021-08-10,-2.75170902835209,-2.2561844859821685,-2.2165200364542597,-2.3222172149281906,train
2021-08-11,-2.6528161971176294,-2.3009533725660853,-2.2856228247722044,-2.34765277445272,train
2021-08-12,-2.482353671895773,-2.264569553237112,-2.2804671911810837,-2.336431405450364,train
2021-08-13,-2.39747302628125,-2.3870333195865334,-2.4248510171398894,-2.453673525479969,train
2021-08-16,-2.3563719993584096,-2.4479965448609535,-2.4698213812112284,-2.522341889244385,train
2021-08-17,-2.2838367613051314,-2.4772857159215977,-2.431556547248406,-2.5170314635985824,train
2021-08-18,-2.3115392223623594,-2.364014012001564,-2.342291615925574,-2.458954937942194,train
2021-08-19,-2.451354749094574,-2.23886193465637,-2.242705769675337,-2.3117190813872863,train
2021-08-20,-2.475924027929715,-2.272193800819757,-2.2995870192142522,-2.341745893734581,train
2021-08-23,-2.288164068517923,-2.285618439490157,-2.306279829566479,-2.3626229344617147,train
2021-08-24,-2.374699280073154,-2.2238351295432763,-2.1871825177762516,-2.31129720816321,train
2021-08-25,-2.356703426538721,-2.2556344299657685,-2.2408600197443858,-2.316200989891766,train
2021-08-26,-2.388157329647589,-2.2741600581523085,-2.291553088500534,-2.3189454352925503,train
2021-08-27,-2.461741311346885,-2.302949106583661,-2.333599092250891,-2.338734095042524,train
2021-08-30,-2.412580175198482,-2.1498002275464,-2.156200384562585,-2.0899599720554667,train
2021-08-31,-2.448717997405434,-2.3749478407884843,-2.3347631266094053,-2.3607425534372855,train
2021-09-01,-2.4479722403179887,-2.2832506809985382,-2.2666124888236157,-2.2486712219377103,train
2021-09-02,-2.4704242722391725,-2.313405378478564,-2.3344987661378,-2.3654951519656886,train
2021-09-03,-2.3100961426144067,-2.418072886278553,-2.4602288163986072,-2.298053575779275,train
2021-09-06,-2.5809014461042707,-2.231358504073509,-2.2316390240815642,-2.198607546077627,train
2021-09-07,-2.502269525110564,-2.518598446410669,-2.474827448723866,-2.4212506194484726,train
2021-09-08,-2.4303821387326683,-2.3795630063624116,-2.3599041146347344,-2.323147160955638,train
2021-09-09,-2.389873017852695,-2.4208762538397814,-2.4418313943535734,-2.314958920732903,train
2021-09-10,-2.4805724711602526,-2.2561439866081083,-2.276941748514655,-2.2925063530647445,train
2021-09-13,-2.453056244426011,-2.446590711072234,-2.466127673284456,-2.5177194910894665,train
2021-09-14,-2.4484341571171093,-2.3877091949329743,-2.3467263426508556,-2.46268604233072,train
2021-09-15,-2.5220184559675505,-2.2638940043684253,-2.244372452164985,-2.386682143132754,train
2021-09-16,-2.1699267014530457,-2.276510986593456,-2.2957818530895757,-2.195986550865973,train
2021-09-17,-2.153829537927765,-2.3145237931601508,-2.34431660052796,-2.2330383908458296,train
2021-09-20,-2.1515038564353213,-2.3310931416049185,-2.350487619008697,-2.2119152127199073,train
2021-09-21,-2.1258456289512018,-2.35288330582765,-2.313162469725587,-2.185984530840444,train
2021-09-22,-2.0797681115296918,-2.3342615684951915,-2.3159663050663886,-2.1396395482118917,train
2021-09-23,-2.326448903198258,-2.079800700697801,-2.0780326136515685,-2.0664540596349683,train
2021-09-24,-2.2452438159508707,-2.2054615990386846,-2.2362214162334673,-2.1670193515780403,train
2021-09-27,-2.1705351628011487,-2.2383951570943292,-2.26045564433701,-2.1989496046373627,train
2021-09-28,-2.1678317636858595,-2.2139847831151984,-2.1783372779696206,-2.2210711636506058,train
2021-09-29,-2.221568995702992,-2.1447099027573953,-2.13022697917846,-2.147276769765582,train
2021-09-30,-2.2475495433608046,-2.1874721564604305,-2.2013823105718426,-2.210047379834848,train
2021-10-01,-2.390780682622025,-2.1345592049782907,-2.1561632501723453,-2.278063071165109,train
2021-10-04,-2.4678181744871743,-2.1134266368194212,-2.128247295208396,-2.1869084032405985,train
2021-10-05,-2.5286974938309905,-2.154233556846887,-2.119492463843875,-2.2595381839434667,train
2021-10-06,-2.568415598737241,-2.1838873885424124,-2.170339903780027,-2.2943998665404477,train
2021-10-07,-2.5925347554578355,-2.144641975158371,-2.1622456342070917,-2.237924660399676,train
2021-10-08,-2.5988254731387737,-2.277984732105106,-2.316033798576703,-2.2757138015949017,train
2021-10-11,-2.646661989953362,-2.2728870678945974,-2.2895125420176665,-2.347084766359744,train
2021-10-12,-2.575944655389368,-2.3682972508375206,-2.326391755553053,-2.4035926304912905,train
2021-10-13,-2.536884758473016,-2.3537135171878565,-2.3353768926878438,-2.425056575216781,train
2021-10-14,-2.628174918645452,-2.308039833491916,-2.321674268026016,-2.405356617050812,train
2021-10-15,-2.614004372790873,-2.3808361648146565,-2.4163843860492222,-2.4821021677000297,train
2021-10-18,-2.583733894550802,-2.400901843251156,-2.419322421170435,-2.4630379741997306,train
2021-10-19,-2.593104681115745,-2.3379059247454554,-2.2963049991326634,-2.4010409462658333,train
2021-10-20,-2.638268803355043,-2.3146331063119296,-2.295789774812961,-2.3607529519100097,train
2021-10-21,-2.5528806243022997,-2.3908209238184126,-2.413453706571354,-2.420467570307671,train
2021-10-22,-2.2449988206987883,-2.378383569062687,-2.4119165907172175,-2.221904791929501,train
2021-10-25,-2.086545522020013,-2.3679256763183703,-2.3846354377423538,-2.2517251216540153,train
2021-10-26,-2.057913580184882,-2.3704543462450816,-2.3288493641501784,-2.23808534919345,train
2021-10-27,-2.0346608612526,-2.408831189754466,-2.390140341110563,-2.2648337267392766,train
2021-10-28,-1.9384184029208538,-2.326663577796522,-2.342140900265439,-2.093844264798015,train
2021-10-29,-2.1178902091425877,-2.116780517150692,-2.126240218351575,-2.028637703024002,train
2021-11-01,-2.170160328294763,-2.0760994126218684,-2.083760089713421,-1.9552412088226492,train
2021-11-02,-2.16107290606023,-2.1389444841010716,-2.1055856388141527,-1.9941314552036713,train
2021-11-03,-2.097378341875198,-2.147216042071031,-2.1364428513032356,-1.9927450376362108,train
2021-11-04,-2.0126357821906433,-2.0024474062947206,-2.016175533717202,-1.9915167247245027,train
2021-11-05,-1.9733054603821352,-2.1514829780300184,-2.1856628293939027,-2.1521721999735033,train
2021-11-08,-2.0353554886189813,-2.1082628666316827,-2.1196122542676026,-2.1689977155287425,train
2021-11-09,-1.951542300082122,-2.137405152542288,-2.103087734513527,-2.218931188633573,train
2021-11-10,-1.8670552615983431,-2.0761210165704527,-2.062276525775424,-2.1476290375613636,train
2021-11-11,-1.842078039132348,-1.9527045776309775,-1.9586856454681754,-2.020546496843637,train
2021-11-12,-1.8287766107820551,-2.006665900542058,-2.0362754429301293,-2.085874868094647,train
2021-11-15,-1.6180979700634333,-2.0667250130198003,-2.0871692833755557,-2.080259584048382,train
2021-11-16,-1.5238044800187764,-1.9447653384115042,-1.9144063062692542,-1.972858382403799,train
2021-11-17,-1.5816368737098003,-1.8740444304730097,-1.860419344606893,-1.8939981096043272,train
2021-11-18,-1.6047087447251935,-1.8171774202387054,-1.8236212768637865,-1.8800430761020959,train
2021-11-19,-1.674027851720562,-1.8873616499374322,-1.9164710839032884,-1.9471582633700797,train
2021-11-22,-1.6754429282405006,-1.6637502922177387,-1.6684563239043573,-1.7623104925140602,train
2021-11-23,-1.8146018089032836,-1.6165763239753972,-1.5938940173640759,-1.6700075580183877,train
2021-11-24,-1.5135479500745663,-1.744572270884702,-1.737485346538091,-1.7996995631987711,train
2021-11-25,-1.4816177868934344,-1.6638270718228227,-1.675735709531182,-1.6156531068288233,train
2021-11-26,-1.4349449238109964,-1.8999557775501912,-1.9489262448181235,-1.8501100063301488,train
2021-11-29,-1.4781637529734224,-1.673558829320008,-1.67508237690014,-1.5592958577134732,train
2021-11-30,-1.5031855260672256,-1.8345149711634534,-1.8035176197820004,-1.800909885934105,train
2021-12-01,-1.7783604810546028,-1.5682066234343033,-1.551727547551781,-1.5609606598919967,train
2021-12-02,-1.9210306770461711,-1.6096338832344412,-1.6176952665273674,-1.671466267506124,train
2021-12-03,-1.9299206775417612,-1.656242221487712,-1.6927661442664719,-1.7104737044357943,train
2021-12-06,-1.877930257880874,-1.5713713546936334,-1.5805565135613169,-1.7196506080925447,train
2021-12-07,-1.8579170766020128,-1.693804918095258,-1.6672303524433532,-1.7872402523033006,train
2021-12-08,-1.9183915438299528,-1.7449661659657547,-1.7328599473417423,-1.8631816936058607,train
2021-12-09,-1.8127626161617916,-1.797630828063649,-1.8135158241102651,-1.6821641766904978,train
2021-12-10,-1.6876874516664806,-1.8347160691507052,-1.8652328801762854,-1.5352004189275503,train
2021-12-13,-1.846054305299823,-1.6931009286424863,-1.6928453136298947,-1.4151967133761594,train
2021-12-14,-1.839048141754547,-1.7892139951830281,-1.7579405536661081,-1.499977461969385,train
2021-12-15,-1.8313908505559098,-1.8560288521664516,-1.8438240708102536,-1.5637561989684206,train
2021-12-16,-1.929082474443191,-1.6993150146277893,-1.70601532353233,-1.6397194658629979,train
2021-12-17,-2.0859218477302957,-1.6383359155042845,-1.6542953645501226,-1.7710959589263253,train
2021-12-20,-2.1739111922157797,-1.77052009956106,-1.785171390642003,-1.903071218381639,train
2021-12-21,-2.226782337277711,-1.7736165586344435,-1.7428868805134736,-1.9072307948246623,train
2021-12-22,-2.239786504472004,-1.8154522916016163,-1.8049985741144794,-1.9477006924270137,train
2021-12-23,-2.278860402442377,-1.8136550902214146,-1.8286540211193882,-1.9608022615602556,train
2021-12-24,-2.160048940385784,-1.9046911882620339,-1.9325827886605045,-2.0357557102460246,train
2021-12-27,-1.9634736415821445,-2.00143451476808,-2.0214412132580653,-2.129058839944679,train
2021-12-28,-1.8583264056629667,-1.9910817147645787,-1.9540160196586347,-2.105373998999765,train
2021-12-29,-1.8075831959883872,-2.0193368758183277,-2.003165262299428,-2.1130234204534633,train
2021-12-30,-1.765338815799114,-1.9991864291697818,-2.0121577520865586,-2.068188574510029,train
2021-12-31,-1.7536953172867362,-1.923356362471478,-1.9379779286641587,-1.9685214604522863,train
2022-01-03,-1.845941361554061,-1.8256578691446923,-1.8302305824216782,-1.7659019646996441,train
2022-01-04,-1.9035077895383083,-1.7924226054716317,-1.7629237662306905,-1.7462669311019594,train
2022-01-05,-1.938408731561471,-1.807022500018276,-1.7961027712674262,-1.8017749900225575,train
2022-01-06,-1.9594917273514407,-1.7590090104695515,-1.775445764861675,-1.7409875266476855,train
2022-01-07,-2.0060465753500885,-1.7273535296887936,-1.7479197642236983,-1.7254170549966859,train
2022-01-10,-1.9983557086817807,-1.813941220236902,-1.8304493541508473,-1.9003850731581218,train
2022-01-11,-2.053511463310248,-1.8339728502453543,-1.8034967181055181,-1.9547983688552892,train
2022-01-12,-1.9820734679895875,-1.8909572959021537,-1.8792247946539722,-1.9428112562082707,train
2022-01-13,-2.0428843257868743,-1.8614298711493193,-1.8766412903394956,-1.9803718778786878,train
2022-01-14,-2.097386491622884,-1.8594743945426615,-1.8807083595069922,-2.0087352727546293,train
2022-01-17,-2.157599462779893,-1.8796368289564627,-1.892877669588013,-2.0322166966550586,train
2022-01-18,-2.0934735274248477,-1.96688915693555,-1.9332509485336162,-2.0474060521919695,train
2022-01-19,-2.19493717321267,-1.8670638411791327,-1.8522973571070034,-1.9936446618814165,train
2022-01-20,-2.1184103614726832,-1.9581496128597897,-1.9791905037557374,-1.9633770329258433,train
2022-01-21,-1.9912696792773048,-1.9549078233481105,-1.981151717383102,-1.916335715810612,train
2022-01-24,-1.8555917264796846,-2.009294998003474,-2.025969722050039,-1.9900392413501236,train
2022-01-25,-1.815676537877312,-1.9388658487115364,-1.905324589258702,-1.9193605643007627,train
2022-01-26,-1.7127798755030244,-2.019783641605,-2.00463610235478,-1.9551758195480566,train
2022-01-27,-1.7462819340254274,-1.9286012047558638,-1.9406326103940694,-1.937751579128721,train
2022-01-28,-1.4597888492273632,-1.829768319632154,-1.8438055947530547,-1.7058638775462827,train
2022-01-31,-1.3482917377349846,-1.7654800395178452,-1.772787713719516,-1.5477160526619034,train
2022-02-01,-1.3417186243094863,-1.773684602107956,-1.7448217090212241,-1.5822277020700533,train
2022-02-02,-1.370583086075916,-1.705928825515702,-1.6945862051804,-1.595960925961896,train
2022-02-03,-1.371814791242023,-1.7953994321366904,-1.8185051147746434,-1.6943379637454383,train
2022-02-04,-1.3514682486334133,-1.503876647780734,-1.5020605349293235,-1.5252856607398726,train
2022-02-07,-1.3394613846522347,-1.4998698889488922,-1.503324713197884,-1.6091147947884168,train
2022-02-08,-1.2602735079521814,-1.5864231273878835,-1.563896119552009,-1.6898090304430715,train
2022-02-09,-1.2166588071770226,-1.6254306513210661,-1.6187824048287376,-1.6651384300710093,train
2022-02-10,-1.2077395823395563,-1.6640951313721368,-1.6913933053024708,-1.6803887368919899,train
2022-02-11,-1.3036521183642533,-1.430488426136191,-1.4282961976267856,-1.535600262449614,train
2022-02-14,-1.4783713705621366,-1.4653467711339259,-1.4671910421194911,-1.503625537977919,train
2022-02-15,-1.5809537598594372,-1.4458707379711935,-1.4251298843807487,-1.4869494830853134,train
2022-02-16,-1.540455467402553,-1.4488796450953512,-1.4424959985342714,-1.4689744765283994,train
2022-02-17,-1.536392823876747,-1.5042410145025757,-1.5321571505091742,-1.5672229587809214,train
2022-02-18,-1.2284078626112256,-1.3680589766471025,-1.3757227216682435,-1.4057997266455198,train
2022-02-21,-1.0637729728995857,-1.5865295978895717,-1.606418729645968,-1.6537791072345236,train
2022-02-22,-0.8491394827529422,-1.5902605463525932,-1.5635356733604002,-1.651385354416443,train
2022-02-23,-0.7958401338876684,-1.5069413462645471,-1.4938349808092974,-1.553422927862544,train
2022-02-24,-0.6069045561962186,-1.5936849871294805,-1.6151617600576818,-1.5449709234446418,train
2022-02-25,-0.8041654057952399,-1.2624850571921062,-1.2493608454489564,-1.2778871277354398,train
2022-02-28,-0.7710959583374501,-1.2469425947427326,-1.2493207240068014,-1.1814072018932567,train
2022-03-01,-0.6334989129365518,-1.0743040207855918,-1.060662351728663,-1.0142019328809755,train
2022-03-02,-0.48431237463416976,-1.0951764642326849,-1.0905511694295476,-1.1151173104627947,train
2022-03-03,-0.49702458230642893,-0.8821187504015416,-0.8868551768582378,-0.9747060668902593,train
2022-03-04,-0.3195787117983959,-1.0658689663861889,-1.0893029891437127,-0.9730038412570751,train
2022-03-07,-0.3371381339840467,-0.9585344550990459,-0.9644505515923404,-0.9537905253751982,train
2022-03-08,-0.5312724170777253,-0.8177842923149866,-0.8097079453685467,-0.8229480628774468,train
2022-03-09,-0.66825941394999,-0.7604804820905825,-0.7565670408442446,-0.725921355978295,train
2022-03-10,-0.6222568691830389,-0.7964608772376487,-0.8030321082615463,-0.5309885312244536,train
2022-03-11,-0.859228380775129,-0.6142278159763953,-0.6156228713680628,-0.5346384289172224,train
2022-03-14,-0.9541937995282991,-0.7108239756506639,-0.7261452321391526,-0.6167852362914052,train
2022-03-15,-1.0031480245579087,-0.8596258339681354,-0.8501018819302432,-0.7511433825923512,train
2022-03-16,-1.1173687674164148,-0.8620669294203359,-0.8588447320725947,-0.749940743032596,train
2022-03-17,-1.468501988717282,-0.7663393993617379,-0.7661133142565694,-0.8793153012836055,train
2022-03-18,-1.542554101260135,-0.9604033666208932,-0.9793112834411638,-0.998232852583802,train
2022-03-21,-1.550205445058449,-1.0521961973604712,-1.0689612893438802,-1.122582088352842,train
2022-03-22,-1.4805822409951577,-1.1013198205562322,-1.0821382681087794,-1.1905322054322873,train
2022-03-23,-1.1107043182000425,-1.1340792059204263,-1.1262227180331568,-1.2431966466497997,train
2022-03-24,-1.0592705333886347,-1.2522748503731886,-1.265016149519532,-1.3148914643739673,train
2022-03-25,-0.9725986387910656,-1.2657732608916665,-1.2818617091579818,-1.3787489109030808,train
2022-03-28,-0.9539200903701618,-1.2706053878893657,-1.2791869366625597,-1.241156883228816,train
2022-03-29,-1.0291246850983669,-1.2185400545844365,-1.1935577617997584,-1.187414755612877,train
2022-03-30,-1.4252000126881383,-0.9776523488903753,-0.9616151714246671,-0.9262841709001775,train
2022-03-31,-1.4765497492143058,-1.08701589272796,-1.0972749237611135,-1.0685247260525628,train
2022-04-01,-1.6051746518504002,-1.0029899523175667,-1.0133699175668907,-1.0168275526287118,train
2022-04-04,-1.660671866889942,-1.0633993232368708,-1.0778808850170167,-1.2263365913520572,train
2022-04-05,-1.5907171307745736,-1.2069265921795918,-1.18597310897633,-1.3676580430641345,train
2022-04-06,-1.491752826427241,-1.3510692349956641,-1.3419627247182777,-1.4900137529347122,train
2022-04-07,-1.53357846674858,-1.3355701987141246,-1.3453136153983904,-1.486394134910259,train
2022-04-08,-1.234204228139518,-1.3826303563988311,-1.3959855002763537,-1.370619170962138,train
2022-04-11,-1.3279212559300488,-1.4526358249875675,-1.4620454851748668,-1.3859749227196907,train
2022-04-12,-1.3868075062007676,-1.4272093141458442,-1.400832593071312,-1.359381082981439,train
2022-04-13,-1.4220965316141798,-1.3623943296748136,-1.350597918208704,-1.3443506563409957,train
2022-04-14,-1.3607637964963923,-1.437161776047568,-1.4525821484987966,-1.375116843024916,train
2022-04-15,-1.64185065151277,-1.1829083515943497,-1.177043197980903,-1.2508271258060717,train
2022-04-18,-1.4577354194405923,-1.6351360107904993,-1.6703698308221604,-1.636871969595699,train
2022-04-19,-1.2554309855673733,-1.5756699164406303,-1.5476910435306752,-1.586237191042118,train
2022-04-20,-1.2306514776438304,-1.529243082560145,-1.5155505169870542,-1.5343386142639757,train
2022-04-21,-1.126698887813715,-1.4700771541878026,-1.4766239102232788,-1.5146140878676921,train
2022-04-22,-0.9088856795726519,-1.5020702373844013,-1.5078190207279876,-1.545535718637896,train
2022-04-25,-0.8241686051189681,-1.3999303928316353,-1.4073069452180489,-1.4671442519181523,train
2022-04-26,-0.8496093994206443,-1.2406502707988665,-1.2217374578854305,-1.274161374656976,train
2022-04-27,-0.8110385957762153,-1.2889887567510403,-1.2819983035645321,-1.3271267371620923,train
2022-04-28,-0.6709135639252225,-1.170995763371994,-1.1752392933351605,-1.0908231071599161,train
2022-04-29,-0.7535390485539845,-1.030552602283423,-1.028120501714345,-0.9885047994460382,train
2022-05-02,-0.616609194413398,-1.0448304716501233,-1.051791883204087,-0.9831241101503724,train
2022-05-03,-0.5922061426461975,-1.0925700830836331,-1.0795495367923988,-1.0622343465225148,train
2022-05-04,-0.6027473909477569,-1.0667382494341595,-1.064486961895416,-1.021951031588598,train
2022-05-05,-0.7560955822749302,-0.8798496042642612,-0.8782083413787504,-0.9293982937058449,train
2022-05-06,-0.7147466056933371,-0.9476236790148593,-0.9567366831642906,-0.9966494931477131,train
2022-05-09,-0.9297273979913913,-0.8173434969510162,-0.8150275604278883,-0.9175049503758488,train
2022-05-10,-0.9954268071732658,-0.8835172547487449,-0.8745977717695615,-0.931361701367734,train
2022-05-11,-0.9254181572977623,-0.9247296531324811,-0.9254331769090088,-0.9000719239024227,train
2022-05-12,-0.9622077067350302,-0.9540194060539772,-0.966133344944622,-0.9940634715149904,train
2022-05-13,-1.0665308728231544,-0.857565757656499,-0.8617694815940706,-0.9310918317852923,train
2022-05-16,-1.0917619918107702,-1.0193704625215243,-1.0308419908608664,-1.0672984648107051,train
2022-05-17,-1.0179694955714516,-1.073971309260328,-1.057266537525653,-1.1686967392722267,train
2022-05-18,-0.9900549021452076,-0.9528847367438092,-0.9455408089201794,-1.0955610014960646,train
2022-05-19,-0.986245672241844,-1.0161938553063994,-1.0291811128727848,-1.0878634740073314,train
2022-05-20,-1.0707550359155964,-0.9927359089525374,-1.0011327552071412,-1.029906046071087,train
2022-05-23,-1.0474174248690598,-1.0641493946155596,-1.0756686851646347,-1.130003401125105,train
2022-05-24,-1.178849698297385,-0.9672225062619801,-0.9507401281793552,-1.0466790670273234,train
2022-05-25,-1.2216625084654014,-0.9242339774432357,-0.9148480298255156,-0.9862593415303889,train
2022-05-26,-1.2111299687950396,-0.9946690275054112,-1.0068416532817348,-1.0624743466899167,train
2022-05-27,-1.2410778072661068,-1.0549170441535949,-1.0750041142332223,-1.1054735954244084,train
2022-05-30,-1.3216390370876552,-1.0231614473343227,-1.0323525433350427,-0.9391031824219753,train
2022-05-31,-1.3224879710115502,-1.1672708453105887,-1.1460435866922423,-1.0704937610169054,train
2022-06-01,-1.4920553799778349,-1.0725083773702848,-1.0602749487434744,-1.0432361728583548,train
2022-06-02,-1.5849911357855406,-1.1111678216198748,-1.1185052490903802,-1.1464445984560379,train
2022-06-03,-1.1546213711855207,-1.1883600358350197,-1.2106952474916193,-1.0959566428700396,train
2022-06-06,-0.9835882203700896,-1.260176318776349,-1.274124134880153,-1.2690324397515906,train
2022-06-07,-0.8512627107111792,-1.2743721606418124,-1.2510297027333528,-1.267008157858774,train
2022-06-08,-0.7757572390443418,-1.3353052385897137,-1.3238294209638448,-1.3317132003130818,train
2022-06-09,-0.4507809042770407,-1.3795295127200093,-1.390025230643002,-1.1172315616782105,train
2022-06-10,-0.43780852964740946,-1.082100589410012,-1.0705822340407785,-0.9970706171720867,train
2022-06-13,-0.43017654578336983,-1.0608439261768892,-1.0600812092035117,-0.9550362968840085,train
2022-06-14,-0.5026571862995703,-1.0002285799049566,-0.9859706773771406,-0.9324127627723091,train
2022-06-15,-0.5389119202484756,-0.9726469780169775,-0.9685080093763135,-0.8771074729242081,train
2022-06-16,-0.8403613274419677,-0.669403036743986,-0.6623068505626606,-0.8113377814802711,train
2022-06-17,-0.9616699923473492,-0.6984464257401835,-0.6991500559813099,-0.7700020073676783,train
2022-06-20,-1.0515229410536584,-0.7477800876224131,-0.7565483554117831,-0.8604750203694477,train
2022-06-21,-1.0510111195051193,-0.9237586329537951,-0.9131812860883259,-0.973258050404869,train
2022-06-22,-1.0518881625541596,-0.9262009001568672,-0.926432310036892,-1.0067107442843222,train
2022-06-23,-1.0697068620579582,-1.0008353215230998,-1.0119022993798965,-1.0191129797010947,train
2022-06-24,-1.1677103622140808,-0.961196134553221,-0.9628250625185382,-1.0276556247002457,train
2022-06-27,-1.16215653143087,-1.056629512787753,-1.0632279001209455,-1.0401361631773973,train
2022-06-28,-1.1917288451966856,-1.1134001325446592,-1.0950505171590574,-1.1505093648836253,train
2022-06-29,-1.059364041013666,-1.0919983398140212,-1.0856256176909649,-1.0979808533588362,train
2022-06-30,-0.9530007436230141,-1.0777235043091564,-1.0878388851290899,-1.145378120895883,train
2022-07-01,-0.945635010448619,-1.072157252801951,-1.0797474247441603,-1.171568224215309,train
2022-07-04,-0.8026245106916906,-1.0832212568527773,-1.0878464351499866,-1.145910267338732,train
2022-07-05,-0.7248400651732186,-1.1928552519348452,-1.1717676705228646,-1.2628816485157293,train
2022-07-06,-0.7512570309485893,-0.9968519016439563,-0.9862343331449853,-1.1201538457617906,train
2022-07-07,-0.525079476315432,-0.9375333274375067,-0.9385968897519109,-1.0179769464480575,train
2022-07-08,-0.42736043176945254,-0.9521373908506856,-0.9615324431627569,-0.9717506722537371,train
2022-07-11,-0.48638805072079616,-0.8198848312316479,-0.8166451977177913,-0.924613823310107,train
2022-07-12,-0.4892265923939876,-0.8527006985238156,-0.8409573581025704,-0.8998825628530484,train
2022-07-13,-0.4275887034429452,-0.8458706291308973,-0.841658216086913,-0.9011918808270678,train
2022-07-14,-0.6144403894218539,-0.6360392888760333,-0.62664656837866,-0.7568184985442298,train
2022-07-15,-0.5225918251739357,-0.6391040304958664,-0.642352532707718,-0.6381321622095746,train
2022-07-18,-0.45912924769322555,-0.7387958607875731,-0.7477826938590818,-0.6980523843176786,train
2022-07-19,-0.4454467975058764,-0.789488874137946,-0.7806299181611136,-0.746451003604598,train
2022-07-20,-0.5089117949084404,-0.6792082354175437,-0.6771458496175515,-0.6382443412643157,train
2022-07-21,-0.44487298005286924,-0.743654187561182,-0.7489879552013124,-0.5824161223583251,train
2022-07-22,-0.5466122448666918,-0.6184029805052194,-0.6121408984889195,-0.5869308431751924,train
2022-07-25,-0.5645782505951439,-0.6320883923150143,-0.6346860015710544,-0.6193801280209228,train
2022-07-26,-0.5754719336290146,-0.6957678105442641,-0.688280756575092,-0.6418478401977643,train
2022-07-27,-0.5503166901327041,-0.7175545526919749,-0.7165312648712558,-0.632091798121724,train
2022-07-28,-0.6701892182876985,-0.5965619595701858,-0.5971153343789066,-0.6628173039450529,train
2022-07-29,-0.8102188441074736,-0.6308169763200507,-0.6341635941432143,-0.7266828491439251,train
2022-08-01,-0.8597644376119266,-0.6391267483189208,-0.6415158671666599,-0.6673208434914518,train
2022-08-02,-0.9214189832431446,-0.7151306515954117,-0.7048849193661096,-0.7703829026499794,train
2022-08-03,-1.0924178522389578,-0.6571273329027659,-0.6543183168406221,-0.7476276432169922,train
2022-08-04,-0.915745718246596,-0.7171532539689061,-0.7264186602820251,-0.7519669890214943,train
2022-08-05,-0.9360815637365152,-0.814174475883598,-0.8311396091365721,-0.8584694460699637,train
2022-08-08,-1.065889348556129,-0.7730817144748576,-0.7745212283102487,-0.8938659820449203,train
2022-08-09,-1.0773704481109618,-0.9151179580549114,-0.8979179410279362,-1.0263704096441972,train
2022-08-10,-1.0217578761431567,-1.0584388575421695,-1.0525638942801703,-1.1789478750170164,train
2022-08-11,-1.2904894369076791,-0.8071094983885133,-0.798237983501075,-0.9327817558089986,train
2022-08-12,-1.2982340846934943,-0.952631220312926,-0.9692193376135609,-1.0644336686555342,train
2022-08-15,-1.3319460043713705,-1.0419105211000732,-1.051416066371199,-1.1581797515380077,train
2022-08-16,-1.291410100204766,-1.0884354088957187,-1.067199586545956,-1.2026818121666645,train
2022-08-17,-1.122804194752194,-1.0297758867992584,-1.0219940048126064,-1.1011759393946583,train
2022-08-18,-1.0617788835135586,-1.0861990755802902,-1.091824724043284,-1.1870177120576324,train
2022-08-19,-0.9755542051585232,-1.118806424148219,-1.1329233496940039,-1.228617285739039,train
2022-08-22,-0.6946770427434773,-1.1824724079933426,-1.1938672647236308,-1.301558623178809,train
2022-08-23,-0.6299359240438716,-1.149224249157293,-1.1275851313986143,-1.255210845731245,train
2022-08-24,-0.6317035594122847,-1.0096261289680744,-0.9973564990539965,-1.1252781434750665,train
2022-08-25,-0.6002474986620818,-1.0180218863104495,-1.0212596602072697,-1.1000221639281416,train
2022-08-26,-0.5822586536674689,-0.9752179916379243,-0.98294457839749,-1.026894664437671,train
2022-08-29,-0.7089159232460196,-0.7722787169810958,-0.7666797702531101,-0.7445479372457657,train
2022-08-30,-0.7386976694447254,-0.8238131443341445,-0.8142276868794756,-0.8269161320407192,train
2022-08-31,-0.7737951233126461,-0.8036720769855445,-0.800186555889308,-0.7901357897524849,train
2022-09-01,-0.7931718487514913,-0.7896111531461755,-0.7972228880222133,-0.8302494901859575,train
2022-09-02,-0.6962775333584039,-0.7862153614091424,-0.7983244677211049,-0.6557550324027321,train
2022-09-05,-0.6812941057726504,-0.8233849380146488,-0.8290714994926253,-0.7390223463790919,train
2022-09-06,-0.5940757932820832,-0.8755357939432131,-0.8640818766440963,-0.7612494592055511,train
2022-09-07,-0.3448555515684368,-0.8676706262851269,-0.8632943680957784,-0.7682535298955294,train
2022-09-08,-0.36269860650294355,-0.8613226891717857,-0.8678923899468388,-0.7517179182772772,train
2022-09-09,-0.5034916756604485,-0.7474457631663134,-0.7471339909921986,-0.8059590413279266,train
2022-09-12,-0.5300565008806495,-0.7860831412673029,-0.7900921387096806,-0.882989314508901,train
2022-09-13,-0.6542143181620073,-0.7176237428305744,-0.7092453055579904,-0.8146029869704287,train
2022-09-14,-1.072647941503503,-0.5116943796822098,-0.5063493980788573,-0.6589971418180955,train
2022-09-15,-0.7739944685507149,-0.6699465977732284,-0.6852763299219811,-0.6070745008183491,train
2022-09-16,-0.6304392083856181,-0.8164409498412084,-0.8437102306657045,-0.7789298232023925,train
2022-09-19,-0.5376408492264312,-0.7466224928320215,-0.7539803536094992,-0.6573180607111349,train
2022-09-20,9.201245036621214e-05,-0.8951665648322749,-0.8805213211227692,-0.7971781680930068,train
2022-09-21,0.07741902010011364,-0.961936285495287,-0.9530904019529417,-0.8222660198336136,train
2022-09-22,0.11623535797140615,-0.7175617251232146,-0.7045856919124868,-0.7734791270829833,train
2022-09-23,0.1932842419492894,-0.7081399854613029,-0.710697275189125,-0.7155665671403839,train
2022-09-26,0.21538819936879364,-0.6413527325733109,-0.6395097351888819,-0.6971468616977173,train
2022-09-27,-0.07345884099232615,-0.2677484568951921,-0.268278572652935,-0.3281310696481792,train
2022-09-28,-0.11137176926241574,-0.3612867139671879,-0.3645893588137353,-0.42834072969202475,train
2022-09-29,-0.26787242804990746,-0.2626445383605901,-0.26039202176749365,-0.34412647057864976,train
2022-09-30,-0.4250207589881402,-0.22290745103558288,-0.22487311350132655,-0.3335025065068782,train
2022-10-03,-0.502436222752945,-0.2311555350901485,-0.23857206708113382,-0.3022741744091084,train
2022-10-04,-0.5866950822796799,-0.32712760922116135,-0.3268345793530182,-0.4115627244754423,train
2022-10-05,-0.5972440404367015,-0.3921944180002168,-0.3952981551943493,-0.4446209008056521,train
2022-10-06,-0.5682795580329457,-0.4531594905090364,-0.46233332599774096,-0.5203003354720421,train
2022-10-07,-0.2154010572637597,-0.5268069693647488,-0.5385404534305275,-0.5558519958201198,train
2022-10-10,-0.1825141339309713,-0.5267725332671186,-0.5298114822900089,-0.5904681262756274,train
2022-10-11,-0.17803404492631264,-0.578377436418836,-0.5685629796551521,-0.6395411313881104,train
2022-10-12,-0.18008803999623033,-0.5833787046485892,-0.5789227973372795,-0.6916521741548939,train
2022-10-13,-0.23148218478768565,-0.547326673051186,-0.5488420525866043,-0.6527510206612765,train
2022-10-14,-0.5735124414053104,-0.30534073396069755,-0.2873783953432555,-0.4643593428275026,train
2022-10-17,-0.4454092236578402,-0.3933690222197641,-0.3960573424593081,-0.5462463545917298,train
2022-10-18,-0.34006061610321636,-0.4175219473320956,-0.4127623717549674,-0.5367267716959506,train
2022-10-19,-0.3592762201664539,-0.4241160615007916,-0.4248475025405973,-0.5372647436341808,train
2022-10-20,-0.3420219737772183,-0.4783419666880354,-0.49158885071341624,-0.5923557698086764,train
2022-10-21,-0.3181472679400875,-0.5298792073571166,-0.5362581509066046,-0.4649956607531578,train
2022-10-24,-0.5193866400795731,-0.396092142262089,-0.3862003358514873,-0.33188349078240176,train
2022-10-25,-0.7281000129304445,-0.3769959890262333,-0.37096134573006945,-0.3094454683868464,train
2022-10-26,-0.7527023413564049,-0.4890278231966776,-0.4879452564028819,-0.4072611176365042,train
2022-10-27,-0.5235184825612192,-0.49293715794461973,-0.5027566700077869,-0.2874978994762025,train
2022-10-28,-0.6012074897874471,-0.44600394953378847,-0.4525153067150183,-0.4127105792930783,train
2022-10-31,-0.5032060814770315,-0.5805001046446269,-0.5882816819808857,-0.4694252244066657,train
2022-11-01,-0.43133358851505293,-0.7138674456290788,-0.7004885587563507,-0.6165947605861615,train
2022-11-02,-0.43068437872881177,-0.7191081381339278,-0.7138130067555354,-0.6688398171621511,train
2022-11-03,-0.6147206353595981,-0.5085611416676277,-0.4979068720215107,-0.5955738892145466,train
2022-11-04,-0.057335588714275305,-0.6799724986810368,-0.6924716311930925,-0.7529018221871401,train
2022-11-07,-0.09149749514391943,-0.5572647064179392,-0.5548066975898445,-0.6921837713794402,train
2022-11-08,-0.08777148867029257,-0.5481968979603942,-0.5401698176568702,-0.6798356780563959,train
2022-11-09,0.1535942387850645,-0.603090073386128,-0.6024152833084507,-0.6447603977422874,train
2022-11-10,0.17387996042893583,-0.6185499891388128,-0.6223267948805173,-0.634992990891015,train
2022-11-11,-0.21953942550105784,-0.24347997372186655,-0.21693197193128094,-0.30820441394661446,train
2022-11-14,-0.27463683490362395,-0.4604186803598546,-0.4672114991880082,-0.5286011697823378,train
2022-11-15,-0.34344725306281415,-0.4715536013066612,-0.4665607971548701,-0.5551632484498771,train
2022-11-16,-0.8346516586599438,-0.2005530552044348,-0.19810300890341395,-0.33435338825690364,train
2022-11-17,-0.9291709024136431,-0.30510375001678425,-0.31526832562507917,-0.47019414907326507,train
2022-11-18,-1.0478146211144148,-0.47831205396789533,-0.4923301007876549,-0.6227390459994723,train
2022-11-21,-1.1028931676828713,-0.5608622837960677,-0.5756363190348175,-0.7061927968066178,train
2022-11-22,-1.0140226043143243,-0.6251739912851033,-0.615496062582624,-0.7613512385923075,train
2022-11-23,-0.8728548387605122,-0.825677536705783,-0.8210445778700345,-0.9434497118476153,train
2022-11-24,-0.7601703269250506,-0.7914985901487506,-0.793332747032631,-0.8304791067367384,train
2022-11-25,-0.5818687958262778,-0.9186888933668632,-0.9354996703587406,-0.9293835895303427,train
2022-11-28,-0.33813670461911594,-0.9545286510625813,-0.9636230267420065,-0.8630410144624757,train
2022-11-29,-0.3271934853285016,-0.8468912594886608,-0.8295695647759428,-0.749818070185391,train
2022-11-30,-0.3837196654166446,-0.7717925985628236,-0.7623371491291272,-0.704516982325178,train
2022-12-01,-0.4786079605460143,-0.6885290898977597,-0.6834309314773245,-0.7227073743874091,train
2022-12-02,-0.6447336838488216,-0.5954582099126222,-0.5944885047527735,-0.6565595756890055,train
2022-12-05,-0.9716470774304522,-0.4359374388399158,-0.4306930671195585,-0.6283918684618058,train
2022-12-06,-1.1292485105144918,-0.5175490348111592,-0.5120814433013009,-0.7234034125559997,train
2022-12-07,-0.8982918986055685,-0.6228380286222495,-0.624272982215616,-0.7882676376618398,train
2022-12-08,-0.8069577310456298,-0.6531644041060881,-0.6647888528840794,-0.5894118239341946,train
2022-12-09,-0.6207924255682712,-0.8079443676220883,-0.831820349147019,-0.5670008451314335,train
2022-12-12,-0.6102683722057314,-0.8927212453986134,-0.9013482469847519,-0.5886440509631072,train
2022-12-13,-0.5954252111878349,-1.0136250028652822,-0.993638398405276,-0.7041463219138058,train
2022-12-14,-0.6954723731835263,-0.7945593351779234,-0.7819764101251004,-0.5452162080895515,train
2022-12-15,-0.8500414022066849,-0.794547454698109,-0.7922316684914645,-0.7497207343572724,train
2022-12-16,-1.066699635811922,-0.6996558710027208,-0.6987888410854969,-0.8182159744733823,train
2022-12-19,-1.137478784458875,-0.8034169972541128,-0.8161120116823606,-0.9652075869594255,train
2022-12-20,-1.287864675671654,-0.817318475287039,-0.8061791209226917,-1.0152923441378405,train
2022-12-21,-1.5442331877864721,-0.7747857291731832,-0.7693581013428602,-0.9333912999549021,train
2022-12-22,-1.6218290006417517,-0.9503113929574635,-0.9670815164294222,-1.1184843622776137,train
2022-12-23,-1.7332427582999912,-0.9960393121832902,-1.0111727871876792,-1.164298335386151,train
2022-12-26,-1.5977514119662901,-1.0822890588290948,-1.0953058335103834,-1.2316708182801095,train
2022-12-27,-1.4563963414985022,-1.361638342146948,-1.3342405965870823,-1.4829370724924358,train
2022-12-28,-1.2226920384450308,-1.3165890100885727,-1.3025299018974275,-1.43112656321675,train
2022-12-29,-1.0703860794569722,-1.38435413511498,-1.396247482267413,-1.4669634778825826,train
2022-12-30,-0.9687892860270217,-1.414793325299869,-1.4294908293108592,-1.4839402198463103,train
2023-01-02,-0.8260594052977015,-1.3095485000688434,-1.305112236873071,-1.2945901132850888,train
2023-01-03,-0.8034040197890218,-1.2943330871995455,-1.2694103131575993,-1.260113313312483,train
2023-01-04,-0.9314101330000178,-1.1196661442983251,-1.105905099020377,-1.1347909797792397,train
2023-01-05,-1.0244590412052337,-1.07725229084346,-1.0809528677846427,-1.1456341929201161,train
2023-01-06,-0.8586807526409468,-1.0321811904905915,-1.04410727118317,-1.0989320108202052,train
2023-01-09,-1.0381025610445052,-0.9036186452857357,-0.9014594299757228,-1.084615479619221,train
2023-01-10,-1.1048957291477433,-1.0000160371743396,-0.9867526880951336,-1.1937430183656235,train
2023-01-11,-1.0039354982807518,-1.090821217732341,-1.0874394101843645,-1.2471420667550888,train
2023-01-12,-0.8813134858957931,-1.1369759470432053,-1.1529079687675683,-1.2369285981657283,train
2023-01-13,-1.1234289486027096,-0.9389415850389644,-0.9352793755886116,-1.0910009069090578,train
2023-01-16,-1.1782686827878242,-1.1329198647562624,-1.1423155220729784,-1.2533178492890071,train
2023-01-17,-1.1153238946552027,-1.2781871021655344,-1.2573406162587537,-1.350491234590414,train
2023-01-18,-1.2319708835352903,-1.1047504644729986,-1.0957215207495279,-1.195417470720494,train
2023-01-19,-1.3788238453182882,-1.019581708591864,-1.022831750227461,-1.1218825844506863,train
2023-01-20,-1.4061131865196177,-1.195987370700585,-1.2149620536167254,-1.2516614954255814,train
2023-01-23,-1.3998103546060812,-1.2565871536091548,-1.2711202374793749,-1.3477924072692464,train
2023-01-24,-1.4632338232934812,-1.1874867521707368,-1.1690530686280707,-1.271167892769287,train
2023-01-25,-1.460067982262103,-1.25353998273486,-1.2458160006219547,-1.3465974245142798,train
2023-01-26,-1.3779086737746238,-1.2547913211485315,-1.2627711521429605,-1.2027167917829509,train
2023-01-27,-1.1194006993814651,-1.2924974121739587,-1.3110405646053458,-1.109951392280443,train
2023-01-30,-0.8108355723160047,-1.2911068141929822,-1.3021096552498168,-0.9930172857835677,train
2023-01-31,-0.7964042503233921,-1.3387666217985978,-1.3140048463972966,-1.0415002042537254,train
2023-02-01,-0.7036429308551335,-1.3140814069680506,-1.302774949007626,-1.0331036883545694,train
2023-02-02,-0.7599558815158396,-1.2168295257667838,-1.2178017656151643,-1.1273734215885893,train
2023-02-03,-0.9379670662214977,-1.0700864142954571,-1.066775904204013,-1.1387702800810826,train
2023-02-06,-1.2854696495942937,-0.9089914645353643,-0.9010447099289028,-1.0883731395463092,train
2023-02-07,-1.3136758436953575,-1.0801687077064208,-1.0651335385048135,-1.2119658686792063,train
2023-02-08,-1.2226389613579403,-0.9326838111729703,-0.9285858240942281,-1.0258764847436022,train
2023-02-09,-1.2060040071948483,-1.057721003926291,-1.077296338076823,-1.0744059463641114,train
2023-02-10,-1.206479785110681,-1.1589940840473545,-1.184315026753424,-1.1893562197167957,train
2023-02-13,-1.186640094257465,-1.2535909468982611,-1.2645512018192824,-1.2589557406793022,train
2023-02-14,-1.256749823244895,-1.3223575480799776,-1.2995732790979986,-1.4021197542889245,train
2023-02-15,-1.481000773350429,-1.1340663098910913,-1.1194461034586305,-1.2155316467213528,train
2023-02-16,-1.5515962969908232,-1.2251963313129532,-1.235567535587696,-1.3125527918706308,train
2023-02-17,-1.6021004752717034,-1.2637316035107404,-1.2855507303380194,-1.332005957402477,train
2023-02-20,-1.6251310224261228,-1.2357896600224052,-1.245473492793157,-1.3357612466554174,train
2023-02-21,-1.538180115950189,-1.4820528579985854,-1.456400353815982,-1.5056447949479508,train
2023-02-22,-1.5926238157609185,-1.3568355856001086,-1.342564274819171,-1.4640643508147848,train
2023-02-23,-1.4956865563792177,-1.4514913902397943,-1.4636993932573763,-1.5257257329182352,train
2023-02-24,-1.4631161428467494,-1.4991041643411207,-1.521576941595802,-1.5882404387925713,train
2023-02-27,-1.5405503794520945,-1.4571413786748157,-1.4614160179252917,-1.5224105224130262,train
2023-02-28,-1.5430578191532813,-1.446933773927851,-1.4208868677444104,-1.5273263281739209,train
2023-03-01,-1.3572686263371923,-1.4160985993648625,-1.4027757333799158,-1.499723298695958,train
2023-03-02,-1.3900622667802944,-1.3461499177598553,-1.3511248907142068,-1.4558277229282408,train
2023-03-03,-1.4059146279407129,-1.3825646138914771,-1.403465768574006,-1.4820922328574009,train
2023-03-06,-1.1731630908372739,-1.468871539254734,-1.4846800006995353,-1.4779867217212204,train
2023-03-07,-0.8811775952963202,-1.4787629888888345,-1.4528542695725517,-1.4841236655392833,train
2023-03-08,-0.9499248911286466,-1.2958411521905917,-1.281459607752276,-1.2971959922523089,train
2023-03-09,-0.7600097306610392,-1.3884518792818732,-1.397951250583321,-1.3771227585981056,train
2023-03-10,-0.5700688642011654,-1.45485865957145,-1.4787358970167972,-1.2965348246778783,train
2023-03-13,-0.6588194689369259,-1.2197805402050153,-1.2182840264516006,-1.1857485086387944,train
2023-03-14,-0.8113042617269015,-1.0321647366414912,-1.0194415271314463,-0.9946210472025637,train
2023-03-15,-0.8889761327936935,-1.1621632950369563,-1.1565277282215052,-1.1369583962241336,train
2023-03-16,-0.8723279086626701,-0.9650003532563507,-0.9639371755799471,-0.776264616667987,train
2023-03-17,-1.0586265499350924,-0.8503641830634536,-0.8550463940303035,-0.80175242182153,train
2023-03-20,-0.9525075358322681,-1.0538848907321665,-1.0751547861366946,-0.910991404120771,train
2023-03-21,-1.012675810305942,-1.0670025524875455,-1.0537789858293296,-0.9444369003363238,train
2023-03-22,-1.0074709491164986,-1.2366388817764942,-1.235895350642691,-1.1060785497245986,train
2023-03-23,-1.3489899672112962,-0.9967258917388434,-0.9914123141093151,-1.0848079378473496,train
2023-03-24,-1.4501200358864972,-1.1659994599773909,-1.1800789557914633,-1.2042011822343877,train
2023-03-27,-1.642010266854954,-1.0613034346035395,-1.0645254771174117,-1.1677836449798034,train
2023-03-28,-1.5760641298724214,-1.1884638182914344,-1.1695587743388622,-1.2614676455626497,train
2023-03-29,-1.5114882387381725,-1.2243347731535825,-1.2211418075745455,-1.2981709100808707,train
2023-03-30,-1.4930883528979426,-1.347850133304627,-1.366710518632676,-1.4438012465652057,train
2023-03-31,-1.5661205001322338,-1.371531450187765,-1.392696035379934,-1.5098741772827071,train
2023-04-03,-1.6631755180210654,-1.4074441141276006,-1.4137577605779865,-1.4708162377979748,train
2023-04-04,-1.8250306712396327,-1.3507656201121654,-1.3248205963506574,-1.4451164910677112,train
2023-04-05,-1.964233559599078,-1.339665719276918,-1.3273789356543009,-1.4256666302292702,train
2023-04-06,-1.6136688627391789,-1.361414072181897,-1.3762827902340513,-1.3946657565012968,train
2023-04-07,-1.504761678701488,-1.4934144876051196,-1.52694622649518,-1.5086190233901515,train
2023-04-10,-1.3995846123431173,-1.53150510695202,-1.548098136804323,-1.6180146320912296,train
2023-04-11,-1.3599909493401643,-1.5856655841405083,-1.5538826834724386,-1.664544917951048,train
2023-04-12,-1.3642579668620436,-1.6637733760705522,-1.6482256525562704,-1.7628595020672764,train
2023-04-13,-1.6444960593726277,-1.41091712915057,-1.401020055802525,-1.5339530927250569,train
2023-04-14,-1.6800981265089716,-1.459087496847076,-1.4742883387441266,-1.5962485186456536,train
2023-04-17,-1.6731150567887003,-1.4031310251003866,-1.4102275837030995,-1.5072662837812174,train
2023-04-18,-1.7304225138312415,-1.4366375805768705,-1.4132087123523425,-1.5441785541707054,train
2023-04-19,-1.677929238149727,-1.5064752412593643,-1.5006371392113727,-1.597621423329704,train
2023-04-20,-1.5061746613556326,-1.5659521522730875,-1.5813540902397176,-1.6637000019503798,train
2023-04-21,-1.44303153462634,-1.5553530535854476,-1.5742696681871278,-1.6253831155093459,train
2023-04-24,-1.369405610924211,-1.5282733125478842,-1.5322063022399695,-1.6205679711535221,train
2023-04-25,-1.375712909916521,-1.6560063798042153,-1.6269650561781148,-1.7301312478064568,train
2023-04-26,-1.3141813560905038,-1.6107131418319507,-1.5991549601245296,-1.634358537063454,train
2023-04-27,-1.3637313639815534,-1.4498310234585472,-1.4521204426299124,-1.3840381500125112,train
2023-04-28,-1.2522035756439758,-1.450099723237199,-1.4647095289261367,-1.2369659713218963,train
2023-05-01,-1.3402787764887152,-1.3762766576870713,-1.3787215821284762,-1.1483769219698006,train
2023-05-02,-1.356143341598102,-1.5242493085912998,-1.50048470320806,-1.2915427578812448,train
2023-05-03,-1.4789056094344606,-1.3982175003899364,-1.3895758333991228,-1.218566265410062,train
2023-05-04,-1.4876664283246308,-1.4037343040224048,-1.412903813502227,-1.3114926516955887,train
2023-05-05,-1.7057163827151869,-1.3010547341246546,-1.3067614729031674,-1.3698576737665613,train
2023-05-08,-1.8429605551425206,-1.415196779184856,-1.4266238711271435,-1.5307599076840905,train
2023-05-09,-1.8741046453494656,-1.5334589992737842,-1.509242020449214,-1.6107619528184343,train
2023-05-10,-1.8233689472855579,-1.6168539067200536,-1.609749240319821,-1.658556368411701,train
2023-05-11,-2.0121106376002786,-1.4812986093064653,-1.4873915660292265,-1.5556145927336573,train
2023-05-12,-2.100581096081293,-1.5809253383742143,-1.5983287474998342,-1.6528029447105146,train
2023-05-15,-1.9682369859027544,-1.737445697487587,-1.754574135245084,-1.7717614026344342,train
2023-05-16,-1.8759462346249425,-1.814645285210904,-1.7810460832095312,-1.8906959755063901,train
2023-05-17,-1.88282831328952,-1.7221541813603292,-1.7083056718858418,-1.8102467560070354,train
2023-05-18,-1.8342327327698718,-1.8057355868521083,-1.8208099908725612,-1.8886523971743503,train
2023-05-19,-1.8264763850414805,-1.8209767649166517,-1.8418881608834143,-1.9015213157130395,train
2023-05-22,-1.8466857707849706,-1.7215236539308985,-1.725876208298596,-1.82995751174644,train
2023-05-23,-1.958835950364897,-1.7135462890216058,-1.6828367068299506,-1.8377319291557754,train
2023-05-24,-1.8929915794532441,-1.7380908931976553,-1.7248016794280516,-1.846216360485528,train
2023-05-25,-1.810863740622798,-1.6888441491695458,-1.7019758724005503,-1.7789756990470815,train
2023-05-26,-1.8077996390326054,-1.705432864906555,-1.7301992440496081,-1.7530538749963789,train
2023-05-29,-1.8313288864314001,-1.6903861168749665,-1.6993277413929582,-1.6572902561065612,train
2023-05-30,-1.6994750215582322,-1.9145791072647427,-1.880321233190653,-1.8088942069529939,train
2023-05-31,-1.766572828547074,-1.7607401863638845,-1.7449105656386756,-1.7071027635269256,train
2023-06-01,-1.9007349085559495,-1.6955406447387678,-1.7012179285787006,-1.7226743473947255,train
2023-06-02,-1.9595405284065555,-1.7623895688033213,-1.7862867080811136,-1.8201275418531557,train
2023-06-05,-2.0808191172635078,-1.7652873613452835,-1.7759286507516516,-1.8928013870375848,train
2023-06-06,-2.1601539582355684,-1.6828305394324345,-1.656302899355176,-1.8336979325368956,train
2023-06-07,-2.0528052802337386,-1.7715497756646297,-1.7614146141813478,-1.891087154073091,train
2023-06-08,-1.8231436746021186,-1.8269133877272445,-1.8460239245279244,-1.7125760862407624,train
2023-06-09,-1.6358987407413397,-1.8761157947985667,-1.9074733154228736,-1.5943435212624542,train
2023-06-12,-1.5601623952372967,-1.9810514975709368,-2.002146608702725,-1.7208108645234237,train
2023-06-13,-1.5968885312427539,-1.9500908708510434,-1.9152137438732415,-1.7321861207535636,train
2023-06-14,-1.6460204007163193,-1.8565650313041053,-1.838582746444291,-1.6547896972144387,train
2023-06-15,-1.8561848823374842,-1.7108056435765195,-1.7113688852025517,-1.704471226747247,train
2023-06-16,-2.0525161581368794,-1.6299358032266862,-1.6408074846473701,-1.77456187235661,train
2023-06-19,-1.9298154138187231,-1.6440722945604869,-1.6604181450204896,-1.7216964448482237,train
2023-06-20,-1.9274683522020366,-1.7495562391350339,-1.722211567109609,-1.7785254008484013,train
2023-06-21,-1.9149851904877908,-1.7221475222750133,-1.7121104070356825,-1.7749552083788214,train
2023-06-22,-1.855758408799925,-1.8535416855548703,-1.8755575393105288,-1.8709098960708737,train
2023-06-23,-1.7437479026173168,-1.8841841196888165,-1.9080492025810076,-1.8938050301001663,train
2023-06-26,-1.8477366751036768,-1.7594228781655148,-1.7607478261101186,-1.7871205667084682,train
2023-06-27,-1.8009473291662055,-1.8906354734899458,-1.8580602952467382,-1.8838673023281527,train
2023-06-28,-1.9140521288083518,-1.8254689689263723,-1.8109359203672488,-1.8270363483584433,train
2023-06-29,-1.9351834830816506,-1.7857289346072145,-1.8005289049254876,-1.8244964736288887,train
2023-06-30,-1.7600361071468753,-1.683685581466093,-1.6983873104767253,-1.71958423773801,train
2023-07-03,-1.6449298403599233,-1.7744274445325647,-1.786411969630629,-1.777591015363834,train
2023-07-04,-1.6726625775486414,-1.770307401593291,-1.7412977720397134,-1.8057864716695498,train
2023-07-05,-1.6424352768727637,-1.9553788925090958,-1.946312975578209,-1.9756344492071727,train
2023-07-06,-1.510782874393161,-1.8684984898271102,-1.8839974342110084,-1.8401732162886648,train
2023-07-07,-1.7005832629148108,-1.6775572312468376,-1.6778733872564568,-1.724987651507338,train
2023-07-10,-1.8200482211173217,-1.6675396351082468,-1.670305773345299,-1.786051268987913,train
2023-07-11,-1.7996512188613814,-1.8069954554802645,-1.7767274505981654,-1.8997952333422174,train
2023-07-12,-1.6404996842782689,-1.7940344135094128,-1.7858054406690855,-1.8751015410086982,train
2023-07-13,-1.722446842274611,-1.5794262961551957,-1.5858251578679001,-1.7422437621255604,train
2023-07-14,-1.7332785295468875,-1.7058002332948523,-1.727333581138125,-1.8452209520405547,train
2023-07-17,-1.7824431147665183,-1.7665959554555855,-1.7780500090842848,-1.884805555954524,train
2023-07-18,-1.5663745206067148,-1.800387449392453,-1.7704235041984824,-1.8469844805591669,train
2023-07-19,-1.665065939139443,-1.6295642497243092,-1.6170531382959583,-1.6976355015431335,train
2023-07-20,-1.6340282760256857,-1.6724461465853708,-1.6842692994655442,-1.6287069238686633,train
2023-07-21,-1.4199300864635507,-1.7002141344260449,-1.7238922308075166,-1.4887902626089118,train
2023-07-24,-1.2614280017008068,-1.7687516212959091,-1.7876337988930704,-1.514638095642481,train
2023-07-25,-1.3968768249534325,-1.5341012987544331,-1.510083900145662,-1.3162793781877165,train
2023-07-26,-1.37655299346486,-1.7057758935611238,-1.6957102994287023,-1.4556155033231757,train
2023-07-27,-1.3816988773124679,-1.6143946854039533,-1.623647963850292,-1.4593884718859076,train
2023-07-28,-1.5096494946777381,-1.4481490869385083,-1.4523223294011536,-1.4957350910817404,train
2023-07-31,-1.5863345690566093,-1.3779640249977536,-1.3842223391510509,-1.358998775617696,train
2023-08-01,-1.6257876322210578,-1.5585344652001196,-1.5349102385723041,-1.5818691296673872,train
2023-08-02,-1.6698218360545303,-1.5303444843945169,-1.5236861646779387,-1.5685333428976074,train
2023-08-03,-1.7703443003713026,-1.4857762222096278,-1.4996527131376547,-1.5391521695881294,train
2023-08-04,-1.8084925811424668,-1.4906697223293846,-1.5065735225326176,-1.4907669808576345,train
2023-08-07,-1.8843984855157843,-1.5068574097540557,-1.513785027943014,-1.5925641682209812,train
2023-08-08,-1.827071586954383,-1.6615359692226612,-1.6337840088693976,-1.7347819348600502,train
2023-08-09,-1.7209778719733089,-1.6834166144064573,-1.673850182386095,-1.7508962548139013,train
2023-08-10,-1.7150194157259175,-1.7171826735597069,-1.7358948177188167,-1.7737806470002115,train
2023-08-11,-1.8152060098037603,-1.6476208088459483,-1.6618367831080683,-1.7397062680963076,train
2023-08-14,-1.89662817232415,-1.6974459868351617,-1.7049743625358642,-1.802476616521789,train
2023-08-15,-1.9764228450238222,-1.6949561711385326,-1.6649308605123314,-1.7984617780358716,train
2023-08-16,-2.105543330109203,-1.6004079514914984,-1.5868600083249098,-1.7268278767855183,train
2023-08-17,-1.8118981616337602,-1.658008694154378,-1.6775208373907144,-1.7171534023279638,train
2023-08-18,-1.8247041580276748,-1.7174755947023717,-1.7456817777362263,-1.7667352084263412,train
2023-08-21,-1.5977071917271395,-1.7683952052034757,-1.7846923985312206,-1.829411371624096,train
2023-08-22,-1.6089076527793795,-1.8466727589061063,-1.8129975383760208,-1.902823231365749,train
2023-08-23,-1.4274859416290808,-1.8494145377391247,-1.8330384532138295,-1.909692021999902,train
2023-08-24,-1.5652896359980553,-1.6349977033619276,-1.6312630576702734,-1.716107679939498,train
2023-08-25,-1.496776034804056,-1.7910992605997595,-1.8198037520086277,-1.8403549835159727,train
2023-08-28,-1.471603152770309,-1.5618716130282364,-1.5609444991827592,-1.4917902974743953,train
2023-08-29,-1.4903158599552258,-1.7795873335726262,-1.7499976315945271,-1.7207628225231075,train
2023-08-30,-1.6653838015504718,-1.516067088102926,-1.502789564014693,-1.4276361660209784,train
2023-08-31,-1.668585426658941,-1.6389516316054815,-1.6521913877181196,-1.590353997807407,train
2023-09-01,-1.7492981407788624,-1.592716577165592,-1.6146414120054056,-1.5972902672310887,train
2023-09-04,-2.095676270587402,-1.4939885218581284,-1.4941651614400933,-1.6175910944907483,train
2023-09-05,-2.009833786421886,-1.7733584263923001,-1.7453342967898073,-1.8009005657094703,train
2023-09-06,-2.031227873347532,-1.736041596767705,-1.7244345186360814,-1.8155873366637492,train
2023-09-07,-2.0409811411997847,-1.6970018082913483,-1.7088565596820542,-1.7543702939063701,train
2023-09-08,-1.75957073411139,-1.7987455312783245,-1.8281474304028005,-1.641997882433072,train
2023-09-11,-1.7016453705262,-1.9322219764161546,-1.9486028177037529,-1.7983955318059213,train
2023-09-12,-1.7438697234675031,-1.86520198853934,-1.8320500615821131,-1.7780787242870766,train
2023-09-13,-1.7915405257993562,-1.8649001228522428,-1.849814734090063,-1.7978395493689383,train
2023-09-14,-1.6567991692665405,-1.8239674654754219,-1.8324154794266005,-1.6007411317831406,train
2023-09-15,-1.8140037564969702,-1.6470205973038996,-1.6506954496508046,-1.6067459011444627,train
2023-09-18,-1.6431823180262508,-1.7168870600770885,-1.7314824324518192,-1.577346466904976,train
2023-09-19,-1.6164524885267053,-1.841143342054656,-1.8102876353138186,-1.6877651388699042,train
2023-09-20,-1.5888511017863065,-1.860936715105194,-1.8505477716520953,-1.6973035055052632,train
2023-09-21,-1.7131691037683707,-1.6376819459643894,-1.6390027470754653,-1.6893535364023746,train
2023-09-22,-1.6257580029404446,-1.739094675419248,-1.7556011753238083,-1.7320764691022352,train
2023-09-25,-1.7492702689133746,-1.6189189612341375,-1.6189622889427946,-1.6656111257066584,train
2023-09-26,-1.665865575845741,-1.7389289163631532,-1.7105137288590737,-1.7292060371346887,train
2023-09-27,-1.5059247397828652,-1.7179245072735725,-1.7098676363276866,-1.7050838512294366,train
2023-09-28,-1.4731761656082765,-1.6932351954348615,-1.706190628669609,-1.6483413680911458,train
2023-09-29,-1.5643550117794718,-1.6080740057042966,-1.6190754926135884,-1.614976859996903,train
2023-10-02,-1.2756772238661689,-1.6983828559327083,-1.7078772012273518,-1.6801832099494185,train
2023-10-03,-1.2915721537944433,-1.6585489575781316,-1.6320302192571048,-1.72325823201026,train
2023-10-04,-1.3747141869317379,-1.529291807895078,-1.5180861534690422,-1.5563552989452147,train
2023-10-05,-1.3902960124085522,-1.5317666110473735,-1.5456245029488653,-1.602269349667004,train
2023-10-06,-1.331417920084608,-1.5978782038643378,-1.6228219925454888,-1.6526003318290614,train
2023-10-09,-1.6719730150321848,-1.3377806130429883,-1.333052159076841,-1.4681994345741631,train
2023-10-10,-1.6891824075842907,-1.5095785033545046,-1.487581731907059,-1.5827405170278173,train
2023-10-11,-1.6291470744402972,-1.5327974762188086,-1.524880684224488,-1.629347772670203,train
2023-10-12,-1.6636824103184782,-1.515608167877578,-1.5306794673019424,-1.5974959119565957,train
2023-10-13,-1.5727174620155753,-1.4433534921933455,-1.460776936340226,-1.5590166087631596,train
2023-10-16,-1.5496487976834319,-1.611033333042894,-1.625593894762961,-1.6985455161721974,train
2023-10-17,-1.534116425504889,-1.6440130623138633,-1.6163066277706732,-1.7362953072771647,train
2023-10-18,-1.5579338578313269,-1.5503019001296494,-1.5377058759768982,-1.5824451962318138,train
2023-10-19,-1.607017505090363,-1.602240116802628,-1.6181800369074408,-1.626756153617812,train
2023-10-20,-1.7950620677858178,-1.456372789711875,-1.4623179035483282,-1.324654021303536,train
2023-10-23,-1.7405157095895083,-1.536946512814806,-1.549960870610484,-1.414707717023511,train
2023-10-24,-1.7537043443941047,-1.546723849089586,-1.5212517001984238,-1.3756776374520971,train
2023-10-25,-1.6730445759523604,-1.5300183346374938,-1.5189334307847822,-1.3943332866522506,train
2023-10-26,-1.5779695387485801,-1.6416597700657696,-1.6657516171842381,-1.4009578758298702,train
2023-10-27,-1.5816273357023827,-1.6425742108278403,-1.6638177653067343,-1.5542841143967134,train
2023-10-30,-1.5211101504679252,-1.5768105879895542,-1.582232426573538,-1.3778753568457383,train
2023-10-31,-1.559701031636927,-1.6497634465601867,-1.6206104664421614,-1.4891551267008791,train
2023-11-01,-1.7194210282251146,-1.534127308302615,-1.518830715796305,-1.4024028811839726,train
2023-11-02,-1.8228478616385384,-1.5218717626797444,-1.5341065084018295,-1.5346425258059528,train
2023-11-03,-1.7588629442504229,-1.5641956839774727,-1.589663439297842,-1.5915034283861365,train
2023-11-06,-1.9439153884271358,-1.4588696834476815,-1.4629418434113577,-1.6193136709978615,train
2023-11-07,-1.9507739424908688,-1.6287219543458065,-1.6016459393341054,-1.77781453603513,train
2023-11-08,-1.4872741269021021,-1.703929717246137,-1.6933322602766894,-1.8287401496109865,train
2023-11-09,-1.445643982850215,-1.7595912346458777,-1.779130075126634,-1.7408135395405868,train
2023-11-10,-1.4784302504959428,-1.6498049570189541,-1.6641798609055254,-1.6204888426725796,train
2023-11-13,-1.4615679034615148,-1.7649548555523036,-1.7761737131867597,-1.7182086567246135,train
2023-11-14,-1.425552923247994,-1.829912380316925,-1.7969015412023372,-1.7779783592124025,train
2023-11-15,-1.8446945506061567,-1.4596458304736137,-1.4408165659482828,-1.4698579688385949,train
2023-11-16,-1.8017540865713664,-1.590382906068688,-1.6072619645021509,-1.7772238566775231,train
2023-11-17,-1.922494095615724,-1.6008005151805866,-1.6233024015015174,-1.7419803289404465,train
2023-11-20,-2.012394494139048,-1.5996542168677501,-1.6141980419494066,-1.7071472505674847,train
2023-11-21,-2.0758383067189423,-1.6012919780537256,-1.5762377693373906,-1.6998530917932364,train
2023-11-22,-1.99877560936421,-1.7429360565465504,-1.7310046556536107,-1.8443241105117263,train
2023-11-23,-1.9940567971502754,-1.6637957835891957,-1.6734769156620846,-1.6054597461820261,train
2023-11-24,-1.7779677078124,-1.8577395900635711,-1.8946916478490996,-1.7877453622189656,train
2023-11-27,-1.6514958473158545,-1.8714307745885028,-1.8886576790856162,-1.775622144899784,train
2023-11-28,-1.5760570993520686,-1.904351703300462,-1.8692264059464014,-1.807331350387651,train
2023-11-29,-1.5473667135723526,-1.8067957175998337,-1.7893861588770654,-1.7157004260225506,train
2023-11-30,-1.6093453411456666,-1.7834806612862222,-1.7889055908456362,-1.7625795924255523,train
2023-12-01,-1.6890038770132665,-1.6674309639111047,-1.6785781448132742,-1.7386285621167086,train
2023-12-04,-1.5971000071699974,-1.6227012173175324,-1.6312115881148654,-1.6749058354670256,train
2023-12-05,-1.6568703756376946,-1.6016277366503298,-1.5769786995574389,-1.6592573935111616,train
2023-12-06,-1.6937648043876992,-1.5725676302494538,-1.5627988336580012,-1.6013584985245117,train
2023-12-07,-1.4361146972420074,-1.6554545440113158,-1.6762910405344118,-1.4809361987521994,train
2023-12-08,-1.3029789143788428,-1.6531578886750442,-1.6761801333189918,-1.2804034025469582,train
2023-12-11,-1.3299157422592076,-1.5311977679947983,-1.5335286137775987,-1.1543457617718926,train
2023-12-12,-1.3429673422141823,-1.6997377360900268,-1.6718893444322591,-1.3115545643989546,train
2023-12-13,-1.375081212786862,-1.661808031021927,-1.6497054574307064,-1.3397062099515717,train
2023-12-14,-1.6327314704751605,-1.4343723072799077,-1.433363292211255,-1.3347283204165108,train
2023-12-15,-1.8620475670244665,-1.4087658769811726,-1.4189728944461575,-1.4683209420181011,train
2023-12-18,-2.020471521023725,-1.4441044644570071,-1.4524633341052575,-1.5916677466824711,train
2023-12-19,-2.0622323419846857,-1.5952383983189906,-1.5713427059004312,-1.7305238948298576,train
2023-12-20,-2.0675770133119546,-1.5864476442433966,-1.5801830339553715,-1.712133110017845,train
2023-12-21,-1.926165026211686,-1.701886466514218,-1.7232608618271104,-1.875078239027947,train
2023-12-22,-1.904525656141831,-1.7560909265272795,-1.7802813303257858,-1.8997837019387331,train
2023-12-26,-1.8966392615118846,-1.7921018070911687,-1.75927276832264,-1.8771873672874773,train
2023-12-27,-1.7572065808158481,-1.9153197002107925,-1.9027349498398494,-2.005360137426054,train
2023-12-28,-1.7701300681094811,-1.8418286562403852,-1.8559077926619216,-1.9166737529529123,train
2023-12-29,-1.6016147344783536,-1.711652964768908,-1.723312588661383,-1.629538028956763,train
2024-01-02,-1.6515186881609931,-1.7500893115697713,-1.718378647374698,-1.6375832345030323,test
2024-01-03,-1.675663364175462,-1.7461803118590464,-1.7309467996847085,-1.68296622610399,test
2024-01-04,-1.766682610611879,-1.6537876965319236,-1.6654497722476544,-1.640088424660095,test
2024-01-05,-1.6100202416745406,-1.732763122636073,-1.7636180662955507,-1.7305358405930344,test
2024-01-08,-1.8544887756088113,-1.5200168939064416,-1.517286192026051,-1.6517153602175592,test
2024-01-09,-1.902474028849408,-1.7314203985193681,-1.7024901139021993,-1.8696890917233508,test
2024-01-10,-1.8308006495444764,-1.7097655100857305,-1.6984886530518772,-1.8091634153837504,test
2024-01-11,-1.7849883823512893,-1.7990676922684599,-1.8207891986949403,-1.8197251421203442,test
2024-01-12,-1.9367529411367232,-1.6119511286106603,-1.6231108854691219,-1.7230815823689092,test
2024-01-15,-2.017735106112329,-1.7501553260747122,-1.7611341531410287,-1.8937492536408318,test
2024-01-16,-1.964573037979523,-1.9068651171406699,-1.8731003063973362,-2.0127065228127146,test
2024-01-17,-2.0753556941710816,-1.7534278749628693,-1.7378230679269127,-1.9110172726925394,test
2024-01-18,-1.9972389241026467,-1.7811610384181356,-1.7973701624388618,-1.8903935576060107,test
2024-01-19,-1.9225763749061835,-1.8391549506317721,-1.8619255169057896,-1.7508566647137325,test
2024-01-22,-1.863421644066137,-1.9242865230807757,-1.9418389208401239,-1.7861656505739976,test
2024-01-23,-1.8672618651478647,-1.886584613744583,-1.8541950869326405,-1.7468735395341717,test
2024-01-24,-1.8831304783647687,-1.9106225107772894,-1.8957137790603715,-1.7461099415306949,test
2024-01-25,-1.6934539353507672,-1.814608568814081,-1.8217293533772916,-1.5778582321716137,test
2024-01-26,-1.7306293840843088,-1.7833189468001642,-1.7984309046756033,-1.6545963544975042,test
2024-01-29,-1.4057947338726895,-1.7844854245949033,-1.7976661026783545,-1.6221567277360798,test
2024-01-30,-1.3883735357890254,-1.836456761638801,-1.80544252998062,-1.659092632234771,test
2024-01-31,-1.3944438763881797,-1.8504005588810761,-1.8390008454972346,-1.6897313001054446,test
2024-02-01,-1.6345511120571008,-1.6269246143252236,-1.6250204955247103,-1.674309816792615,test
2024-02-02,-1.7259486299060682,-1.7466091628401506,-1.7686069322830342,-1.8410278969871392,test
2024-02-05,-2.29598268864393,-1.4838395771104624,-1.477591099192754,-1.635514471521206,test
2024-02-06,-2.4012559706749155,-1.651858201642222,-1.6268731022806497,-1.7973260119399954,test
2024-02-07,-1.8269092244794534,-1.7073670038114168,-1.7022590550636367,-1.7954120694481466,test
2024-02-08,-1.8339851364537252,-1.8405407349816332,-1.8672683298218662,-1.8746498660911677,test
2024-02-09,-1.8151031335097731,-1.9257969813596354,-1.9640509618530222,-1.8932920364524677,test
2024-02-12,-1.782688859535473,-2.029054785716153,-2.0430392454331776,-2.03980733257218,test
2024-02-13,-1.827585806791656,-2.12817971130472,-2.088031821647532,-2.1715997102052707,test
2024-02-14,-2.427959847093105,-1.74294491914031,-1.7189014494931003,-1.8383721753184619,test
2024-02-15,-2.4550093160593427,-1.9745617247058491,-1.9980674031518442,-2.084210617374658,test
2024-02-16,-2.3020880053557904,-1.9546598592871143,-1.9869051213074722,-2.0667437798717265,test
2024-02-19,-2.410675648442797,-1.8976319863716327,-1.9115388816308856,-1.9855544048623637,test
2024-02-20,-2.352771234255733,-2.1324854690021566,-2.095042102556445,-2.1634781666316716,test
2024-02-21,-2.40227930868571,-2.1574073314903606,-2.137803814175513,-2.239175119794842,test
2024-02-22,-2.4097339257264574,-2.2041966373560533,-2.224426043036914,-2.263152467188656,test
2024-02-23,-2.5465802030349365,-2.0407468370298556,-2.0532603501349898,-2.110583244224116,test
2024-02-26,-2.4948444465917685,-2.2054132033368563,-2.2220299149984424,-2.263617685711057,test
2024-02-27,-2.5128007415031104,-2.197807454271772,-2.1577517473535797,-2.256434387742139,test
2024-02-28,-2.471367505925554,-2.2315918107573163,-2.2147763677472003,-2.2768285354477564,test
2024-02-29,-2.49256473722426,-2.2365615134654258,-2.25899664451529,-2.234369702356003,test
2024-03-01,-2.4457546976895523,-2.211398222503149,-2.232800590913205,-2.1031359453269554,test
2024-03-04,-2.3348209895650434,-2.2270469241848367,-2.239319621379059,-2.007678315730521,test
2024-03-05,-2.3385395775910185,-2.3204824634114147,-2.2785367943973327,-2.094084195167731,test
2024-03-06,-2.3329177253747866,-2.2784764516031695,-2.2604720813553314,-2.0188043829680753,test
2024-03-07,-2.356915899044808,-2.3449488214593965,-2.3703401609139014,-2.1253600325552973,test
2024-03-08,-2.469771827103972,-2.2254669252896013,-2.244578497855266,-2.1544392549885,test
2024-03-11,-2.7232923956498847,-2.1642018587823153,-2.1702834442366354,-2.2717567326607804,test
2024-03-12,-2.7794753559208285,-2.301793707557507,-2.2623358073722866,-2.39606112991858,test
2024-03-13,-2.9207223336676535,-2.243349220442188,-2.22677021177118,-2.4099861042659323,test
2024-03-14,-2.516562477578544,-2.344059529788227,-2.375245708504522,-2.3032004236644186,test
2024-03-15,-2.465763566967673,-2.3498021749123867,-2.381198527093094,-2.2716629065200658,test
2024-03-18,-2.4369311782786354,-2.496289047802168,-2.5177332233428578,-2.3517297867733538,test
2024-03-19,-2.392382542798758,-2.5825832095226517,-2.5357668446238018,-2.452891810159675,test
2024-03-20,-2.3661258484673255,-2.627424785490307,-2.6063888003880624,-2.4863719840467557,test
2024-03-21,-2.712963911051163,-2.3067138468887167,-2.3060464591122245,-2.376171236821434,test
2024-03-22,-2.711889368530613,-2.3691253855013223,-2.3928293151050255,-2.5221724685195976,test
2024-03-25,-2.76828256401935,-2.410372486695024,-2.430192331986475,-2.5169599819680784,test
2024-03-26,-2.671346290299338,-2.4057191068547876,-2.3651756150743934,-2.4821223494648628,test
2024-03-27,-2.578210455104521,-2.3912159963005024,-2.3768149064143946,-2.410412980298385,test
2024-03-28,-2.4637100669145076,-2.5441065203667947,-2.5722892473084285,-2.527269732413088,test
2024-03-29,-2.542936282405377,-2.4332742802272236,-2.4553137626582022,-2.429634625203758,test
2024-04-01,-2.1778459278429985,-2.568334403333925,-2.5913834105899283,-2.4914917349943675,test
2024-04-02,-2.2298897251837,-2.4457328973859096,-2.4027586028032184,-2.385003771641849,test
2024-04-03,-2.2942920260960733,-2.406277652340362,-2.386180619432175,-2.3888122908470764,test
2024-04-04,-1.5999167238102485,-2.3416460711977294,-2.359308362743357,-2.359382478666584,test
2024-04-05,-1.48201405167273,-2.4206410073141336,-2.4558505244958515,-2.267805193588499,test
2024-04-08,-1.5608593959521821,-2.110362617758956,-2.1112798066165923,-2.0989627944792475,test
2024-04-09,-1.4644870887096126,-2.325857368579378,-2.2884467897448273,-2.2776736646800373,test
2024-04-10,-1.3547231478332868,-2.3852962278917893,-2.3716533192291456,-2.3437506730829094,test
2024-04-11,-1.7768578583810435,-1.8755055799062943,-1.8601735139176452,-1.8342553078715333,test
2024-04-12,-1.9007779077429692,-1.929100533638293,-1.9489235655772583,-2.032466747284893,test
2024-04-15,-1.8634963386224805,-2.005933398631974,-2.0220107808206382,-2.0792017020266047,test
2024-04-16,-1.9711444644578695,-1.8799380290250178,-1.8543523038505747,-1.9704916903276204,test
2024-04-17,-1.916339957381917,-1.742153885451383,-1.7354505532064624,-1.7627156335020164,test
2024-04-18,-2.0039791867050742,-1.8674627619488422,-1.8853142595532881,-1.9227874297345542,test
2024-04-19,-1.9374704309500996,-1.9816221340851137,-2.0177680400155467,-2.0121126916756005,test
2024-04-22,-2.0072263905768972,-1.894152317712941,-1.906720543878312,-1.9409385265040955,test
2024-04-23,-1.965676041470002,-2.0311987600047314,-1.9991059205255508,-2.0398911824548054,test
2024-04-24,-2.0467717733443966,-1.8659558825141305,-1.849535278716895,-1.8968741916000096,test
2024-04-25,-1.9013738049886697,-2.0293869980752977,-2.052862363260667,-1.9344089559685522,test
2024-04-26,-1.8899349553165419,-1.9235803669436407,-1.9477613329955246,-1.826222852131003,test
2024-04-29,-1.6493229583307099,-1.9691757922876996,-1.9852423055420612,-1.7566020298107115,test
2024-04-30,-1.7272782455968605,-1.9392521785163843,-1.9071737126746378,-1.7604059158841567,test
2024-05-01,-1.8604919781265155,-1.8858008769574595,-1.8689780216031975,-1.7657919370221524,test
2024-05-02,-2.0716682310519974,-1.800755944450199,-1.8103433824611095,-1.8430676171977458,test
2024-05-03,-2.1858444688006458,-1.822652983602456,-1.8462847621108103,-1.8807066280941078,test
2024-05-06,-2.793246191138514,-1.6138702939811094,-1.6146719192749772,-1.8542330516209442,test
2024-05-07,-2.7827882537076976,-1.9644887548308196,-1.9318386244775463,-2.1757669448761607,test
2024-05-08,-2.7241632989622184,-2.0133612341434266,-2.0025761855417916,-2.2164042031557685,test
2024-05-09,-2.43984616627635,-2.19519879056562,-2.228311487621312,-2.224803993310771,test
2024-05-10,-2.4924529760930554,-2.1580349282499367,-2.1872539956991046,-2.212783031844819,test
2024-05-13,-2.5056839691799673,-2.361433385706953,-2.3763907150693786,-2.318759766470545,test
2024-05-14,-2.5232546951378754,-2.412743404123548,-2.3653152272988622,-2.382857393588607,test
2024-05-15,-2.593427533158566,-2.3231137209540567,-2.299841449640219,-2.327782049217869,test
2024-05-16,-2.857352073278523,-2.142427891831593,-2.1475332596640393,-2.2516688442071757,test
2024-05-17,-2.6631854342934256,-2.3141264672192,-2.3510755340938823,-2.3359731086659017,test
2024-05-20,-2.7075347096117515,-2.3393198257743024,-2.3606066540424124,-2.423046863046541,test
2024-05-21,-2.6796148778553848,-2.410245070999558,-2.3661396357453057,-2.5187063263593874,test
2024-05-22,-2.7070278220407955,-2.412908021322394,-2.3937855457788975,-2.479172870623651,test
2024-05-23,-2.6175134835038643,-2.4711866686172734,-2.4889059711402086,-2.5452103104761687,test
2024-05-24,-2.769720114990652,-2.338308303415171,-2.354928491145598,-2.4575263681537187,test
2024-05-27,-2.615190727076388,-2.514713865954186,-2.5392871018581618,-2.535203849885688,test
2024-05-28,-2.5046031712446775,-2.4902699197903444,-2.44513063226822,-2.447588238469872,test
2024-05-29,-2.4435426085421983,-2.52375836195225,-2.504972700792733,-2.523526253240729,test
2024-05-30,-2.464786350382593,-2.4008352139221407,-2.41360911720266,-2.404898167612379,test
2024-05-31,-2.417036556325563,-2.506067156616905,-2.536132781522848,-2.4100580376068,test
2024-06-03,-1.9628970461391362,-2.407443065838597,-2.418826446164486,-2.239163752484373,test
2024-06-04,-1.9718721803653,-2.366094712285444,-2.326457684395002,-2.2214511759021582,test
2024-06-05,-1.9347680228654658,-2.3840781725742275,-2.368756745126379,-2.2358091111317577,test
2024-06-06,-1.6111825959284345,-2.3601553289596637,-2.3794994402674194,-1.9943519965515113,test
2024-06-07,-1.559652151047521,-2.329605940479268,-2.3599542250172187,-2.0645771981932386,test
2024-06-10,-1.782130024831305,-2.003450446853126,-1.996703674437639,-1.8888073652523563,test
2024-06-11,-1.786802813995663,-2.1982283849588216,-2.164399079182458,-2.0587171523332737,test
2024-06-12,-1.7809640068025399,-2.1468875690631033,-2.134819708744278,-1.9878352160463468,test
2024-06-13,-2.2434378720254218,-1.821796498527804,-1.8208322212749584,-1.935259206845056,test
2024-06-14,-2.361861153158568,-1.9028336370888583,-1.9321552588864637,-2.0159507187939703,test
2024-06-17,-2.3438348583017756,-1.9811614649949754,-1.996492052938475,-2.0091028557118498,test
2024-06-18,-2.3851719616903675,-2.0522757331633144,-2.022033762204404,-2.0821723714267764,test
2024-06-19,-2.4968514889540305,-2.0075326192744543,-1.997950259334365,-2.062713753395336,test
2024-06-20,-2.3999553799859514,-2.264418867893209,-2.2967999817228635,-2.2930445244270174,test
2024-06-21,-2.4011472401350775,-2.238165647590835,-2.2694994684498115,-2.27277914277677,test
2024-06-24,-2.5011072219940886,-2.1411211425132306,-2.1466081745376853,-2.2512514218665562,test
2024-06-25,-2.373899178316374,-2.2889592457086594,-2.2488724066480326,-2.32476276054617,test
2024-06-26,-2.3387492251935833,-2.352436142954233,-2.335462775081319,-2.3408945720595877,test
2024-06-27,-2.321701342255552,-2.226403816756518,-2.243298239466779,-2.2459558170449916,test
2024-06-28,-2.4253660706590203,-2.2346630807458245,-2.2650978964486157,-2.2459813253317327,test
2024-07-01,-2.4555166362661365,-2.2267343824197465,-2.236747681294256,-2.194673063966706,test
2024-07-02,-2.54137200430956,-2.1518049975372397,-2.113675800265112,-2.1817050264783076,test
2024-07-03,-2.5950764397372432,-2.200457245079425,-2.1853961546000273,-2.2591506103370507,test
2024-07-04,-2.798347812543066,-2.1478244644579445,-2.1648588339848973,-2.183815837936145,test
2024-07-05,-2.2883248737289605,-2.375086358144841,-2.427005919516609,-2.3653802702732696,test
2024-07-08,-2.3578521618344594,-2.251123184414771,-2.2637335819539595,-2.3183430140235743,test
2024-07-09,-2.3934796644920375,-2.29666010842696,-2.254474447525299,-2.354204215097202,test
2024-07-10,-2.370056894957783,-2.4154621891973136,-2.397569660418661,-2.4433351907654823,test
2024-07-11,-2.287668033343749,-2.5854059705602,-2.617328751349143,-2.6166265079253934,test
2024-07-12,-2.738732415852959,-2.1459200258245175,-2.148717226930556,-2.089292787387835,test
2024-07-15,-2.759419454852015,-2.3968506437891235,-2.417993328727309,-2.328028616050488,test
2024-07-16,-2.805459042599539,-2.4104667203095835,-2.3678500027271467,-2.354838391531498,test
2024-07-17,-2.8303309838809283,-2.415300297729335,-2.397822601883389,-2.3932502323623943,test
2024-07-18,-2.8484782281838976,-2.332579242373372,-2.3556930744445452,-2.239230966584767,test
2024-07-19,-2.7077607383853093,-2.510686522081526,-2.5487213161289533,-2.551234119973394,test
2024-07-22,-2.7080212511677866,-2.519047895295361,-2.5399677334391098,-2.5569730803544797,test
2024-07-23,-2.6967766063318166,-2.545743121082787,-2.4999322957089687,-2.582922440106694,test
2024-07-24,-2.673498895717965,-2.5639270784710537,-2.5435794521021577,-2.536861244430427,test
2024-07-25,-2.5103295045703122,-2.5436953205839754,-2.561765674238783,-2.4413677771228315,test
2024-07-26,-2.423786951417083,-2.437483548492631,-2.4603835544132777,-2.3282338973546,test
2024-07-29,-2.1006208399639834,-2.5264933671509655,-2.548220739401139,-2.348905014983529,test
2024-07-30,-1.6499619483677472,-2.5174012018465013,-2.4735373784764954,-2.3255467732854305,test
2024-07-31,-1.6002218027637178,-2.498650392315575,-2.4800237074863776,-2.3615931564613155,test
2024-08-01,-1.647313454625483,-2.3490312990305244,-2.3584197978986996,-2.3681371051629725,test
2024-08-02,-1.6613559448833843,-2.3083553269024955,-2.3270274212893742,-2.359014319759279,test
2024-08-05,-1.867314023649939,-2.1080871619968637,-2.109750589896878,-2.174118294001148,test
2024-08-06,-2.4707940475924475,-1.8251391857531387,-1.8004646172379728,-1.9087096611330385,test
2024-08-07,-2.544831854520382,-1.9493672864463987,-1.943112660665146,-2.025776583874452,test
2024-08-08,-2.471124527429443,-2.0294763882844764,-2.060807436464442,-2.0473389437105434,test
2024-08-09,-2.3315021316275413,-1.9750713212606816,-2.0074070263701467,-1.992736665316061,test
2024-08-12,-2.3322348468742224,-2.2332045034338406,-2.267537425187822,-2.319417291125675,test
2024-08-13,-2.281241436746204,-2.3957454040776,-2.354442446008656,-2.491025368283338,test
2024-08-14,-2.289846631096914,-2.3624996612828544,-2.343177778381674,-2.474011614959295,test
2024-08-15,-2.237145188968554,-2.287427766902664,-2.2995213815573865,-2.4518358548913075,test
2024-08-16,-2.339900203226028,-2.1695942721199555,-2.1801206479209996,-2.2900331920978587,test
2024-08-19,-1.9757844737310581,-2.366775804881669,-2.3958950597767728,-2.423238733822338,test
2024-08-20,-1.9775315235789457,-2.2513399943186068,-2.213292089592386,-2.314478998096032,test
2024-08-21,-1.971099965818665,-2.2540370920566835,-2.23833790877699,-2.306019551442909,test
2024-08-22,-1.9796713197831424,-2.14287516644592,-2.1531898508428626,-2.224762797457678,test
2024-08-23,-1.8194030698293493,-2.1667987285052988,-2.186312895095806,-2.258074365698368,test
2024-08-26,-1.9950599978390877,-1.9106119122054486,-1.9107079766278234,-1.9910161035933687,test
2024-08-27,-2.0172424968322193,-2.0742847620137503,-2.0409440105213092,-2.150602055161527,test
2024-08-28,-1.9822763549738416,-2.0574766762707557,-2.046518323501392,-2.0848803053360285,test
2024-08-29,-1.9943706454907335,-1.983237752654186,-1.9987122228994572,-2.0179637710512286,test
2024-08-30,-2.193465719044375,-1.8225243721930977,-1.8327145822101945,-1.8639185650686243,test
2024-09-02,-1.9335847329343403,-1.976322614694199,-1.9902065879499504,-1.9688925417719711,test
2024-09-03,-1.9059701926253416,-2.0951496754251475,-2.060163610015389,-2.068141269084014,test
2024-09-04,-1.9698240592844434,-2.0175154941695026,-2.004581133496255,-2.0314477573186416,test
2024-09-05,-1.9560190882602164,-2.018018042587748,-2.0347860373976747,-1.9218994695233684,test
2024-09-06,-1.964603678709329,-2.0693252420948154,-2.0925205348826967,-1.854621412145444,test
2024-09-09,-2.369496160169644,-1.8683462166036058,-1.865946732055366,-1.751728734743967,test
2024-09-10,-2.3960572990964666,-2.018989835353206,-1.9868888104841758,-1.8792415526869914,test
2024-09-11,-2.336173406185715,-2.1072230559808927,-2.0973339135026996,-1.9577606797376066,test
2024-09-12,-1.9589632703248405,-1.9787794280430524,-1.993439051621647,-1.7472167202710989,test
2024-09-13,-1.8705307158324767,-1.9905699819516505,-2.0165794485916657,-1.9256917430988092,test
2024-09-16,-1.8161159608521946,-2.235417571980769,-2.259064122951478,-2.1336964411737656,test
2024-09-17,-1.704561333124888,-2.2327802784242117,-2.1924871379223934,-2.079999715854067,test
2024-09-18,-1.6994950898617394,-2.1640276706461643,-2.1469459210700927,-2.035276470343792,test
2024-09-19,-1.986866892454952,-1.870621732025008,-1.8627438312811628,-1.9500277713301606,test
2024-09-20,-1.907184428519726,-1.9095871666141708,-1.9243655712305419,-1.9485179658910405,test
2024-09-23,-1.785467035277891,-1.9521892389499285,-1.9718520347850916,-1.9907801461442767,test
2024-09-24,-1.7229323485164358,-1.8089388541835605,-1.7808960019295876,-1.8744338659959712,test
2024-09-25,-1.6473721458381982,-1.900263448023194,-1.8923366178088112,-1.9167183614965217,test
2024-09-26,-1.6685086812112864,-1.9351007105854743,-1.95196325521904,-1.9460544875708656,test
2024-09-27,-1.8427953695741368,-1.8091597782155293,-1.819321827283315,-1.860937810233633,test
2024-09-30,-1.6824519404209242,-1.7766739295181129,-1.785388910058764,-1.7749556594117262,test
2024-10-01,-1.8150558907980063,-1.7387465874397539,-1.712023725058961,-1.7843770966474346,test
2024-10-02,-1.9240683763454074,-1.7302464555386543,-1.7208446323534479,-1.8215096378566211,test
2024-10-03,-1.9625215681463213,-1.792317103134296,-1.8179434754606252,-1.8811485368523377,test
2024-10-04,-1.8697586931414991,-1.894341932905876,-1.930461452337923,-1.9803752124491258,test
2024-10-07,-2.2263953672319756,-1.6616175613694146,-1.660169153067666,-1.817221695751411,test
2024-10-08,-2.2924740360112317,-1.8809239286946808,-1.8496822128377564,-2.0504291280969476,test
2024-10-09,-2.3112756694084786,-2.0017722862810996,-1.990155260829303,-2.123821167351571,test
2024-10-10,-2.34483937287918,-2.0239447438846954,-2.0485043667027343,-2.1735599344035905,test
2024-10-11,-2.31682168057007,-1.8693512795092735,-1.8889848911147589,-1.8353230460526728,test
2024-10-14,-2.414224628318933,-2.031860416387551,-2.046176067688345,-2.015157027749811,test
2024-10-15,-2.4710944715287724,-2.1203809709920733,-2.081530661258278,-2.063646875591596,test
2024-10-16,-2.4747187707863096,-2.133587852941011,-2.1178670966350035,-2.097877405957798,test
2024-10-17,-2.4558844856117727,-2.1645197125561695,-2.189180633912054,-2.0891045066378116,test
2024-10-18,-2.5997250289031673,-2.0119339585810074,-2.023244226336604,-2.069891720079209,test
2024-10-21,-2.5869408798713653,-2.2369815648381124,-2.2589987324235357,-2.2853499479756914,test
2024-10-22,-2.5436494375722307,-2.317617873791392,-2.273936789072417,-2.3624588028503615,test
2024-10-23,-2.392595133731763,-2.277850473238863,-2.258821219014579,-2.337898224498353,test
2024-10-24,-2.1823023670714408,-2.2724974905561877,-2.2925027022297084,-2.2714680514602295,test
2024-10-25,-2.1731777043287224,-2.23619734882086,-2.254027328087285,-2.2558565693191808,test
2024-10-28,-1.9709870164622645,-2.325468556905174,-2.3442273661417836,-2.2019611212248784,test
2024-10-29,-1.9003903871232852,-2.3173045353262625,-2.275011924315383,-2.176179246492593,test
2024-10-30,-2.003033455239633,-2.171063827047563,-2.150729220837841,-2.005826693409311,test
2024-10-31,-1.2078432739827412,-2.057167207795589,-2.0634725671192933,-1.9683492573509989,test
2024-11-01,-1.0561418221182222,-2.108879185984711,-2.132815936668243,-1.9695284509273558,test
2024-11-04,-1.0499677969897667,-1.948903052296511,-1.9558483582756132,-1.9827647503599415,test
2024-11-05,-1.00830836869844,-1.9653619087914602,-1.935618613729637,-2.044382766795838,test
2024-11-06,-0.9627004998060141,-2.1477594305446983,-2.139163879440026,-2.2046886201171603,test
2024-11-07,-1.4027305808937385,-1.5851370980841455,-1.563399740775379,-1.6320684028138142,test
2024-11-08,-1.4545848240197636,-1.607008202133172,-1.6147777184577552,-1.7237891162231609,test
2024-11-11,-1.389921820705783,-1.671233633104141,-1.6856342536056856,-1.6401515353681324,test
2024-11-12,-1.4237464860509321,-1.6350476501929234,-1.6147373433427124,-1.5577444016211448,test
2024-11-13,-1.3030295708160813,-1.5932742896662389,-1.5925490960343909,-1.5690228603554535,test
2024-11-14,-1.4163385188295416,-1.559033306370851,-1.5658859894238253,-1.5928152612825923,test
2024-11-15,-1.4644989156421782,-1.5583445464442054,-1.5705819655618671,-1.6170927470377383,test
2024-11-18,-0.8888888095848846,-1.5214099922950766,-1.529666939123052,-1.6089652430046886,test
2024-11-19,-0.781550182921777,-1.6305913925880389,-1.6077402899557798,-1.7188735888885074,test
2024-11-20,-0.7035585391570987,-1.449654912412864,-1.4413975559964987,-1.5231008375152606,test
2024-11-21,-0.6295117330809599,-1.5554979553704489,-1.5745564566777501,-1.6440542291382392,test
2024-11-22,-0.6662623152814442,-1.504570436839418,-1.5212726678490196,-1.5145549685746442,test
2024-11-25,-1.116193051418858,-1.1284722343666667,-1.1101248699021438,-1.1576572253230102,test
2024-11-26,-1.1177659943691007,-1.1861300236660415,-1.1720015055277109,-1.1857611025135117,test
2024-11-27,-1.2980168115569466,-1.0821167200743564,-1.0763299916590936,-1.0936601927995275,test
2024-11-28,-1.3844505053623348,-1.0332607298216918,-1.046665576930878,-0.9578771726122586,test
2024-11-29,-1.3325995800516732,-1.1905364703034371,-1.2293365712277973,-1.1812554990795654,test
2024-12-02,-1.2627722437434024,-1.2507065339655967,-1.263598957000621,-1.2604661114074718,test
2024-12-03,-1.4280605872108734,-1.1766675419204322,-1.1588157234767382,-1.2066243561552665,test
2024-12-04,-1.491787709588874,-1.3206545553106124,-1.3124151274720413,-1.3373914317128832,test
2024-12-05,-1.5149220799143273,-1.319149055901861,-1.3290496571447317,-1.3706084913240215,test
2024-12-06,-1.4955685198032727,-1.2875959618387416,-1.3082329935426114,-1.1829794830377018,test
2024-12-09,-1.6631358549396942,-1.2150753787456232,-1.2192704206327616,-1.1409094155511945,test
2024-12-10,-1.6288459100913129,-1.3994135858724854,-1.3750035636607716,-1.2260307472705085,test
2024-12-11,-1.6401786011854038,-1.4602655248871586,-1.4515983135130812,-1.272190267301422,test
2024-12-12,-1.3017254435081649,-1.4029150417121017,-1.4129201463865513,-1.0715765051705635,test
2024-12-13,-1.2508709685771797,-1.3782338084608061,-1.393436257949683,-1.1990496433915743,test
2024-12-16,-1.1862224930046172,-1.4932909887954031,-1.5050889345062626,-1.329271656937017,test
2024-12-17,-1.201154182522384,-1.465425458786884,-1.4382961483344245,-1.389841075698104,test
2024-12-18,-1.2123465731567709,-1.540069464421741,-1.5300316710394333,-1.4842229434322511,test
2024-12-19,-1.6705517712538893,-1.221532616588608,-1.2116087436640455,-1.436978191855244,test
2024-12-20,-1.910040492305486,-1.2922696240091271,-1.3031133527505327,-1.4517794381769142,test
2024-12-23,-1.9415115463079096,-1.270076886480392,-1.2789573146187663,-1.3779349381968586,test
2024-12-24,-1.9869436844166475,-1.3439566168449384,-1.3215847153909022,-1.4860434011100296,test
2024-12-26,-1.60158852527522,-1.449152988712849,-1.4774908344557447,-1.5906465500636127,test
2024-12-27,-1.5309558139749604,-1.7249582709890252,-1.768578936691311,-1.8088539241686086,test
2024-12-30,-1.087310884152482,-1.7684883073100977,-1.7840593489136924,-1.8154550925180724,test
2024-12-31,-1.0548064648777482,-1.6758555910982944,-1.643427090064844,-1.7459390879018857,test
2025-01-02,-0.9988827886677013,-1.767407269424153,-1.779486361775061,-1.821758006456946,test
2025-01-03,-1.1896371205170575,-1.492850139176047,-1.4891185462927234,-1.52248714031024,test
2025-01-06,-0.7809668060062711,-1.5990707960445436,-1.6158667577168484,-1.602494545909451,test
2025-01-07,-0.9867635932701533,-1.2046496478050825,-1.187324588283352,-1.24964812194395,test
2025-01-08,-0.9949823874942811,-1.3040051189662953,-1.2961326910856859,-1.3483390613397364,test
2025-01-09,-0.9289271878436843,-1.2866199112604761,-1.3030579867558385,-1.2488366300113627,test
2025-01-10,-0.8506279701009081,-1.5148545355831862,-1.5524457417101356,-1.5370154961129512,test
2025-01-13,-1.2343846807588548,-1.0512296598955508,-1.0407446153454678,-1.1289302741980234,test
2025-01-14,-0.7567981985637234,-1.2734360706443622,-1.2550259185635246,-1.3637822985071475,test
2025-01-15,-0.6834698134789703,-1.2770773457525704,-1.2696407845951738,-1.3460620464156652,test
2025-01-16,-0.7438503672021404,-1.1997885362017902,-1.2068544109056594,-1.3523573918321794,test
2025-01-17,-0.7949694126643226,-1.1586582815076176,-1.1805760433312575,-1.2825029579231366,test
2025-01-20,-0.7836957773124942,-1.297021863323708,-1.3106029966831068,-1.3662371254975676,test
2025-01-21,-1.335819578455208,-0.9217725960156831,-0.9103601731164027,-0.9804880873225668,test
2025-01-22,-1.518991682070526,-1.0134033336326722,-1.0084480673623233,-1.0816852541366626,test
2025-01-23,-1.5126294352368657,-1.1630072348108837,-1.1837535657664362,-1.1088053909879239,test
2025-01-24,-1.2573295722899822,-1.2631005976251917,-1.2974389918336449,-1.0325820781167698,test
2025-01-27,-1.151828192898454,-1.1827540880226375,-1.1971534739736551,-0.9390026308140794,test
2025-01-28,-0.6893043508805766,-1.3442236574121655,-1.3213628613876647,-1.0701615565572062,test
2025-01-29,-0.6808719274927667,-1.3612479095181143,-1.3489283531375416,-1.118769511631148,test
2025-01-30,-0.6949446235973326,-1.3565849413845243,-1.366706730922518,-1.2372353436412098,test
2025-01-31,-0.8348657197212953,-1.1516563775296047,-1.1527823247161428,-1.2317702803814408,test
2025-02-03,-0.8090733954002853,-1.1148142106048295,-1.116171362076352,-1.1855529575532484,test
2025-02-04,-1.3888584739629914,-0.8195689398060995,-0.8089358508429813,-0.9327591739845761,test
2025-02-05,-1.5293158618154976,-1.0038316058788985,-1.0019350427576168,-1.047316542908395,test
2025-02-06,-1.327386221818322,-1.0810049869619986,-1.1053731640129294,-1.056911097403724,test
2025-02-07,-1.1605446431642572,-1.218426193178462,-1.2523580578117888,-1.1828827339921082,test
2025-02-10,-1.3880981695846806,-1.0438292535110636,-1.0445569560425185,-1.05403669548837,test
2025-02-11,-1.4574429771479678,-1.3498441956938174,-1.3243256803712415,-1.3907791773149865,test
2025-02-12,-1.4420274179123687,-1.528764153762606,-1.5197034856073126,-1.565377236211931,test
2025-02-13,-1.7577792821661493,-1.2540320139769514,-1.2503976119492721,-1.3680404225627045,test
2025-02-14,-2.1091182940238364,-1.1831834916407533,-1.1890751280849436,-1.3094968976848338,test
2025-02-17,-2.0786017960838903,-1.4212714426894368,-1.4374294996606063,-1.5369850025176455,test
2025-02-18,-1.88340917559947,-1.592325685372573,-1.5621078020608508,-1.6560157879209083,test
2025-02-19,-1.8361305690256333,-1.531550001038713,-1.5219742324525,-1.6355301766333539,test
2025-02-20,-1.7117273782007192,-1.6832476672462124,-1.7019054933492055,-1.775020405709931,test
2025-02-21,-1.6366114945274803,-1.7639840902544779,-1.784142779231136,-1.848978077541734,test
2025-02-24,-1.5948542939981576,-1.728988698631059,-1.7340256186651957,-1.778389930817532,test
2025-02-25,-1.5603550595463065,-1.6106405247084623,-1.5796122274842241,-1.6187258609722057,test
2025-02-26,-1.3463669739448214,-1.6384104377839255,-1.6242852474654073,-1.637647231034922,test
2025-02-27,-1.0696951292177106,-1.5353789809974816,-1.5436892800628366,-1.5237449521511894,test
2025-02-28,-0.8760669063654776,-1.5104631824740262,-1.5284216264206394,-1.34441879020422,test
2025-03-03,-0.7444531736461819,-1.4907102358598572,-1.5001395952212428,-1.2924692256818862,test
2025-03-04,-0.661381702564963,-1.4663200658897186,-1.4416994355021362,-1.3189381237558537,test
2025-03-05,-0.682017699710002,-1.318637443236438,-1.3064865304776803,-1.1785899334816134,test
2025-03-06,-0.8587561825520218,-1.1770759331896228,-1.1724392858997144,-0.9969625631438531,test
2025-03-07,-1.0259762460272401,-1.0934626131666565,-1.0967998006001498,-1.0658781157448256,test
2025-03-10,-1.1637369630128642,-1.0236641827766197,-1.0293081632137357,-1.1125676259136452,test
2025-03-11,-1.39122164592768,-0.971131617389191,-0.9629850836113791,-1.0315866175311545,test
2025-03-12,-1.536613109538683,-1.0215653495850552,-1.0217054061672106,-1.091335790294396,test
2025-03-13,-1.477543990121093,-1.165241104533443,-1.1869363068351697,-1.0885411489610055,test
2025-03-14,-1.4986942240414631,-1.2085404896293483,-1.2313332873218228,-1.1279425327367698,test
2025-03-17,-1.5837342743116025,-1.253293031494304,-1.2641560539052152,-1.1523753955848695,test
2025-03-18,-1.4851798211951037,-1.4660509800988482,-1.442125418569043,-1.3288208740219272,test
2025-03-19,-1.5259903344172954,-1.476054229711779,-1.465636780450191,-1.3330980810648227,test
2025-03-20,-1.6554020673875056,-1.3729932382396415,-1.3786269269780769,-1.4285759290971733,test
2025-03-21,-1.6546519862567528,-1.4068502121786852,-1.4242575444480912,-1.4582198425769703,test
2025-03-24,-1.6436938717404819,-1.461334598554952,-1.4729326900354374,-1.5421363150940728,test
2025-03-25,-1.6195317274211949,-1.3665025092104977,-1.3422846087574263,-1.4682907265380076,test
2025-03-26,-1.5475765649727795,-1.4685042395632335,-1.4596615349987345,-1.4928637850878432,test
2025-03-27,-1.2776332888231041,-1.5061613856365266,-1.521815367812321,-1.5125381701054765,test
2025-03-28,-0.6955060561352618,-1.4522819072894237,-1.4670322018644952,-1.5003644209240472,test
2025-03-31,-0.380916219961896,-1.470029588856889,-1.4795877861345885,-1.4406843991959855,test
2025-04-01,-0.14344047485810948,-1.4154703642785003,-1.3889531170248277,-1.4231440668982418,test
2025-04-02,-0.059641717123345976,-1.4099299746389056,-1.398144817293934,-1.4800444139746183,test
2025-04-03,0.17569092508909487,-1.1919988049069816,-1.1891269600457333,-1.2840026298188263,test
2025-04-04,0.13293896110447073,-0.8880003181732243,-0.8682024212581536,-0.9277808939036913,test
2025-04-07,0.39550208111978113,-0.7557776389906428,-0.7470251978591251,-0.8447984239910757,test
2025-04-08,0.3469946202222168,-0.6114212692726654,-0.610323832529519,-0.7219953022535165,test
2025-04-09,0.3386249545842549,-0.6178351413156,-0.6233077226371336,-0.704076972587666,test
2025-04-10,0.1457805494334181,-0.3428571410243145,-0.3370471930937052,-0.4134443332994606,test
2025-04-11,0.01493660534881368,-0.40925615734470366,-0.412542533428832,-0.3831740243449442,test
2025-04-14,-0.7578976189888036,-0.1599562932101252,-0.14675619001778467,-0.14718203508004368,test
2025-04-15,-0.8590377173175167,-0.3397556029509594,-0.34596845093386036,-0.29751175763729143,test
2025-04-16,-0.8832845526822811,-0.39928980457648516,-0.409636132313706,-0.3623815014244389,test
2025-04-17,-0.674560635442251,-0.4899181467370349,-0.5062287091122041,-0.39795107724042555,test
2025-04-18,-0.6971144404617504,-0.6145487847514082,-0.6385334889935226,-0.6596952877079523,test
2025-04-21,-0.6292919106168159,-1.0919009945527893,-1.1254548912281082,-1.166605059772949,test
2025-04-22,-0.73791933658424,-0.8566521638224261,-0.8408446360735808,-0.9544157539479294,test
2025-04-23,-0.7951555193451633,-0.881519999919002,-0.8712043814850396,-0.9740158822311538,test
2025-04-24,-1.1411007722409539,-0.7060774718548177,-0.6932247647598833,-0.7673105923746317,test
2025-04-25,-1.1326405872149723,-0.8665677889675979,-0.8831986133110113,-0.8932501474112453,test
2025-04-28,-1.0526214298474854,-0.7903390489814431,-0.8062846910723466,-0.640835655976115,test
2025-04-29,-1.1043048828688684,-0.8097251312387233,-0.7946487135909736,-0.6554966434017854,test
2025-04-30,-1.1341167919110529,-0.8204745166190226,-0.8137114792521477,-0.6720179951283825,test
2025-05-01,-1.0670016583979418,-0.9192775188023455,-0.9257372460507494,-0.8484819510285488,test
2025-05-02,-1.033913368723669,-0.910754353387075,-0.9225791628501974,-0.8455886495782556,test
2025-05-05,-1.1704102878639495,-0.8484532411837558,-0.8505991296066069,-0.9190392027384395,test
2025-05-06,-0.9237274590932902,-0.971118827210193,-0.9509986092673759,-1.0452057603075458,test
2025-05-07,-0.9610978611023085,-0.97422736117701,-0.9650194234155297,-1.0119218707785471,test
2025-05-08,-0.9774647506752976,-0.9126677711478504,-0.9143615024336897,-1.0034752786311167,test
2025-05-09,-1.0384852505543773,-0.9244921742024276,-0.9341475369190967,-0.9669522136387171,test
2025-05-12,-1.0382746297927805,-1.1289410116784155,-1.1458770561984153,-1.1893706224389997,test
2025-05-13,-1.3005955263548232,-0.8693230422666121,-0.8542156469158345,-0.9134357648620964,test
2025-05-14,-1.3245461834252157,-1.0795532716836167,-1.0746107358331507,-1.159404168849809,test
2025-05-15,-1.4181450795003798,-1.0168057393773424,-1.0212008252353317,-1.1072579576345765,test
2025-05-16,-1.3952157112967996,-1.1121592733600034,-1.1301944624901599,-1.2007829576928843,test
2025-05-19,-1.186485111090149,-1.1821050721123676,-1.2010079924754422,-1.237144327946898,test
2025-05-20,-1.2664351196008266,-1.2115008232103428,-1.1895630569258748,-1.3332655264797981,test
2025-05-21,-1.2726756569066304,-1.2571310757368919,-1.2484009496052655,-1.3323066017570986,test
2025-05-22,-1.3284986262291623,-1.2438265354884315,-1.2499046300069676,-1.3326205055105436,test
2025-05-23,-1.1801799367571855,-1.238323167731872,-1.249557485725004,-1.3510188218979753,test
2025-05-26,-1.3224121748215418,-1.107978457076234,-1.1065488848627598,-1.20966275428848,test
2025-05-27,-1.291383894288584,-1.3221010943545737,-1.2990959773694055,-1.3409700189837312,test
2025-05-28,-1.3025433014431407,-1.3025039067687496,-1.294856327289354,-1.3481244879997134,test
2025-05-29,-1.3023390913655866,-1.316749839150825,-1.330249730950369,-1.3356923755978274,test
2025-05-30,-1.4845224918330513,-1.1465381497001583,-1.1460557614080906,-1.100491393310437,test
2025-06-02,-1.5332514601439107,-1.2871774467409403,-1.2942663656565634,-1.1258194791665987,test
2025-06-03,-1.6005481766768346,-1.3179570848470359,-1.295220702171848,-1.1909679802184243,test
2025-06-04,-1.5749916662705814,-1.3540324531234884,-1.3466009345612262,-1.2349178462535844,test
2025-06-05,-1.5162127325584174,-1.3260625541176292,-1.3401868506315684,-1.1935708955367421,test
2025-06-06,-1.4643474053037222,-1.3372712638329662,-1.3489166429558175,-1.3079209623624881,test
2025-06-09,-1.2010181720765374,-1.4076977502976173,-1.4175286889137135,-1.5053895335189011,test
2025-06-10,-1.1510168966545937,-1.5370151766727917,-1.5090902689382617,-1.6251608831000308,test
2025-06-11,-1.1307576075894004,-1.4586919267726393,-1.4467882257358975,-1.535308842034271,test
2025-06-12,-1.1046983599474338,-1.4049543426439621,-1.4110136891326326,-1.389260674756182,test
2025-06-13,-1.2175155168807905,-1.353636276262955,-1.360461155010088,-1.300437923567037,test
2025-06-16,-1.5393350129325392,-1.199701815353919,-1.1937304089091436,-1.1431976646012192,test
2025-06-17,-1.4133619734003278,-1.3042362485861843,-1.2845008544788523,-1.1527737938841822,test
2025-06-18,-1.3961286733602707,-1.2686073768189836,-1.2627882509916584,-1.1391050685529538,test
2025-06-19,-1.5665677410088374,-1.2093908066180892,-1.2188917029853696,-1.2043061829186796,test
2025-06-20,-1.486133427262805,-1.362132108975201,-1.3913015164536668,-1.391540280158789,test
2025-06-23,-1.4173972236175088,-1.4924742370661062,-1.5087707722585033,-1.5128221096787406,test
2025-06-24,-1.557481945579871,-1.3337857140666047,-1.3112589484103423,-1.4096807215111966,test
2025-06-25,-1.5857493223605323,-1.3786376341126112,-1.3681248388199008,-1.3784761766270002,test
2025-06-26,-1.5045547184365562,-1.5555997988340857,-1.5774756852577434,-1.5470252031456235,test
2025-06-27,-1.3249495808394227,-1.4190133073563411,-1.4332936103597567,-1.3698053271635493,test
2025-06-30,-1.4427839249212466,-1.3934455803546366,-1.4030445757669852,-1.3914168490681418,test
2025-07-01,-1.4280995769996563,-1.4918803222195967,-1.4660486349730555,-1.516688900724431,test
2025-07-02,-1.4588867400627414,-1.4804615257268077,-1.46807901611035,-1.5732043975695706,test
2025-07-03,-1.5517445092774333,-1.4414702008374236,-1.4543178093313296,-1.542373093959182,test
2025-07-04,-1.9681109725010317,-1.2641561680463909,-1.2650921349714692,-1.423349907756863,test
2025-07-07,-1.8827342702044316,-1.5953002672376526,-1.6233623558953714,-1.6915309812427135,test
2025-07-08,-1.9923534726973813,-1.4749874038298862,-1.4498008439661683,-1.589029261326013,test
2025-07-09,-1.9395553024027468,-1.5041211184333338,-1.4931689902204326,-1.5772808213278922,test
2025-07-10,-1.4278812449083278,-1.6352621619928496,-1.6586315428386291,-1.6788241772739698,test
2025-07-11,-1.386106684935582,-1.7623402526851453,-1.7902198861091803,-1.7959168753421502,test
2025-07-14,-1.4024002733207799,-1.6871300034356163,-1.6987292291037348,-1.763924127032848,test
2025-07-15,-1.4042049467803344,-1.7676621098705432,-1.734075460785731,-1.8425727317531864,test
2025-07-16,-1.4814976631496373,-1.686434963006383,-1.6683636766871373,-1.8074643484171373,test
2025-07-17,-1.9327783872473667,-1.3948701745606493,-1.383850303621703,-1.5601970289695688,test
2025-07-18,-1.890298149598002,-1.544630865075897,-1.5708825097567614,-1.4864720351734846,test
2025-07-21,-1.8921103935544605,-1.603595185484901,-1.6240392260864642,-1.499332561994917,test
2025-07-22,-1.7668279242219993,-1.6160243422997396,-1.5897727382109759,-1.5109296587988932,test
2025-07-23,-1.6223465515831874,-1.65230328059813,-1.6425518111318484,-1.5531583042297812,test
2025-07-24,-1.5070819231326493,-1.7241997564674212,-1.734334815327401,-1.4714393430228965,test
2025-07-25,-1.470130679836014,-1.700207502444643,-1.7163237645771539,-1.6169675930150083,test
2025-07-28,-0.7139309894984971,-1.7594185372700537,-1.774858151352265,-1.6311895439528992,test
2025-07-29,-0.7011379431019957,-1.6334789265631593,-1.6054712370229245,-1.5098368642608193,test
2025-07-30,-0.7304598743121236,-1.5493670746849968,-1.536012746324458,-1.4106922395688155,test
2025-07-31,-0.7892207480183613,-1.4825674450577886,-1.48825796674566,-1.4951745743455591,test
2025-08-01,-0.7900707443436981,-1.4969093602377972,-1.514746541646864,-1.5750064571546847,test
2025-08-04,-1.6369537213874665,-1.0172507937296325,-0.9981989325090741,-1.1333125031612659,test
2025-08-05,-1.8029131797802564,-1.2517180674119217,-1.2373305353767226,-1.3420227171626766,test
2025-08-06,-1.6350458231559322,-1.3039770138041165,-1.3024524890715157,-1.3650193424382724,test
2025-08-07,-1.6845861780904392,-1.385946510567246,-1.4109405954345795,-1.4572918807683823,test
2025-08-08,-1.7657431965961397,-1.330907464109519,-1.3541565080771458,-1.3722414504863998,test
2025-08-11,-1.79241091424944,-1.611501556735188,-1.6302334239798686,-1.6709924685169182,test
2025-08-12,-1.7879355661421474,-1.7142310505709148,-1.6831785855681929,-1.7752355709702736,test
2025-08-13,-2.1194048352721864,-1.4914799596385047,-1.4745258609044363,-1.6248210572815447,test
2025-08-14,-2.080304469982182,-1.675217791633833,-1.6970540287314164,-1.7896458901029777,test
2025-08-15,-2.1273837692477016,-1.6617568342556062,-1.682800475301387,-1.7364941462115846,test
2025-08-18,-1.662907960020714,-1.7598910149452125,-1.7785586259420274,-1.810876185861335,test
2025-08-19,-1.6570637417236933,-1.7600040786715765,-1.7282784278325298,-1.8126137179060091,test
2025-08-20,-1.531751282730054,-1.862654580292774,-1.8468558121875456,-1.9055670984815158,test
2025-08-21,-1.5151531927030253,-1.8122834304379822,-1.8252381288405217,-1.8611786382797744,test
2025-08-22,-1.5375490051927612,-1.8322769724067873,-1.8542261115346856,-1.9642236520454324,test
2025-08-25,-1.8949444374441617,-1.5253074444072763,-1.515367608270606,-1.6599012600748297,test
2025-08-26,-1.95356916300757,-1.7186907358619474,-1.688193617820003,-1.8468013529805087,test
2025-08-27,-1.940024912476079,-1.545827689843639,-1.5324990306617978,-1.5933065605940613,test
2025-08-28,-1.9016330274642523,-1.5981546152610435,-1.6159270267895949,-1.6429369524432889,test
2025-08-29,-1.8833459817891074,-1.6769161095374625,-1.7117437111000928,-1.6607203553731373,test
2025-09-01,-1.7517262336865602,-1.7599324968701489,-1.7734486018582738,-1.7208839734642998,test
2025-09-02,-1.7125433991229932,-1.9038463681587028,-1.8693479943247175,-1.8366427765686955,test
2025-09-03,-1.8464235932708184,-1.7601704296368696,-1.741475925280583,-1.7822885794129648,test
2025-09-04,-1.8372192458653838,-1.7910242285225548,-1.8002407944781609,-1.7916413324071714,test
2025-09-05,-1.6966462662680535,-1.8426901703928213,-1.870487806728317,-1.6856639712678043,test
2025-09-08,-1.867969547792656,-1.693467449239819,-1.6972407593094923,-1.6199393593869305,test
2025-09-09,-1.8973635316159625,-1.784957718897495,-1.7562760736513257,-1.694556662065745,test
2025-09-10,-1.880710949329225,-1.8084863322718645,-1.7962808025347443,-1.7096655533758085,test
2025-09-11,-1.606960516182786,-1.746050834270338,-1.756206004283489,-1.4679953747990806,test
2025-09-12,-1.617292260510203,-1.6602371433168055,-1.6739230126436115,-1.5678515155518218,test
2025-09-15,-1.556961970311959,-1.8604614020185664,-1.881245430698949,-1.7443351046025874,test
2025-09-16,-1.54093790136105,-1.9117229703022292,-1.8790519978776767,-1.8222479879109743,test
2025-09-17,-1.5619935246825614,-1.8264671912323969,-1.812599604987813,-1.6996261101440555,test
2025-09-18,-1.939873054090832,-1.5872186805681023,-1.5812551148510254,-1.6715431838424701,test
2025-09-19,-2.0286116171147457,-1.6637075917359443,-1.6773398768583963,-1.7392404359737397,test
2025-09-22,-2.0953653702734902,-1.6708753407429817,-1.685326513719182,-1.7524653374643024,test
2025-09-23,-2.050486347662827,-1.7223787771941164,-1.6950169140461042,-1.7909734720341102,test
2025-09-24,-2.025839680568407,-1.7315536431703338,-1.7230622767054156,-1.818217248289771,test
2025-09-25,-1.7301802006197071,-1.8833458946927932,-1.9054732639777738,-1.9058707636135335,test
2025-09-26,-1.7862638122696828,-1.8404127928650174,-1.8579477122100483,-1.8366180134309364,test
2025-09-29,-1.8387550308263454,-1.9209178607978779,-1.9349268295318418,-1.9258062576833348,test
2025-09-30,-1.6688193687388078,-1.8849412186814412,-1.8515980223371038,-1.8672322579811869,test
2025-10-01,-1.7109417198432095,-1.8659756970178598,-1.850907720193463,-1.9058617139212746,test
2025-10-02,-1.9555709220355166,-1.6252824561267367,-1.6249706115070124,-1.7225005183429436,test
2025-10-03,-1.894125328246328,-1.7975509616169907,-1.8267396010550934,-1.9065179713729452,test
2025-10-06,-1.7076125886639184,-1.9154220786038145,-1.941200319069146,-2.0202382170759856,test
2025-10-07,-1.852153024721996,-1.6612309946078307,-1.63391460157019,-1.8285532662395707,test
2025-10-08,-1.7725044264841587,-1.843373960527343,-1.8333803201258323,-1.9374732270817456,test
2025-10-09,-1.7939654243163632,-1.8793420067573559,-1.8946312335727056,-1.9891564141492404,test
2025-10-10,-1.8714215264670186,-1.8155767031704255,-1.8346050132997203,-1.8791135904443341,test
2025-10-13,-2.0080096250228694,-1.6759584422416758,-1.6822153192167006,-1.7086957554696953,test
2025-10-14,-2.1437374176342443,-1.7854813136135599,-1.7555636685713365,-1.777360517800984,test
2025-10-15,-2.230594000057973,-1.7275776399245946,-1.7156024732014283,-1.7699380906230573,test
2025-10-16,-2.313014155036483,-1.7868649617246595,-1.809336371333661,-1.826542925341767,test
2025-10-17,-2.428766958160795,-1.8392555473128551,-1.8717160816303466,-1.907490656794967,test
2025-10-20,-2.2823066411578883,-1.8745022179750979,-1.8880359013556125,-1.8676984245032624,test
2025-10-21,-2.2906434999101672,-2.046144929892783,-2.0096993580928637,-2.0331589879736818,test
2025-10-22,-2.332370813884287,-2.0122715738288615,-1.995123427967714,-2.0035887532927346,test
2025-10-23,-1.851006212055428,-2.1249880269910832,-2.1490950517713006,-2.015203942317647,test
2025-10-24,-1.743953079966529,-2.240072291532868,-2.281818924927624,-1.8993553357753654,test
2025-10-27,-1.8646927343704276,-2.0083217173663455,-2.0069858126726765,-1.7472210069387528,test
2025-10-28,-1.8347434715866577,-2.1810966339463467,-2.140762459284436,-1.8799297887521453,test
2025-10-29,-1.8484422328639631,-2.150973893781535,-2.1319059248175827,-1.8474423601326768,test
2025-10-30,-2.299043659948085,-1.8084860113281056,-1.800695196818496,-1.6404905992891228,test
2025-10-31,-2.4095202627887407,-1.8570493202049756,-1.88243213125422,-1.8938142588587668,test
2025-11-03,-2.419159903137053,-1.976561157734452,-1.9952117854506024,-2.053691402732745,test
2025-11-04,-2.4163875858246087,-1.9734045578779336,-1.941028268565116,-2.0754920711387084,test
2025-11-05,-2.4311192168347784,-1.9904865053127614,-1.979692171527994,-2.10048541668134,test
2025-11-06,-2.480807292225799,-2.13093066472994,-2.151953635751592,-2.243186107736527,test
2025-11-07,-2.427707633495054,-2.1671220073617827,-2.1967280865412873,-2.248176781778793,test
2025-11-10,-2.3928093036205036,-2.161586161512254,-2.175225908165635,-2.216572961481369,test
2025-11-11,-2.452783840634443,-2.179727105983572,-2.140533748055192,-2.1864195150304875,test
2025-11-12,-2.4204040487359797,-2.224321254986266,-2.207546843272662,-2.236466455717414,test
2025-11-13,-2.335576005829779,-2.2888708097043624,-2.3136164205689664,-2.265203623111591,test
2025-11-14,-2.3049168641619806,-2.1994124026934685,-2.2229695728941663,-2.1296499536964286,test
2025-11-17,-2.264897561622452,-2.184259319160442,-2.1954224993490645,-2.0731588757809343,test
2025-11-18,-2.226897476632329,-2.2991194589601935,-2.2584333578481193,-2.221463975969857,test
2025-11-19,-2.1164746646504518,-2.241268588211489,-2.2234186557657254,-2.1327868821803815,test
2025-11-20,-2.066961174720516,-2.178861501389401,-2.1957254841152354,-2.102939168991562,test
2025-11-21,-2.184889341633872,-2.139230225484503,-2.161518099869587,-2.182047997808012,test
2025-11-24,-2.2393334462871426,-2.1078208759228834,-2.117612471595273,-2.1484873249973018,test
2025-11-25,-2.2088437381419292,-2.140777958913761,-2.104692503807883,-2.1539704618737567,test
2025-11-26,-2.358558291174364,-2.0172418907502725,-2.001094917056045,-2.027178236346311,test
2025-11-27,-2.516264653486461,-2.004637063999452,-2.020271254793194,-1.9568700682986735,test
2025-11-28,-2.4943068451910264,-2.2014799290834968,-2.246285450768732,-2.157401546575213,test
2025-12-01,-2.5598595136589593,-2.156912619119473,-2.1719457722140625,-2.200842249399927,test
2025-12-02,-2.5834631506526478,-2.1510040211304484,-2.11522946239415,-2.2214930474003163,test
2025-12-03,-2.5830017267721406,-2.246730461108384,-2.230874969383581,-2.3550552126075446,test
2025-12-04,-2.367228211092496,-2.338963789342965,-2.362784941536975,-2.2790396694176884,test
2025-12-05,-2.289269955015436,-2.3304154455035526,-2.367153499864641,-2.2781075866894325,test
2025-12-08,-2.293088782132651,-2.3315353561359053,-2.3479958411693436,-2.2373840557865856,test
2025-12-09,-2.33101247611169,-2.3159966863335626,-2.2745072426690025,-2.221540891665051,test
2025-12-10,-2.189216692703769,-2.3402726787702,-2.3212426163019293,-2.021029554087656,test
2025-12-11,-2.2950208421081113,-2.16422409848076,-2.1713294835625674,-2.071799536634533,test
2025-12-12,-2.2289266904354434,-2.1780513910325707,-2.205946052963795,-1.9018437615558783,test
2025-12-15,-2.219558752973608,-2.219546213846457,-2.2405950054775916,-1.9844294901009345,test
2025-12-16,-2.2263244400637343,-2.250341872989984,-2.2120096619498972,-2.0158715718932423,test
2025-12-17,-2.384481307779093,-2.0885206712613513,-2.0709469737975272,-2.0736783854739502,test
2025-12-18,-2.488898090869499,-2.1783152987582968,-2.196419806834287,-2.204930346729936,test
2025-12-19,-2.6274183100933817,-2.1038468336222973,-2.1249214895046524,-2.2688599343387397,test
2025-12-22,-2.5503189910682,-2.1747620580949354,-2.1955854348316626,-2.2498586532609255,test
2025-12-23,-2.5547199974919628,-2.209210057361652,-2.17249538244645,-2.3042830954551694,test
2025-12-24,-2.512304838179211,-2.2712214208798955,-2.2555855599507777,-2.4093147464680063,test
2025-12-26,-2.4311653589303943,-2.3727899065238818,-2.4139898921429066,-2.4457391669289317,test
2025-12-29,-2.342500147912176,-2.3639060308521027,-2.3779048174851285,-2.3944148700663654,test
2025-12-30,-2.3461516592332297,-2.3035937492472613,-2.2629586554813925,-2.3515290893595893,test
2025-12-31,-2.31821743253133,-2.369314790229351,-2.351575869656838,-2.3479127392126715,test
2026-01-02,-2.3819074228744923,-2.313893603983036,-2.341639061457507,-2.3048129178576215,test
2026-01-05,-2.4032056230883665,-2.2780278482392546,-2.2943432992333084,-2.270774617265995,test
2026-01-06,-2.3766702342616917,-2.1903682367454653,-2.153641206842789,-2.2036548905265225,test
2026-01-07,-2.418490903283576,-2.2033021389924636,-2.1860440060540083,-2.2055769005692354,test
2026-01-08,-2.471111872372054,-2.2236654444547823,-2.2464012918418756,-2.237478522913036,test
2026-01-09,-2.441882990576853,-2.303042729569852,-2.343553409521109,-2.3233526788318577,test
2026-01-12,-2.4338526568815864,-2.278966755915651,-2.2976759954702506,-2.307753137662246,test
2026-01-13,-2.4612861899312577,-2.186761417432903,-2.149193924894916,-2.25405586889778,test
2026-01-14,-2.231366267388013,-2.2702538273987694,-2.252791945446381,-2.3379258496293938,test
2026-01-15,-2.032495285322334,-2.3646540251826003,-2.3913870155854506,-2.4658877372551995,test
2026-01-16,-2.0031479713502405,-2.319058452646751,-2.3535224876575116,-2.381404335675095,test
2026-01-19,-1.9241242846156383,-2.297227393856949,-2.3144437451424564,-2.3256750197306073,test
2026-01-20,-1.745387200197462,-2.2504768999634575,-2.2115873254153557,-2.2492142980850596,test
2026-01-21,-1.3068357606246823,-2.107473250336697,-2.086768314693425,-2.143965794790833,test
2026-01-22,-1.0814220307149671,-2.0268469212011233,-2.0366220546200156,-1.9678363461620523,test
2026-01-23,-0.9341076439800838,-2.093801494070517,-2.1291437306144387,-2.055829051913491,test
2026-01-26,-0.8076179553001933,-1.9850836700231453,-2.0003715086644354,-1.918152354359469,test
2026-01-27,-0.8170024547593657,-1.809689600983578,-1.7838748658251424,-1.7321367663212197,test
2026-01-28,-1.091893169220908,-1.5397379967590337,-1.5233357239315175,-1.4696390953611895,test
2026-01-29,-1.348856075273396,-1.4581772378793298,-1.45679793231434,-1.4297554032944344,test
2026-01-30,-1.5313065704976858,-1.374399639595911,-1.3899291701748082,-1.2474940864791388,test
2026-02-02,-1.883377945663522,-1.2419455306073974,-1.2528916369146161,-1.2300597888282023,test
2026-02-03,-1.9981734107518203,-1.3007772818953507,-1.2894940552210068,-1.3115387962301028,test
2026-02-04,-2.0468121393833414,-1.4903725738850804,-1.4896741298242393,-1.4611006244697056,test
2026-02-05,-1.7230481419132115,-1.610304307748742,-1.635050668988916,-1.5326931325910658,test
2026-02-06,-1.7244425412298905,-1.6767514362782934,-1.7060359897543949,-1.702889503557509,test
2026-02-09,-1.6890791949457904,-1.8907126753278296,-1.9152469395044682,-1.813860941446057,test
2026-02-10,-1.8247145275082384,-1.8137163020182232,-1.7813690967002194,-1.7736428324418745,test
2026-02-11,-1.879750882160553,-1.8751035010162085,-1.8603061374521377,-1.8356009954603836,test
2026-02-12,-2.3739334191540262,-1.609071115370695,-1.6039148233860416,-1.703534354542804,test
2026-02-13,-2.3953175259791615,-1.7379051033509743,-1.7627010234124378,-1.8140528248646737,test
2026-02-16,-2.2505126226657626,-1.7321041241496495,-1.7516831610989272,-1.8055226222169536,test
2026-02-17,-2.1188947008335854,-1.9650660739459191,-1.929006715317766,-1.9867218775537299,test
2026-02-18,-2.1091122749127473,-1.9444764205295957,-1.9312386008032019,-2.0340678082694663,test
2026-02-19,-2.1486100593333193,-2.050524640733594,-2.067405283928318,-2.117046466117603,test
2026-02-20,-2.2186731404109175,-2.004623172288614,-2.02128667980353,-2.0687816033068005,test
2026-02-23,-2.4012024199135427,-1.9188365952588669,-1.9191445900911477,-1.994367748514597,test
2026-02-24,-2.030689412229347,-1.8925641217721372,-1.8567590466771846,-1.9280489445138684,test
2026-02-25,-1.6617837200464156,-1.9522270871883989,-1.9384875645448207,-1.9353596959021884,test
2026-02-26,-1.4336703378101132,-2.029245134646916,-2.057062311915992,-1.9774161206702074,test
2026-02-27,-1.2015935770886714,-2.035867947523127,-2.065154164123753,-2.0632303138141816,test
2026-03-02,-1.0194700964740493,-2.1196852800458945,-2.133580558651608,-2.0693549488717986,test
2026-03-03,-0.9213863992780841,-1.8679363394943989,-1.8343663949269875,-1.8705052967207103,test
2026-03-04,-0.9606706043734881,-1.7197585019889112,-1.7006833736506832,-1.7355911757448659,test
2026-03-05,-1.0229437472822662,-1.6104465514598743,-1.615612548949457,-1.6104702425451365,test
2026-03-06,-1.17197601570073,-1.4339842065055886,-1.4420871723360345,-1.3882953846643304,test
2026-03-09,-1.3054787462796942,-1.3008893533509591,-1.3092167429125416,-1.3783306364952281,test
2026-03-10,-1.5634843950269575,-1.2081692593329656,-1.1973136689912682,-1.289820020879705,test
2026-03-11,-1.7020169407565766,-1.283070780408378,-1.2808768391641343,-1.3733074356982073,test
2026-03-12,-1.664023126800474,-1.3797734431185549,-1.4034579257498594,-1.3138646138595684,test
2026-03-13,-1.429495385353214,-1.483230014650137,-1.5163083273262477,-1.2458850696686228,test
2026-03-16,-1.411801542899499,-1.516412832696987,-1.5316928660258362,-1.284257564763065,test
2026-03-17,-0.8694228412157051,-1.5885277652062235,-1.5641164090757464,-1.3592753402724418,test
2026-03-18,-0.7727355094904186,-1.6670241667035943,-1.6563173312492065,-1.361191246328285,test
2026-03-19,-0.7868792700327888,-1.580938555802529,-1.5903561541669444,-1.4791400020146783,test
2026-03-20,-0.8859460104976824,-1.394462210881758,-1.3983486484109178,-1.4493747778495025,test
2026-03-23,-0.9365552880181018,-1.4551050611519047,-1.4664462670418243,-1.540274437782661,test
2026-03-24,-1.5951171702676856,-1.0649682996490655,-1.0512037636798464,-1.122156656038387,test
2026-03-25,-1.7264442136474052,-1.1287692673844925,-1.1241983175708374,-1.206762949737496,test
2026-03-26,-1.7076916079295088,-1.2237014712577574,-1.2472767130922657,-1.2401374905826557,test
2026-03-27,-1.6491967407081956,-1.275270212385272,-1.3038222160887254,-1.3347197822653591,test
2026-03-30,-1.72042747183171,-1.3821168587829475,-1.4086606791626612,-1.3134781106510691,test
2026-03-31,-1.746663922014576,-1.5381150372555685,-1.5095870379527763,-1.5107212939148782,test
2026-04-01,-1.8846749878730513,-1.4734046188221936,-1.457212023933803,-1.4918278940894845,test
2026-04-02,-1.6954003948505745,-1.4946493812605486,-1.503057150325364,-1.5389915225656028,test
2026-04-03,-1.8343022537175329,-1.458507609455303,-1.470809539377847,-1.4434116873935974,test
2026-04-06,-1.7409531522966797,-1.7603263648041385,-1.7931574983786336,-1.7903330511605269,test
2026-04-07,-1.744382731461373,-1.697706027049393,-1.6655514609621664,-1.7480089557932779,test
2026-04-08,-1.7901658380484382,-1.7371113230328867,-1.7214007459539586,-1.7649398149524014,test
2026-04-09,-2.210707368224192,-1.5572061595142221,-1.5516398921133383,-1.6008253408277644,test
2026-04-10,-2.3012519505028055,-1.7709034102883565,-1.7953908697641539,-1.8569067910106123,test
2026-04-13,-2.2277612369230075,-1.6966006686442103,-1.7118370006426797,-1.8030730538495718,test
2026-04-14,-2.246246914980807,-1.7326062605847588,-1.7014281791619532,-1.8279022842420227,test
2026-04-15,-2.0954262496501137,-1.7875687286177926,-1.7760154938125174,-1.8799727950599536,test
2026-04-16,-2.088997099503716,-1.9471319910169176,-1.9686808772257043,-2.06247793032083,test
2026-04-17,-1.9911959471056948,-2.001146013636593,-2.033292653888901,-2.0115701217280093,test
2026-04-20,-2.128349752100073,-1.8812832977011236,-1.8847050240196317,-1.9423270240018984,test
2026-04-21,-2.1530745993665854,-1.9868997192408693,-1.9487933627651695,-2.0480096955356735,test
2026-04-22,-2.315471629009891,-1.8505490160804576,-1.8313197594632382,-1.9321879869623193,test
2026-04-23,-2.239369321577623,-1.9859964024078742,-2.008664894506445,-1.9375237402804406,test
2026-04-24,-2.1601882487178075,-1.8823250853141555,-1.9050474824194752,-1.6505090336537012,test
2026-04-27,-2.072267046208655,-2.031828046079581,-2.05244201076829,-1.746600229724252,test
2026-04-28,-2.0003722757702977,-2.0572542534510267,-2.0209654526169154,-1.7549197816409956,test
2026-04-29,-2.03500167193087,-2.096690438866577,-2.0795406005669026,-1.7949560717935218,test
2026-04-30,-1.9705347864494336,-2.0282077633200077,-2.041381360863854,-1.8838487508428607,test
2026-05-01,-2.079836524765462,-1.9553073944770074,-1.9683834504169535,-2.066957118459823,test
2026-05-04,-2.151586037028531,-1.9648062943041364,-1.9767481248018337,-2.0018055335741463,test
2026-05-05,-2.2621837022932834,-1.9425504519688865,-1.9107438293651238,-1.9940117666394683,test
2026-05-06,-2.259679854891446,-2.0416873013186385,-2.0310272142416586,-2.0520367054285273,test
2026-05-07,-2.4995799028984673,-1.8936779656984577,-1.9047835804542097,-1.8341181885647218,test
2026-05-08,-2.6294528519681166,-1.9892998703110487,-2.0167331914570417,-1.907763975147663,test
2026-05-11,-2.584643555113491,-2.07321217217019,-2.0918242058950436,-2.0663718206684623,test
2026-05-12,-2.4341741052093053,-2.1751438350572756,-2.137045854235735,-2.150985324790452,test
2026-05-13,-2.41559426166561,-2.1739843438808784,-2.159506681969015,-2.1964829793505776,test
2026-05-14,-2.199559148972045,-2.305380779325985,-2.3312793336873745,-2.364513120977169,test
2026-05-15,-1.994589900408931,-2.342419878256791,-2.3761282212018897,-2.369416669958639,test
2026-05-18,-2.020230171071286,-2.255168201096914,-2.263588948853941,-2.3084909695009523,test
2026-05-19,-2.140066131840835,-2.169846569815353,-2.130517798098681,-2.2750086787243635,test
2026-05-20,-2.1920017827197054,-2.2357463622703637,-2.218212287363456,-2.3071063761449815,test
2026-05-21,-2.3379947016136358,-2.042881595588442,-2.0509605566874933,-2.1466332203289813,test
2026-05-22,-2.547047941111938,-1.9320044449627871,-1.9480850122319826,-2.077119799792478,test
2026-05-25,-2.5548537858470968,-2.0466069018435586,-2.0676890429073818,-2.1224804906084676,test
2026-05-26,-2.495354849047556,-2.2013155544327034,-2.1643241983082087,-2.188252353478749,test
2026-05-27,-2.5182157397658695,-2.2551155457708103,-2.242911403883693,-2.248589260824033,test
2026-05-28,-2.553519576099748,-2.230643490623376,-2.2485977522365954,-2.176364556067503,test
2026-05-29,-2.6903437014120954,-2.268823542099031,-2.2925004194493175,-2.2247449843698655,test
2026-06-01,-2.605769050129614,-2.2943046382269223,-2.3074294554498604,-2.2402700949984267,test
2026-06-02,-2.501940433893165,-2.292463245499712,-2.2517789373564416,-2.283098152993672,test
2026-06-03,-2.3866633550822,-2.410843040910624,-2.3964224817880755,-2.4114572115156134,test
2026-06-04,-2.318912171636225,-2.3545489459804125,-2.374231099796986,-2.353988296021764,test
2026-06-05,-1.9736251713604707,-2.4719001239313125,-2.5113322197047063,-2.3130747749209988,test
2026-06-08,-1.9828249466048393,-2.337217940451283,-2.3435773447415897,-2.2519344713819436,test
2026-06-09,-2.0018294458506705,-2.3007335049539055,-2.2601888845431946,-2.195229795083267,test
2026-06-10,-2.0377539382437044,-2.27041911413845,-2.253204359400812,-2.1812030680628416,test
2026-06-11,-1.786490946237561,-2.2128495116391425,-2.2289055534542985,-1.9603096453526825,test
2026-06-12,-1.919935816466037,-1.9422405891841796,-1.9514360137149984,-1.8641180761720344,test
2026-06-15,-1.9486863523554616,-2.0486919320890546,-2.0663953898032794,-1.9481564974468462,test
2026-06-16,-1.9427159384779935,-2.0578209898151227,-2.0253589857111858,-1.9564288084330517,test
2026-06-17,-1.9073793600125692,-2.1494859244374056,-2.1389861749747068,-1.9557707945873868,test
2026-06-18,-2.162104601147957,-1.8541781865306421,-1.8555836004615434,-1.882983616864519,test
2026-06-19,-2.1749540885563956,-1.9831526039757479,-2.0058800215459,-1.9842864510041118,test
2026-06-22,-2.070654169028848,-2.0762299585625708,-2.0974576967447143,-2.103049941639029,test
2026-06-23,-2.1340651260422097,-2.054632365574199,-2.022313526156297,-2.0889278133016593,test
2026-06-24,-2.0923370229981972,-2.0491782317347114,-2.038653533216093,-2.1112709849363966,test
