date,Y_h,pred_HAR,pred_HAR-DOW,pred_HAR-X,split
2012-02-13,-1.1818951128493007,-0.9670477599827921,-1.124429311811482,-1.2183360011244708,train
2012-02-14,-0.952188085918865,-1.0102815331241035,-1.0193728733410734,-1.1231128171139833,train
2012-02-15,-0.7309168640257547,-0.9898814364649829,-0.9365597209312863,-0.9109058684978938,train
2012-02-16,-0.6926329383424135,-0.9073732575955381,-0.855112834828726,-0.9496176734893803,train
2012-02-17,-1.2207651059779296,-0.9006124527459601,-0.8862272306804572,-0.9732158220081658,train
2012-02-20,-1.3066127250432753,-1.0361339244185213,-1.2018957181083216,-1.307840599525025,train
2012-02-21,-0.22475103542218708,-1.071444366331647,-1.0814134245976443,-1.1779205721778196,train
2012-02-22,-1.2335429001102702,-0.7484670674193244,-0.7378223136739508,-0.8435154780780616,train
2012-02-23,-1.1354960668485614,-1.0288329232872442,-0.9400082177290241,-1.11580222916234,train
2012-02-24,-1.4352007790644172,-1.050785286988333,-1.026379325438036,-1.146215712219351,train
2012-02-27,-1.141687369445755,-1.1487484653877553,-1.3429956704467656,-1.4379261320318646,train
2012-02-28,-1.1986812360300558,-1.0675913832747495,-1.0764377719448621,-1.1708940450218486,train
2012-02-29,-0.9190341646223363,-1.1763693436127607,-1.1077441108408885,-0.8834674447474049,train
2012-03-01,-1.1593712765029778,-1.0808104350173444,-1.0137982788444153,-0.9724908128948089,train
2012-03-02,-1.3472100170918513,-1.1410772970809744,-1.1156734250895066,-1.292719882057871,train
2012-03-05,-1.056224598026966,-1.185569630934934,-1.3680417674539278,-1.5073189424884375,train
2012-03-06,-1.458868128292556,-1.1165081601303315,-1.1249295285787213,-1.3156885670738936,train
2012-03-07,-1.4427711035392803,-1.2419997439036212,-1.1601250997188612,-1.3142979402949266,train
2012-03-08,-1.095453659881163,-1.2930416620228495,-1.1882419282514085,-0.8509708352636739,train
2012-03-09,-1.182382104527938,-1.212282192374647,-1.189066932555949,-0.9067926118980936,train
2012-03-12,-1.3824982379669781,-1.2192237073869816,-1.3800329738015733,-1.4902910028268392,train
2012-03-13,-1.2252586826658478,-1.3031140867782587,-1.3136327086217485,-1.1138034089274675,train
2012-03-14,-1.1569521233386253,-1.246595966145539,-1.1784608716212666,-1.2499321017987162,train
2012-03-15,-1.339158977885046,-1.2046837916280493,-1.1223493219470329,-1.2393508434975113,train
2012-03-16,-1.1596339256763506,-1.272991729061864,-1.2453377536586332,-1.2750621094203913,train
2012-03-19,-1.5892659799571627,-1.2345261218993624,-1.3931097496714298,-1.4943892959293212,train
2012-03-20,-1.4214909407459018,-1.3620154145566299,-1.3750671301242579,-1.4933503272192696,train
2012-03-21,-1.4123324535028927,-1.3435663888641676,-1.2646553360449047,-1.4535728065766216,train
2012-03-22,-1.253245554261195,-1.3658372371331682,-1.2643011238098694,-1.4039332890877683,train
2012-03-23,-1.202235610869455,-1.3330694281565398,-1.3077703964379161,-1.5013407217877741,train
2012-03-26,-1.074403461566573,-1.3248737319878616,-1.489269781817737,-1.4294133715644533,train
2012-03-27,-1.5173532710317807,-1.2480940651647756,-1.2585955691381803,-1.3968293227941841,train
2012-03-28,-1.3173799464261422,-1.3594194306697291,-1.276054332464227,-1.4029974472949682,train
2012-03-29,-1.3268487729063927,-1.306860338736107,-1.2139782792446738,-1.2801877138524143,train
2012-03-30,-1.1123805726748044,-1.3171569275203316,-1.2911356308255528,-1.2606316843632994,train
2012-04-02,-1.6183543821946518,-1.2619310620164064,-1.4155015764907684,-1.4731788357719287,train
2012-04-03,-0.948934881674069,-1.4326422727087282,-1.4463669331441154,-1.4052942431104183,train
2012-04-04,-1.1618757495081873,-1.2228656148280623,-1.1724882739166695,-0.7527701908688078,train
2012-04-05,-1.67545895203622,-1.2588250157964527,-1.1779549954699378,-1.4258546110081596,train
2012-04-06,-1.6141700093956985,-1.410824759508431,-1.3772481226338742,-1.1834310040765468,train
2012-04-10,-1.0867270403168965,-1.44423587661631,-1.457748455299985,-1.6383708554032597,train
2012-04-11,-1.2844508521923295,-1.2747740340184803,-1.2165008117744083,-1.2816037424507871,train
2012-04-12,-1.424755522183331,-1.3517783500359295,-1.2609850306831192,-1.3465212128577726,train
2012-04-13,-1.640696440276799,-1.4083328747447046,-1.3794187808280884,-1.3332523497957547,train
2012-04-16,-0.9784932112530155,-1.459424229008779,-1.6834866672203337,-1.6713450678349737,train
2012-04-17,-1.4900956467003967,-1.247668283041393,-1.258270911951193,-1.392463019121431,train
2012-04-18,-1.1111177898369804,-1.4034468963631266,-1.3218404433048236,-1.5404052109597504,train
2012-04-19,-1.3440282529847565,-1.3001537057623576,-1.222582074605377,-1.2746032159653953,train
2012-04-20,-1.4843366163657266,-1.343543800428372,-1.3174492030188194,-1.440997959931672,train
2012-04-23,-1.8032993808445317,-1.3622684468819917,-1.566321976017496,-1.6045949779224025,train
2012-04-24,-1.852668309852308,-1.5147769517912228,-1.5295330015005495,-1.6330422030137008,train
2012-04-25,-1.1698496704686532,-1.5657651797847674,-1.462443238090753,-1.0765710775750115,train
2012-04-26,-1.5878078444879014,-1.4139617758224798,-1.3306343874482987,-1.446383545327922,train
2012-04-27,-1.4133419739013677,-1.537824535700199,-1.504678735913664,-1.4746739464076686,train
2012-04-30,-2.296491542565298,-1.4901537589769276,-1.6827405464987797,-1.598409419949576,train
2012-05-01,-1.6913048042074952,-1.7486991968882861,-1.7658019861164738,-1.8364776561825307,train
2012-05-02,-1.258683352854635,-1.5991970671470048,-1.504980802401363,-1.6143604311482016,train
2012-05-03,-1.8724307771592785,-1.5095785494989657,-1.4196990873168345,-1.0281396484966,train
2012-05-04,-1.8968442649851136,-1.6791874259498172,-1.639455235569625,-1.3742964741230346,train
2012-05-07,-1.170270854092208,-1.7393411233699745,-1.9963521395152892,-2.131914992333583,train
2012-05-08,-1.4661919617161943,-1.4703701902554853,-1.4817100181159637,-1.606722389234748,train
2012-05-09,-1.323254684960175,-1.515522890326262,-1.4357131997304806,-1.5804210990537304,train
2012-05-10,-1.6393063424256762,-1.4852984063927446,-1.3920648688324517,-1.5038473692241159,train
2012-05-11,-1.6329545407926387,-1.5429068336325893,-1.5108482934292833,-1.5890302913472019,train
2012-05-14,-1.6367716654057574,-1.5214066656541734,-1.7464303107884755,-1.8562567796367098,train
2012-05-15,-1.2949164105567317,-1.5670184374045775,-1.5821765126816874,-1.3540686900262426,train
2012-05-16,-0.9628762038079871,-1.4690947123483824,-1.3995772225539884,-1.426323413060378,train
2012-05-17,-1.0555265426262703,-1.3599663147651346,-1.2945609591428933,-1.4129976390857941,train
2012-05-18,-0.9429264409509985,-1.3233544754483766,-1.3058188907070265,-1.4742299385913995,train
2012-05-21,-1.302378665358349,-1.2329654896806812,-1.3670959946432393,-1.448158072975759,train
2012-05-22,-1.141521060659652,-1.284666831009533,-1.3010427187143712,-1.4326927485124108,train
2012-05-23,-0.8659499373581044,-1.2299558615794521,-1.1726094599187984,-1.3295142239930122,train
2012-05-24,-0.7842285655041834,-1.1473529465031738,-1.0914500720650964,-1.1277386802980895,train
2012-05-25,-1.1042328537515698,-1.0919528869952293,-1.0819068464237998,-1.2796522181965013,train
2012-05-28,-1.5098806096431314,-1.179331605658419,-1.3351346091217964,-1.4866423714183046,train
2012-05-29,-1.1812401192337798,-1.2904293032318916,-1.3070912971402247,-1.3612957547075644,train
2012-05-30,-1.0346990687733477,-1.2159729344209405,-1.1549593324643508,-1.3114265055067587,train
2012-05-31,-0.9593292185616948,-1.1834689853307676,-1.1131445625372631,-0.9456929158376337,train
2012-06-01,-0.3568842574148018,-1.1738360168656168,-1.1571776661557964,-0.8383232049682271,train
2012-06-05,-0.9341009643095939,-0.9575332532592774,-0.9654280002363844,-1.0568239790180471,train
2012-06-06,-0.9526792864797294,-1.0272406861276433,-0.9800257908461019,-0.4395136483323343,train
2012-06-07,-0.7409431213874159,-1.0001454885476668,-0.9364432386135499,-0.8994480408232794,train
2012-06-08,-1.090894288367501,-0.9200377743351937,-0.9098926671444908,-1.0626105428713162,train
2012-06-11,-0.8820666078086316,-1.008111947614757,-1.1609421618735367,-1.2407399118604607,train
2012-06-12,-0.7931442817952783,-1.0028888147990602,-1.0133803460629602,-1.132070336491086,train
2012-06-13,-1.0146499939721558,-0.9601667657138583,-0.9193137089429988,-0.9161384579200759,train
2012-06-14,-1.1156770084991463,-1.0097013847324068,-0.939425284915586,-0.7931736639470954,train
2012-06-15,-1.377052555133588,-1.0610623728130546,-1.0392629848012296,-1.2345113793557916,train
2012-06-18,-0.7435570081178774,-1.1479757009452978,-1.3359856277491,-1.3708404823299642,train
2012-06-19,-1.169313473416749,-0.987488733932437,-0.9950407191784836,-1.1314664138348394,train
2012-06-20,-0.6059175375364395,-1.1206706951808854,-1.0559119619798631,-0.6734885847524963,train
2012-06-21,-0.8366343789628735,-0.9504226067019228,-0.9086284988791521,-0.894581781277681,train
2012-06-22,-1.3146048060081206,-0.9728263917702467,-0.9570606958302753,-1.1018954319233067,train
2012-06-25,-1.6842969139577721,-1.0788414297952003,-1.2589880807931921,-1.223942570379088,train
2012-06-26,-1.1233479835769773,-1.25832523329689,-1.2712718090649808,-1.3749020326134054,train
2012-06-27,-1.7560019725105667,-1.1291719570796255,-1.0670578790307328,-1.1474132203367362,train
2012-06-28,-1.2038990091042554,-1.3861645941225123,-1.2579120666029575,-1.3052039137937643,train
2012-06-29,0.020641706560124214,-1.289309507058157,-1.2619283362979994,-1.1793737329006333,train
2012-07-02,-1.4825039904049746,-0.8734302920332857,-0.8717922737303841,-0.8939341481410694,train
2012-07-03,-1.736284414404955,-1.2052565334036882,-1.2169387134063838,-1.2933363220652236,train
2012-07-04,-1.8215919236070384,-1.327901723835416,-1.2299183242232306,-1.5688900103465122,train
2012-07-05,-0.8781322873297239,-1.3699022861675632,-1.2384323100563908,-0.7860478353809273,train
2012-07-06,-1.516014448428412,-1.1230840337966674,-1.1059432047905862,-0.8618350892090495,train
2012-07-09,-1.44124551734572,-1.4153794828563782,-1.6194303361493851,-1.7382213699018843,train
2012-07-10,-1.634812553879811,-1.4023367504846087,-1.4121975142048506,-1.5031617462858133,train
2012-07-11,-1.3854042135197182,-1.4436785369448397,-1.3511476331518715,-1.3301355783950846,train
2012-07-12,-1.5092043971748828,-1.3524711233547608,-1.2529708178730055,-1.3891340005239612,train
2012-07-13,-1.1558537581184054,-1.4462357235060472,-1.4138100381710705,-1.537696013290046,train
2012-07-16,-1.411803401072602,-1.3339966002909944,-1.4915416500856011,-1.423350089456027,train
2012-07-17,-0.9782238777155224,-1.3934160252243526,-1.4048608387699693,-1.2567718757099413,train
2012-07-18,-1.1911269686745025,-1.2297759521670264,-1.1769940016020919,-1.286930032910071,train
2012-07-19,-1.1534343887466658,-1.2660488356925186,-1.1825687547149488,-1.2936147009238377,train
2012-07-20,-1.1161492804429178,-1.2249165872122583,-1.2036336940622516,-1.3925754787586038,train
2012-07-23,-1.1710683879289323,-1.2184851210330776,-1.373539795232396,-1.3613290252126955,train
2012-07-24,-1.3539374341827102,-1.2129965095279938,-1.2261096335599342,-1.218218842951174,train
2012-07-25,-0.8742521804283256,-1.2895347274117148,-1.216907575071648,-1.3541273082160057,train
2012-07-26,-0.4525147844220459,-1.1415300692967993,-1.082338938669039,-1.1904538071214434,train
2012-07-27,-0.1726048402197721,-0.9735275145576482,-0.9691814290719778,-0.9842419440534583,train
2012-07-30,-1.4204555090367443,-0.8058053945681585,-0.8356388284824054,-0.9467795569236511,train
2012-07-31,-1.094250826142564,-1.117380477660346,-1.1331031700745187,-1.0267649888853345,train
2012-08-01,-0.925490483140053,-1.0314375934024234,-0.9763559650875459,-0.7616346674350313,train
2012-08-02,0.25448104314189546,-0.9910835149423832,-0.930328678292091,-0.38564238855903543,train
2012-08-03,-0.7476334226345569,-0.6336099763141803,-0.6463974481049788,-0.3712032115421282,train
2012-08-06,-1.028863368771948,-0.9038276480400995,-1.0100452076388193,-1.1980118014846837,train
2012-08-07,-1.7356350289792486,-0.9345384093904986,-0.947704205316789,-1.0818702237580446,train
2012-08-08,-1.7491951112539668,-1.1575077561234521,-1.063713987027717,-1.256737540730412,train
2012-08-09,-1.3915350343875876,-1.2388644678829548,-1.1147756525516606,-1.2196814715585365,train
2012-08-10,-1.5925821321402591,-1.3034528835416122,-1.2732144406363637,-1.4378227176189415,train
2012-08-13,-1.6713048411954903,-1.428651946335962,-1.6424039765741598,-1.6890255002084815,train
2012-08-14,-1.8458965979610513,-1.506874097808664,-1.5160740773095664,-1.3940323969691228,train
2012-08-15,-2.0263533216616345,-1.5647242635630951,-1.4576385897768578,-1.4750892883126099,train
2012-08-16,-1.8906106480951237,-1.6382249240933187,-1.4880601316854678,-1.6496692645531787,train
2012-08-17,-1.6311668229445166,-1.6626222851007757,-1.6183074548632523,-1.7550386482704428,train
2012-08-20,-1.634302401292552,-1.6115032913064231,-1.8290846751911183,-1.808732988424132,train
2012-08-21,-1.3192962036777327,-1.6142675464482712,-1.6233017914367531,-1.7478539268673312,train
2012-08-22,-1.2424204482928383,-1.4964174005592519,-1.420374034337632,-1.4989930638194415,train
2012-08-23,-1.51129690102186,-1.4083969366954396,-1.3182554618737499,-1.3801988913729029,train
2012-08-24,-1.2657313580738607,-1.4374606213556338,-1.4054745653450134,-1.5500413114360305,train
2012-08-27,-2.148830514748292,-1.3523019721272045,-1.5252889824579878,-1.5167614569360635,train
2012-08-28,-1.751000445825303,-1.6208324441834416,-1.6375991044931075,-1.6695734943582368,train
2012-08-29,-1.8639853801696906,-1.586423598207816,-1.4890169338448032,-1.504893109860511,train
2012-08-30,-1.8880816003719698,-1.6737793841291104,-1.5390138669572802,-1.6853438118228767,train
2012-08-31,-0.7668256343579883,-1.7224400683449017,-1.6818696042330492,-1.5436225781647626,train
2012-09-03,-2.1554987859187706,-1.4179276398505374,-1.5233966717599556,-1.6565009044308585,train
2012-09-04,-1.6068733551909866,-1.7644472900094805,-1.7823210847056354,-1.738956979593769,train
2012-09-05,-1.1585413913289901,-1.6350563250195111,-1.5476127830177013,-1.7093500155736487,train
2012-09-06,-1.0524874183210362,-1.4695327447106088,-1.390414052485445,-0.7706079935434188,train
2012-09-07,-1.205152461911656,-1.361644206609682,-1.345105951176517,-1.1038935199540196,train
2012-09-10,-1.9235735949910266,-1.4303766435540712,-1.5984481570948141,-1.7450560568242381,train
2012-09-11,-1.6140163274571404,-1.5802450807019388,-1.5995054416512777,-1.692178564042779,train
2012-09-12,-1.0566986586092966,-1.5100616920216903,-1.4243975217069171,-1.4642269456364758,train
2012-09-13,-0.7987050231414439,-1.365951677899129,-1.29492127557516,-0.8333544967126999,train
2012-09-14,-1.2724227871310871,-1.2719094018673343,-1.2603437491738083,-1.0957515648207647,train
2012-09-17,-1.284843228754163,-1.3783076606824716,-1.5553697256258905,-1.6316223319204466,train
2012-09-18,-1.3351487533417181,-1.3163627430159548,-1.3314079588090875,-1.3532991443414344,train
2012-09-19,-1.4258544852367776,-1.2992682037228873,-1.2299251971240404,-1.3752012094465105,train
2012-09-20,-1.2000661442729341,-1.3512664101940928,-1.2529961570137411,-1.1390890748019535,train
2012-09-21,-0.7399420852352845,-1.3345256571703124,-1.313107366801464,-1.5152597770169656,train
2012-09-24,-1.2878341819712302,-1.1748938994494718,-1.2805110271026765,-1.2724350097569843,train
2012-09-25,-1.364383164009965,-1.2984474923817633,-1.3128321680415953,-1.3531865832776364,train
2012-09-26,-1.5145217710799803,-1.3197854848356674,-1.2477363182696224,-1.3702136552071298,train
2012-09-27,-1.3202882704488752,-1.3551784771006017,-1.2496740997683211,-1.2629803367085597,train
2012-09-28,-1.342852460725303,-1.3166581290797528,-1.2921787374815046,-1.235188401009405,train
2012-10-01,-1.278911169008069,-1.37071980275979,-1.5550471693754315,-1.4362302976082177,train
2012-10-02,-1.5389653726908175,-1.3483835781646905,-1.3599804913283684,-1.500301791241526,train
2012-10-03,-1.5300224778066644,-1.4326176090888085,-1.3479845537445259,-1.4738291736213391,train
2012-10-04,-1.3507114783686407,-1.4249428865449707,-1.3158213507504628,-0.8002296277439919,train
2012-10-05,-1.76677182106771,-1.3836574705739626,-1.3562856698715053,-1.03867479575309,train
2012-10-08,-1.878312397409645,-1.5245047012857325,-1.764704447889033,-1.9775579196442437,train
2012-10-09,-1.3806368481513043,-1.613812688593718,-1.6278214182453206,-1.8066560002434695,train
2012-10-10,-1.478021081431999,-1.4871465538718494,-1.4102414439676891,-1.5084447893264525,train
2012-10-11,-1.3792797433477495,-1.4997774710902225,-1.393382567327125,-1.3947150367110428,train
2012-10-12,-1.4989604206444644,-1.4770627927583118,-1.4479967168472045,-1.4607617677653237,train
2012-10-15,-1.7862299514431101,-1.485196592315768,-1.6894510916988774,-1.6731508530281693,train
2012-10-16,-1.7586292510602672,-1.5538894499657747,-1.5688135273341246,-1.4360143935865122,train
2012-10-17,-1.460762100262756,-1.5873335175989005,-1.489565752075571,-1.6916103690941153,train
2012-10-18,-1.7102493853569367,-1.5193547206110514,-1.4152009619560322,-1.554534858110144,train
2012-10-19,-1.7557376873444959,-1.6108990940172376,-1.5752469925821289,-1.7254728657347647,train
2012-10-22,-1.8292993495008683,-1.6483624168861977,-1.886924168238487,-1.9201191731754248,train
2012-10-23,-1.9004850655332062,-1.6762329788341084,-1.6906969158087064,-1.8138572732148301,train
2012-10-24,-1.4762728716884008,-1.7184972669886611,-1.6127083276349123,-1.3603000558025298,train
2012-10-25,-1.646028320155034,-1.6246261031355682,-1.5193538155543052,-1.646512097871979,train
2012-10-26,-1.5014148218647596,-1.6609355281372689,-1.6274121257864003,-1.7480464232119428,train
2012-10-29,-1.957379732951535,-1.6044961621542564,-1.8102588766463668,-1.753916699174499,train
2012-10-30,-2.056518451847373,-1.727970856791444,-1.744608520113604,-1.888164407327067,train
2012-10-31,-1.9641613591039426,-1.772918407580604,-1.659271374724815,-1.7526389355779508,train
2012-11-01,-1.8930860713448778,-1.8037087752852605,-1.6631888885441588,-1.836490823167481,train
2012-11-02,-1.3924575006723772,-1.813799647303159,-1.774688420899742,-1.4852365617082843,train
2012-11-05,-1.7383678257923023,-1.687419966803815,-1.8780473623799487,-1.9932773123341954,train
2012-11-06,-1.7513704305319548,-1.7513117290333238,-1.766544707044493,-1.775918168882652,train
2012-11-07,-1.096232699914384,-1.7264200904338463,-1.6306971733117515,-1.7535793968456064,train
2012-11-08,-1.3905074250001288,-1.4884174106510002,-1.413615299618906,-0.9708983725673637,train
2012-11-09,-1.6644980863439016,-1.510463985884322,-1.4859531547610183,-1.5406731424337041,train
2012-11-12,-2.043549325106726,-1.6001644839343725,-1.8303754403740562,-1.9626417268960368,train
2012-11-13,-1.6448429605037485,-1.7223643336649233,-1.7417327891555126,-1.6905927958853528,train
2012-11-14,-1.6710829886336585,-1.6227912985062027,-1.5349572971039536,-1.5593955289366639,train
2012-11-15,-1.8264924159197211,-1.6797116459516057,-1.5623474612327701,-1.2647637168133206,train
2012-11-16,-1.67596551012148,-1.7557378339593788,-1.7193114599139003,-1.8923615304226515,train
2012-11-19,-1.8522430478690857,-1.7246370803850288,-1.9546480258691672,-1.9457672253456872,train
2012-11-20,-1.1973501901469947,-1.7493367539703102,-1.766321335960292,-1.8458583986828472,train
2012-11-21,-1.5635273105940855,-1.5520747244738657,-1.488908133178146,-1.6040155390412423,train
2012-11-22,-1.8442357837387358,-1.6233956954550093,-1.5142356621063515,-1.669794551380245,train
2012-11-23,-1.6952029597299823,-1.6888237072199683,-1.6530576559345658,-1.775357034089515,train
2012-11-26,-1.9659400897028025,-1.6588132936426077,-1.8924577897593253,-1.8256386982971318,train
2012-11-27,-1.5362013077364762,-1.734890510105357,-1.7532033891900702,-1.660803935078727,train
2012-11-28,-1.8002647844132134,-1.667379358826978,-1.5843083661639537,-1.6799997533204956,train
2012-11-29,-1.8550962730333884,-1.7477344134233121,-1.6200997287439436,-1.7614336656536553,train
2012-11-30,-1.5830436844532723,-1.7590459735870285,-1.721809701288988,-1.624135581058318,train
2012-12-03,-1.8965373785097799,-1.6821185471267734,-1.8993317506401648,-1.7954650674920183,train
2012-12-04,-2.0915227813382185,-1.7478329074822225,-1.7645318809751234,-1.8663944478019405,train
2012-12-05,-2.279061980939125,-1.8508730101882644,-1.7349403756900863,-1.773190044556907,train
2012-12-06,-1.6576151489159847,-1.9434762982200615,-1.7795746513881205,-1.3158992938693812,train
2012-12-07,-1.508911588504196,-1.7818127436961875,-1.7481537260612638,-1.522662195032359,train
2012-12-10,-1.984127755051183,-1.7455783008872456,-1.9523716439067171,-2.1104938015426145,train
2012-12-11,-1.9177093192771955,-1.8693084570408862,-1.8861970621051751,-1.865735127120145,train
2012-12-12,-2.135493231786056,-1.8411243330467466,-1.7358293578345518,-1.3386879727570506,train
2012-12-13,-1.7284927464806288,-1.8791252375905534,-1.727363793417893,-1.7951546186868699,train
2012-12-14,-1.4938663644302195,-1.7930548972855598,-1.7590607449876094,-1.6446385588075365,train
2012-12-17,-1.8644397194084301,-1.7358284928379517,-1.9413912920569358,-1.9417612791445453,train
2012-12-18,-2.41682854523218,-1.8104703729671177,-1.8274350818939078,-1.9034512966005204,train
2012-12-19,-1.9202367965942013,-1.9909356489606822,-1.8570565357477944,-2.015914871634164,train
2012-12-20,-1.392931357645805,-1.8581420344047506,-1.7221295523204496,-1.7659961639117543,train
2012-12-21,-1.3400855011050425,-1.708808180271927,-1.6830846182372443,-1.763179297768866,train
2012-12-24,-2.3925866499142283,-1.6802026090381459,-1.8661083424207847,-2.0069877941919967,train
2012-12-25,-3.748327061167596,-1.975963128342098,-1.996593626068329,-2.1520483554722283,train
2012-12-26,-1.9143863139472226,-2.4311906427105567,-2.220667304461935,-2.4878530750749452,train
2012-12-27,-1.5021561394958496,-2.0090168079590116,-1.8722774617612803,-2.145319254165328,train
2012-12-28,-1.6153993647171119,-1.9239046448640484,-1.8936428480670362,-1.8392178820660203,train
2012-12-31,-1.1441239834712702,-1.9728225903863605,-2.192928496278892,-2.3114402585648417,train
2013-01-02,-0.8017871423588401,-1.7432847558019526,-1.6823902268450266,-1.6738993622996106,train
2013-01-03,-1.1262382334490086,-1.3883950316843474,-1.339216287106477,-1.3742656404817213,train
2013-01-04,-1.28661072142747,-1.3826764312920425,-1.3682153842674136,-0.9269199986951643,train
2013-01-07,-1.5463357582097201,-1.390882940970739,-1.5747247732095981,-1.7209802659323497,train
2013-01-08,-1.5214794413566501,-1.436010316899833,-1.4565323944523763,-1.5340168481306617,train
2013-01-09,-1.8870477515789774,-1.463033109221082,-1.3856487881570327,-1.6991796389256846,train
2013-01-10,-1.2471562371658704,-1.6497440609886966,-1.5193163009476196,-1.0017177585640868,train
2013-01-11,-1.15267866989062,-1.5055245303416531,-1.4848148479073295,-1.6033854190775108,train
2013-01-14,-1.4795255869446866,-1.4630764922945452,-1.6251713291204726,-1.6519937406107605,train
2013-01-15,-0.9732125599941895,-1.524681863160673,-1.5410969998507298,-1.4081524037247268,train
2013-01-16,-1.196649784587787,-1.3501713045809791,-1.3017911500356631,-1.1957922134582133,train
2013-01-17,-1.3490457531328726,-1.3354512620157626,-1.2561990070801448,-1.3904633779339335,train
2013-01-18,-1.0422201024545157,-1.3738992577042695,-1.351775012816855,-1.4883677971768523,train
2013-01-21,-2.0339147671684468,-1.2779782084699987,-1.4256488813085535,-1.5990722712741932,train
2013-01-22,-0.9533093221868285,-1.5572757452331631,-1.5771213643326332,-1.5330911889316892,train
2013-01-23,-1.23951039606575,-1.302427085991165,-1.2540913211371822,-1.4612382518859288,train
2013-01-24,-1.1174865844753492,-1.3708984150554564,-1.2861550305464626,-1.3629953722766608,train
2013-01-25,-1.1892769488330743,-1.3075306086341585,-1.2883856183372306,-1.4311922455097168,train
2013-01-28,-1.5391733448112996,-1.3086071406723505,-1.472797872007883,-1.4587467504873937,train
2013-01-29,-1.6984203738115897,-1.339808333443025,-1.3547451973178801,-1.42129410185937,train
2013-01-30,-1.7536436324876041,-1.4462235736812805,-1.3527045460247524,-1.2092335902308502,train
2013-01-31,-1.9006265414993837,-1.5071333916452314,-1.3813573716519092,-1.3926013708418394,train
2013-02-01,-1.0388891841183834,-1.6204810911687992,-1.579769566043999,-1.219974200539228,train
2013-02-04,-1.3759326447342723,-1.411641595923587,-1.5534766555649877,-1.6915622508493238,train
2013-02-05,-0.8168115765074511,-1.477010608225351,-1.4884924213184476,-1.5098961462806577,train
2013-02-06,-1.2533321086572,-1.2633201014623083,-1.220404438664883,-1.415579227768135,train
2013-02-07,-0.920402579898598,-1.3148278728236653,-1.2276195145311342,-0.7943663601038126,train
2013-02-08,-1.2971183358091236,-1.1426414382040424,-1.1281909627341558,-1.2604526752918592,train
2013-02-11,-1.5035467184600702,-1.2459483357519134,-1.4258845891445018,-1.5060689951793615,train
2013-02-12,-1.2287008214780994,-1.3078102822569646,-1.3229066502587357,-1.409013431879721,train
2013-02-13,-1.4784764660403744,-1.2829561372061475,-1.2171856464236455,-1.2149134156694907,train
2013-02-14,-1.3119786309387953,-1.360732042096382,-1.2564997237681814,-1.288853887315611,train
2013-02-15,-1.1365848358829016,-1.361862425528938,-1.3361227725607476,-1.5487343261455968,train
2013-02-18,-1.8755021859630334,-1.306343358810937,-1.4631189843638828,-1.5967828839160825,train
2013-02-19,-1.7914628325073871,-1.5156802447573978,-1.5314275684842429,-1.5608176705589047,train
2013-02-20,-1.0238197289615292,-1.5558970826254777,-1.4562828577715192,-1.3475783743371919,train
2013-02-21,-1.0814085436776344,-1.3270217278716674,-1.2550088390498546,-0.9304274939949452,train
2013-02-22,-1.3472596906580239,-1.3207502459898581,-1.3001411262264249,-1.3871031926247344,train
2013-02-25,-0.5128023934046049,-1.4021259582682712,-1.586707501133569,-1.5654303828524314,train
2013-02-26,-0.571470166674291,-1.080026430717683,-1.088703586098548,-1.1721852520858207,train
2013-02-28,-1.386912095461468,-0.9757925026795642,-0.9411927432585597,-0.7764947484457627,train
2013-03-01,-1.1018522373092672,-1.1942673090280593,-1.1699476479757227,-1.1907522404049544,train
2013-03-04,-1.4681977945328848,-1.1239711747221437,-1.2785094252019484,-1.4303209111239252,train
2013-03-05,-1.7157401109069816,-1.2158543166942681,-1.2313405054880198,-1.2610793246016,train
2013-03-06,-2.037017407001753,-1.3798238803804128,-1.2852698461873977,-1.406177127749261,train
2013-03-07,-1.2802920180988981,-1.5978585891316035,-1.4500061465911784,-0.9072545412090912,train
2013-03-08,-0.7414380055067697,-1.4133637165658564,-1.3862462173695345,-1.0701251828141727,train
2013-03-11,-1.954223053530663,-1.2560771771974586,-1.3578903456730675,-1.458463846900412,train
2013-03-12,-1.7611604175738487,-1.5865280579757206,-1.6009708694586982,-1.6745372746794074,train
2013-03-13,-1.2894205589727141,-1.5557734894814659,-1.4570781850088979,-1.567864120558911,train
2013-03-14,-1.5015887392324347,-1.3795048321313572,-1.2883660138461226,-1.2557512724961497,train
2013-03-15,-1.1557463528169911,-1.4482867230524157,-1.4177406002477668,-1.3952603185205128,train
2013-03-18,-0.7676142441741645,-1.4056776576599577,-1.5633471826461363,-1.6322518814179963,train
2013-03-19,-0.4274069054127587,-1.2008459389339752,-1.2097327659414652,-1.3045645941005781,train
2013-03-20,-0.9862983676143108,-0.9917064165898097,-0.9730912129300592,-0.6549734691741749,train
2013-03-21,-1.1134044154945475,-1.0908162031035322,-1.0249350154079255,-0.9710381813016441,train
2013-03-22,-1.2406419549283758,-1.0761924252963304,-1.0580615876369928,-1.2183822157488902,train
2013-03-25,-0.4997102992110975,-1.106923216793234,-1.2801941634220275,-1.2075405899129235,train
2013-03-26,-1.237347940357738,-0.9065969010708191,-0.9162348955547303,-0.9582684839329266,train
2013-03-27,-1.4977855337763795,-1.151240306491898,-1.0855269692506253,-0.9994720098954469,train
2013-03-28,-1.4350436558408057,-1.2591640595023417,-1.153617371662614,-1.2285135590871956,train
2013-03-29,-2.190709320888993,-1.2843236040406438,-1.2564094783619089,-1.3721700434627484,train
2013-04-01,-2.100497013032745,-1.5622717651676876,-1.86050314493197,-1.789901537099652,train
2013-04-02,-1.6860433242089825,-1.694911211473999,-1.709368084133375,-1.647180962170916,train
2013-04-03,-1.9506833324565558,-1.6470559342401994,-1.5507823001281087,-1.711737778532658,train
2013-04-04,-0.4254079279598491,-1.754355689117429,-1.6110156609685415,-1.1494019776559168,train
2013-04-05,-0.6532213431460553,-1.2979970604349111,-1.2890588273037906,-1.1213374001422236,train
2013-04-08,-1.6608153088604714,-1.1951654395373623,-1.285796942271598,-1.4777545030668835,train
2013-04-09,-1.2369971268603268,-1.3908619433277691,-1.4056071475872007,-1.474008284794989,train
2013-04-10,-1.6133747841327462,-1.2583561170794644,-1.1925581815046526,-1.1800709209695022,train
2013-04-11,-1.7851327444435352,-1.3103165198352364,-1.1975302552910472,-1.2712589601473843,train
2013-04-12,-1.4502380267148933,-1.4734678756078121,-1.4365590823955772,-1.4307020620971105,train
2013-04-15,-1.3532808547558655,-1.4707448141763924,-1.6674346429817808,-1.6907112474842036,train
2013-04-16,-0.9688534741006108,-1.41889678584223,-1.4296991309611395,-1.2597248376976047,train
2013-04-17,-0.9194075898343479,-1.304189709003477,-1.2510804858150455,-1.3430114375372697,train
2013-04-18,-1.1861498489496154,-1.2315387968592386,-1.1678408680248529,-1.2227261773011393,train
2013-04-19,-1.3101047114470408,-1.2469270955905465,-1.2257171188831841,-1.3978397927949309,train
2013-04-22,-1.8152673539007345,-1.2663027758001693,-1.4483769000578424,-1.4017605330380902,train
2013-04-23,-1.0568737255293632,-1.4321156810365965,-1.4493047556299035,-1.4434555267675675,train
2013-04-24,-1.5609186415756222,-1.263918540812164,-1.2084206535746909,-1.300286302289515,train
2013-04-25,-1.522196017418964,-1.4498116957966456,-1.3398323526294937,-1.569362630492555,train
2013-04-26,-1.4923594705244567,-1.4746312394608583,-1.4445874716955376,-1.544872506733691,train
2013-04-29,-1.9243024261867194,-1.484266562779208,-1.6887288278217534,-1.6001088330531568,train
2013-04-30,-1.4301057827543935,-1.598835583356913,-1.615125338442692,-1.4094308521546663,train
2013-05-01,-1.3361024113313869,-1.5107084668383035,-1.431437033155776,-1.2948926383264023,train
2013-05-02,-0.2790361297143054,-1.460125221135644,-1.3647111079251701,-0.957768960948174,train
2013-05-03,-0.2521414729269392,-1.088752581627915,-1.0864126074303537,-0.7610395779172344,train
2013-05-06,-1.9414508031926672,-0.9508930195226216,-0.9900970075845542,-1.1288858597566052,train
2013-05-07,-1.9256679823916334,-1.3573430795320718,-1.3763603591843123,-1.494382357057186,train
2013-05-08,-1.6809073936203769,-1.4130097852772467,-1.3089869283039015,-1.5077827230225505,train
2013-05-09,-1.4061232043097676,-1.3883440880385776,-1.2705976143551834,-1.3352779867609241,train
2013-05-10,-0.9814718258618369,-1.4294820207908303,-1.4014713753940746,-1.5848592281903757,train
2013-05-13,-1.3887335329899484,-1.391097996667601,-1.524799946023501,-1.5490648207361986,train
2013-05-14,-1.1756113907464016,-1.4299683559513054,-1.4415106938452364,-1.4885803777996407,train
2013-05-15,-1.1981025016184041,-1.3098540754682826,-1.2463093300157189,-1.345987423425936,train
2013-05-16,-1.1968432957377815,-1.2694410301228014,-1.186152539228911,-1.0732138330733068,train
2013-05-17,-1.4779458372873002,-1.2527137634561418,-1.2310312936336156,-1.4330719956043507,train
2013-05-20,-1.7752849979685206,-1.368604084466867,-1.571997152984674,-1.5215309562524058,train
2013-05-21,-1.425236204393511,-1.4785863901114824,-1.4942881949168054,-1.546164762257746,train
2013-05-22,-0.6421893660069443,-1.422173810866374,-1.3443078494459872,-1.3971364327933824,train
2013-05-23,-1.1229667316172642,-1.1787374185458366,-1.1355918037653634,-1.1479268580438071,train
2013-05-24,-1.200015655092995,-1.2831570074957175,-1.262255974721615,-1.370672979108696,train
2013-05-27,-2.838680005617692,-1.2715585775129379,-1.4375829099566444,-1.5861985551231486,train
2013-05-28,-1.3150466904062503,-1.7591253221364103,-1.7811557547987387,-1.7827088131128717,train
2013-05-29,-1.0845648874733271,-1.397310490648351,-1.3254614052150182,-1.413635221546193,train
2013-05-30,-1.1345381322904147,-1.3751191012559913,-1.2976665570300523,-1.297572389984093,train
2013-05-31,-1.168098485732558,-1.3843218203306564,-1.3608475730810297,-1.3245860422797988,train
2013-06-03,-0.7649610434874474,-1.3872414590044013,-1.546294078628914,-1.4796669987142324,train
2013-06-04,-1.5020817242299889,-1.1118741376184655,-1.1227919831752498,-1.2555715789762136,train
2013-06-05,-1.1325273351740024,-1.3121400088313953,-1.2326102689049199,-1.2906086606110732,train
2013-06-06,-0.5070978438812178,-1.2225564147058132,-1.1453410027791315,-0.5799177811035716,train
2013-06-07,-0.8026126083390991,-1.0060556102520173,-1.0008092279181076,-0.7476493811657107,train
2013-06-10,-1.6989130278148799,-1.0308526021963889,-1.1452017344102472,-1.3081300091169121,train
2013-06-11,-1.1880845814021195,-1.3247207692299143,-1.3406817616905289,-1.3875793082369237,train
2013-06-12,-1.5558247101762852,-1.181251697840877,-1.1187906591896022,-1.2345373708764256,train
2013-06-13,-1.04690280397551,-1.305991103270111,-1.1968168211261598,-1.2623160611550888,train
2013-06-14,-2.037130700056521,-1.2367069211284856,-1.21702021272456,-1.353882866009527,train
2013-06-17,-1.9105888938060398,-1.5855665965157497,-1.8617569439686315,-1.8832910492072963,train
2013-06-18,-1.2860344147970417,-1.5837516472925788,-1.598198988695072,-1.4704088914997324,train
2013-06-19,-1.0497533019988614,-1.4470932680522142,-1.3751219002660025,-1.0409868808534815,train
2013-06-20,-0.674462091427202,-1.3387458019637015,-1.2639043819286335,-1.2365590620068811,train
2013-06-21,-1.2498440017399166,-1.2103307886466714,-1.1975881760366203,-1.419839798981222,train
2013-06-24,-1.102248340453481,-1.277787513454209,-1.4502364937318166,-1.389277806259095,train
2013-06-25,-1.5384935015909988,-1.1702795517802398,-1.1831775118782772,-1.2119476819205537,train
2013-06-26,-1.415877830841631,-1.2971631773416603,-1.2146515735961856,-1.343036615689699,train
2013-06-27,-1.7038001449099975,-1.2862624265843865,-1.1864815043139292,-1.3085016667546614,train
2013-06-28,-1.5425770909214593,-1.4501884503860112,-1.4144674753828104,-1.3665619899335548,train
2013-07-01,-1.9406015179680212,-1.4448961266272147,-1.6545252209978831,-1.578415490475,train
2013-07-02,-1.6619081418508994,-1.621451322170163,-1.635058284976204,-1.691342577883426,train
2013-07-03,-1.1951492247372943,-1.5742185410107425,-1.480100342513163,-1.5732404910545437,train
2013-07-04,-0.905546955156553,-1.451847726225085,-1.3657745939997723,-1.1671300382689866,train
2013-07-05,-1.397154138071022,-1.3061808817854867,-1.288601170900495,-1.0544897979356511,train
2013-07-08,-2.211926482701219,-1.4088223749679916,-1.6000133913462382,-1.7335606617497439,train
2013-07-09,-1.3302407270841843,-1.639681004528793,-1.6578243129743908,-1.769266804199323,train
2013-07-10,-0.28748225541998423,-1.4130681472922229,-1.3414631316252625,-1.3503247968275474,train
2013-07-11,0.2483090186651321,-1.0753896589155143,-1.059553942793357,-1.1247499860193313,train
2013-07-12,-1.0813191046975859,-0.8314766049804141,-0.8435342167427261,-0.9218164516753588,train
2013-07-15,-1.242494039814182,-1.1027459797737627,-1.2553413508432438,-1.227723353002066,train
2013-07-16,-1.2601971016889628,-1.0539356533795903,-1.071049925219929,-0.9481733133234763,train
2013-07-17,-1.0182853752945578,-1.0429102780953081,-0.9795352519974475,-1.050882624518438,train
2013-07-18,-1.7973341615769507,-1.043689806053122,-0.9758596386182938,-1.0281087408233387,train
2013-07-19,-1.7573385651359135,-1.4140217508807278,-1.3772632732426748,-1.57453160556663,train
2013-07-22,-1.9718301088869483,-1.4741651456794795,-1.7131908805148557,-1.6612439500260905,train
2013-07-23,-2.08020063973704,-1.6042056648168441,-1.6189556236176184,-1.7083965816376605,train
2013-07-24,-1.1730255887590078,-1.7128648785713583,-1.5947023904298443,-1.710738865237638,train
2013-07-25,-1.374242896984524,-1.519426132497246,-1.4338817814960156,-1.5256837953041256,train
2013-07-26,-1.900204671914677,-1.5253670560673753,-1.495844556413008,-1.7035540696995233,train
2013-07-29,-2.20377304391327,-1.6645383558357332,-1.921548116277605,-1.9599752319205517,train
2013-07-30,-2.0898707472462057,-1.7609122398957815,-1.776433569232746,-1.8366460690844415,train
2013-07-31,-0.9372176565304007,-1.7417889828185789,-1.623657884846771,-1.171924592077334,train
2013-08-01,-1.3122015118644412,-1.444461665854521,-1.376879802290146,-0.8628160601287674,train
2013-08-02,-0.8946288912597252,-1.5209935756041546,-1.492783413536325,-1.1958044471544587,train
2013-08-05,-1.986735129317351,-1.3304493640074424,-1.453605355218415,-1.5834758683422063,train
2013-08-06,-2.086685729385452,-1.5736366135968387,-1.5905265372604722,-1.6882930197720087,train
2013-08-07,-1.8909533148184339,-1.60404417644014,-1.4890175922279902,-1.7256861811895996,train
2013-08-08,-2.0929558407822144,-1.6420862235666895,-1.505827402715414,-1.6393256289848381,train
2013-08-09,-2.533123829030017,-1.767919369637207,-1.7225109107046885,-1.8875368370931291,train
2013-08-12,-2.3738175518262974,-2.0429712911373374,-2.3834939672036275,-2.365325349592682,train
2013-08-13,-1.8116447597374892,-2.071004019102159,-2.0867759367268888,-2.025844985585432,train
2013-08-14,-2.4837646182728754,-1.9251685207608384,-1.822657171525305,-1.9071457746125957,train
2013-08-15,-0.7932675844441069,-2.14725288672332,-1.9660141636767137,-1.960007821315675,train
2013-08-16,-2.0128004175170027,-1.6358797750388605,-1.620875505862852,-1.7879370286609944,train
2013-08-19,-2.3695798867323687,-1.8798147269221455,-2.1551637368517915,-2.1801714515578277,train
2013-08-20,-1.7094945004859226,-1.9677753114894587,-1.9880545636629279,-2.0206138231126825,train
2013-08-21,-1.445014011668473,-1.8064114050293645,-1.7135048205889856,-1.8021661159429974,train
2013-08-22,-1.4245925708433251,-1.6454614797425389,-1.5460424730271505,-1.6201975773582524,train
2013-08-23,-1.8170525522158145,-1.690722431830391,-1.6638489847622773,-1.7845538730158805,train
2013-08-26,-2.5367308837555838,-1.7702948143393848,-2.020588584571173,-2.0238997445113664,train
2013-08-27,-1.7004256780450095,-1.9637680311867656,-1.9864949349958163,-2.038916313545222,train
2013-08-28,-1.8957411217071485,-1.7686883133998328,-1.677370058368297,-1.851940548383105,train
2013-08-29,-1.6316066062348282,-1.8509910248792651,-1.7170086851856818,-1.74131001801899,train
2013-08-30,-2.1559360150186633,-1.803991847556008,-1.7718340368918937,-1.7530626276157035,train
2013-09-02,-2.6324476336540976,-1.9688371586786078,-2.263419883233861,-2.30913173398905,train
2013-09-03,-1.8948788675611146,-2.1017679515856615,-2.1239788561801736,-2.109733506729255,train
2013-09-04,-2.286695168826297,-1.9613203230046927,-1.8580410473323594,-1.9357115432479892,train
2013-09-05,-1.4484842607507715,-2.0901442032990896,-1.927151800206663,-1.335917644346517,train
2013-09-06,-1.2531943599952193,-1.8738981527417284,-1.8460128250812724,-1.5898433968598114,train
2013-09-09,-1.9542302273663983,-1.7399353477237698,-1.9143757575488125,-2.0821701354592625,train
2013-09-10,-2.2150091009703448,-1.8377563816793416,-1.8575801734136521,-1.979530269944798,train
2013-09-11,-1.9836162760120146,-1.9231191742397482,-1.802756718276173,-1.91792095437963,train
2013-09-12,-2.0068079495221247,-1.8380916589593053,-1.6993585330695629,-1.8267504813512923,train
2013-09-13,-1.8899348001591603,-1.8962987940201614,-1.8572036685514421,-1.9222136402842591,train
2013-09-16,-2.0530181848949605,-1.9206008216939723,-2.1791509958727833,-2.1942476735861454,train
2013-09-17,-2.608441242382026,-1.9811691212367448,-1.999279766528038,-1.8265866811959706,train
2013-09-18,-0.6327938934872364,-2.151103952495236,-2.006297844460612,-1.5955378168781726,train
2013-09-19,-1.6356757197641745,-1.5553494532660093,-1.5146179251830116,-1.6291924431013192,train
2013-09-20,-1.8919403174979041,-1.7510819202082781,-1.7210210220221909,-1.8520409128936628,train
2013-09-23,-1.6913973911808626,-1.8151233449079858,-2.0765202003275434,-1.8883300830679772,train
2013-09-24,-2.2622439675883097,-1.739246961373644,-1.7578271496784836,-1.7725983486021968,train
2013-09-25,-2.402129699392967,-1.8438825211817114,-1.7230139960143178,-1.8662801218918084,train
2013-09-26,-2.1874601595125385,-2.0351221359549307,-1.8642258940703254,-2.062120925626976,train
2013-09-27,-2.2609611472544824,-2.0414037657867037,-1.9969221580078445,-2.0692200416925735,train
2013-09-30,-2.1303838390752157,-2.0958861652773066,-2.404089046568844,-2.1231378306962694,train
2013-10-01,-1.8066095321091122,-2.111366148946964,-2.128586820393734,-2.0957122701504454,train
2013-10-02,-1.6446816873938388,-1.991737378326366,-1.892326921977948,-1.4503726076526882,train
2013-10-03,-1.6751866107830702,-1.8746921161035937,-1.7589223023262632,-1.8998705582236532,train
2013-10-04,-2.1772016596334365,-1.8327186166331302,-1.800928546272087,-1.9971147234475466,train
2013-10-07,-2.4339741490282685,-1.9391438673148407,-2.23797925161617,-2.3405758474457947,train
2013-10-08,-2.4503218240141287,-2.0367343846744235,-2.05842917274326,-2.232385433843212,train
2013-10-09,-1.8085645312636396,-2.1123819987263253,-1.9774979421502394,-2.0373254103043292,train
2013-10-10,-2.1835935359333396,-1.978279578313642,-1.8505093959099206,-1.9987693783745146,train
2013-10-11,-2.131429006594501,-2.1101887196999978,-2.065302850615394,-2.224387583368177,train
2013-10-14,-2.5483722467986456,-2.0957174265962033,-2.3866319603516564,-2.500012731277823,train
2013-10-15,-1.77141763965861,-2.207917271434811,-2.2287317759507337,-2.2266478867619663,train
2013-10-16,-0.8893116910439647,-1.9665640485696232,-1.8705077183479257,-2.0243862092936973,train
2013-10-17,-1.5516577704610341,-1.6675024804431942,-1.608526797063659,-1.691455156681705,train
2013-10-18,-2.4647292074956804,-1.7503257368228935,-1.722584822116298,-1.8996789543393362,train
2013-10-21,0.4518133725500927,-2.010808319308241,-2.3499992504954026,-2.244262606851496,train
2013-10-22,-1.2979846006941245,-1.0453450811969325,-1.053842517315014,-0.7917186965786435,train
2013-10-23,-2.4223346450836765,-1.3974329037573467,-1.3354708171908536,-1.5214507492864504,train
2013-10-24,-1.8280399517652612,-1.8029724412146422,-1.635428710500607,-1.7975503887160298,train
2013-10-25,-2.009014685873331,-1.6867383851959732,-1.6550586036492534,-1.677000809162092,train
2013-10-28,-2.5443152639595055,-1.6824980507873917,-1.9627078301060927,-1.9747407972604911,train
2013-10-29,-1.7979454532544432,-2.081424140760357,-2.1024952694149586,-2.0186888832451695,train
2013-10-30,-2.0212636711898235,-1.9502489986780744,-1.8505604569532375,-1.327023086967262,train
2013-10-31,-1.5748099513824296,-1.963882889946799,-1.8196213862178967,-1.861590398125836,train
2013-11-01,-1.818464294604082,-1.8357842345161401,-1.804775440872897,-1.9099135478436535,train
2013-11-04,-1.747416921280934,-1.8763791280724187,-2.1257864303569343,-2.180672838370302,train
2013-11-05,-2.0265342057021623,-1.7885295859296133,-1.8061041006798781,-1.889481649456465,train
2013-11-06,-1.7930911301399886,-1.871673561384309,-1.7614599633881378,-1.9219293684402297,train
2013-11-07,0.3288569174721596,-1.7901589203855168,-1.6644774706066368,-1.0846658809446352,train
2013-11-08,-1.0968165948994886,-1.098908829110284,-1.1136734549062,-0.8934742957849663,train
2013-11-11,-2.4620682514008463,-1.3527206513514989,-1.5089547303160238,-1.6582277181811287,train
2013-11-12,-1.48254869520777,-1.7341867874824393,-1.757892060522487,-1.6900759236268754,train
2013-11-13,-1.4595666648034193,-1.4526148111366426,-1.3759549610581732,-1.5233633560720818,train
2013-11-14,-1.6548744767665162,-1.404822698891989,-1.3060055545011553,-1.2962987288951022,train
2013-11-15,-2.1332730206807695,-1.628454493954309,-1.5959056657928556,-1.7319548089873136,train
2013-11-18,-2.2576688309323774,-1.8463695073045516,-2.1367288134897184,-2.105717881192729,train
2013-11-19,-1.7272952971275428,-1.8643068204078437,-1.8830636823870746,-1.9010291146087248,train
2013-11-20,-0.6676379414375015,-1.7564690565566599,-1.6607382772236619,-1.3577386660328883,train
2013-11-21,-1.2062938972444548,-1.4538590431281964,-1.4099361616842863,-1.3462292073364612,train
2013-11-22,-2.152535538959813,-1.5357753964513519,-1.5147258020428807,-1.6727014037661758,train
2013-11-25,-2.173660875796641,-1.7517445581921511,-2.0473189601833495,-2.0278038342035734,train
2013-11-26,-1.8023365364208186,-1.7528517806331643,-1.7732399179221674,-1.809204004940421,train
2013-11-27,-1.9990875337741063,-1.6720879617527755,-1.574883526165328,-1.5930279802989018,train
2013-11-28,-2.332827156776094,-1.8320141659012317,-1.6886168159309172,-1.9034324894265833,train
2013-11-29,-2.245795751659009,-2.016925914039598,-1.9661938395853285,-1.953541570029096,train
2013-12-02,-1.7935054190904502,-2.007934066295453,-2.3115044031012553,-2.2480262370910427,train
2013-12-03,-2.316628924480575,-1.8720344164686196,-1.8857944476668056,-1.9301991336394746,train
2013-12-04,-1.9996876333623956,-2.0444307593379043,-1.913372975825882,-1.975768125272667,train
2013-12-05,-1.1197360035512565,-1.9745520358356394,-1.8295328400337838,-1.1642993816376483,train
2013-12-06,-1.5656194854080423,-1.6521949775459852,-1.6303636846180383,-1.401857512496917,train
2013-12-09,-2.695932713459514,-1.690259216967247,-1.9053777746299025,-2.022003682501733,train
2013-12-10,-2.248262636144859,-2.0656941780589597,-2.087850272982533,-2.092279620728799,train
2013-12-11,-1.9321662949357432,-1.9696438972260033,-1.846305468700376,-2.05048539874943,train
2013-12-12,-1.837015653397882,-1.884984901260876,-1.7484156561214197,-1.8391512337814824,train
2013-12-13,-2.177976009293743,-1.9322427756769354,-1.895103651468549,-2.076552612884569,train
2013-12-16,-2.196899122976678,-2.0741934738414964,-2.370527217500401,-2.2790848019954257,train
2013-12-17,-2.1478183991112427,-2.039322647215632,-2.0580849662673377,-1.8942861581953125,train
2013-12-18,-0.5796542125552127,-2.019098248582933,-1.9008586300104249,-1.3999734654027005,train
2013-12-19,-1.8013923173805841,-1.517406819471407,-1.4808899207189992,-1.5322312807878746,train
2013-12-20,-1.9232998226165758,-1.7955100697620423,-1.7615568541288926,-1.8619267537971278,train
2013-12-23,-2.704743830967803,-1.8144882126327675,-2.0808242063452456,-1.9937077660459352,train
2013-12-24,-2.7697547698698473,-2.0568489021336407,-2.0819718360382233,-2.1689290338451666,train
2013-12-25,-3.471299947435166,-2.1351756552423846,-1.9834070519834532,-2.303264051979669,train
2013-12-26,-3.0039950822432626,-2.5733568352587244,-2.3210108224536095,-2.7155596234387267,train
2013-12-27,-1.0130600099511546,-2.588752001622512,-2.5220865878781407,-2.508304418583772,train
2013-12-30,-1.9596954244988616,-2.0379239187196085,-2.1755295052189734,-2.222250223585908,train
2013-12-31,-1.7128079070599722,-2.1834317352691905,-2.1988116580038897,-2.3226652589015155,train
2014-01-02,-1.3734259546511063,-2.0247997020194783,-1.903502907801498,-2.110748265570353,train
2014-01-03,-1.8783884961206423,-1.7516961295286217,-1.7289133907786398,-1.7766359095686612,train
2014-01-06,-1.9279171647172015,-1.760516210117653,-2.0231730957036413,-1.9003092881299828,train
2014-01-07,-1.9438287297554322,-1.8541396264702874,-1.8748046266085059,-1.8961420156760118,train
2014-01-08,-1.772021711750339,-1.865613036095216,-1.7630020254932983,-1.8167763364896616,train
2014-01-09,-1.4911193621908674,-1.8338623924640947,-1.7125396406506987,-1.4159576998475365,train
2014-01-10,-0.6395119611702403,-1.7665148150827423,-1.740835067188841,-1.3433803681820073,train
2014-01-13,-2.28137659615266,-1.4404362705249005,-1.5354196918729086,-1.6254847377107566,train
2014-01-14,-2.3507155950194205,-1.8534141788962308,-1.8770022947497738,-1.876235608958235,train
2014-01-15,-1.9148315164357261,-1.9120473404527953,-1.7858219256852013,-1.9642963466323948,train
2014-01-16,-1.805302051301348,-1.821978998775209,-1.6893884807945572,-1.5157087829776255,train
2014-01-17,-2.1612929562415477,-1.8209551821646424,-1.7875707185843086,-2.000729426918487,train
2014-01-20,-2.4903097383803114,-2.041000323761556,-2.3360393464642697,-2.4037582332833187,train
2014-01-21,-2.2205071678404544,-2.1569804973279636,-2.178092015846929,-2.2235172093161024,train
2014-01-22,-2.2283376038045386,-2.0879235899067186,-1.9662065928280588,-2.2306732233132878,train
2014-01-23,-1.5353322927218007,-2.1216119796129664,-1.9631716255656246,-1.9815102027039415,train
2014-01-24,-1.4040709016478061,-1.9248501980100856,-1.8951908313853618,-2.100915898428327,train
2014-01-27,-2.0444334408810136,-1.8106194728106952,-2.0048645157677183,-2.0059630108472413,train
2014-01-28,-2.2185343520249368,-1.9011286681373898,-1.9198755403521959,-1.9543059686830646,train
2014-01-29,-1.4643916222643627,-1.932095648966557,-1.8101960519731635,-1.6576914138813745,train
2014-01-30,-1.7459771567039706,-1.694662759884842,-1.5938985510481698,-1.525044393119241,train
2014-01-31,-1.6291277392532848,-1.7760358051916045,-1.743144430710874,-1.7028478245610186,train
2014-02-03,-1.8505519581800498,-1.7686999762763285,-1.9935822507996437,-1.9670675955573487,train
2014-02-04,-2.022403165924539,-1.807297332292685,-1.8256450575453405,-1.8689874694316542,train
2014-02-05,-1.9965150124717066,-1.8305654086025145,-1.7216318366086136,-1.842428551700707,train
2014-02-06,-1.068808595382493,-1.8737031126102726,-1.7331583261211219,-1.3959208665135814,train
2014-02-07,-1.6488238399304616,-1.5893944545241143,-1.5719471411204324,-1.3083874874893244,train
2014-02-10,-2.812519989635744,-1.7229667121611538,-1.9512979620423987,-2.09266417426198,train
2014-02-11,-1.9599606499994777,-2.092330064138579,-2.116205800593686,-2.080962026179308,train
2014-02-12,-1.8936743147559365,-1.9057562650486224,-1.7998858419109713,-1.950274616931641,train
2014-02-13,-1.7181669695851047,-1.8768437344554356,-1.7442581435876838,-1.8155785775574271,train
2014-02-14,-2.4426753336352673,-1.888394113811737,-1.8546362411981823,-2.0480835118967065,train
2014-02-17,-2.478830417650972,-2.1327416218882083,-2.465045187610406,-2.5615957441045745,train
2014-02-18,-2.363067823623147,-2.1183162514865965,-2.1390263873946616,-2.142569625530646,train
2014-02-19,-2.8066262665436565,-2.130602643889435,-1.9993080676755157,-2.0442515287048404,train
2014-02-20,-2.265000345630373,-2.3188814072977544,-2.115585647513917,-1.9347744804523792,train
2014-02-21,-2.449400089412349,-2.2446729981247264,-2.1954174386295677,-2.3652760874368557,train
2014-02-24,-2.5233490645892878,-2.2901049393839137,-2.621245430729945,-2.452495952428905,train
2014-02-25,-2.4445025694710627,-2.322227816869534,-2.340632067030975,-2.362071697507861,train
2014-02-26,-2.3675291198599013,-2.32321020507752,-2.185737366258025,-2.4112323592529568,train
2014-02-27,-2.1256776882364705,-2.269303349603865,-2.09912607308593,-2.1803140010005597,train
2014-02-28,-1.0591845837490133,-2.200083154653326,-2.156133065506907,-1.9110270701694003,train
2014-03-03,-1.8853310893288935,-1.824452910418011,-1.972741253397529,-1.8850133587417792,train
2014-03-04,-2.04994329721564,-1.9577732511899726,-1.9772078439392236,-2.0787781971010992,train
2014-03-05,-1.9582203248020944,-1.9644748627620998,-1.8553510461205434,-1.927518505624419,train
2014-03-06,-1.7212422350721077,-1.9074651737867643,-1.7728890380407354,-1.2147305688275811,train
2014-03-07,-2.066129629153193,-1.812953898895478,-1.7840186290668734,-1.5487103719790187,train
2014-03-10,-2.7170301352148076,-1.984339476918933,-2.270137133070377,-2.334411792452764,train
2014-03-11,-2.658385271920007,-2.2278133166999603,-2.2527088446910115,-2.273598180256214,train
2014-03-12,-2.493618562642387,-2.2809331295975825,-2.1354512853252134,-2.369723304621256,train
2014-03-13,-1.331150802525375,-2.288127843880188,-2.110735095937289,-2.1993512082300586,train
2014-03-14,-1.9895676067902774,-1.9787492389975423,-1.9545909396267,-2.084201790776138,train
2014-03-17,-2.353807105810175,-2.1240449987573977,-2.3977010996682933,-2.325844120625092,train
2014-03-18,-1.8784242350702558,-2.1818390570224615,-2.204159305611143,-2.043650047206268,train
2014-03-19,-1.6662893440004503,-1.9955414453663582,-1.896129232632461,-1.5251483675446824,train
2014-03-20,-2.0124064154677144,-1.8625935841241603,-1.7495667494487912,-1.8697765256334455,train
2014-03-21,-2.1907428813627536,-1.9999698365136527,-1.9627155906910587,-2.1310732094837492,train
2014-03-24,-1.417705689699595,-2.052258385075755,-2.3541139451288324,-2.1855909366307666,train
2014-03-25,-1.7813704655236606,-1.7802644514119959,-1.7976652611476132,-1.844866863863687,train
2014-03-26,-1.9895383272507752,-1.847441699386788,-1.7535654072173137,-1.7984967631050128,train
2014-03-27,-1.9306325469177394,-1.9185845460080142,-1.7799150438219007,-1.922703506600322,train
2014-03-28,-1.9532756568128906,-1.8918613714912154,-1.855757435359615,-1.9679600235075267,train
2014-03-31,-1.8577970191575517,-1.8708456900090853,-2.1409734513061696,-1.8569327008917411,train
2014-04-01,-2.625064899038999,-1.8858691715184366,-1.904226005954111,-1.8310415321583102,train
2014-04-02,-2.609934817191407,-2.156224096506719,-2.011716822085913,-2.149551806143703,train
2014-04-03,-1.4095695343460724,-2.217217809756207,-2.030814202263445,-1.5588645768186153,train
2014-04-04,-1.746990407647283,-1.887117481206103,-1.8609554887913966,-1.6476616439053464,train
2014-04-07,-3.096822417987784,-1.943485582183149,-2.184259984211174,-2.3682662435889994,train
2014-04-08,-2.4985848362840852,-2.381347201085403,-2.4058486848517253,-2.501618077709556,train
2014-04-09,-1.999779840016032,-2.2373717114007654,-2.0991288975816844,-2.1392464521123493,train
2014-04-10,-2.702025591514188,-2.059393596812341,-1.9181670454302733,-2.1079170670503893,train
2014-04-11,-2.955077635276144,-2.338456011877042,-2.2811757384020526,-2.3940956387239503,train
2014-04-14,-2.479486714198072,-2.511421377171284,-2.9102496110951743,-2.790031241182357,train
2014-04-15,-2.505156958098027,-2.3590856158799975,-2.378071775330467,-2.1780158179581686,train
2014-04-16,-2.439861509337772,-2.3713699579667713,-2.2311606863118043,-2.410279699157643,train
2014-04-17,-2.8640558497008435,-2.397299797829222,-2.2207750896594596,-2.4622170710782325,train
2014-04-18,-4.2499880319669625,-2.5204790931078085,-2.459137337630956,-2.6638092406539813,train
2014-04-21,-3.668310255329677,-2.9852790161104723,-3.559153980525867,-3.376620275363882,train
2014-04-22,-2.911448252116575,-2.9782683205472384,-3.0026465984842434,-3.0448121946399125,train
2014-04-23,-2.23013255506325,-2.8494821333589293,-2.682907130614326,-2.8259828543123984,train
2014-04-24,-2.4491360341915422,-2.683144219561654,-2.5203898044951094,-2.6572913909955895,train
2014-04-25,-3.2500045451972737,-2.7032603763566647,-2.650454583372283,-2.859894596267771,train
2014-04-28,-2.658956100019082,-2.810513207235031,-3.2525389343611684,-3.1645755547682164,train
2014-04-29,-2.3482899071317545,-2.59135839830396,-2.6154999642400436,-2.5915099473065832,train
2014-04-30,-2.097977952863339,-2.4733417588537483,-2.347037225639629,-1.796759703211743,train
2014-05-01,-3.579998532086218,-2.406572343910824,-2.2611664112298957,-2.4434810204902204,train
2014-05-02,-2.005684547563493,-2.860236843375475,-2.7873050074752523,-2.477545084980836,train
2014-05-05,-3.5196849733707114,-2.3790224198455063,-2.6577327153854533,-2.7724055558036373,train
2014-05-06,-2.6330612412039347,-2.8284856385767636,-2.8600077842306493,-2.8434247155680907,train
2014-05-07,-2.8397245877610073,-2.6607325132674333,-2.518494178992504,-2.7428865932503763,train
2014-05-08,-0.9874948299840762,-2.7726342082590056,-2.571376400786061,-2.047845792763123,train
2014-05-09,-2.421930264021626,-2.095021755080692,-2.08356792077495,-2.2163676190434543,train
2014-05-12,-3.1733872814472015,-2.4668949150389694,-2.8031577934378236,-2.776005174127805,train
2014-05-13,-2.083047237125032,-2.613282672104772,-2.6453019526249877,-2.66342555475845,train
2014-05-14,-2.6151789797440306,-2.3032119256415196,-2.1957453494398664,-2.379880035946382,train
2014-05-15,-1.999869630860454,-2.4065253340123776,-2.2271189512402616,-2.05039658040747,train
2014-05-16,-2.5850182582510075,-2.3514872095847323,-2.316818594481748,-2.462287735056563,train
2014-05-19,-3.0700012717168366,-2.502272008385961,-2.860061522777918,-2.826891412928334,train
2014-05-20,-3.0018157651855515,-2.606549663135741,-2.6368239301713214,-2.674865224483269,train
2014-05-21,-2.3300033582182085,-2.660281852169193,-2.496390589294167,-2.612152633460441,train
2014-05-22,-2.626631992657641,-2.465107381740182,-2.30183143878893,-2.3308356150884926,train
2014-05-23,-3.1334859511111968,-2.586913921668799,-2.534471281498493,-2.69809582840002,train
2014-05-26,-3.437446857599453,-2.7632308732557087,-3.190750126292671,-3.2015268605752034,train
2014-05-27,-2.9864060136562625,-2.8774846257732216,-2.9055882154159853,-2.8706663113297277,train
2014-05-28,-2.654955182419681,-2.769566768066742,-2.6042276667953,-2.788095651997244,train
2014-05-29,-2.859807413670225,-2.722924257514553,-2.533155730823532,-2.713427734939371,train
2014-05-30,-2.764643929052946,-2.7968750518004333,-2.737716501164509,-2.7076869268146826,train
2014-06-02,-2.7045777565612674,-2.7490310645878613,-3.126888645427259,-2.954106148793369,train
2014-06-03,-2.5130117489442942,-2.658866671355351,-2.683138891805194,-2.6788569741924757,train
2014-06-04,-2.70881038213789,-2.5776064690814304,-2.4416260348870966,-2.5384609012601045,train
2014-06-05,-0.7665601459445903,-2.6183380834469014,-2.4270463809485534,-1.9798112853135228,train
2014-06-06,-1.859525027958301,-1.9613901620803618,-1.954092112985776,-1.684854322026599,train
2014-06-09,-2.8764495299022017,-2.1191400284515964,-2.3805704884437566,-2.505585249850847,train
2014-06-10,-2.5865356301603697,-2.3894516656644784,-2.4202585622572634,-2.4387659412479765,train
2014-06-11,-2.7566579372472786,-2.3314137888815796,-2.1954086394478103,-2.415320179200835,train
2014-06-12,-2.350304903694798,-2.3701340176214662,-2.179742949393741,-2.355204859423637,train
2014-06-13,-2.7138533071492996,-2.423626386594156,-2.3799093686591255,-2.5329783112370325,train
2014-06-16,-2.4003761010798033,-2.585767163222251,-2.9583162174110003,-2.876983130513618,train
2014-06-17,-2.7606440803423524,-2.4750731474390704,-2.4990763918577796,-2.3081558464119842,train
2014-06-18,-2.3915423166314635,-2.5755694326071947,-2.4258295852849483,-2.059031121377696,train
2014-06-19,-2.5803220992974225,-2.4500531562853136,-2.283189038695182,-2.5408118991585282,train
2014-06-20,-2.89132084324275,-2.5095423945326543,-2.459706718148352,-2.647603555786719,train
2014-06-23,-2.8610885895320255,-2.603365877261704,-3.000337542445811,-2.7665356875965257,train
2014-06-24,-2.893897499661908,-2.640886748366553,-2.6666282687976257,-2.648226487646971,train
2014-06-25,-2.751002311245554,-2.6578250029787687,-2.49898812755941,-2.627811371783741,train
2014-06-26,-2.2655411026484265,-2.6499379055386654,-2.4539260544765438,-2.7106001941075983,train
2014-06-27,-3.2539672795524317,-2.5017993644878422,-2.4569376319038976,-2.635631596963864,train
2014-06-30,-2.76167936105238,-2.768392380712536,-3.2119020343955147,-2.8672540625630143,train
2014-07-01,-3.221064836087109,-2.645237697733944,-2.668849104804475,-2.660827163022599,train
2014-07-02,-3.205408300257928,-2.785542241995202,-2.606602024517495,-2.7588629370055036,train
2014-07-03,-2.413419305830852,-2.828830432108186,-2.598628224378494,-1.8015230371696938,train
2014-07-04,-4.032845134484957,-2.659300297856672,-2.6096797499303612,-2.9631212954595685,train
2014-07-07,-3.4211130108449286,-3.1167039745522858,-3.6633148766306873,-3.604883556195587,train
2014-07-08,-3.618626727788413,-3.065952777700019,-3.0922247441999064,-3.1636364036813087,train
2014-07-09,-2.957943112495971,-3.1671627454873987,-2.9643910247697924,-3.117783518178249,train
2014-07-10,-2.9527619440540525,-2.9939220069760357,-2.7817458132847928,-2.968511674944102,train
2014-07-11,-3.2980736163982436,-3.045813939516232,-2.983690020414042,-3.1767692266294447,train
2014-07-14,-3.18658914182269,-3.0644711342744104,-3.513923627009529,-3.4408497789278742,train
2014-07-15,-2.407673176753175,-3.0269805387538575,-3.0542054842677713,-2.9936516165013485,train
2014-07-16,-3.1004840810474237,-2.7347642386639026,-2.605453055355635,-2.755093069792564,train
2014-07-17,-3.2107792747700423,-2.9146385516256275,-2.69603864048892,-2.8323927552997588,train
2014-07-18,-2.5230399395295784,-2.9684451130978426,-2.9051760752567253,-3.0659156628078317,train
2014-07-21,-3.353527150510081,-2.7416573460046747,-3.0910914572295285,-2.985813907210186,train
2014-07-22,-2.5619535924639285,-2.956177822825672,-2.9881529323963347,-2.8191957146316478,train
2014-07-23,-3.2309121270724623,-2.7847422322865336,-2.6476915998663135,-2.9042252878780523,train
2014-07-24,-2.7985309813459662,-2.954328893595818,-2.7270900261835274,-2.929276266736062,train
2014-07-25,-3.022377034521297,-2.8165573749641255,-2.764280509300327,-2.8627849116596584,train
2014-07-28,-3.94850908772051,-2.9163348477971818,-3.332598399369192,-3.2336853335612785,train
2014-07-29,-3.6043178172166415,-3.2018997294356972,-3.237096822188335,-3.2869475702862085,train
2014-07-30,-2.2002584031931125,-3.2214468053520027,-3.0228969012296703,-2.7273844636319335,train
2014-07-31,-2.9074570414696317,-2.7992016632272008,-2.646953134371266,-2.6517207308197737,train
2014-08-01,-2.2153248913960084,-2.967935893304833,-2.911761597366093,-2.536011574221187,train
2014-08-04,-3.7322457784798164,-2.724628933139317,-3.0324023330294803,-3.1652968236791077,train
2014-08-05,-3.1585036364856043,-3.0680922128390784,-3.103427440330371,-3.019240294152439,train
2014-08-06,-2.5400996166367436,-2.886063845940639,-2.7166362939387168,-2.976426575547089,train
2014-08-07,-2.387207429545333,-2.7650347541446822,-2.5888776168610748,-2.2046039090559884,train
2014-08-08,-2.4223252490780487,-2.6688608484202505,-2.625833861731512,-2.802313205988706,train
2014-08-11,-3.416780071863466,-2.68969796416081,-3.0253308253614244,-3.0238162851900476,train
2014-08-12,-3.120518810137728,-2.894593428481645,-2.927494671480188,-2.9731300635494433,train
2014-08-13,-2.1309234659874337,-2.8211295234256015,-2.6531666794554223,-2.7945880588773977,train
2014-08-14,-2.4454240167843317,-2.5449120889294945,-2.3992844907278235,-2.521431980636989,train
2014-08-15,-2.2982119635447917,-2.6228294084527337,-2.5787391672241395,-2.753769791562396,train
2014-08-18,-3.2514766872140295,-2.5687467346502797,-2.888354461356413,-2.881932874639635,train
2014-08-19,-2.4390118733369,-2.77306111067787,-2.805039830018428,-2.647138609029616,train
2014-08-20,-2.5297922336999554,-2.5237061973971073,-2.3960581527763773,-2.526349391014622,train
2014-08-21,-2.735735683124738,-2.571504865996363,-2.3967623389721346,-2.448757169412292,train
2014-08-22,-2.2654743987003956,-2.6470982182297904,-2.5962676043218504,-2.6971613873866684,train
2014-08-25,-2.7819227495331393,-2.525307393228886,-2.8399369573725743,-2.685371902888366,train
2014-08-26,-2.4692572586549666,-2.601064593661843,-2.629876413457694,-2.601279905342995,train
2014-08-27,-2.3702320355476574,-2.5258084772815543,-2.39481127449267,-2.6277317922411862,train
2014-08-28,-2.2148734006945134,-2.470850759932401,-2.306780459265058,-2.407696772556976,train
2014-08-29,-2.4386639233674443,-2.372279146411387,-2.3326499074090314,-2.2364272752367054,train
2014-09-01,-3.4852089221694107,-2.4420629672964353,-2.779969179398302,-2.8011079985161413,train
2014-09-02,-3.025688457273941,-2.752686987518828,-2.7842699420880517,-2.7367958566533135,train
2014-09-03,-2.1516040172898427,-2.7068073756269366,-2.5419131725036705,-2.713388854571158,train
2014-09-04,-0.17052511263520656,-2.4685108103621203,-2.318380611957134,-1.6861372553013632,train
2014-09-05,-1.8528183341024675,-1.7944849301408974,-1.8000962288915663,-1.5339595257695828,train
2014-09-08,-2.1838095139056857,-2.1198195130467545,-2.379606120695975,-2.479104448017262,train
2014-09-09,-1.6326634300154947,-2.0753757514209368,-2.1024102343087545,-2.215026271251964,train
2014-09-10,-1.5812821538963013,-1.8134911609430036,-1.7349721667245908,-1.8244469481436318,train
2014-09-11,-1.9332876994273134,-1.729289349765478,-1.6283026471230284,-1.7645202195616847,train
2014-09-12,-2.0252195312441574,-1.956804923497053,-1.9246338558436733,-2.048364019596938,train
2014-09-15,-2.2411057859238195,-1.992376181661642,-2.2755936497962312,-2.3155634807320586,train
2014-09-16,-1.9279023570935738,-2.0448483718368133,-2.0699158438158545,-2.105968076225153,train
2014-09-17,-0.8925232722535903,-1.995581406054757,-1.8949390388553051,-1.1881551639485282,train
2014-09-18,-1.4749924117379745,-1.6688237528987024,-1.61285523339911,-1.671690659689523,train
2014-09-19,-1.7146311509384493,-1.75011464638184,-1.7270413762760588,-1.9460804378814522,train
2014-09-22,-2.1189538108353614,-1.7677763085242872,-2.0085885480671815,-1.8854612832937532,train
2014-09-23,-2.1846877532598525,-1.8425856660259272,-1.866391910380534,-1.8508432864761164,train
2014-09-24,-2.047740758906756,-1.8800831362470434,-1.7645824146894842,-1.9264155165813297,train
2014-09-25,-1.5349954836147532,-1.9452708064217759,-1.8020537204840295,-1.9624311277562434,train
2014-09-26,-2.260632038456171,-1.8224959874910345,-1.7943719810652605,-1.9134738066185557,train
2014-09-29,-2.019192411721288,-2.0374373166933144,-2.346892389248274,-2.2491387730351553,train
2014-09-30,-1.3993218690269023,-1.9707478888135086,-1.9891455112368797,-1.9677721301601478,train
2014-10-01,-1.495274026488573,-1.7454471398542049,-1.6714229013270627,-1.7378920355978729,train
2014-10-02,-0.9504435450247815,-1.694957885251281,-1.5913265917343502,-1.1204170494360408,train
2014-10-03,-1.196192278900468,-1.4934766066928613,-1.4780680081127102,-1.1285220713460582,train
2014-10-06,-1.5511943969549056,-1.4425240791763565,-1.6108449681831838,-1.7743531509128512,train
2014-10-07,-1.2371169303251575,-1.4970571645210577,-1.5162002183629735,-1.5897582225308409,train
2014-10-08,-0.6293606466794821,-1.403301352513909,-1.341470518118951,-1.3556073374525472,train
2014-10-09,-0.9120993715629648,-1.1676807061661825,-1.1311471239993212,-1.1948448718937952,train
2014-10-10,-1.5542729670615796,-1.2210175459407273,-1.209960485219404,-1.4052933767958513,train
2014-10-13,-1.27518185618139,-1.400663348473863,-1.618588298217242,-1.7241863549251621,train
2014-10-14,-1.4983358580024504,-1.304131296521337,-1.3212843163290948,-1.3606387249733358,train
2014-10-15,-0.14721597652988877,-1.3731611174884748,-1.2955408000068858,-1.2615856372409484,train
2014-10-16,-0.3001593580663452,-0.9956478170500643,-0.9924648588389093,-0.9407891328870649,train
2014-10-17,-1.1133434466834204,-0.9569140869278951,-0.9580843496033443,-1.0918292816042559,train
2014-10-20,-1.6252957049149768,-1.106067140324482,-1.264871637843172,-1.3037200531976803,train
2014-10-21,-1.2220137636821953,-1.257084039986935,-1.276151000059174,-1.3784375345654174,train
2014-10-22,-1.3167332806373582,-1.1338699791422644,-1.0726117221967815,-1.0613372103908132,train
2014-10-23,-1.3831781831672816,-1.2527807636673578,-1.1622905817219376,-1.204460285376778,train
2014-10-24,-2.008111668591002,-1.35735477427133,-1.3300184328781552,-1.5228219884367782,train
2014-10-27,-2.04475087939856,-1.5816255171258409,-1.853858708546268,-1.768448640050296,train
2014-10-28,-1.6462659663897186,-1.633847705714436,-1.6486420013673664,-1.6786990623047955,train
2014-10-29,-1.176230958950366,-1.573970883582442,-1.480054711852089,-1.2766488530307671,train
2014-10-30,-1.5390593155606367,-1.4438245440658155,-1.35758535960447,-1.4246701610472383,train
2014-10-31,-0.7477678451686918,-1.5428505557317762,-1.5082971522436939,-1.4529551669156668,train
2014-11-03,-1.2918583696911925,-1.2383494568971283,-1.3406299968106692,-1.3234877171166062,train
2014-11-04,-1.8436908660342324,-1.2987525748647875,-1.310505204715696,-1.3669261082556325,train
2014-11-05,-1.4878480848338576,-1.450650599600226,-1.3485928882730427,-1.421436698132879,train
2014-11-06,-0.50986842712734,-1.396530295835444,-1.2902076164659089,-0.9049779470805273,train
2014-11-07,-0.961827951636206,-1.0703801985014814,-1.0630889397660905,-0.7600183233117471,train
2014-11-10,-1.659085362112849,-1.1973180361563698,-1.3307261996391688,-1.4963533705461542,train
2014-11-11,-1.6687064971501513,-1.399138915791541,-1.4137532361284637,-1.5628180528379803,train
2014-11-12,-1.182877371836022,-1.3867472719902694,-1.295479043329868,-1.4367963868159825,train
2014-11-13,-1.8114200789898638,-1.2464783408038038,-1.1644074877506232,-1.2388509839896722,train
2014-11-14,-0.8741041060489136,-1.512472555757758,-1.4744832750712638,-1.438325773822748,train
2014-11-17,-1.3841490741522546,-1.2974737069811713,-1.418002739401996,-1.50434700359529,train
2014-11-18,-1.8206730021238688,-1.4017976704844182,-1.4149082390632965,-1.4642986054076512,train
2014-11-19,-1.550437153232129,-1.5237666957251281,-1.4238814589273452,-1.5143891005704302,train
2014-11-20,-1.0236181124092374,-1.4942508777290624,-1.3840991248931458,-1.1880720325918395,train
2014-11-21,-1.1793043679109043,-1.299543206551594,-1.2814523803101858,-1.4814870854276563,train
2014-11-24,-1.6229932749403826,-1.361452256846623,-1.524324085556306,-1.4570337652486602,train
2014-11-25,-1.6842677797941417,-1.487700135919461,-1.50218892086642,-1.4840061170089422,train
2014-11-26,-1.3925723147535574,-1.4857452538438431,-1.39338875648452,-1.4374161804659253,train
2014-11-27,-2.00093399592465,-1.3971123541882595,-1.2989177525886906,-1.450631823459804,train
2014-11-28,-1.6938302551324511,-1.629503562943112,-1.5871558393893395,-1.5873195323357316,train
2014-12-01,-1.42405222956318,-1.6115236034441573,-1.841112732113824,-1.755805795177014,train
2014-12-02,-2.031950548591638,-1.530230034593843,-1.5413941030697558,-1.64937382556416,train
2014-12-03,-1.6521825480747045,-1.7157968645674169,-1.601601209168607,-1.6963270791919178,train
2014-12-04,-0.30597920662205963,-1.656222811374175,-1.536815850974104,-1.0124663148799158,train
2014-12-05,-0.748217109368877,-1.1759792756853054,-1.1729393426513466,-0.8020182831538397,train
2014-12-08,-1.6948678709801361,-1.1833525530472306,-1.2892845765511582,-1.4961740307262597,train
2014-12-09,-1.101500667389694,-1.4386019878645382,-1.4551894865927277,-1.5049900249612034,train
2014-12-10,-1.4798402277673754,-1.219463456412635,-1.1637136174926574,-1.3455346094912435,train
2014-12-11,-0.76214623194721,-1.288667328583769,-1.1877466880129757,-1.2428449570278943,train
2014-12-12,-1.2536071375508362,-1.1551157210504253,-1.1441623629542692,-1.3034209041076474,train
2014-12-15,-1.3030920749752224,-1.3146309816442858,-1.4885968150672435,-1.549528479578119,train
2014-12-16,-0.8085861848125407,-1.284711460127131,-1.2989090550192768,-1.275457555625445,train
2014-12-17,-0.4769733093216135,-1.143845967070409,-1.1037232190909354,-0.49640111420091326,train
2014-12-18,-1.027746822679283,-0.9664663379215058,-0.9389590955865992,-0.9505537058533698,train
2014-12-19,-1.578592000934478,-1.1081240730112083,-1.0917747542694043,-1.2657450557908625,train
2014-12-22,-2.012634574472206,-1.2644165285061568,-1.4829829827336576,-1.4285920749773524,train
2014-12-23,-2.062301101220393,-1.4396027186164626,-1.4581188199852755,-1.4087326872640529,train
2014-12-24,-2.4110461913330448,-1.574751293603381,-1.4603190319081285,-1.6605378404461666,train
2014-12-26,-2.6533519417189764,-1.8392684418058318,-1.7858300471564634,-2.0137435838606645,train
2014-12-29,-1.7344530080455574,-2.0533767060615413,-2.408436162507162,-2.3823291644431444,train
2014-12-30,-1.746768720078682,-1.8603944857339414,-1.8693914116163457,-1.7462445135321598,train
2014-12-31,-2.1627604307592403,-1.8362284054587727,-1.7343514663896684,-1.9197136209804262,train
2015-01-02,-1.481773125318841,-1.9461280827758962,-1.8960126375644148,-1.9957311666071762,train
2015-01-05,-0.8474216614253823,-1.7060583384038317,-1.9053431236744307,-2.047193906649204,train
2015-01-06,-1.097307056047282,-1.3831459164865672,-1.3911451955811933,-1.3787198562811698,train
2015-01-07,-0.9835664900466221,-1.3764374707381444,-1.3170670996556488,-1.2632192876931494,train
2015-01-08,-1.3584014818999441,-1.2886476812717793,-1.2217461545834238,-1.4216822570796994,train
2015-01-09,-1.1340688821280904,-1.308538332695754,-1.285300591492655,-1.0912977709934613,train
2015-01-12,-1.3857410972143294,-1.2191632603379492,-1.379203146773889,-1.4255675171592903,train
2015-01-13,-1.2340634027857704,-1.3290131983125149,-1.3446427991197245,-1.433189893687513,train
2015-01-14,-0.716447099039486,-1.3038427627046831,-1.2394240055928218,-1.2266995238838252,train
2015-01-15,0.8356825174168171,-1.160235845388165,-1.1142883980280434,-1.2135710325008473,train
2015-01-16,-0.44916991544931684,-0.5811992264526392,-0.6091253721676607,-0.5702995772143431,train
2015-01-19,-1.0797800225473617,-0.8044179357804531,-0.875155013650456,-1.0754747016243673,train
2015-01-20,-1.2417897224245715,-0.9244725834709959,-0.9426245721097902,-0.9981011522429439,train
2015-01-21,-0.06483925988170064,-0.9709652286669896,-0.9114782673904172,-1.1008266572060188,train
2015-01-22,0.3925255104538021,-0.6307644075116613,-0.6380533613821107,-0.08390152354507685,train
2015-01-23,0.6275641353615501,-0.5438389720624459,-0.5626431039606379,-0.5930266549291727,train
2015-01-26,-0.20539247322846912,-0.3624512416083218,-0.28853447060172704,-0.4400222101023712,train
2015-01-27,-0.12498369971732351,-0.4534426162096156,-0.46607306639030144,-0.48984770171844016,train
2015-01-28,-0.5900011932500124,-0.3078986241917767,-0.3128485732320271,-0.14804466323972032,train
2015-01-29,-0.8506362609983974,-0.43915603151957017,-0.4059531245822229,-0.5084699803201593,train
2015-01-30,-0.6367396495527046,-0.6019292999705816,-0.5901926797764666,-0.4526553662776298,train
2015-02-02,-0.9941285547087072,-0.6551299378008133,-0.7450667183958931,-0.7445492574368257,train
2015-02-03,-0.6673370278469095,-0.795660214365772,-0.8043082725466058,-0.8345882680762019,train
2015-02-04,-0.729399112372216,-0.7607177565024973,-0.7231842372078793,-0.7293133844512052,train
2015-02-05,-0.41241650316176565,-0.7862963302542743,-0.7331580781801103,-0.8731086301707999,train
2015-02-06,-0.1280672201803011,-0.666037061603762,-0.6575388626136235,-0.3893819867407948,train
2015-02-09,-1.1711106519863106,-0.5449567435716945,-0.5633370857797526,-0.794706776695605,train
2015-02-10,-0.8194115134186556,-0.7983973872856651,-0.8069127240440939,-0.8614972852037242,train
2015-02-11,-1.1583473490777356,-0.7279197256755378,-0.6814062481689407,-0.848651107086489,train
2015-02-12,-0.7105758908670408,-0.842125838424756,-0.7567080966684461,-0.7944898191811506,train
2015-02-13,-1.3199801511744822,-0.7605065600496159,-0.7431975584260191,-0.8869139633902198,train
2015-02-16,-1.3578950612986793,-1.0154166701532672,-1.1898368425607468,-1.353152259438379,train
2015-02-17,-1.0874993353994984,-1.0657298310234593,-1.0722233307658526,-1.1218212407422883,train
2015-02-18,-0.748206345356813,-1.0351608275171906,-0.9703981280658892,-1.0187724165056617,train
2015-02-19,-1.1969978458446746,-0.9162988190125056,-0.8594338358470603,-0.9698435687045345,train
2015-02-20,-0.43793933628010284,-1.062997153582974,-1.0333761869100575,-1.138011837407118,train
2015-02-23,-1.2281446535383347,-0.8128348635100807,-0.870627689706859,-0.8547058337967341,train
2015-02-24,-1.262869568133697,-1.0006943159983277,-1.0088282151492034,-0.9518947434764876,train
2015-02-25,-1.6614422882372575,-1.045832228871577,-0.9744452864991381,-1.0875331674824478,train
2015-02-26,-1.2664598775774591,-1.2366159909016348,-1.1148563342112194,-1.0205306951010635,train
2015-02-27,-1.035994976714876,-1.1650637020008718,-1.1372376189552469,-1.0095189201529176,train
2015-03-02,-1.8650935754601399,-1.1714584929480805,-1.3104424913883408,-1.1960134875647774,train
2015-03-03,-1.698826883306984,-1.4310427473509941,-1.4422586985930477,-1.5226855626921132,train
2015-03-04,-1.187417368401764,-1.4443837951262704,-1.3460037681279318,-1.3901783720954857,train
2015-03-05,-0.8121232024082344,-1.286102922145075,-1.198782409493029,-0.6884646016438737,train
2015-03-06,0.058265167850944086,-1.1603158494915233,-1.1427622185402593,-0.8532187782893694,train
2015-03-09,-1.3451084063697483,-0.8522817046362284,-0.8464944715124741,-1.0754044176112685,train
2015-03-10,-0.3179269685798309,-1.1377615168892588,-1.1503127358721366,-1.211138743692758,train
2015-03-11,-0.15037000207137802,-0.7786898146590091,-0.76680979453086,-0.8608622170692983,train
2015-03-12,0.30123635999186593,-0.6345972083607442,-0.6312315230565883,-0.5494543954199773,train
2015-03-13,-0.2552400828200179,-0.41723735991451516,-0.43301091339506836,-0.5936362371423487,train
2015-03-16,-0.5945101699402566,-0.5633154896985288,-0.6057151534700461,-0.7045845344819778,train
2015-03-17,-0.912274324333412,-0.5717602653203716,-0.5850822731569614,-0.628718930748069,train
2015-03-18,1.5494645557254734,-0.6940955391223694,-0.6500651960938554,-0.2679111337644582,train
2015-03-19,0.47386431290882586,0.05810359658307382,-0.06478719509074903,-0.010148683495324384,train
2015-03-20,-0.0834893590639647,-0.15563030358638769,-0.1751650273248729,-0.3512736259586817,train
2015-03-23,0.09096490792739047,-0.2605331335737908,-0.28076528061910455,-0.299735671121951,train
2015-03-24,0.11907306144830117,-0.14377272685027853,-0.15271450549711557,0.02657956125658756,train
2015-03-25,-0.6969156127617507,-0.037425468554012194,-0.055391458689725954,-0.09336228264595814,train
2015-03-26,-0.4814578838660447,-0.4227478348702299,-0.378446000232854,-0.49107903928406405,train
2015-03-27,-0.328517219768718,-0.4512309319550073,-0.4449955964481287,-0.5171730807073343,train
2015-03-30,-0.6445129564414993,-0.4233835378803153,-0.47088981342057173,-0.5260224629232064,train
2015-03-31,-0.7195707172614254,-0.5557182781161649,-0.5615377750740452,-0.33871363319894465,train
2015-04-01,-0.5742505922738285,-0.6455344660309053,-0.6042518137140116,-0.639490677071619,train
2015-04-02,-0.5364202350102226,-0.5865273599567175,-0.5438041928011207,-0.8858255063473874,train
2015-04-03,0.46036416232376637,-0.5697691515212361,-0.556399738365915,-0.33705750542534085,train
2015-04-06,-0.8639553569387772,-0.2507744438975597,-0.18782224680472737,-0.27253315421676283,train
2015-04-07,-0.6514481366277618,-0.5753366650625473,-0.5798143817561441,-0.7629324254625538,train
2015-04-08,-0.471349264200031,-0.5283367368924531,-0.4904030465435141,-0.5528729451332612,train
2015-04-09,-0.8498238695396123,-0.46782588582162465,-0.43228653335580375,-0.43729184897174056,train
2015-04-10,-0.7034128982967994,-0.5891522853705499,-0.5689520335683612,-0.7211985144104976,train
2015-04-13,-0.6844235592537359,-0.6674093215819158,-0.7589636677212112,-0.8534744069161954,train
2015-04-14,-0.08791172228802632,-0.65782637714588,-0.660052494991184,-0.6749342165418192,train
2015-04-15,-0.19369632709239534,-0.467827424608808,-0.46142731462096664,0.05199372064352814,train
2015-04-16,0.11211965964111749,-0.4624032330235055,-0.4471497447590704,-0.4606257957560165,train
2015-04-17,-0.2457499202216502,-0.2933445702838066,-0.29597588049122847,-0.24387357203684168,train
2015-04-20,-0.7889944471903647,-0.3541327458600885,-0.38925273071047983,-0.46046102176645975,train
2015-04-21,-0.6840311276654866,-0.5025440354735771,-0.5103293097504304,-0.6265205870943771,train
2015-04-22,-0.6829502599937993,-0.5393142817290074,-0.5020241503145693,-0.6291026410456824,train
2015-04-23,-0.33088873096406135,-0.5921815359894662,-0.5434762981136351,-0.6258669810876323,train
2015-04-24,-0.309696424515014,-0.5566264680442504,-0.5499509467477537,-0.6758620816181312,train
2015-04-27,-0.8040681656913715,-0.5532150641553417,-0.5952731188121715,-0.6856916664958299,train
2015-04-28,-0.7274229437355537,-0.6717141067928163,-0.6775653359738116,-0.7741469884149269,train
2015-04-29,0.115810122633687,-0.6625389184165114,-0.621663274104125,-0.4023048671117342,train
2015-04-30,0.41977657843465116,-0.3878746842579001,-0.3980354938831386,-0.22159472292459514,train
2015-05-01,-0.3136906182234958,-0.23713049033546954,-0.24890151822671028,-0.35943414813278207,train
2015-05-04,-0.9942865111004066,-0.4029653736773736,-0.44754939870139776,-0.6181157511052903,train
2015-05-05,-0.12704525785107917,-0.581641554050899,-0.5904989786735515,-0.6282124473211309,train
2015-05-06,-0.09639831834588225,-0.3346210974989716,-0.3310379777580622,-0.4195164642622722,train
2015-05-07,-0.35895282252955285,-0.33822539004502333,-0.33401373362292375,-0.4767436496414148,train
2015-05-08,0.2023096551244696,-0.4659192348037972,-0.4591762440077829,-0.12421633371621921,train
2015-05-11,-0.6729919334546228,-0.282639214455502,-0.25718416414348755,-0.42823291173420275,train
2015-05-12,-0.7595124734061323,-0.45244699028766316,-0.4592576187222196,-0.5956972323731156,train
2015-05-13,-0.2964611934604794,-0.5303627564625694,-0.48819668399771116,-0.45921049499035016,train
2015-05-14,-0.5598612361568064,-0.43785224366677455,-0.41673674186994547,-0.482632098638778,train
2015-05-15,-0.4788625557104603,-0.5218712004805052,-0.509910754654148,-0.7266347461545646,train
2015-05-18,-0.7613837522474209,-0.5683213919502451,-0.6321836700111694,-0.7440391512181546,train
2015-05-19,0.11061843009039309,-0.651027712137568,-0.6557708625495727,-0.7671712322403788,train
2015-05-20,-0.19093254753045075,-0.3678180471695512,-0.3752144211275299,-0.4069815770511198,train
2015-05-21,-0.5069095878046269,-0.42075112618022237,-0.40773940835951,-0.36544629930794237,train
2015-05-22,-0.14378617297100962,-0.48650003561659044,-0.47621444310104344,-0.32570701572992156,train
2015-05-25,-1.4532430090749076,-0.36664889171394655,-0.38730547995945785,-0.5897381990259902,train
2015-05-26,-0.6081238352187359,-0.7427186306670384,-0.7530416636950656,-0.6738967834861305,train
2015-05-27,-0.335850708010451,-0.6172906409843714,-0.5820292107556451,-0.7234560904691534,train
2015-05-28,-0.45421198223044135,-0.5626734459340793,-0.5370054590432293,-0.6453212833704369,train
2015-05-29,-0.6944633540932756,-0.5819940570123554,-0.5707646686425742,-0.4714045036713559,train
2015-06-01,-0.521096351213739,-0.6962550426311563,-0.7880968844979612,-0.7283261151902792,train
2015-06-02,-0.11020768245469928,-0.5823957996934105,-0.5864101558275068,-0.5876745568549591,train
2015-06-03,0.19334765485709537,-0.4405662423453138,-0.4356312727121179,0.1591499225784403,train
2015-06-04,-0.18817845055361657,-0.30948044461823615,-0.32530289048871436,-0.3849444004415734,train
2015-06-05,0.8496698992958965,-0.37361109850722696,-0.3716547997870774,-0.0923506419748037,train
2015-06-08,-0.22118123731911368,0.015494307102999582,0.12540784912864325,-0.13616264588027627,train
2015-06-09,-0.33714739321713,-0.20159058345162725,-0.20813976326871006,-0.2826682771359854,train
2015-06-10,-0.08318529593762322,-0.2548814322181149,-0.24059580708522438,-0.39167693669612125,train
2015-06-11,-0.5639793209971143,-0.21505109664026745,-0.2130658127655168,-0.17490222047524795,train
2015-06-12,-0.2643744382844173,-0.35735998707642946,-0.34814145079123415,-0.5099673639036575,train
2015-06-15,-0.6151317098671404,-0.38935396655911375,-0.42615732816019086,-0.5369500521449879,train
2015-06-16,-0.9426257797429695,-0.5062732569711702,-0.5108546900793984,-0.6231765608942943,train
2015-06-17,-0.8540309980844544,-0.6416461349999113,-0.5874704839343942,-0.22055966699423024,train
2015-06-18,-0.272058466002965,-0.6923301884470647,-0.6280707151525085,-0.4932206721644399,train
2015-06-19,-0.9459515128081453,-0.536509585685984,-0.5294364751833732,-0.7450521723970047,train
2015-06-22,-0.7076214051804457,-0.76159573546628,-0.8871689455764511,-0.8657276745610055,train
2015-06-23,-0.7566623599687302,-0.7175288520004439,-0.7202980711342984,-0.5898058480237203,train
2015-06-24,-0.9104867254294507,-0.7187922540929665,-0.6743608463771267,-0.7268865026351262,train
2015-06-25,-1.012698081980482,-0.7531358589833804,-0.6848705725224237,-0.8746131427443924,train
2015-06-26,-0.9364333251171804,-0.8483909234400175,-0.8230968098393291,-0.9829115305643528,train
2015-06-29,0.5873587384481185,-0.8367658096498504,-0.9604650768269607,-0.9672800119307641,train
2015-06-30,-0.3356781849770188,-0.35763723532875485,-0.35306848653246375,-0.25590830815169285,train
2015-07-01,-0.6159806607020579,-0.527309448225005,-0.5081099570451959,-0.6800384309892562,train
2015-07-02,-0.3755239829123292,-0.5659939797166117,-0.5214987854188181,-0.24649456307544915,train
2015-07-03,-1.3810515937195402,-0.45591983675305603,-0.44949027903283756,-0.6021049258298754,train
2015-07-06,-0.33286887940994775,-0.7448422174281784,-0.9328858590756657,-1.0038870716532573,train
2015-07-07,-0.5146052544471245,-0.589356802744878,-0.5918750947160778,-0.7537857583917127,train
2015-07-08,-0.49749753080488485,-0.6626580239305582,-0.634021969778112,-0.6832783614002885,train
2015-07-09,-0.6907163546943782,-0.6510783792118964,-0.615788460493896,-0.7096410106395143,train
2015-07-10,-0.28538969966777034,-0.7280294496730172,-0.7134155758483104,-0.8504589825799952,train
2015-07-13,-0.07016237918566967,-0.5377674240402199,-0.5790918725206642,-0.7150377839533709,train
2015-07-14,-0.9551255116982537,-0.45895239299584595,-0.4625055946476234,-0.41404486878638713,train
2015-07-15,-0.9085949817232246,-0.7098917790378502,-0.6580538950121293,-0.8073809994007112,train
2015-07-16,-0.6591731358972394,-0.7398292656550391,-0.6754166957413532,-0.04844953410911912,train
2015-07-17,-1.427957441458835,-0.6765142497296547,-0.6638370729580219,-0.6196759587994594,train
2015-07-20,-1.5003661323310062,-0.9632045236957623,-1.15574362743264,-1.2142358930458386,train
2015-07-21,-1.0153718303526154,-1.123478136810884,-1.1316228599923275,-1.2350321534689985,train
2015-07-22,-1.0451547995511004,-1.018375718347937,-0.9584989904065387,-1.1135469598210337,train
2015-07-23,-0.6921629642258486,-1.0414047979842251,-0.9629423633804128,-1.1169072511924782,train
2015-07-24,-0.9001107344075253,-0.9626299755912059,-0.9451593713748712,-1.0324301449245472,train
2015-07-27,-0.7904137516040465,-0.9623347603280696,-1.082488715785248,-1.004674997476386,train
2015-07-28,-1.4823461157240654,-0.8701955546945065,-0.8755457926912966,-1.0042286924483894,train
2015-07-29,-0.922797664893603,-1.0775901753561343,-0.9925313450840997,-0.8647316596560227,train
2015-07-30,-1.1547263856982959,-0.9549824473832952,-0.8880609601279067,-0.9328903594453138,train
2015-07-31,0.047921006809641765,-1.0594314945458598,-1.0339851504353363,-0.9800537318772095,train
2015-08-03,-1.4239427149110668,-0.689779008640404,-0.6848829641834925,-0.677151850276177,train
2015-08-04,-1.3043477398795689,-1.097009970662946,-1.1074864597379233,-1.197720981457497,train
2015-08-05,-1.0046892782247152,-1.0525294385453159,-0.9793776314732502,-1.086253468296825,train
2015-08-06,-1.5134422980703452,-0.9987137614302979,-0.9267074644191238,-1.114737940402049,train
2015-08-07,-0.19709940756764613,-1.159312462872834,-1.1271125873915573,-0.8538392020915323,train
2015-08-10,-1.1199997944039735,-0.8759562153276508,-0.9032419904483803,-1.1070995889649247,train
2015-08-11,-0.661948925282947,-1.0650789554304807,-1.074100829024214,-1.1398211751108138,train
2015-08-12,-0.7385772549730852,-0.905822051647062,-0.8710134115439145,-1.0101568445627274,train
2015-08-13,-0.8038230193092774,-0.9067669240176045,-0.8565734418088917,-0.9154563345259574,train
2015-08-14,-1.2424726604762653,-0.8556215689234502,-0.8428682427689494,-0.9367286351423284,train
2015-08-17,-1.2302636784870455,-1.0549929559999953,-1.225716107252735,-1.2678226714864564,train
2015-08-18,-1.6146775534484938,-1.0686181233660956,-1.0802460633310564,-1.188064173398434,train
2015-08-19,-0.8576336638376083,-1.245472524724399,-1.1550916798399002,-1.0452168365344492,train
2015-08-20,-0.915392612999428,-1.0752454086307197,-1.0136641427711646,-1.0985813854708575,train
2015-08-21,-0.8831276360099621,-1.0975122770455175,-1.078093014446898,-1.154486571823044,train
2015-08-24,0.8878479865772972,-1.0556592752937957,-1.1761243879290655,-1.1906473050728688,train
2015-08-25,0.270102866725828,-0.43899714523086625,-0.43761267901848255,-0.5192169620267246,train
2015-08-26,0.09226174337761632,-0.3965618372940346,-0.41940282188365335,-0.491495376641057,train
2015-08-27,-0.4179878569936866,-0.34123474002825027,-0.3567063866858986,-0.22075025331717324,train
2015-08-28,-0.5567858565195392,-0.40126616077842675,-0.40106420668761644,-0.4871086522629453,train
2015-08-31,-0.8154682782806209,-0.39939237938393146,-0.48389557579275616,-0.33032091907421646,train
2015-09-01,-0.3714390655038676,-0.6096134705615756,-0.6211543413341408,-0.6638538182264191,train
2015-09-02,-0.8397858590735789,-0.5706237511033598,-0.5545564414427613,-0.6736746362138243,train
2015-09-03,-0.4495788282024213,-0.7562084230273153,-0.697839323971762,-0.02136851777111337,train
2015-09-04,-0.5538477613735774,-0.6598815625141952,-0.652425742899445,-0.3679302147276977,train
2015-09-07,-1.5030650750847385,-0.6784881144561916,-0.7553880864105351,-1.0459866904705053,train
2015-09-08,-1.2015852056539358,-0.9587327100696051,-0.9697511113714382,-1.0086757076650348,train
2015-09-09,-1.286201246865418,-0.9761699835779282,-0.9076039621249344,-1.1088427677979313,train
2015-09-10,-0.7891487176732547,-1.037994406300136,-0.9431595156555291,-0.9541893505620086,train
2015-09-11,-0.9858989202464262,-0.9561321123715307,-0.9372989342197016,-1.0734759924308124,train
2015-09-14,-1.462598663099144,-1.043309440564547,-1.1741546128834968,-1.2605237368895583,train
2015-09-15,-1.5145747223404427,-1.156486328850012,-1.1646959184162078,-1.1518200961878045,train
2015-09-16,-1.1636697181750093,-1.1998933137786394,-1.1114981817604295,-1.0523179122979889,train
2015-09-17,-0.312726722160508,-1.1074545460783607,-1.0205419426672249,-0.5693032318144196,train
2015-09-18,-0.7983198362977054,-0.8541982151027624,-0.8456229383842212,-1.0621448398132496,train
2015-09-21,-1.1831864627146793,-0.9479913524308677,-1.054246381667086,-1.1418199949409675,train
2015-09-22,-1.2287100506870985,-1.0139966855423028,-1.0212561043955102,-1.1391474057382602,train
2015-09-23,-0.549622566209819,-1.002378941942538,-0.9323713849501184,-0.9980062718889956,train
2015-09-24,-0.8867012436188385,-0.8068691191877365,-0.7687042864321691,-0.7785202184795239,train
2015-09-25,-0.6814762324472962,-0.9493704068721821,-0.9313106783914228,-0.949804342815755,train
2015-09-28,-1.1139846950413512,-0.9003386078010175,-0.9944196401642582,-0.9846923902709961,train
2015-09-29,-0.8844007347898857,-1.00117884084352,-1.011391218549915,-1.1127836125729806,train
2015-09-30,-1.2003415940269275,-0.9208898172511942,-0.8740368930231526,-0.7671906157853282,train
2015-10-01,-1.5259778733706415,-1.0568309404925178,-0.9716346007757397,-1.1127365217105667,train
2015-10-02,0.4160730314719943,-1.2026083294877614,-1.1708094860487854,-0.8680044861496113,train
2015-10-05,-1.1077800114012146,-0.6429660574508281,-0.5902879644821218,-0.7985802575250267,train
2015-10-06,-1.4078201132442305,-0.9996680591695788,-1.0108422271258126,-1.1423945615690159,train
2015-10-07,-1.28674858430547,-1.1256726014258602,-1.0486326956517127,-1.1847813625839336,train
2015-10-08,-1.030117638100863,-1.1032891060481553,-1.0121661725915267,-1.0996850903764406,train
2015-10-09,-1.1388605207325841,-0.997422751735795,-0.9783999868801451,-1.0889800813507273,train
2015-10-12,-2.0056865907423576,-1.1619037336032279,-1.3161882360704151,-1.4519571689543103,train
2015-10-13,-1.4912752730172372,-1.4561128181479746,-1.4693304805059237,-1.4530324260622096,train
2015-10-14,-1.2673335060360191,-1.3512625356582684,-1.2661342340783392,-1.3054909413357487,train
2015-10-15,-0.7444554059755037,-1.2958897121109951,-1.2030687339404595,-0.9932014108595255,train
2015-10-16,-1.113090670528306,-1.1412505969533457,-1.1247153049470573,-1.2828353613745482,train
2015-10-19,-1.6524966563086823,-1.2229793710191719,-1.372964260912986,-1.435453645373358,train
2015-10-20,-1.8769705064097386,-1.32981427003982,-1.3422589077095233,-1.409855595410548,train
2015-10-21,-1.7838365121301805,-1.4284902503827328,-1.3227023152572979,-1.5495068818205566,train
2015-10-22,-0.32404336157306046,-1.4607494209586076,-1.3309339730239058,-0.8765741068047656,train
2015-10-23,-0.4860093558531664,-1.0772537491770289,-1.0709950612345966,-1.152484360041234,train
2015-10-26,-1.5673912059030126,-1.056793753930719,-1.1243523753275262,-1.1845629523887216,train
2015-10-27,-1.4109644273875492,-1.3049960930365685,-1.3180788402820385,-1.3164688175340082,train
2015-10-28,0.09144587764615973,-1.234970963147166,-1.1583740784282532,-1.0388453216677886,train
2015-10-29,-0.952424132731213,-0.7062254562337941,-0.719643685379992,-0.6069073532441212,train
2015-10-30,-0.9223728413864871,-1.0037067194497151,-0.9881819901798834,-0.9198694979509587,train
2015-11-02,-1.4174654153309014,-1.0333001731660292,-1.1622123954755543,-1.1563844945055897,train
2015-11-03,-1.4192683708501173,-1.1321399517736166,-1.1464534539446507,-1.2061537537176554,train
2015-11-04,-1.1454604378093203,-1.153932375828615,-1.0788210511753855,-1.0901405963759965,train
2015-11-05,-1.2854854681705412,-1.2037876488432162,-1.123562663050951,-1.1807989135660697,train
2015-11-06,-0.0631225510279023,-1.2648000457317414,-1.2391538703546991,-0.9193971110114353,train
2015-11-09,-1.2329931992597694,-0.892391422414512,-0.9046800284163562,-1.1183973386737345,train
2015-11-10,-1.1834425709139544,-1.1465195654939493,-1.159003726639689,-1.1902644716827917,train
2015-11-11,-1.335257347361377,-1.1142337411207737,-1.0514385698119364,-1.2796232872433861,train
2015-11-12,-0.3501522551238956,-1.1587870661978468,-1.0651160283412895,-1.031273835183929,train
2015-11-13,-0.8522284929220183,-0.8348712951798128,-0.8322067089465052,-0.7892307385454209,train
2015-11-16,-1.131941244684924,-1.017122343751739,-1.1353523880363614,-1.2311758863515563,train
2015-11-17,-1.3773928408849294,-1.0765229621850252,-1.0878824151933566,-0.9845139154866958,train
2015-11-18,-1.4931155172002795,-1.1534559010833882,-1.0784649185564226,-1.1265492682692533,train
2015-11-19,-0.9979651133294383,-1.192565881173466,-1.0865619277070515,-1.3248914283427549,train
2015-11-20,-1.3306359893467705,-1.1278179987014234,-1.107180126238716,-1.235293091213437,train
2015-11-23,-1.34559371510231,-1.2425385412014365,-1.4221868084526268,-1.3074703754638268,train
2015-11-24,-1.3973659240222664,-1.276849551334666,-1.2863499686138968,-1.2642748486555253,train
2015-11-25,-1.0865531007469655,-1.3007908395073806,-1.2220598427916405,-1.1763509229469002,train
2015-11-26,-2.440388813049653,-1.1871152718718023,-1.1091229537032175,-1.3711141530664381,train
2015-11-27,-1.8740744393391862,-1.6404724126502708,-1.5857080767253202,-1.7987428350022228,train
2015-11-30,-1.8377850083018734,-1.5818749051028898,-1.8338308963925298,-1.620285286057801,train
2015-12-01,-1.6157918742398598,-1.6281774993805238,-1.6394460709942646,-1.6181847480761984,train
2015-12-02,-1.1610806832458507,-1.6048318274778046,-1.511626011030984,-1.6550471740668615,train
2015-12-03,1.3207574986543422,-1.5043176074110531,-1.4180818306501446,-0.6827394537995114,train
2015-12-04,0.006838609441969126,-0.5622410089827702,-0.5957263747668398,-0.2901192178469718,train
2015-12-07,-1.4501224370742263,-0.68019603764819,-0.6863655398784952,-0.8921867853652792,train
2015-12-08,-1.4429630999173242,-0.9813616272890511,-0.9989657269388932,-1.0651946394808212,train
2015-12-09,-1.1269965309424386,-0.9795329355424787,-0.9062284266616477,-1.0365312880759245,train
2015-12-10,-1.2270367580906394,-0.9027030610088133,-0.8292905113870154,-0.9685312433833049,train
2015-12-11,-0.7963132498196166,-1.1574718047403256,-1.134522149984833,-1.1482816914241116,train
2015-12-14,-1.2314604076545284,-1.1254404078598188,-1.2351951486994155,-1.3142257089889116,train
2015-12-15,-1.2323729267500254,-1.2153996436337253,-1.226979572647415,-1.086174378241762,train
2015-12-16,-0.15471577947995802,-1.2007618681820125,-1.1344212372043854,-0.6792691556370261,train
2015-12-17,-0.8447957844506543,-0.8540840067336649,-0.8480027460618315,-0.9005048062416899,train
2015-12-18,-0.9632814696032465,-0.9718347404841264,-0.9587599167702208,-1.128454152075557,train
2015-12-21,-1.4920789143768027,-1.0082432306809652,-1.1430970085784224,-1.1600044122443463,train
2015-12-22,-1.721187942539903,-1.1588661168428376,-1.1736728569241937,-1.1913346164098337,train
2015-12-23,-1.4739057778683227,-1.2602359081902692,-1.1661917979180292,-1.2052316772917493,train
2015-12-24,-1.6751130620419448,-1.3246702331895923,-1.2186102035284898,-1.4932149029862307,train
2015-12-28,-1.747664961569796,-1.449370728518257,-1.6754299251643407,-1.7036251489559844,train
2015-12-29,-1.4946140997526987,-1.544670401318886,-1.5555781157763704,-1.645226976585137,train
2015-12-30,-1.7494277624824701,-1.4761732885583367,-1.3896132461155475,-1.3819906275458789,train
2015-12-31,-1.3377259884788586,-1.535840328361926,-1.4064713977286973,-1.6782216034261035,train
2016-01-04,-0.7356213935565776,-1.4233327863088598,-1.6021471827968394,-1.4659157521181658,train
2016-01-05,-1.3001422244847352,-1.18990685978567,-1.1946440452446703,-1.2817753090074682,train
2016-01-06,-0.9050181563150058,-1.2804507637750688,-1.2070267196969215,-1.1544017120202137,train
2016-01-07,-0.5532778540407385,-1.1612159099774106,-1.0981113210281175,-1.3084253597421875,train
2016-01-08,-0.19689550234734984,-0.9781559118759589,-0.9715267273600375,-0.789461390289129,train
2016-01-11,-0.5925786160340655,-0.7786751129106847,-0.8122864804059797,-0.9777597869294306,train
2016-01-12,-1.1348013088540438,-0.8469791331428662,-0.857813861499118,-0.9604437857559633,train
2016-01-13,-0.9828103996743502,-0.9565473399510905,-0.8990058427058594,-1.0068753760290716,train
2016-01-14,-0.6984627237832436,-0.9259691592198519,-0.860999890918979,-1.0468687682811866,train
2016-01-15,-0.5025675551368715,-0.8727659071937746,-0.8638604311939728,-0.920605408978312,train
2016-01-18,-1.6563973012809343,-0.8473499557442136,-0.9206739187718431,-1.1097410130527565,train
2016-01-19,-1.1881342806191468,-1.2136106605131014,-1.2285247035141191,-1.288786216847251,train
2016-01-20,-0.9265345863222282,-1.122554896125366,-1.0590997454736395,-1.0467540093114107,train
2016-01-21,0.028719900828968116,-1.0583023003049061,-0.9950100209172122,-0.48631493516076185,train
2016-01-22,-1.0876762715830595,-0.7618134792660824,-0.7677288727870966,-0.7315231752976904,train
2016-01-25,-1.8371770128043923,-1.066708907346867,-1.2172361813363508,-1.2286936512829243,train
2016-01-26,-1.5602493291043842,-1.2565065365155805,-1.2724700290865407,-1.3409031430997185,train
2016-01-27,-1.0608764302481033,-1.2276793750542299,-1.1417144177649898,-1.0162832386450509,train
2016-01-28,-1.3652463106372374,-1.1183201514888734,-1.0431737945065074,-1.115576301502657,train
2016-01-29,-0.683960407703539,-1.3104604400428366,-1.279804264161743,-1.053525386638833,train
2016-02-01,-1.612097601282928,-1.1082783072334965,-1.2003625136951415,-1.2093027559353944,train
2016-02-02,-1.6781067254434132,-1.2993959851753725,-1.3104350848172344,-1.3864796074303387,train
2016-02-03,-0.3643156376472388,-1.329076437504623,-1.2335875007901225,-1.34435053020983,train
2016-02-04,-0.40003084077328516,-0.9600246085500523,-0.9347115206778616,-0.9608182964160444,train
2016-02-05,-0.6038792672992168,-0.8704793134822987,-0.8642500630431424,-0.6110336064010622,train
2016-02-08,-0.7085679151246677,-0.9066273882892163,-0.9906255784191338,-1.1437617265248554,train
2016-02-09,-0.39992543704668254,-0.8503784237083293,-0.8595180758489281,-0.9247419159796849,train
2016-02-10,-0.6152641229980756,-0.6657532220571943,-0.649854495932928,-0.7581568473683526,train
2016-02-11,-0.24907437460955395,-0.7382320107988772,-0.6996914411285504,-0.7930802194579301,train
2016-02-12,-0.797556807183661,-0.6304983173939627,-0.6312214576336802,-0.5462958617562166,train
2016-02-15,-1.4005277103745262,-0.7719289498145291,-0.8851832595818824,-1.045311383381256,train
2016-02-16,-1.4336160491376095,-0.9810793032150978,-0.9953137720770769,-1.0516752673229783,train
2016-02-17,-1.2425116596151105,-1.0929859392857673,-1.0146637583531584,-1.0696999942486691,train
2016-02-18,-1.1592805086400844,-1.1014051265505158,-1.0125820959853136,-1.1223464944508794,train
2016-02-19,-1.1839709775560945,-1.1646075883543574,-1.1392284277455411,-1.0893485177388664,train
2016-02-22,-1.4168025537682223,-1.2082512434730412,-1.3675386954144484,-1.2561128357292703,train
2016-02-23,-1.3053469872611696,-1.2794297392261849,-1.2894156689697167,-1.3000530948980802,train
2016-02-24,-1.0833138034465322,-1.2446408397000515,-1.171059854770666,-1.2933855978503646,train
2016-02-25,-1.2865499723278264,-1.1707383413325745,-1.0922681991226182,-1.1705642805108394,train
2016-02-26,-1.043152394586264,-1.2258792227806914,-1.1977210565592094,-1.0787641730913489,train
2016-02-29,-1.4154135199522768,-1.157012527777602,-1.2982019000639151,-1.1076091154551397,train
2016-03-01,-1.0774563873802794,-1.2429194077329195,-1.2530303188179501,-1.1381628792189367,train
2016-03-02,-1.600326603470441,-1.1490582660020263,-1.0888951970703626,-1.262198042604674,train
2016-03-03,-1.2543271496740283,-1.3159130562431223,-1.1991966205630245,-1.2325761031191602,train
2016-03-04,-0.17524092865389934,-1.2287857009495144,-1.2011214364886296,-0.9408565588940053,train
2016-03-07,-1.6475056246378526,-0.9001120623212004,-0.925392770951937,-1.1474488777577347,train
2016-03-08,-1.3655309368627806,-1.2732261645777307,-1.2861652437715172,-1.3357680820541116,train
2016-03-09,-1.445278318441324,-1.24319908255477,-1.1671180990269077,-1.3112385131961048,train
2016-03-10,1.1992969712280377,-1.2557108391645895,-1.1525245431487239,-0.6756886559670197,train
2016-03-11,-0.6983357563982975,-0.4077982039183957,-0.44060727646855746,-0.5927594564181591,train
2016-03-14,-1.3854338520917908,-0.891909350427811,-0.9913010147322312,-1.0899640536975852,train
2016-03-15,-1.558384539019453,-1.0386402513408783,-1.0543129524579267,-1.005692669351206,train
2016-03-16,-0.41109667540355643,-1.104407475821305,-1.02198984815154,-0.5494412790321492,train
2016-03-17,-0.8382830251205973,-0.735985718912459,-0.7137828046241614,-0.7512649580393709,train
2016-03-18,-1.5394234472880404,-1.0123640779465954,-0.9974883239781103,-1.1321101071237913,train
2016-03-21,-1.6973610741002583,-1.2530398360762678,-1.4627830410993277,-1.4199190757815625,train
2016-03-22,-1.0728552686930568,-1.3236675293221543,-1.3370255767028314,-1.3123854959221992,train
2016-03-23,-1.7646513754496829,-1.134955136138538,-1.0766190135831986,-1.2602125815695573,train
2016-03-24,-1.524029930952591,-1.420583944414962,-1.2920458715643126,-1.4046322118485428,train
2016-03-25,-2.9983859929739016,-1.4300537978021817,-1.395617349482988,-1.545469040429743,train
2016-03-28,-2.3109402227365528,-1.9225357555931584,-2.3242673241203216,-2.2016428001652746,train
2016-03-29,-0.6658611526450817,-1.831919154386559,-1.844468196259357,-1.8379621765727396,train
2016-03-30,-1.3357062668889144,-1.4130273421144606,-1.3726998156275216,-1.506495599525041,train
2016-03-31,-1.417549616403193,-1.526981386506485,-1.4277116537826022,-1.39660174080867,train
2016-04-01,-0.8097525553194365,-1.53992680523941,-1.5073030516752262,-1.072429580134064,train
2016-04-04,-1.8010636664370119,-1.192793185596206,-1.3043794493837932,-1.575623509775856,train
2016-04-05,-1.3797196117766246,-1.3802461666123078,-1.396014363488737,-1.4140379880143694,train
2016-04-06,-1.1304505461593592,-1.3618530814358094,-1.2862133401382296,-1.3171020222460401,train
2016-04-07,-0.8516231964812166,-1.2801769672199532,-1.2006613202598413,-1.388381111635064,train
2016-04-08,-1.5040514224309347,-1.1590050797608769,-1.144057030609294,-1.2437916837678868,train
2016-04-11,-1.5980040785457093,-1.3724939742544673,-1.5778367318637583,-1.562451011263922,train
2016-04-12,-1.1856923994021311,-1.4070641220531672,-1.4223479521978106,-1.464123556364853,train
2016-04-13,-1.269522795251972,-1.3002607172803995,-1.2378648777834633,-1.2883368609632084,train
2016-04-14,-1.4795926188924302,-1.33083134389142,-1.2428991813636558,-1.2354857946110576,train
2016-04-15,-1.5910642800859691,-1.4351892039717633,-1.4060767054038863,-1.5597670667810846,train
2016-04-18,-1.648039390525553,-1.4819421172801528,-1.7005309269930957,-1.734714015574895,train
2016-04-19,-1.8388759140906419,-1.5086655380706775,-1.5242230008936701,-1.6316735043306083,train
2016-04-20,-1.6234881767155958,-1.6151471840270286,-1.5137392382107187,-1.7042205340040673,train
2016-04-21,-0.5607042140642673,-1.5970010723927688,-1.4810485715036077,-0.9224336309077107,train
2016-04-22,-1.584517271181636,-1.2638116770669614,-1.2555961500894752,-1.3258978380785784,train
2016-04-25,-1.744883873659899,-1.4962552374312375,-1.7139057172206782,-1.6827489175351134,train
2016-04-26,-1.5872336547295682,-1.5443487746284252,-1.560081874838526,-1.592773867730716,train
2016-04-27,-1.3674954268886592,-1.469449135427714,-1.3826676246786773,-1.2335583066742761,train
2016-04-28,-1.1449281045414037,-1.385155279462178,-1.288856613116082,-1.4436121775318045,train
2016-04-29,-1.1455448130025947,-1.3924792098126277,-1.369977139109995,-1.2345493772476634,train
2016-05-02,-1.3389323023879551,-1.35063026928009,-1.508597259332975,-1.4665132305539132,train
2016-05-03,-1.2133626417890007,-1.3572918924913244,-1.3705581711653196,-1.4568051762170469,train
2016-05-04,-0.8623420504556563,-1.2990541502921857,-1.2350850525922696,-1.3093142327538305,train
2016-05-05,-1.5657679010150298,-1.1620507248865584,-1.1046517320821811,-1.1892065133479148,train
2016-05-06,-1.2448692264743313,-1.363851752448566,-1.3341199000006747,-1.0174930504860917,train
2016-05-09,-1.6055030866630648,-1.300478348976925,-1.4730899103972992,-1.649687092805576,train
2016-05-10,-1.5748766306064528,-1.4159512510218184,-1.4314618112317703,-1.4839068500639887,train
2016-05-11,-2.161923566257127,-1.4425367423964015,-1.3568445303482888,-1.5544667448798442,train
2016-05-12,-2.0729412681242043,-1.7016436274956814,-1.5455529757597724,-1.7250866448051516,train
2016-05-13,-1.3788845943358408,-1.737229625603563,-1.6928321404449183,-1.6885168695792492,train
2016-05-16,-2.0760301441891853,-1.5912737777093788,-1.7784549542231292,-1.8074486114946804,train
2016-05-17,-2.195399547754184,-1.800755639028237,-1.815451770433045,-1.8054922851414867,train
2016-05-18,-1.1680674785623255,-1.8912897073395791,-1.7660541159436727,-1.855701786521877,train
2016-05-19,-1.6302706664843016,-1.5597953007279182,-1.475958947767462,-1.507472759670139,train
2016-05-20,-2.221684608434509,-1.6233812275123978,-1.5895401737628154,-1.7269683262055688,train
2016-05-23,-2.064848571552799,-1.8424054839879729,-2.1428447560411876,-2.0002949976453888,train
2016-05-24,-1.8445984181597805,-1.8222843411355456,-1.8380001549204252,-1.936970963110795,train
2016-05-25,-2.217527986940747,-1.7427900226839743,-1.6402886465754996,-1.7561781434519603,train
2016-05-26,-1.9097614255773183,-1.9290028771978351,-1.7678398306418717,-1.876283820660852,train
2016-05-27,-1.9454418486117322,-1.8873401687513325,-1.8456669330466828,-1.941647666019172,train
2016-05-30,-2.8167623784770504,-1.8769472239938516,-2.1406125327831265,-2.187973853648853,train
2016-05-31,-1.6643269112746988,-2.164050139275414,-2.1839062627781116,-1.918834764191459,train
2016-06-01,-1.4105396216964692,-1.8889201271435423,-1.795639315400647,-1.854487949941727,train
2016-06-02,-1.0836445539501314,-1.7581913841423458,-1.6582415131564525,-1.1477040566394423,train
2016-06-03,0.12130529079201911,-1.6066784397819778,-1.5873378363055402,-1.1935064872194663,train
2016-06-06,-1.6250317953267979,-1.1313378255540454,-1.1230028236950347,-1.3607734858385172,train
2016-06-07,-1.9586903884994518,-1.4247584980182018,-1.4459018606020693,-1.4917200161027477,train
2016-06-08,-2.150217900359357,-1.5361111132654763,-1.4345123496152623,-1.646049153358032,train
2016-06-09,-1.445082260110263,-1.6533602523031516,-1.505151302262398,-1.6297916698457418,train
2016-06-10,-1.6233665926612735,-1.5228205308714708,-1.49907495524293,-1.6413890072158266,train
2016-06-13,-1.7133262545884476,-1.716097632257474,-1.9395753478888134,-1.9860231852020516,train
2016-06-14,-1.6396045320617125,-1.7407268599224848,-1.7565338589947301,-1.690324074985208,train
2016-06-15,-1.2250780525757428,-1.6977612710807968,-1.609334811243828,-1.197075900109758,train
2016-06-16,-0.4407585698764913,-1.5090336324039508,-1.4257990501163962,-1.389607106640421,train
2016-06-17,-1.0269336446184152,-1.2180592857452934,-1.2155525905636755,-1.379519277766323,train
2016-06-20,-1.3602389517713167,-1.2969068904828254,-1.4435972762337004,-1.5236424384400755,train
2016-06-21,-1.2156288236451742,-1.33834137400829,-1.3562513484516434,-1.3393147645139611,train
2016-06-22,-1.3001369586575424,-1.2553420520778247,-1.1950539899789792,-1.2934686680931167,train
2016-06-23,-0.38559187178789567,-1.272965746424862,-1.1863688504798267,-1.2026991131379938,train
2016-06-24,1.9253192182964363,-1.0415868856875923,-1.0408145629346703,-1.1312688759658491,train
2016-06-27,-0.17181099635681438,-0.19642825283052484,0.05201429374365213,-0.14700134905743334,train
2016-06-28,-0.821354901337748,-0.5504929386117992,-0.5639089150800506,-0.6144333665001106,train
2016-06-29,-0.7394482456455623,-0.6511974974745942,-0.61672827359911,-0.6653859256463733,train
2016-06-30,-0.08035398432981261,-0.5581443949276639,-0.5163427712575764,-0.5786090248396334,train
2016-07-01,-0.9739913600226935,-0.3613078625567984,-0.37149279182112493,-0.4031852560492444,train
2016-07-04,-1.896447781932148,-0.8248004417708794,-0.9623373737132873,-1.2229866666039706,train
2016-07-05,-1.0378987811575016,-1.2023025203536846,-1.2184841216054048,-1.1802988543264272,train
2016-07-06,-0.9558132927107162,-1.0378702715433037,-0.9824112849094846,-0.9430199575623718,train
2016-07-07,-1.242442873084508,-1.0311469851106598,-0.9642107141064187,-1.1773189101897616,train
2016-07-08,-0.26813618567506287,-1.1944110356402233,-1.1672529342668754,-0.9022355048633227,train
2016-07-11,-1.9187195996212034,-0.8854819713789438,-0.9222769492993342,-1.0489567986744215,train
2016-07-12,-1.3800968049602085,-1.2717919203753456,-1.2855027991335874,-1.2506512978947542,train
2016-07-13,-1.7610897954520952,-1.1764607751977074,-1.097846571533525,-1.171517581641926,train
2016-07-14,-1.0784202926987771,-1.3375812995161587,-1.2074119135899413,-1.4568917154240602,train
2016-07-15,-1.3061460854151203,-1.1596462689564706,-1.1343564469333824,-1.1128589160526485,train
2016-07-18,-1.9955292627124293,-1.3070811823888708,-1.4798089216213552,-1.5379506633915305,train
2016-07-19,-1.8941526338423782,-1.489805104480789,-1.5005836475268872,-1.5593681583248584,train
2016-07-20,-1.4943086012535738,-1.522945190790059,-1.4118593882578476,-1.6380469574637104,train
2016-07-21,-1.2653521621726962,-1.4084290286631962,-1.2966788534162998,-0.7606175458890447,train
2016-07-22,-1.562980137516908,-1.373391817220183,-1.3425486952938246,-1.409182541835818,train
2016-07-25,-2.3134952050633504,-1.4679969058057625,-1.6754918231547289,-1.6735779841964626,train
2016-07-26,-2.1865543530995804,-1.6908436475173596,-1.7036605120320365,-1.7795880225853993,train
2016-07-27,-1.2854088717050025,-1.7344523721732759,-1.6088230177710574,-1.4318636691294837,train
2016-07-28,-1.7377684563420146,-1.521102353400735,-1.4272014063742788,-1.6064707893506442,train
2016-07-29,-1.5099230109621153,-1.6781498566177022,-1.6393526506012561,-1.434959486979137,train
2016-08-01,-2.3063534095277607,-1.6296789237119491,-1.8334070250138241,-1.7474395272413736,train
2016-08-02,-2.271523366265795,-1.8369014236711652,-1.8538292378269716,-1.940097043780844,train
2016-08-03,-2.253895426243412,-1.851199787268717,-1.7237044464611013,-1.8565177534276838,train
2016-08-04,-2.232660341305171,-1.9390966399190939,-1.7747195665411326,-2.0054839128799387,train
2016-08-05,-0.9833234729671952,-1.992577694260367,-1.943273279479127,-1.6426558632810317,train
2016-08-08,-2.557584079866996,-1.6582364079971263,-1.791940625753952,-1.9787519223167531,train
2016-08-09,-2.421091805345792,-2.057266203990753,-2.0758204509172593,-2.11214758171855,train
2016-08-10,-2.023012836592086,-2.0637011084156853,-1.927976441986465,-2.1502957121150694,train
2016-08-11,-2.1689120488021034,-1.9525147611077889,-1.8074331864549134,-2.0103953817738907,train
2016-08-12,-1.4483406008284474,-1.989089142352966,-1.9444302415636217,-1.8679742724578814,train
2016-08-15,-2.5793815063968313,-1.8623533005309136,-2.059904463574726,-2.0978131974747694,train
2016-08-16,-1.2271785290421444,-2.1408804071022662,-2.161297142164762,-2.104130009837686,train
2016-08-17,-1.5229690109676883,-1.7211407140760258,-1.6565106993339012,-1.7108214598569227,train
2016-08-18,-1.4826305138289386,-1.738344135071575,-1.6330091818130508,-1.7152814883977712,train
2016-08-19,-1.8698503164912834,-1.662151766457464,-1.6363838346647792,-1.8165315390929553,train
2016-08-22,-2.1026812340180405,-1.7935437602248865,-2.052037361980546,-2.010209635596887,train
2016-08-23,-2.239052956318982,-1.8131311403499828,-1.835067854507898,-1.8099273203765938,train
2016-08-24,-1.9784671823143432,-1.943905174199324,-1.82254796121608,-1.971910927553842,train
2016-08-25,-2.5931767615919936,-1.9216651047238156,-1.7822932458913625,-1.9311399063993364,train
2016-08-26,-0.8739333574649516,-2.168193363449163,-2.1141655444512377,-2.0603632143709953,train
2016-08-29,-2.262547731748449,-1.678422301940488,-1.8012903223535273,-1.8617741231543146,train
2016-08-30,-2.1883096334956917,-2.0176522140109476,-2.0378701607271617,-2.1204697326875217,train
2016-08-31,-1.9963763241463446,-2.0036239662972863,-1.8843679046030732,-1.809497670827049,train
2016-09-01,-1.5563066657707925,-1.9576996549358,-1.8170594640066708,-1.877004067802845,train
2016-09-02,-0.5875162595993325,-1.754488945668528,-1.7268921610720263,-1.3837527743949019,train
2016-09-05,-2.528710862661307,-1.4873304467236537,-1.5730168047602924,-1.8077903797183144,train
2016-09-06,-1.1146025481978736,-1.9605101020585396,-1.9835954951948667,-1.9755610146265359,train
2016-09-07,-1.9816991475446193,-1.5398332268409587,-1.4845235781117168,-1.7012891776921437,train
2016-09-08,-1.2779622766457002,-1.7311101376568545,-1.5941584231349366,-1.1969823597718552,train
2016-09-09,-1.541726794874128,-1.531419469001508,-1.51094761105132,-1.585230891475675,train
2016-09-12,-1.574579018269831,-1.6732012481791403,-1.8867606784105426,-1.9018191350643967,train
2016-09-13,-1.6390427839903603,-1.5874410638141045,-1.6052280947231194,-1.534896614841192,train
2016-09-14,-1.7896186934722158,-1.6519977040996785,-1.5648898298634286,-1.7702108292319603,train
2016-09-15,-1.8345066612225696,-1.6602555551440508,-1.5356806342755787,-1.5833706874461446,train
2016-09-16,-1.7747860867243714,-1.7279141938986642,-1.6928424606455823,-1.5896489783967633,train
2016-09-19,-2.487714998465107,-1.7381915192725976,-1.9826562514385029,-2.0220014268570847,train
2016-09-20,-2.1774665608554407,-1.9960730633519665,-2.016852164191901,-2.0907205511225384,train
2016-09-21,-1.1658041348827788,-1.9771810726997197,-1.8562879275733954,-1.5040743993330061,train
2016-09-22,-1.9286767242503744,-1.677745356444333,-1.5964456393829356,-1.656533827754874,train
2016-09-23,-2.041272205132411,-1.8579586801609347,-1.8188097365928968,-1.8657994731005583,train
2016-09-26,-2.207520484457526,-1.9087096365140188,-2.186927575071502,-2.098634475569158,train
2016-09-27,-2.1714349769317414,-1.9171071798814974,-1.935319399022683,-1.9650621138896862,train
2016-09-28,-2.1497338556984684,-1.9228551563065646,-1.8031846436692174,-1.7745220450720434,train
2016-09-29,-1.9312484944015593,-2.005934343333378,-1.8509997932863183,-1.94538637222699,train
2016-09-30,-1.2840072472685997,-1.9531160031620112,-1.9124336163713547,-1.8254907242926048,train
2016-10-03,-2.489803566570376,-1.7277566646400715,-1.903940441741092,-1.923452497826266,train
2016-10-04,-1.0112792701233788,-2.040719445185831,-2.0605103711533843,-2.165723755728566,train
2016-10-05,-1.884583362383937,-1.6006912375135562,-1.548565790994424,-1.5955782189681356,train
2016-10-06,-1.9218524441314337,-1.7698864148544244,-1.6377593895555684,-1.936205671247862,train
2016-10-07,-1.063749285267282,-1.7866615890391482,-1.7502190747109068,-1.3467557436115563,train
2016-10-10,-2.452308886184017,-1.5593332364130974,-1.7087458118304022,-1.9633377772559888,train
2016-10-11,-1.7654955642074457,-1.8879319555118002,-1.911116011905287,-1.8930479277643832,train
2016-10-12,-1.3625134053184114,-1.8012318302020065,-1.7060277938557566,-1.794718652494931,train
2016-10-13,-1.371482275424243,-1.6589282343261538,-1.565645746134873,-1.665860084912077,train
2016-10-14,-1.6201526241241597,-1.6080135197540508,-1.5848529298212197,-1.5052781804609001,train
2016-10-17,-2.3083286229936824,-1.713717545072487,-1.9381496156262508,-1.9544298270308058,train
2016-10-18,-1.906953771411322,-1.8639720269140592,-1.8860438837055922,-1.8170338794539833,train
2016-10-19,-1.947940561778053,-1.7861464208235174,-1.683822160394855,-1.8865492332349405,train
2016-10-20,-0.6979351524660278,-1.8426410719909008,-1.7052339805959178,-1.2043686189687461,train
2016-10-21,-2.0597157220778612,-1.4778698401772605,-1.4678865069431546,-1.6384864292784704,train
2016-10-24,-2.3607585129289714,-1.840480161703451,-2.1232024714690296,-1.9154839312553733,train
2016-10-25,-2.0631528512225135,-1.9192135616945387,-1.9403006849014615,-1.9393779484000704,train
2016-10-26,-1.9157718492050622,-1.865311780922425,-1.75265361572827,-1.8574898469050491,train
2016-10-27,-1.7590675540554521,-1.8252748034961248,-1.6900924059215223,-1.7956378651393536,train
2016-10-28,-1.4854912927992083,-1.8810008438429748,-1.8447057757009182,-1.91044819278656,train
2016-10-31,-2.004115221379944,-1.7585918349773884,-1.962180515497747,-1.7105042414789886,train
2016-11-01,-2.207501351379901,-1.84610498362468,-1.863621778910191,-1.8286773580231546,train
2016-11-02,-1.5931963064764212,-1.9162842855830309,-1.7947306216735988,-1.6644702357530978,train
2016-11-03,-1.5883375381057656,-1.7358813119772774,-1.62383558700253,-1.7373414790782657,train
2016-11-04,-1.9389767617432097,-1.725750129176001,-1.6956473757221595,-1.3569522010484292,train
2016-11-07,-1.9161061101123673,-1.848037546692879,-2.1136162122100717,-2.222732559543582,train
2016-11-08,-2.20637431163056,-1.834731783338705,-1.8519926174199053,-1.8771622287984853,train
2016-11-09,1.0692908959313436,-1.91411374604231,-1.7933516217430368,-1.9322993710431349,train
2016-11-10,-0.8606345488080808,-0.8807411387330768,-0.9670630538362474,-0.9618041830492966,train
2016-11-11,-1.038195091280028,-1.2476067560578394,-1.2375103354570733,-1.3677680036427204,train
2016-11-14,-0.7251907602838494,-1.2029487116204596,-1.3533441259097652,-1.376259171158994,train
2016-11-15,-1.0877428421810569,-1.0157005702922077,-1.0329144737535259,-0.8950355657046801,train
2016-11-16,-0.9946475879010176,-0.9913989785780026,-0.9435214543472136,-1.0149972933999258,train
2016-11-17,-0.8931281961687788,-1.1426440008344934,-1.0794682564625195,-0.9208639073288921,train
2016-11-18,-0.7787752539422375,-1.1108928945211285,-1.1000323286491624,-1.1913806641238183,train
2016-11-21,-1.0932918307255737,-1.0479472924199442,-1.161667173820468,-1.1679570917980913,train
2016-11-22,-1.317817907826601,-1.1580207851460427,-1.1736344555590048,-1.2886186079126865,train
2016-11-23,-1.1308518565754366,-1.2221219139587303,-1.1544136615421134,-0.9004952527648505,train
2016-11-24,-1.262375314253075,-1.1777402129008412,-1.1015584813564012,-1.3395728255131527,train
2016-11-25,-1.1595728742858133,-1.2324619674656225,-1.2098573889255508,-1.3064091230239576,train
2016-11-28,-0.997452418107239,-1.2349333046265394,-1.3954392120880175,-1.3826638461841727,train
2016-11-29,-1.0992725299606798,-1.1804515588428768,-1.1911216079105067,-1.2043681466421843,train
2016-11-30,-0.5805889534991923,-1.1796474317737893,-1.121141557229646,-0.9251057769895463,train
2016-12-01,-0.9845108926858414,-0.9946060554698322,-0.95658244614799,-0.9677896951283577,train
2016-12-02,-1.2990032100827618,-1.0483742835303556,-1.0308245601065833,-0.7941910339356032,train
2016-12-05,0.1041330465194512,-1.1299327718170875,-1.3088324992599039,-1.273946707939054,train
2016-12-06,-1.2080348153185296,-0.6887496800236333,-0.6930281380374345,-0.7772025478152041,train
2016-12-07,-1.750251728311088,-0.9916770823609177,-0.9271342665054311,-1.1318082226217694,train
2016-12-08,0.026696518578071482,-1.2204953084316417,-1.094573127658968,-0.7493554270210107,train
2016-12-09,-1.2923771436896696,-0.6956172148171461,-0.6989397192448987,-0.8077372672788556,train
2016-12-12,-1.2259199686172957,-1.0244073076524334,-1.2026212805828538,-1.2346935388138958,train
2016-12-13,-1.2791694874260937,-1.1340073325761775,-1.1439697815511416,-1.130932401722697,train
2016-12-14,-0.38650876183604344,-1.1553992897748757,-1.0842030637138127,-0.5877645098329225,train
2016-12-15,-0.1541660687924601,-0.822831035555681,-0.7987016839485476,-0.5019263973932337,train
2016-12-16,-0.7409563836850395,-0.7754155429641293,-0.7752756056802504,-0.910598047800652,train
2016-12-19,-1.1631517006106527,-0.8572261288980629,-0.9612453817890804,-0.9781159565325958,train
2016-12-20,-1.4359589315212793,-0.9514957461848031,-0.9637104567678114,-1.1112280903402787,train
2016-12-21,-1.4611113040096495,-1.03575061603984,-0.9583540883771824,-1.105065133969289,train
2016-12-22,-1.2959506958443978,-1.1432202605270918,-1.039066099884172,-0.9186885058341911,train
2016-12-23,-2.085389062838761,-1.2087152905431024,-1.1805313339619488,-1.3357721998086904,train
2016-12-26,-2.0695223695098015,-1.5227517206838936,-1.8023273444500871,-1.901001399860435,train
2016-12-27,-2.366508305188404,-1.6104670238664145,-1.6216081180097754,-1.688356246517004,train
2016-12-28,-1.7819625052612476,-1.7766994295532175,-1.6379463245958041,-1.8723459805194724,train
2016-12-29,-1.3615257864331145,-1.6804361892229989,-1.5461852343748632,-1.6950161796483616,train
2016-12-30,0.19819927727257464,-1.592806601986572,-1.558713294566428,-1.5522619131585356,train
2017-01-02,-2.2162965259549634,-1.0186268581839086,-0.9918584253144125,-1.1863611275869854,train
2017-01-03,-0.641268226238144,-1.6001501822091322,-1.6153172527705804,-1.5324413192455624,train
2017-01-04,-0.9596178384473828,-1.0745087640714035,-1.0411509972587372,-1.0176658583449507,train
2017-01-05,-0.35275100916722385,-1.084894703968227,-1.02007064287939,-1.2378191691465765,train
2017-01-06,-0.8879228247168727,-0.8443649541443704,-0.843315298824037,-0.5780631750013614,train
2017-01-09,-1.1365071393132762,-1.0561545354346638,-1.1800610737759238,-1.3256320280469696,train
2017-01-10,-1.1266548690353566,-1.0282673276351915,-1.0427913416689023,-1.1072265705513948,train
2017-01-11,-0.11025106255944776,-1.0682104711143048,-1.0098696048855247,-1.077514011392006,train
2017-01-12,-0.7382686441893395,-0.7451994704238963,-0.7440319913937657,-0.8724480097603302,train
2017-01-13,-0.8336853533820889,-0.9183112450747122,-0.9078154729404452,-0.9184188416522365,train
2017-01-16,-1.4240526453717213,-0.9403194256600345,-1.0588856257668755,-1.2238172903764195,train
2017-01-17,-0.8753972009813857,-1.1162408048446757,-1.1321505472376625,-1.1188082778023745,train
2017-01-18,-1.3381964885007438,-0.9689718362874282,-0.925974899857172,-0.9115289355014062,train
2017-01-19,-0.7107628310271435,-1.1886784130860668,-1.095543433958935,-0.5813567815886933,train
2017-01-20,-1.165764725820391,-1.0339763087913036,-1.022597160566839,-1.1326987893604932,train
2017-01-23,-1.201387325178501,-1.165272405424574,-1.3259572073852897,-1.3872433786656473,train
2017-01-24,-1.6976595736074565,-1.1521730930796392,-1.1641602774807047,-1.1781483288564993,train
2017-01-25,-1.424615075074492,-1.3364094258371806,-1.2417723922875235,-1.3753464823001298,train
2017-01-26,-1.3742442409907338,-1.274318501119572,-1.1718097663064397,-1.214311884081045,train
2017-01-27,-1.4263707973317212,-1.3118394988965727,-1.2812529297392115,-1.2677066733343931,train
2017-01-30,-1.3344332048892042,-1.3434715458229545,-1.5348766962519353,-1.5240827942079278,train
2017-01-31,-0.945548477392733,-1.3341377176157083,-1.3419868205584067,-1.1656543383719393,train
2017-02-01,-1.0141906101864584,-1.1894216516482405,-1.1364631235804963,-0.8246557697633584,train
2017-02-02,-1.4902336614635676,-1.1544111402805808,-1.0813172298311278,-1.263972741355078,train
2017-02-03,-1.045328669658954,-1.2837788784054631,-1.2520725504786148,-0.9505382594088145,train
2017-02-06,-1.7664442373971003,-1.1479999559804148,-1.290958114163565,-1.468985386235245,train
2017-02-07,-1.6130352754914885,-1.3686722792072212,-1.382551797397104,-1.4879744436128755,train
2017-02-08,-1.5592103193943945,-1.4021988440853195,-1.3114135610804467,-1.4706827174447135,train
2017-02-09,-1.5724592223838627,-1.4440724822120858,-1.3304796279090416,-1.401588789450024,train
2017-02-10,-1.7922353089591274,-1.459589196235935,-1.4252583487938704,-1.5827543109229196,train
2017-02-13,-2.0969664401713275,-1.5967603319014148,-1.838340525816831,-1.8340112570792857,train
2017-02-14,-1.4332763604102683,-1.7120009178781561,-1.7262214724338392,-1.706876542138597,train
2017-02-15,-1.3247186498114651,-1.5500389523977325,-1.4691577097363036,-1.3160072606217357,train
2017-02-16,-1.4862794576668912,-1.5027092789296308,-1.4070871918866572,-1.457867378497889,train
2017-02-17,-1.9602313029190275,-1.5388434500296229,-1.5076528021491884,-1.6949501334910595,train
2017-02-20,-2.2440895673718493,-1.6699025275663824,-1.935846430658157,-2.0301176589490986,train
2017-02-21,-1.6722043166696912,-1.765662689834405,-1.7830331961818486,-1.681321199822143,train
2017-02-22,-0.788580021061313,-1.661743761258002,-1.5685633283350355,-1.6348521217897154,train
2017-02-23,-1.578216081431177,-1.405554109009526,-1.3508614889265516,-1.4034447778099524,train
2017-02-24,-1.453507955884784,-1.5938550161755811,-1.5616059502985546,-1.6867528145241444,train
2017-02-27,-1.8204170918676799,-1.519542759540426,-1.7191174748406146,-1.603071841280054,train
2017-02-28,-1.4658980244557833,-1.5703325141051259,-1.587250824196438,-1.3065346507247664,train
2017-03-01,-1.2478633165368935,-1.470650732771319,-1.392193216228149,-1.356279749113382,train
2017-03-02,-2.000218366853581,-1.4613158521387546,-1.3743047511465956,-1.5640252292020305,train
2017-03-03,-1.376377562476943,-1.6842174116483435,-1.6439174463365982,-1.6531299467745217,train
2017-03-06,-1.6985588330874772,-1.5380542943218503,-1.7279197165971827,-1.8495355379291145,train
2017-03-07,-2.3533629444205957,-1.6033031844259622,-1.6193928622981786,-1.71019418437925,train
2017-03-08,-2.1012856443883456,-1.8489133253886318,-1.718475669648554,-1.8666179001844534,train
2017-03-09,-1.1365223549840562,-1.872281280686376,-1.7209939336533955,-1.2916408903528418,train
2017-03-10,-1.1780294227148482,-1.5670082373280028,-1.5455510281175893,-1.3446766287217682,train
2017-03-13,-2.035857505183096,-1.5542468336312603,-1.7168921790611544,-1.7738001391315217,train
2017-03-14,-2.257985407938083,-1.7870299630337132,-1.804163980162667,-1.8433635908748163,train
2017-03-15,-0.8489724601967639,-1.8346040595276336,-1.7097705287756624,-0.9921724196672335,train
2017-03-16,-1.5671653897108644,-1.3833821704097071,-1.326910986516158,-1.424968534975047,train
2017-03-17,-1.7022537804403897,-1.5888775258843588,-1.5590173241277925,-1.6988091064683148,train
2017-03-20,-2.215875266833871,-1.6717291444491045,-1.9052283531940888,-1.900384372795844,train
2017-03-21,-1.5868390983294645,-1.8141963163259431,-1.8331883590686098,-1.919855260848385,train
2017-03-22,-1.8721428074762667,-1.6046445819411312,-1.5193604972344121,-1.6922394932475417,train
2017-03-23,-2.072122106186491,-1.7588610942361822,-1.6250505132014101,-1.765680138235434,train
2017-03-24,-2.0393145643485253,-1.8551135769978477,-1.8115548264356718,-1.7556713742935832,train
2017-03-27,-2.0224104848937894,-1.8922374176053,-2.1694909402783535,-2.0937342214462054,train
2017-03-28,-1.9235124642275376,-1.875783588493486,-1.8923571193168376,-1.8616902394593098,train
2017-03-29,-1.4094989639478974,-1.8889248011809894,-1.7818911003017308,-1.9479883165940057,train
2017-03-30,-1.6964086656204276,-1.7242895856344094,-1.6245323971369745,-1.7808285012895357,train
2017-03-31,-1.8797958333713058,-1.7586425106513077,-1.7251897219889072,-1.6149220719380049,train
2017-04-03,-2.1767345945516645,-1.793366126369458,-2.0514869157533755,-1.8717092637841213,train
2017-04-04,-2.3470147509474226,-1.8775361668948216,-1.8967034549427708,-2.0496694397916264,train
2017-04-05,-1.792487299147724,-1.9659881988362633,-1.8364758714729659,-1.853217305806789,train
2017-04-06,-1.5741764537806915,-1.8744979644118693,-1.7471051023576705,-1.976084475860539,train
2017-04-07,-1.5937723647611755,-1.8045215777291859,-1.7731140706621962,-1.4336117233225787,train
2017-04-10,-2.4492384895253587,-1.7773499285884407,-1.9958655396970593,-2.081845778393382,train
2017-04-11,-2.3168844672448414,-2.0132523255018064,-2.0335906222112956,-2.09585220088975,train
2017-04-12,-1.616785900094041,-1.9929268805548634,-1.8654269261777057,-1.9394492742797653,train
2017-04-13,-2.0983692059553603,-1.8115269103424458,-1.6980393971597407,-1.9177427683366626,train
2017-04-14,-2.8090223152132454,-1.9678928906609814,-1.9250528816552317,-1.8118478734103636,train
2017-04-17,-2.1960210486830176,-2.263411746626803,-2.6444367021974813,-2.5741728882350294,train
2017-04-18,-1.6974267912920775,-2.106747350598482,-2.1247449115572103,-2.239788858862326,train
2017-04-19,-2.2917279484135107,-1.9359788709790842,-1.8436333813473385,-2.071796942152314,train
2017-04-20,-1.730483586667688,-2.134556646652284,-1.9702098719641012,-2.091108075176634,train
2017-04-21,-1.7413431951507419,-1.9739122896475405,-1.9395707713398178,-1.933902581809022,train
2017-04-24,-0.805961295006078,-1.878002877648455,-2.1186115705505406,-2.0298732873703718,train
2017-04-25,-1.74072199442981,-1.5228142983809712,-1.536056206074353,-1.647165372546429,train
2017-04-26,-1.412915482010245,-1.7380058183065725,-1.6463213133093615,-1.8546323273361063,train
2017-04-27,-1.0069406051603336,-1.5761079895641394,-1.481693712784065,-0.8609325504652233,train
2017-04-28,-1.3805057837596497,-1.4069090100113464,-1.3943477165097031,-1.1849338152109539,train
2017-05-01,-2.5495664381344647,-1.459591993260254,-1.6560463130936094,-1.5201072958717212,train
2017-05-02,-2.2014374469840665,-1.8958887220315919,-1.920560464997418,-1.9664306023169051,train
2017-05-03,-2.2819828350478217,-1.8614021474388454,-1.7427744084879506,-1.5887703842127543,train
2017-05-04,-1.6098206604574044,-1.959978900862737,-1.7984636607089262,-1.9416637346480943,train
2017-05-05,-1.8812992140049494,-1.8521042498332574,-1.820245449044335,-1.51508582059844,train
2017-05-08,-1.4469035667591699,-1.9608985756268664,-2.217355490945224,-2.3349152806868885,train
2017-05-09,-1.729271389379411,-1.7596243642901679,-1.7742344936447445,-1.7844259878434257,train
2017-05-10,-1.9278968720915965,-1.783110030485884,-1.6903705534900968,-1.886206443443498,train
2017-05-11,-2.150794373786762,-1.7907079689280874,-1.6559888168943466,-1.7199010516241173,train
2017-05-12,-1.921130129041895,-1.8891317879295377,-1.8466150512865642,-1.601292930725287,train
2017-05-15,-2.280548739282339,-1.843438301056791,-2.107582356447064,-2.0985279644485444,train
2017-05-16,-1.7439545083765275,-2.003691498814933,-2.0227350878549326,-2.073500854377542,train
2017-05-17,-1.6472765705337375,-1.8698566296976353,-1.773558433549962,-2.014359980944225,train
2017-05-18,-1.2989755146258881,-1.8160163149573385,-1.6989452993784748,-1.7159302936962553,train
2017-05-19,-1.9301996650420552,-1.65423534588814,-1.6302114995306343,-1.7638267603703541,train
2017-05-22,-1.2874282895995695,-1.7959219076096662,-2.0605836502664543,-2.0243851106537356,train
2017-05-23,-1.1972785608124457,-1.5532022910004575,-1.5679802057913512,-1.478019287075487,train
2017-05-24,-1.272203083309666,-1.4767586455772652,-1.415359348925484,-1.43333948623664,train
2017-05-25,-1.9278928671479367,-1.4651479851459157,-1.3799656708797605,-1.4241257709117285,train
2017-05-26,-1.7834656598334253,-1.6748926987831116,-1.638933837927024,-1.561931854720583,train
2017-05-29,-2.622249949568731,-1.632575254609433,-1.8801712232475996,-1.9072089036780493,train
2017-05-30,-1.1261013922455503,-1.9644940849689958,-1.9876830903967586,-1.9845811192256284,train
2017-05-31,-1.5942572806981927,-1.6116651664490533,-1.5530828896681705,-1.5210542919986239,train
2017-06-01,-2.0175535596501923,-1.7376548805635632,-1.6255780832789979,-1.6619797988880576,train
2017-06-02,-1.2100642718794221,-1.8409152872230794,-1.8004315209686628,-1.5628902241676617,train
2017-06-05,-2.2718678515589255,-1.5914160790750878,-1.7592024868614915,-1.7247421569876134,train
2017-06-06,-2.1614785133931944,-1.810829811434246,-1.831766134553931,-2.045236845847706,train
2017-06-07,-1.057444620261069,-1.8826337119897913,-1.7633054001491966,-1.940345559439775,train
2017-06-08,-1.5387763896924307,-1.5760403338524385,-1.5034596973097163,-1.0970060299149753,train
2017-06-09,-1.5072006636105482,-1.6409435403882275,-1.6123742872581064,-1.7315315862126361,train
2017-06-12,-2.3606930090056215,-1.6559428943575933,-1.8638005002113638,-1.885800190729374,train
2017-06-13,-2.347710556841416,-1.862323359043942,-1.8828082063199818,-1.8383488178226877,train
2017-06-14,-0.7635048805365162,-1.8810440419824868,-1.7517218553413003,-1.0774444146815614,train
2017-06-15,-1.729439760723912,-1.4735845490067485,-1.422045810853268,-1.527328018954017,train
2017-06-16,-2.291142262010406,-1.7125051314807673,-1.6780968742421951,-1.849398323850092,train
2017-06-19,-2.4531947117593074,-1.9198773399779818,-2.2314435972063755,-2.2184533688692567,train
2017-06-20,-2.2634328661259793,-1.9784523184376301,-1.9981421196522422,-2.0391702447135636,train
2017-06-21,-2.5778811277779794,-1.9309772350824994,-1.8055041899084174,-2.017205734987135,train
2017-06-22,-2.5783924917478975,-2.1823986419456,-1.9948216352454802,-2.2019221400409403,train
2017-06-23,-2.51359628659597,-2.2751113096598248,-2.2180757885447493,-2.175396193033981,train
2017-06-26,-1.8160914624337219,-2.294380782074876,-2.6335033970138504,-2.3980849701684175,train
2017-06-27,-1.191944350626819,-2.075139327547735,-2.088812723083756,-2.1311877559956978,train
2017-06-28,-0.1550364736730179,-1.8279124548105927,-1.7631365725977546,-1.8241224171997423,train
2017-06-29,-1.518353876143151,-1.3421523778293707,-1.3371972675886405,-1.3905785518416132,train
2017-06-30,-1.7961310382651716,-1.5633317516305223,-1.538260359397904,-1.6102664086079077,train
2017-07-03,-2.2154868501926614,-1.5642389908828065,-1.8163264335013671,-1.6174788300678367,train
2017-07-04,-2.3760924017636564,-1.69900565525913,-1.7232253030947549,-1.8717732864322916,train
2017-07-05,-2.0400827002677357,-1.856489948699821,-1.7287945154230777,-1.7566239428528385,train
2017-07-06,-1.9956159913962646,-1.947879486067769,-1.8028564168646564,-1.993148336008318,train
2017-07-07,-1.5532373897466178,-1.979136144022735,-1.9380797127119864,-1.6313158787342958,train
2017-07-10,-2.6228517956249253,-1.8610878244001514,-2.0743129976704746,-2.2027453119780347,train
2017-07-11,-2.03963067562715,-2.1558320399021986,-2.177122626450201,-2.1848378517791573,train
2017-07-12,-1.4287561407237697,-1.9973638183164328,-1.8857069656793255,-2.03066325816087,train
2017-07-13,-1.648463708368993,-1.7911362175787104,-1.6919596963429069,-1.6919957786916346,train
2017-07-14,-1.608345466572442,-1.8022047890388488,-1.7712326222424184,-1.6521592390869264,train
2017-07-17,-2.456495195855259,-1.8074908820938633,-2.030165771916183,-2.049875742875333,train
2017-07-18,-1.436735394584913,-1.995288697251436,-2.018367952333034,-2.0191344948933567,train
2017-07-19,-2.301276134867613,-1.6968198486715593,-1.6221804779034479,-1.7763550906136234,train
2017-07-20,-1.1412277176296832,-1.9728214533567858,-1.8101152645415897,-1.3468203464836899,train
2017-07-21,-1.771092145952131,-1.6478184421623587,-1.628435733938803,-1.8144185143403904,train
2017-07-24,-2.211739395076587,-1.7981413202325671,-2.041970146218027,-1.9477239646229934,train
2017-07-25,-1.5395907159678444,-1.8729704242384135,-1.8931742944051682,-1.9434016010408368,train
2017-07-26,-0.9414584117661461,-1.7170412726058517,-1.63390562813881,-1.507626310926338,train
2017-07-27,-1.2595589703344898,-1.446428864994733,-1.3843240822555882,-1.3986990097914709,train
2017-07-28,-1.5242250318712316,-1.5309660343532732,-1.5096042222496548,-1.557648235111883,train
2017-07-31,-1.4324475641230219,-1.5847055305853732,-1.7978915715967503,-1.6056864905161514,train
2017-08-01,-1.596624109270729,-1.4919178786560838,-1.510695005882765,-1.4140361880371453,train
2017-08-02,-1.366347849985068,-1.5325479864488223,-1.4504593008003843,-1.6237513086057964,train
2017-08-03,-1.5585751848237857,-1.508710606961997,-1.4164998266931756,-1.4493682236687617,train
2017-08-04,-0.8826064302454351,-1.5708053968887596,-1.542949933413043,-1.3091366219368945,train
2017-08-07,-2.0281264540277784,-1.3443478433480252,-1.4705406056252925,-1.5940511059566875,train
2017-08-08,-1.7118888708817868,-1.6617993996016374,-1.6815147124166192,-1.7762762700636558,train
2017-08-09,-1.1380347164849536,-1.6014404214883187,-1.5098232105619596,-1.6775189770955115,train
2017-08-10,-1.3794048845519222,-1.4322727126307424,-1.3546762932126764,-1.4574380593975533,train
2017-08-11,-1.123235303173911,-1.4640042165790652,-1.439022604127865,-1.368652553220024,train
2017-08-14,-1.8724496224139355,-1.4236020305725219,-1.5799425000842802,-1.6545363700103357,train
2017-08-15,-1.3009187112165772,-1.584001161391531,-1.6019130176024186,-1.5078449505347573,train
2017-08-16,-0.9822507593655417,-1.4120145951935448,-1.343803875788444,-1.3730543173674354,train
2017-08-17,-1.1295892600137138,-1.3081399401785876,-1.2417709088389643,-1.3360372999690804,train
2017-08-18,-1.340802161569743,-1.3158362007067224,-1.2965565141113584,-1.4562103760355427,train
2017-08-21,-2.1046808894104876,-1.3732888524861233,-1.558790038606926,-1.5628995039077032,train
2017-08-22,-1.9288090210851963,-1.5805821399051836,-1.5995729508738827,-1.6998112525944449,train
2017-08-23,-1.9366932657219615,-1.5989803515378986,-1.4927917521300378,-1.5334551036568924,train
2017-08-24,-2.5052680089174424,-1.6843520111933594,-1.5446050564836808,-1.7656734367860365,train
2017-08-25,-0.7724643035805977,-1.9506412579875445,-1.894946240788001,-1.8874708566774894,train
2017-08-28,-2.275443346718926,-1.4993009135760504,-1.6042123520080513,-1.5793892231365823,train
2017-08-29,-0.9872217145413108,-1.8712963641816485,-1.8875705463982049,-1.9813238761792535,train
2017-08-30,-1.4249770592637314,-1.484007568606458,-1.4302257540602907,-1.4681231169503597,train
2017-08-31,-1.253778392753339,-1.5379721007185434,-1.437245414057745,-1.2902271204701594,train
2017-09-01,-0.4920406960951736,-1.3811923288237773,-1.359038109075267,-0.9548785912944675,train
2017-09-04,-1.8849352439955636,-1.1710170808826834,-1.2430030122383977,-1.5383225656102464,train
2017-09-05,-1.3482075854070044,-1.459032347889841,-1.4782279697861043,-1.421711298884654,train
2017-09-06,-1.8445149128569025,-1.373807942456667,-1.303082777226663,-1.4818470400866568,train
2017-09-07,-0.8044974472165336,-1.5237833860212564,-1.3941776395624674,-0.926890304235455,train
2017-09-08,-0.991579241997111,-1.2340144683234286,-1.2218042800712163,-1.2609909328924858,train
2017-09-11,-1.9359424818524942,-1.3206739967065309,-1.4589020524923308,-1.5360734724442437,train
2017-09-12,-1.9459495983828594,-1.548379863531625,-1.5661427714126426,-1.647694887911892,train
2017-09-13,-1.6966614068726882,-1.6141906979829337,-1.507351367431287,-1.5373688981340599,train
2017-09-14,-1.0213533980038132,-1.541556619402579,-1.4218133327077522,-1.4872593877072624,train
2017-09-15,-1.411331811987954,-1.4030557790619183,-1.3841878720811258,-1.5214748649712178,train
2017-09-18,-1.7842193794329353,-1.535523253439611,-1.7289355351550366,-1.761232163641642,train
2017-09-19,-1.5699782233396984,-1.61471800037538,-1.6305214139110848,-1.6968198289838352,train
2017-09-20,-0.43268609020804805,-1.5339708560966197,-1.4491274958649585,-1.0818940831583237,train
2017-09-21,-1.595339369798862,-1.139311187973114,-1.1138158822057664,-1.1127073394043028,train
2017-09-22,-1.7445496872208246,-1.4546142999980343,-1.4241323704875335,-1.4164386329890237,train
2017-09-25,-1.783194781028633,-1.516965328457809,-1.756208073536512,-1.6193346916115228,train
2017-09-26,-1.2562999305490818,-1.517630753184838,-1.5333053839169573,-1.5661716342545036,train
2017-09-27,-1.6752739165424533,-1.3736171466455398,-1.306569063424805,-1.2883755456504147,train
2017-09-28,-1.7684859824243702,-1.575879582261161,-1.4553098641243942,-1.4762737102217867,train
2017-09-29,-1.7346823772645468,-1.621779719139065,-1.5846304651719607,-1.364939780617189,train
2017-10-02,-1.9098600664052556,-1.616603049113683,-1.852610245126431,-1.7089302842071348,train
2017-10-03,-2.077052985178206,-1.675695371700999,-1.6908388132824002,-1.9251284756778795,train
2017-10-04,-1.8659882653502236,-1.806408361690809,-1.6896519808862218,-1.6982964207724265,train
2017-10-05,-2.3176557413508685,-1.7750507221482403,-1.639937635981026,-1.9122175312677037,train
2017-10-06,-1.4966003081792554,-1.9395036183127707,-1.8889831411965765,-1.5022938382039444,train
2017-10-09,-2.5451692885630104,-1.7254687582754626,-1.9282582925925769,-2.1881548731097555,train
2017-10-10,-1.9793711939859293,-2.043454221407427,-2.061360140038914,-2.0362002000372725,train
2017-10-11,-1.8724694611262254,-1.9157817931862153,-1.8045025186864658,-1.9157085751473888,train
2017-10-12,-2.3040928138801644,-1.891112848051759,-1.7557518445358251,-1.82719253078398,train
2017-10-13,-1.0749845859286649,-1.993004608972466,-1.9437259092180816,-1.7554722520979156,train
2017-10-16,-2.1631761560185745,-1.6655438136920193,-1.8126508861311856,-1.870811215813231,train
2017-10-17,-2.355230853426716,-1.8935376358784002,-1.9115972656607578,-1.9642938146652438,train
2017-10-18,-2.2077384577070736,-1.9823631240504596,-1.8514395978279141,-2.028634838548366,train
2017-10-19,-1.6019581618188983,-1.983697440102515,-1.8252668264040193,-1.9908067019702318,train
2017-10-20,-1.845550038271157,-1.7812271052509974,-1.75007345684184,-1.8360219029672538,train
2017-10-23,-2.1415583406166876,-1.9229899408417148,-2.1753915744569468,-2.139319734112126,train
2017-10-24,-2.1912440939948548,-1.995127388227205,-2.013491035878906,-2.03106145626891,train
2017-10-25,-1.9451410609369815,-1.9966665974507807,-1.8762810683201712,-1.9930015900613258,train
2017-10-26,-0.8249617655399794,-1.9181416793118018,-1.7810752212495662,-1.2537142949502262,train
2017-10-27,-1.3561359094627121,-1.5855648896651944,-1.5736790305950963,-1.6109803352665506,train
2017-10-30,-2.024954738330427,-1.659500315721015,-1.8493913081019389,-1.7750730120097846,train
2017-10-31,-1.9649330401290452,-1.80535347634346,-1.8263953762031049,-1.6509039016579816,train
2017-11-01,-1.893917810205542,-1.773613820109184,-1.6695912338862966,-1.4516083486364249,train
2017-11-02,-1.576297937873754,-1.7524794624131217,-1.6221177208100273,-1.7029405505442623,train
2017-11-03,-1.6968142901536525,-1.7421409626812212,-1.713652020113375,-1.4555702285205736,train
2017-11-06,-2.1232237800472307,-1.7988394518380895,-2.0332192028383065,-2.1736529529528497,train
2017-11-07,-2.005904394601086,-1.903477640296855,-1.9231026435898788,-1.9085607029236655,train
2017-11-08,-2.2450722244884007,-1.8859847207978415,-1.7772053720699714,-1.9523504020757818,train
2017-11-09,-1.9917584447954388,-1.969404837225487,-1.8100297661737061,-1.8776510886421671,train
2017-11-10,-2.236405818593811,-1.9491034899032404,-1.908987069689447,-2.1167430229874693,train
2017-11-13,-2.6183985435531794,-2.0583516314497152,-2.362951506594555,-2.310451500761819,train
2017-11-14,-1.8835579206416657,-2.1945433092497355,-2.2145243178027174,-2.052992554393625,train
2017-11-15,-1.5529508378749857,-2.023806358977745,-1.9195242901944845,-1.7958689219844604,train
2017-11-16,-1.8071309360502965,-1.878206709138,-1.7687506047625539,-1.7571660487905552,train
2017-11-17,-1.8460598380177788,-1.9136438657359172,-1.8777365326729427,-2.0147253146591626,train
2017-11-20,-1.3140451784727876,-1.883078509902959,-2.136532922416852,-2.1191451903739233,train
2017-11-21,-1.879170902917758,-1.6392751349935204,-1.655032132978657,-1.6660898003576137,train
2017-11-22,-1.8375612568299646,-1.7690046120918614,-1.6688158438936125,-1.6976470984685046,train
2017-11-23,-2.2137281506137394,-1.7818744184349091,-1.653785833744005,-1.942385236075808,train
2017-11-24,-2.016981572217515,-1.905407368494008,-1.8618765833741509,-1.9836909750257012,train
2017-11-27,-1.9563223081367365,-1.8765603815202507,-2.153626843857761,-2.081452336957888,train
2017-11-28,-1.5972007801955808,-1.9336582500448816,-1.9514275977116986,-1.862760964590973,train
2017-11-29,-1.7487803630551113,-1.8283151411739842,-1.742564719579265,-1.710476529520311,train
2017-11-30,-1.4131880547443332,-1.8519532599121513,-1.7294279516730187,-1.6052261816427362,train
2017-12-01,-1.1607331777371832,-1.696023038383254,-1.6712545394077793,-1.589013220332713,train
2017-12-04,-1.9706459294251821,-1.552084155485463,-1.7162588451561271,-1.8676522691998354,train
2017-12-05,-1.9354501994240272,-1.7437678376121988,-1.764893322698292,-1.6802607300783126,train
2017-12-06,-2.003600964363504,-1.7690778602624455,-1.666129451997744,-1.869730201897333,train
2017-12-07,-2.1277408333264236,-1.8065154200630344,-1.6668930615975197,-1.845118494742158,train
2017-12-08,-1.9567185867683516,-1.9012595216157981,-1.8597218389845915,-1.615826155357353,train
2017-12-11,-2.347789485832233,-1.9310195656689546,-2.198679149682984,-2.198537575933382,train
2017-12-12,-2.1544187700731934,-2.0590485688215674,-2.0782144176542263,-1.992682708011683,train
2017-12-13,-1.5795894343997046,-2.033610126533095,-1.9137360085247745,-1.3407971063736452,train
2017-12-14,-1.2445958757284648,-1.8514633751205996,-1.7391755245373994,-1.0985548787874437,train
2017-12-15,-2.07930236472834,-1.6871909630322643,-1.6641305686471772,-1.8509545099316986,train
2017-12-18,-2.047583097920444,-1.8958793089352195,-2.1806729483195504,-2.182595430359297,train
2017-12-19,-1.995591150950039,-1.8640435457249709,-1.8830236195670045,-1.9597944082764307,train
2017-12-20,-2.1312234336428455,-1.8393671109412444,-1.7312111698436226,-1.932332436152263,train
2017-12-21,-2.188882589635785,-1.9297725529166794,-1.7790047493597598,-1.7906792147031976,train
2017-12-22,-1.916609657613657,-2.032221439478689,-1.9871898879394427,-1.9376706207469712,train
2017-12-26,-2.9360719452943864,-1.9558266716931165,-1.9724833087739508,-2.0503755246358617,train
2017-12-27,-2.475907515825905,-2.2786717390652993,-2.113777509585097,-2.381442850089027,train
2017-12-28,-2.673705514105619,-2.221784667370002,-2.042650475644407,-2.1923668661313314,train
2017-12-29,-2.4406061546464906,-2.3245107066122808,-2.266552629754907,-2.226141772555592,train
2018-01-02,-2.1261560831733277,-2.303323604692254,-2.32095331110372,-2.3153063911266707,train
2018-01-03,-2.063456264136418,-2.25439261498865,-2.1342474202307846,-2.126620025795268,train
2018-01-04,-1.8976820386298912,-2.16808105012706,-2.0203056598024194,-2.0929212122883936,train
2018-01-05,-1.853726183327996,-2.0858054151638417,-2.0483594492246087,-1.82828533860198,train
2018-01-08,-2.1078795656916496,-1.9999548943014425,-2.255853296468625,-2.3414754305705614,train
2018-01-09,-2.039761451356644,-2.0300371582617025,-2.050945996656881,-2.1317148911144104,train
2018-01-10,-1.2909679494107507,-2.006960312782632,-1.8976115891057825,-2.0095179751828476,train
2018-01-11,-0.9212916272747863,-1.7555050131683823,-1.669076082063246,-1.7845893639472623,train
2018-01-12,-0.8229822707813579,-1.5703487547267543,-1.5591613428960376,-1.4058105109066468,train
2018-01-15,-1.2223375245366668,-1.4370628960923935,-1.5582860726638534,-1.722403938356407,train
2018-01-16,-0.9816917515564615,-1.4378816450569116,-1.4575162194117042,-1.5134069855520964,train
2018-01-17,-0.8363498830269075,-1.2798513219876553,-1.236970075074946,-1.3900283654570558,train
2018-01-18,-1.0931392293075861,-1.2006198887440171,-1.1531956785674602,-1.222605556869097,train
2018-01-19,-1.333030545005238,-1.264097198868175,-1.2527314313957016,-1.4064511705258589,train
2018-01-22,-1.9720173671777532,-1.3574517150045469,-1.5485998512516523,-1.5687423624445724,train
2018-01-23,-1.6205539244256681,-1.571957112237866,-1.5952351876706263,-1.6745739096725387,train
2018-01-24,-1.0968161537516414,-1.543525556597231,-1.4597012530671256,-1.5125722255572034,train
2018-01-25,0.08115363199769267,-1.4346533248280644,-1.3619564375586677,-0.8592468386417116,train
2018-01-26,-0.8470142868156574,-1.0351355929451371,-1.0455403991875378,-0.9783512681252865,train
2018-01-29,-1.358443442533757,-1.1806378323511009,-1.303132260796227,-1.2748224137798583,train
2018-01-30,-1.052306158653182,-1.2297964869033644,-1.2477604337928625,-1.267749160578034,train
2018-01-31,-1.2547740608483653,-1.0896982368013786,-1.0387200413920636,-0.5838952909655657,train
2018-02-01,-1.2378804786006667,-1.137198828591795,-1.0535233778754964,-1.1114722147993883,train
2018-02-02,-0.9927815578279805,-1.2430911702706768,-1.2207685440916667,-0.9425271885147631,train
2018-02-05,-1.1717974183881696,-1.18802003395081,-1.3260543880373374,-1.4119673773832486,train
2018-02-06,-0.9174315461042749,-1.2040187628993984,-1.2160491567511231,-1.2884117769444514,train
2018-02-07,-1.3690636687187954,-1.1228510483353025,-1.0744490021784217,-1.1863735162270999,train
2018-02-08,-0.9066264411951168,-1.228617212718197,-1.131797209922037,-1.1698612179240526,train
2018-02-09,-1.2506117386971578,-1.079636430064185,-1.0628300031421536,-1.1881135049832434,train
2018-02-12,-1.5894074914224356,-1.1815681672657954,-1.352882769183572,-1.4090797927505299,train
2018-02-13,-1.5152933088908134,-1.3047759963212626,-1.3177771237670037,-1.4400853788304468,train
2018-02-14,-0.39111368845649713,-1.349818484660415,-1.2650258616304015,-1.0803869487274234,train
2018-02-15,-1.2414481424231718,-0.9935852902215487,-0.9679934811019557,-0.8762634141663885,train
2018-02-16,-1.3358879384881601,-1.2221346236007975,-1.1971403394867184,-1.3389330612141126,train
2018-02-19,-1.7071025460676066,-1.2571731411485698,-1.4398384286170738,-1.614411020440813,train
2018-02-20,-1.5180899277449484,-1.3599868339615977,-1.374166302671042,-1.4033467574123355,train
2018-02-21,-1.3202029628811836,-1.3189240084393647,-1.2351970042830513,-1.1529526588292778,train
2018-02-22,-1.3976327780558475,-1.3505159617298592,-1.2547261789647706,-1.3936889208432697,train
2018-02-23,-1.7396894144368098,-1.3799681325436022,-1.349325951549562,-1.4699664127417218,train
2018-02-26,-1.7676789137081608,-1.5023873206918088,-1.7367644019440704,-1.6038074596042469,train
2018-02-27,-1.2266958296151849,-1.5350893755836919,-1.5477655673530126,-1.4498332048658373,train
2018-02-28,-1.6554618777219015,-1.3886939021141265,-1.3203399375283011,-1.1387806338788933,train
2018-03-01,-1.2006109631011432,-1.520911726412203,-1.4009976889060747,-1.262858397445668,train
2018-03-02,-1.4545707575577558,-1.4002595762166934,-1.3752483594628053,-1.5281787533543858,train
2018-03-05,-1.155136816145514,-1.4349271800756307,-1.6331912286476498,-1.6657156176794146,train
2018-03-06,-1.4889642959548244,-1.3096371515748635,-1.320713783306162,-1.4061541598604046,train
2018-03-07,-1.5676641743598165,-1.4156689852128923,-1.3338770514814853,-1.4742340904055238,train
2018-03-08,-0.9591123262299981,-1.4302155960454346,-1.319092738851364,-0.9548449951204422,train
2018-03-09,-1.685644055206534,-1.269038341464334,-1.25177539113666,-0.9399486930501016,train
2018-03-12,-2.1897302048867515,-1.4603826140439575,-1.691276516610042,-1.724098011957085,train
2018-03-13,-1.5683481810349598,-1.6844660886653866,-1.701621736362809,-1.5237285230616326,train
2018-03-14,-1.688286918354788,-1.552577663055907,-1.46566389189036,-1.4835800066605986,train
2018-03-15,-1.9760241773308627,-1.5921772771453406,-1.4710829784576362,-1.5797202458232793,train
2018-03-16,-1.8745897372864675,-1.7557415015725892,-1.7126573641704896,-1.8875932396476776,train
2018-03-19,-1.8674652565606031,-1.7662772515930243,-2.0200846478440173,-2.0516331937754377,train
2018-03-20,-1.8624591207647765,-1.742418433583294,-1.757050508500988,-1.8694561238136922,train
2018-03-21,-1.663214712412235,-1.7738882307908765,-1.6695427218942187,-1.2153009480116512,train
2018-03-22,-1.4139966453575046,-1.7253732884275823,-1.6056507135820257,-1.6406474157975683,train
2018-03-23,-1.719464610785936,-1.6159587864640421,-1.5875194192506732,-1.6995605180758906,train
2018-03-26,-1.948258361204499,-1.6764957832608536,-1.911625666794256,-1.8379090312542967,train
2018-03-27,-1.8776102625283273,-1.7425483574099612,-1.7591491882976444,-1.8171870518170814,train
2018-03-28,-1.6937495703524326,-1.7292533455710073,-1.6257790406187493,-1.398419955963988,train
2018-03-29,-1.9301322203037845,-1.6889813106759501,-1.5686400619743326,-1.732769081792628,train
2018-03-30,-2.784575647732584,-1.7980175035763544,-1.758177667317292,-1.9529655732879472,train
2018-04-02,-2.3591249225271613,-2.103581395730589,-2.4804013789787955,-2.345923088139136,train
2018-04-03,-1.8919081435961613,-2.0562207672981434,-2.073447495255003,-2.095575037046431,train
2018-04-04,-1.8385988683061132,-1.955162844753886,-1.848920494303389,-2.011620048627156,train
2018-04-05,-1.9975569436298535,-1.963754320752368,-1.8310747666511236,-1.981260404598089,train
2018-04-06,-1.5771923793147864,-2.0120869465834286,-1.9697402576521112,-1.6977257930664549,train
2018-04-09,-1.957069102458142,-1.8060641000936555,-2.022808286267272,-2.174154908676197,train
2018-04-10,-1.3182848148589337,-1.8679943362079792,-1.886595115101289,-1.8685305922672644,train
2018-04-11,-2.138803381071792,-1.665126233386724,-1.5963198645023684,-1.4689170508844118,train
2018-04-12,-2.01857866839639,-1.8801958640385252,-1.7295778530265713,-1.98959140615808,train
2018-04-13,-2.313495102264434,-1.8595608645167065,-1.8208188221360126,-1.9138427951564778,train
2018-04-16,-2.294266568995294,-2.001145646949073,-2.317879294314018,-2.1117898111482365,train
2018-04-17,-2.19479156352467,-2.030920725155666,-2.050778850460067,-2.1345465946930755,train
2018-04-18,-2.030874903593611,-2.0912566666248513,-1.9691204877808655,-2.1503179471905085,train
2018-04-19,-1.9133642350540623,-2.045659902742518,-1.9004859706777184,-2.0389437937416925,train
2018-04-20,-1.8288229461547436,-2.0096998540174544,-1.97085579128905,-2.121287553905279,train
2018-04-23,-1.8305935943388003,-1.9481480213175095,-2.199168567460826,-2.007384333045091,train
2018-04-24,-1.7848485205415916,-1.9111399217701663,-1.9290546173121677,-1.9632570701137038,train
2018-04-25,-1.9016674020274058,-1.8641537692147216,-1.768827959237851,-1.981918415205574,train
2018-04-26,-1.1915300375742217,-1.878720677600323,-1.7463461231425774,-1.2731709160290672,train
2018-04-27,-1.640432720208015,-1.6424328361700309,-1.623687660283272,-1.6561107064464529,train
2018-04-30,-1.7363355285378899,-1.727795787997847,-1.956848260005591,-1.6648754000448949,train
2018-05-01,-1.741361186075216,-1.7390792583904664,-1.7587497796162919,-1.782107159747478,train
2018-05-02,-0.6988039643680766,-1.7245618990682214,-1.6327979827664056,-1.4409208745548738,train
2018-05-03,-1.253302221073631,-1.3573323117763105,-1.3151222560572118,-1.2997192380646525,train
2018-05-04,-1.1750418265791054,-1.4830741435957226,-1.463712758288628,-1.2355166940455267,train
2018-05-07,-1.9589201793380282,-1.4153971761435231,-1.5826682973513688,-1.7041266523636223,train
2018-05-08,-1.3750620660469381,-1.6151455294299017,-1.636729185651013,-1.6116930412211272,train
2018-05-09,-1.6543605280631635,-1.4455675772740526,-1.3761962929236737,-1.417207334057297,train
2018-05-10,-1.12019578230947,-1.5930448305560971,-1.4791595224518417,-1.4338038288042538,train
2018-05-11,-1.826747956459195,-1.456092821025177,-1.4384997911177366,-1.5467670299592962,train
2018-05-14,-1.9509339769201006,-1.6739741988927703,-1.9259848296982303,-1.9329850391550119,train
2018-05-15,-1.4376977421852712,-1.7010014603994297,-1.7198660689153307,-1.5922242309668704,train
2018-05-16,-1.2314865247507636,-1.5790099210548105,-1.5022206455382707,-1.5897571562158561,train
2018-05-17,-1.2904169637099314,-1.4813298919550872,-1.3966870847350026,-1.4985400607992407,train
2018-05-18,-1.789613093096467,-1.5001512516849245,-1.4761391557567354,-1.6216087525792968,train
2018-05-21,-1.701466028072744,-1.6086815266546448,-1.854373990651382,-1.776143196629038,train
2018-05-22,-1.6373057199068917,-1.5634134243029454,-1.5796688654480135,-1.6985444367896563,train
2018-05-23,-0.8290319972867104,-1.564652467910521,-1.4756602270147734,-1.2662307652551454,train
2018-05-24,-1.5970551657495813,-1.3312837810704208,-1.275251834789109,-1.4962860354908578,train
2018-05-25,-1.4171096569986268,-1.5333468112030073,-1.501858373728591,-1.5275573970573957,train
2018-05-28,-1.6245993778148407,-1.452768065281679,-1.6480785308400154,-1.7831125756845847,train
2018-05-29,-0.8707060513542901,-1.4982946354897229,-1.513886781676843,-1.5015316999513741,train
2018-05-30,-0.9040097326982856,-1.2469564922124534,-1.2030319298567103,-1.1586900863796852,train
2018-05-31,-0.7124738326786803,-1.2520567269098652,-1.1910810498053468,-0.9757098919737335,train
2018-06-01,-1.1223185826312085,-1.116209278279789,-1.106636837540858,-0.735373509596641,train
2018-06-04,-1.7249395037256514,-1.1883031423538064,-1.3465539297721902,-1.47923347430592,train
2018-06-05,-1.3885410116193841,-1.341071523396963,-1.3596888341456268,-1.360248960715092,train
2018-06-06,-1.1886422686636429,-1.3132487529354822,-1.2402797029166892,-1.399814262614596,train
2018-06-07,-1.5830585766023078,-1.2845383947442968,-1.202881130698828,-1.3733257409959263,train
2018-06-08,-1.6527287957823418,-1.4564706849332152,-1.4251289989286946,-1.5161489877132246,train
2018-06-11,-1.726230751238265,-1.5206033603082252,-1.7460768976256469,-1.7748857752290281,train
2018-06-12,-1.451112783860288,-1.5444065537151976,-1.5590397734500088,-1.3401886111050867,train
2018-06-13,-1.1951684674532113,-1.482700491721208,-1.4026954309663457,-1.0026161527732402,train
2018-06-14,-0.6493086384459621,-1.4160366149440347,-1.330964840046559,-0.7932201990503214,train
2018-06-15,-0.8639324005266122,-1.197076868723551,-1.1863278670883117,-1.3301929673768753,train
2018-06-18,-1.862790395496487,-1.1706094505854252,-1.2919502310185182,-1.3436343568953615,train
2018-06-19,-1.1346770812900453,-1.4187721520365302,-1.4362083193307964,-1.442971171212366,train
2018-06-20,-1.4953359100991697,-1.2155125830956273,-1.1560023867216997,-1.2501908824246848,train
2018-06-21,-1.0062411405867575,-1.323253331517483,-1.218430315289832,-1.2583976818083866,train
2018-06-22,-1.2359275290457714,-1.2362734573123306,-1.2174790400518907,-1.2443736156434828,train
2018-06-25,-1.4141604785161395,-1.3273535785684447,-1.496944718641456,-1.4273368893180114,train
2018-06-26,-1.6742756538581893,-1.3254892865983365,-1.3387249751170156,-1.4523430958298154,train
2018-06-27,-1.3715037244420065,-1.437089567688068,-1.3445016678506483,-1.405190424666201,train
2018-06-28,-1.0782137505237144,-1.353488016311388,-1.256191240833265,-1.376218055966223,train
2018-06-29,-0.7135901239886044,-1.2950162860676615,-1.2740977855163191,-1.1413209628632546,train
2018-07-02,-1.4332277074907755,-1.161738576467656,-1.26175774710603,-1.205873910053611,train
2018-07-03,-1.7898814276777524,-1.3367941822719978,-1.3505995793460992,-1.4313867484053748,train
2018-07-04,-1.9989506417092546,-1.4366774104136208,-1.3389613102077875,-1.5612346000656492,train
2018-07-05,-1.8708654534284552,-1.5447227080597743,-1.4018898035554275,-1.405574147329478,train
2018-07-06,-1.6583092171240401,-1.5926986806841377,-1.5533593844272562,-1.414617456453688,train
2018-07-09,-1.7899388901301239,-1.634944251222028,-1.8590380611047344,-1.9201513289147771,train
2018-07-10,-1.8620600390398305,-1.6998757883248614,-1.7119143292338173,-1.8118008097115772,train
2018-07-11,-1.3440293246958257,-1.7253397634917031,-1.6191813536402488,-1.7142855213017436,train
2018-07-12,-1.7813716628451786,-1.5426483570476457,-1.4454257543036038,-1.4145836708348756,train
2018-07-13,-1.7466642766204028,-1.6386461777559223,-1.6005751914002357,-1.7326968180196272,train
2018-07-16,-2.153454686090973,-1.6448965655535772,-1.8818327482293273,-1.7259950358409597,train
2018-07-17,-1.776922668519966,-1.7881993397912683,-1.8043136050505173,-1.8070937473462907,train
2018-07-18,-1.9194845239067604,-1.704279734489054,-1.605309990606645,-1.7285893727364616,train
2018-07-19,-1.0164464264879474,-1.7898929500823624,-1.650855268091814,-1.8077980936952407,train
2018-07-20,-1.4543300564080726,-1.5117851144397285,-1.4919583205097975,-1.6684385495461773,train
2018-07-23,-1.860837052156293,-1.5853195851081923,-1.784532254873115,-1.7561971679078894,train
2018-07-24,-1.7479608595489609,-1.6616886993778077,-1.678386017358013,-1.67652234372201,train
2018-07-25,-1.5919666296906694,-1.638897464604016,-1.543790336365957,-1.6314224033162186,train
2018-07-26,-1.620117938650197,-1.5753452606509324,-1.464231287650326,-0.95511541601965,train
2018-07-27,-2.271780942765554,-1.6360064249095227,-1.604237063506845,-1.6110657957892385,train
2018-07-30,-2.4580221118286727,-1.8699567694864503,-2.1792091944323864,-2.1278477922543964,train
2018-07-31,-1.8319528276807975,-1.9824397909189078,-2.001636159317838,-1.7369784317080592,train
2018-08-01,-2.1558161936975675,-1.8588905594372238,-1.7576250588705553,-1.5147571953779955,train
2018-08-02,-1.996185020369131,-1.9925589710308922,-1.8374735588924684,-2.0382249205548035,train
2018-08-03,-1.7682244745798492,-1.9923693286672235,-1.9500988047214218,-1.6521802682880478,train
2018-08-06,-2.2487837614266506,-1.8917209059069309,-2.132799786539261,-2.315547104967819,train
2018-08-07,-2.4985582809622926,-1.9873052705694692,-2.005741258607635,-2.1070370467155124,train
2018-08-08,-2.100496172741607,-2.1146145122718174,-1.9747166180278197,-2.162185798719337,train
2018-08-09,-2.182604697600695,-2.0216889624590944,-1.8709719117583687,-1.9367148960001983,train
2018-08-10,-0.6080695320629225,-2.061067506124165,-2.015406159267312,-2.0152238684381802,train
2018-08-13,-1.1807994764854963,-1.585963429990003,-1.6723963390340952,-1.7837351648525135,train
2018-08-14,-1.4865153064406766,-1.6137497965553165,-1.627804008363263,-1.5237259013056341,train
2018-08-15,-1.345940264025482,-1.5891354115844574,-1.512258044205586,-1.595871113073804,train
2018-08-16,-1.3233889198522255,-1.4792807811868802,-1.3897284028069232,-1.548791056590319,train
2018-08-17,-1.6260045680497333,-1.3909997260531397,-1.3718991084293737,-1.521036432863215,train
2018-08-20,-2.0055486419204103,-1.5495974323365882,-1.7768771957727676,-1.8201798924162729,train
2018-08-21,-1.2198437437376382,-1.7227314389620765,-1.743308315883888,-1.847902996752591,train
2018-08-22,-1.5192405430946125,-1.5154919312829396,-1.45345094793588,-1.521707403630136,train
2018-08-23,-1.4119996300798474,-1.5961268700975138,-1.492045295681929,-1.5835725805380838,train
2018-08-24,-1.2910619327110682,-1.5757743822479502,-1.551141750137928,-1.5958865419665194,train
2018-08-27,-1.9103596673277718,-1.5142174038686784,-1.6953272076905785,-1.6300800484318405,train
2018-08-28,-1.8071268876195088,-1.651024498355586,-1.671266887700414,-1.6904923929777331,train
2018-08-29,-1.8315582907964767,-1.6754197436723066,-1.578452164651871,-1.6538508530603884,train
2018-08-30,-1.540457314400507,-1.702344031729263,-1.5735747263750546,-1.7690910342094002,train
2018-08-31,-1.3753716037412522,-1.643895544958815,-1.614517856468998,-1.5366470644431107,train
2018-09-03,-2.0049772855826458,-1.604876841837873,-1.7943973366953143,-1.8738239984238618,train
2018-09-04,-1.7540394457264759,-1.7581200459059594,-1.7755317053314903,-1.7261308016448211,train
2018-09-05,-1.2395605593393326,-1.6955268839517286,-1.5995760114330988,-1.7408488233833435,train
2018-09-06,-1.6594092520159427,-1.5123175585720592,-1.4263138626512695,-1.476514419947965,train
2018-09-07,-1.3867904471392458,-1.610082207201722,-1.5772518370102988,-1.327329868781473,train
2018-09-10,-2.0823845289877143,-1.5405067941961623,-1.730924328759549,-1.8765931572616668,train
2018-09-11,-1.8294219630661563,-1.7061130699558544,-1.7233720672636317,-1.7261499381203964,train
2018-09-12,-1.5969299253731684,-1.6686029230318593,-1.5681291060256555,-1.688745138079435,train
2018-09-13,-1.4888254892854131,-1.6523451867962524,-1.5389962827493486,-0.8595111309641339,train
2018-09-14,-1.8138584821088326,-1.6120639009573439,-1.5828168314202808,-1.6550642648344125,train
2018-09-17,-2.2902854446138186,-1.7307208316127745,-1.9783683987375669,-2.001582443413803,train
2018-09-18,-1.6180497985154012,-1.869846456063244,-1.8885247121392799,-1.919249686011958,train
2018-09-19,-1.743323992061371,-1.6962250860664048,-1.6076906763800398,-1.7864135598716357,train
2018-09-20,-1.5197326589377804,-1.7353315381429237,-1.6111772005807896,-1.7360592236175114,train
2018-09-21,-1.9388736014967642,-1.6901721216170198,-1.65992834022045,-1.7009428603698609,train
2018-09-24,-1.424807404327341,-1.8024702526221104,-2.0671924860199886,-1.9463152138562334,train
2018-09-25,-1.8738605371341637,-1.6060118728246684,-1.6206142518017306,-1.7291344025574067,train
2018-09-26,-1.5151964649164167,-1.7388859781653863,-1.6369228182735975,-1.2445517100498498,train
2018-09-27,-1.280877170271818,-1.6313865946029096,-1.5257068403778757,-1.3448807011511419,train
2018-09-28,-1.8940449914527273,-1.5499890776033232,-1.526877630616738,-1.391780226421218,train
2018-10-01,-1.9162619505685186,-1.687401524192772,-1.9480395570141606,-1.8205156976563235,train
2018-10-02,-1.7524188479684653,-1.7413438789337572,-1.758845617833056,-1.8007335110474039,train
2018-10-03,-1.2554755840839067,-1.6969379043848132,-1.6021086730478244,-1.7251200922508663,train
2018-10-04,-1.5275865914997782,-1.550840157051303,-1.4642231894048585,-1.6109450527403484,train
2018-10-05,-1.5218261619256437,-1.6331690384263462,-1.6039132745524967,-1.3688570469300454,train
2018-10-08,-2.0032331096804032,-1.6012252737548955,-1.8117659869628424,-2.0442092848631206,train
2018-10-09,-1.67354145744257,-1.7235135060920486,-1.7423989542785931,-1.7684284915880892,train
2018-10-10,-1.920363552966263,-1.6438792030415337,-1.5542213298919423,-1.6526094467454777,train
2018-10-11,-1.253429953930976,-1.7590916876370806,-1.6231151981143348,-1.6675096931368076,train
2018-10-12,-1.800868497027934,-1.5746042441969768,-1.5514738117416096,-1.665607651370744,train
2018-10-15,-2.068408179011691,-1.7279188680288906,-1.9748446521045366,-1.8492433979832303,train
2018-10-16,-1.9481969495767684,-1.8017747764388679,-1.820050465088307,-1.869381283221916,train
2018-10-17,-1.8273634733725472,-1.800620050137536,-1.6935024092326132,-1.7038769670469116,train
2018-10-18,-1.7670032772291417,-1.7592319127647362,-1.6295172175301835,-1.71069953790669,train
2018-10-19,-1.4619417028408295,-1.7936738757977508,-1.7575445954285447,-1.9044913456182229,train
2018-10-22,-1.8325376581913988,-1.6897006709158546,-1.890229494695561,-1.8894046471599117,train
2018-10-23,-1.6982005332513435,-1.7568884213445448,-1.773278879900954,-1.8818648816074486,train
2018-10-24,-1.7021706080429406,-1.7006439842248093,-1.6082529493088746,-1.554967534855691,train
2018-10-25,-1.7485975516197458,-1.6933062919568116,-1.573686592075258,-1.0116186001950356,train
2018-10-26,-1.6097153498603107,-1.7008870151784612,-1.6669501946272622,-1.6887753386094415,train
2018-10-29,-1.4130148337846775,-1.6834786606613956,-1.9050018123924572,-1.842536573556297,train
2018-10-30,-2.0070582599805014,-1.6017143260463904,-1.6166249582608128,-1.6567748649537726,train
2018-10-31,-1.7161431012812756,-1.7674143129163196,-1.6578795528813317,-1.6255391766582798,train
2018-11-01,-1.7837492616588662,-1.6996414043909627,-1.5789465383043095,-1.7573631891434653,train
2018-11-02,-1.477338894026594,-1.7187068717866587,-1.6839241784332488,-1.412211946338013,train
2018-11-05,-2.1716635502849035,-1.6388315649318093,-1.8430459195167965,-1.933206021305272,train
2018-11-06,-2.08471107369688,-1.8743592109364162,-1.8929466650535676,-1.9029329439156255,train
2018-11-07,-0.7230612024906088,-1.867770740120911,-1.7530959112142948,-1.8264257873406553,train
2018-11-08,-1.6082336211044381,-1.4505967618826339,-1.4031047476256588,-1.1427705509707327,train
2018-11-09,-1.8646647940057808,-1.6371591116850772,-1.6071854030562154,-1.6721494088077358,train
2018-11-12,-1.4778961388903844,-1.730573169461186,-1.9867707457063113,-2.119201413422681,train
2018-11-13,-1.4127722774808642,-1.5813094833171066,-1.5975380198622846,-1.611548725053785,train
2018-11-14,-0.9023105449663181,-1.5009919245115564,-1.4277999355595474,-1.349356622980819,train
2018-11-15,-0.8721066259088432,-1.3869623261182544,-1.3273815872302732,-1.2065438070426535,train
2018-11-16,-1.470910937700532,-1.301103357686885,-1.2889579162021816,-1.4023874002549979,train
2018-11-19,-1.8236427372515764,-1.3988318433205738,-1.6047748849551222,-1.6866754132155954,train
2018-11-20,-1.8141468284397744,-1.5118435070421992,-1.5311465868541163,-1.4847830393017938,train
2018-11-21,-1.405209376941995,-1.550061334574404,-1.4531372640421303,-1.5761910990533972,train
2018-11-22,-2.083356023230076,-1.4970266936506413,-1.3996345836234545,-1.700082771132931,train
2018-11-23,-1.67644008096158,-1.7670212191483294,-1.7241511464662422,-1.8051309760393195,train
2018-11-26,-2.0030080748539354,-1.6919659296081941,-1.9207935129911295,-1.7643268287458205,train
2018-11-27,-1.6054011115349092,-1.7860874759475678,-1.8022000280332788,-1.8302696958669413,train
2018-11-28,-0.7810409920773993,-1.6757987976494402,-1.5873377646957592,-1.5256626510439408,train
2018-11-29,-1.6393284862816366,-1.4227609402479047,-1.3695716690805044,-1.3474136060680768,train
2018-11-30,-2.0631592154637635,-1.5753744335173991,-1.5435895067042873,-1.473866163774836,train
2018-12-03,-1.4905627746667836,-1.7116929712947981,-1.9937424196856215,-1.8166793801838876,train
2018-12-04,-1.7003298621945775,-1.530409024921398,-1.5451974411011848,-1.6503499485713993,train
2018-12-05,-1.904495560746088,-1.5896947474006287,-1.4974776358787805,-1.5623600588791482,train
2018-12-06,-1.5205079337551755,-1.735564480526272,-1.5987986283138917,-1.6430796782121517,train
2018-12-07,-0.9177763152605064,-1.630275164064736,-1.5989891815658939,-1.335963260920273,train
2018-12-10,-1.41851990787813,-1.3900917254006726,-1.518447149353022,-1.672871632762417,train
2018-12-11,-1.7263233752196743,-1.496387318183442,-1.5105791965048865,-1.5739470349998785,train
2018-12-12,-1.4420036424535074,-1.5678627113927879,-1.4739761000286893,-1.513006673099158,train
2018-12-13,-1.4400440514413284,-1.4601921293494384,-1.3601657432965275,-0.8560615937034652,train
2018-12-14,-1.7917230153583976,-1.4527434965623465,-1.4264151806890284,-1.3667583180905023,train
2018-12-17,-2.1520592343364284,-1.6228261230393484,-1.8687246644204896,-1.8619102127175966,train
2018-12-18,-2.0113528499641102,-1.786537730111134,-1.8047142580598805,-1.8838737244570611,train
2018-12-19,-1.1086551941132992,-1.786182829678252,-1.6750110577747241,-1.2849910452378168,train
2018-12-20,-1.2322109381097943,-1.5406292879763863,-1.4633340051033925,-1.628455333434377,train
2018-12-21,-1.2334389544260584,-1.5435887361549054,-1.5201202223783379,-1.4715750656357725,train
2018-12-24,-1.711272947047056,-1.4912547090482702,-1.6622685570854776,-1.6520460514751953,train
2018-12-26,-1.8877069886663955,-1.556763386572837,-1.464571993611332,-1.731103140000523,train
2018-12-27,-1.1521332011710923,-1.588420228007896,-1.4561374371924563,-1.664239313068057,train
2018-12-28,-1.4399363181569291,-1.4139219037381696,-1.3935938208892755,-1.3083074141466504,train
2018-12-31,-1.8298923851113185,-1.4969996651400852,-1.6957723200214092,-1.7993056080511045,train
2019-01-02,-1.386113260583676,-1.6524690387427625,-1.552289425063317,-1.7637907312752235,train
2019-01-03,-0.9396984942211005,-1.5182134188857406,-1.4215104239499263,-1.4739308262397701,train
2019-01-04,-1.180555728323476,-1.317025881821789,-1.3020122711696465,-0.8660477932169914,train
2019-01-07,-1.9352030490593486,-1.3714222057349756,-1.5361024391470885,-1.7839053972768097,train
2019-01-08,-1.7556855279894383,-1.5922891881275703,-1.6100212464204533,-1.7183315251775004,train
2019-01-09,-1.3432944776377458,-1.5426635227521823,-1.447370256727562,-1.448549149834165,train
2019-01-10,-1.5740377565793782,-1.4421017854113396,-1.3486965856299618,-1.4685566379852235,train
2019-01-11,-1.5036657145815289,-1.560044603557853,-1.529157706704773,-1.5019961659310481,train
2019-01-14,-1.9411534112711675,-1.5741790028290221,-1.780257280639852,-1.8274347779585391,train
2019-01-15,-1.3996463774035555,-1.6775782910990336,-1.6941136537073256,-1.7484114091330683,train
2019-01-16,-2.0257419080319368,-1.5204508576632572,-1.444817483956208,-1.5830515545818713,train
2019-01-17,-2.1797753444409618,-1.7327392232756047,-1.5878410927812299,-1.7671205889469872,train
2019-01-18,-2.4071821235234485,-1.82745916810733,-1.781463675117446,-2.0179487578964435,train
2019-01-21,-2.9577658893925927,-1.9645663245892864,-2.289725378279836,-2.3787189556936554,train
2019-01-22,-2.568482285146302,-2.193909406297297,-2.2130791547356057,-2.300717581199284,train
2019-01-23,-2.4523399802686354,-2.2270533719407313,-2.078564152608138,-2.3662126026856427,train
2019-01-24,-1.4384675007986114,-2.252828998449344,-2.071380612752243,-1.5368778062689552,train
2019-01-25,-1.8944135514592522,-1.9550509567413434,-1.9225620930496083,-2.1021558502763096,train
2019-01-28,-2.297972726063395,-2.01523842308229,-2.270987198919838,-2.1477297749774205,train
2019-01-29,-2.4175433265401396,-2.0526023161810034,-2.069895308542643,-2.12237533756397,train
2019-01-30,-1.0505939021750252,-2.0805715990321816,-1.9455930328255018,-1.7699481580545136,train
2019-01-31,-1.9317399277994511,-1.6350895679248054,-1.5635879127620849,-1.483123780391678,train
2019-02-01,-1.8082373622378138,-1.8833240713106245,-1.8449607155145258,-1.4080562301008013,train
2019-02-04,-2.5742263811476676,-1.8518883234310846,-2.1004183651976933,-2.1757000653434666,train
2019-02-05,-2.7092619058619203,-2.071204018845335,-2.0936639768521252,-1.9992360283984398,train
2019-02-06,-2.9235142006827393,-2.145870911705868,-1.9968892471242656,-2.2171178780492053,train
2019-02-07,-2.4823584015793863,-2.3762076562567462,-2.164997226523593,-2.2093489466682716,train
2019-02-08,-2.8537055386756083,-2.33307627838374,-2.2800083758832925,-2.4309547578819792,train
2019-02-11,-2.228814627054685,-2.530225220513707,-2.9156244908408615,-2.9043682791570657,train
2019-02-12,-2.2253163829725673,-2.362752138637737,-2.3795092481793314,-2.413952875613662,train
2019-02-13,-1.984135473537529,-2.326121845145139,-2.202356158281291,-2.1968117537656107,train
2019-02-14,-1.4500810291503925,-2.1859462792922817,-2.0457944788717506,-1.9715659990681822,train
2019-02-15,-2.1557680750756365,-1.970178088816785,-1.9449471684359105,-2.0159853378879435,train
2019-02-18,-2.522341524930646,-2.070296744192896,-2.369097789053919,-2.470202188292763,train
2019-02-19,-1.95870286295634,-2.18495852673368,-2.209758915970374,-2.177005542304354,train
2019-02-20,-2.1095414580661807,-2.0263048153006467,-1.922768632152944,-2.0461668927824563,train
2019-02-21,-1.9488636809101565,-2.0627900997735664,-1.9159956611381566,-1.8287822008977863,train
2019-02-22,-2.2844259823856787,-2.0642200448976866,-2.027215361571614,-2.0852086569265436,train
2019-02-25,-2.5236181531240343,-2.151057137680445,-2.4647633837958836,-2.298968658567282,train
2019-02-26,-2.2885903595017028,-2.2182846661449007,-2.241622944784754,-2.2182339617613547,train
2019-02-27,-2.176444318492801,-2.1987029956351276,-2.074229809219075,-2.1015115173037135,train
2019-02-28,-2.019681571854194,-2.1776631749377775,-2.0243701611990694,-1.90287994084238,train
2019-03-01,-2.4531989085068013,-2.1436297432847904,-2.1043753824521363,-1.988635749276508,train
2019-03-04,-2.6891731819242244,-2.2742474276741,-2.6108164479855915,-2.6952500529209633,train
2019-03-05,-2.1014428465891255,-2.3519680040673183,-2.376042030880345,-2.256199376893809,train
2019-03-06,-2.7159163257347583,-2.2033322109609323,-2.09007640960266,-2.3045068787361997,train
2019-03-07,-1.832109175519463,-2.3949821846044856,-2.2020391324914956,-1.7751404324758466,train
2019-03-08,-2.2090738028671146,-2.1651782539367472,-2.1301027192859405,-1.9158827235392972,train
2019-03-11,-2.507047751337839,-2.221535170514086,-2.524822859182982,-2.384077767534159,train
2019-03-12,-1.8289301138002345,-2.273691024821421,-2.2964076327705993,-2.148851856124222,train
2019-03-13,-2.2121987894461244,-2.081741846161714,-1.9833165448765075,-2.036968326153876,train
2019-03-14,-2.4500349857276684,-2.123819935896074,-1.9688695638135254,-2.2275754979740685,train
2019-03-15,-2.434699984686717,-2.2370516556388944,-2.188534621552068,-2.3046018654974443,train
2019-03-18,-2.781775370908893,-2.259078255967919,-2.5927956841621436,-2.5947864096079574,train
2019-03-19,-2.696060711810824,-2.3786719141939563,-2.4031212600518583,-2.4671148916926393,train
2019-03-20,-1.0539349054500637,-2.4437891760562596,-2.2945328319767886,-1.9585463144461073,train
2019-03-21,-1.9991490815944781,-1.9451074823055303,-1.8739128744955955,-1.9298697428715834,train
2019-03-22,-0.9605471738147878,-2.12164309455247,-2.0840732990712825,-1.982872412091781,train
2019-03-25,-2.3392961219596895,-1.7364377142562348,-1.8747525546843478,-1.8074902123578782,train
2019-03-26,-2.5053234483146136,-2.0172068585697325,-2.0427678544440346,-2.0776111207654027,train
2019-03-27,-1.9252407808312753,-2.0404914745063363,-1.9079907072590299,-2.0799720434197493,train
2019-03-28,-1.7502605256428547,-1.979687698641276,-1.8473264510503498,-1.8939470458239638,train
2019-03-29,-1.9277545993378244,-1.9108674835103838,-1.8806681265677316,-1.7871375481263356,train
2019-04-01,-2.403552136037232,-2.0366357714461456,-2.3030630522308786,-2.040581465843509,train
2019-04-02,-2.3437841641973147,-2.1560238637024263,-2.178835597705897,-2.2513582998647044,train
2019-04-03,-2.4343856668205834,-2.1264060103723286,-1.9997019506877602,-2.1861527870973694,train
2019-04-04,-2.778692376858849,-2.190568928140928,-2.0184258541454,-2.32667543236432,train
2019-04-05,-2.567573736285121,-2.370600208791353,-2.3133354166382634,-2.126361405440707,train
2019-04-08,-2.7189335039033944,-2.3785496115514264,-2.7276006686351564,-2.78480656444752,train
2019-04-09,-2.527867608610192,-2.4518996521723526,-2.473032994153305,-2.525365475491404,train
2019-04-10,-2.31931694527402,-2.4283269786635167,-2.2869262242462187,-1.5446278687777757,train
2019-04-11,-2.6292133862299276,-2.3678883000196658,-2.201171959518649,-2.3026331683470005,train
2019-04-12,-2.3298986524305723,-2.434461119478153,-2.3797993944478955,-2.504986918309428,train
2019-04-15,-2.9753817900552755,-2.345484508394623,-2.6635904739021172,-2.6467587974031614,train
2019-04-16,-2.335095531373343,-2.5228702003414676,-2.5467102988122003,-2.629892830900014,train
2019-04-17,-2.5608465894959567,-2.3572430074878743,-2.2283041764523026,-2.356936503345521,train
2019-04-18,-1.8684754258113683,-2.4285196963255102,-2.244918658608568,-2.1640698192355767,train
2019-04-19,-4.070282846757018,-2.1911887158223498,-2.1544109738954496,-2.3290207521340345,train
2019-04-22,-3.8189917949282486,-2.8886151158662883,-3.440171707879456,-3.247366887479769,train
2019-04-23,-2.465673722664826,-2.927960385478697,-2.9559827532998777,-3.000571072332196,train
2019-04-24,-2.047238589010647,-2.646014310541356,-2.5084569789566533,-2.6829641727155726,train
2019-04-25,-2.1809754061935593,-2.5000321327969024,-2.3541987289379946,-2.532221223219639,train
2019-04-26,-2.2470757813723923,-2.5554639388525473,-2.5102319606885386,-2.6014488770351036,train
2019-04-29,-2.732551511550088,-2.4087308202391156,-2.7182558368555134,-2.6478661418503995,train
2019-04-30,-2.5002537118153385,-2.432595837909739,-2.460165573140882,-2.2470150495454235,train
2019-05-01,-1.440665414550077,-2.3888343566962535,-2.2557757213391807,-2.032581647844953,train
2019-05-02,-2.631080076423265,-2.0796681427773156,-1.9844667249999015,-2.143693128030055,train
2019-05-03,-2.1897028609172744,-2.3970739687180163,-2.3482179107034775,-1.928239732658822,train
2019-05-06,-2.4615960692941248,-2.287777626499836,-2.592298444890781,-2.631887191629694,train
2019-05-07,-2.277878550390077,-2.3220399414590194,-2.3482724711865433,-2.4061068319513685,train
2019-05-08,-2.243051382247919,-2.256414825542925,-2.136516506305843,-2.340649986932505,train
2019-05-09,-2.0081746514468546,-2.3159183106243164,-2.1601413175661692,-2.0712584130840472,train
2019-05-10,-2.584123632023997,-2.1995992155954265,-2.1642203498217683,-2.091422423199948,train
2019-05-13,-2.5993160940523747,-2.370618714178128,-2.7273942930902235,-2.6933581762860372,train
2019-05-14,-2.4688141038936986,-2.3862742347236656,-2.4119249927375077,-2.4284577256643263,train
2019-05-15,-1.991086024320981,-2.375207438129094,-2.2423791689273043,-2.2876717506551536,train
2019-05-16,-2.685916417097436,-2.2315870209399056,-2.0938921982450145,-2.16294512211463,train
2019-05-17,-2.9106516350368925,-2.456589916750224,-2.4038866577630396,-2.547791651110579,train
2019-05-20,-3.116916510095699,-2.5417638357283527,-2.940416483801818,-2.76324398614756,train
2019-05-21,-2.288854745793337,-2.6501426009770763,-2.677128324999557,-2.7104899844580004,train
2019-05-22,-3.1282795022028216,-2.423666942055369,-2.298604628328519,-2.3598355937246636,train
2019-05-23,-2.0883928532812295,-2.711876653271597,-2.4860755292324956,-2.548944656560163,train
2019-05-24,-2.384460612512512,-2.414636157406459,-2.3722251261412786,-2.5307159709861553,train
2019-05-27,-3.5926240336585007,-2.438629272799346,-2.7650121878775806,-2.8414940589047064,train
2019-05-28,-2.60734404446897,-2.7750694313526996,-2.8040425691357616,-2.765853106361284,train
2019-05-29,-2.7159958629062073,-2.581817852830554,-2.437653796174478,-2.7126457935861223,train
2019-05-30,-2.896434753745003,-2.569147139772464,-2.3758435943203646,-2.469843876638474,train
2019-05-31,-2.048785448518393,-2.6883878695104992,-2.628203937431466,-2.5642178592873,train
2019-06-03,-2.287823652207206,-2.4701302733711548,-2.7512132892465373,-2.5673184413071195,train
2019-06-04,-1.6640911073171973,-2.402694159172458,-2.4252411166385923,-2.4118834643092337,train
2019-06-05,-1.7013639560746756,-2.1679454262955,-2.081754389021241,-2.061446027812807,train
2019-06-06,-1.3006523995363666,-2.0758432074705713,-1.9616272981159488,-1.544901019474035,train
2019-06-07,-1.602640269595494,-1.827981851873065,-1.8118045087732646,-1.5746425103895256,train
2019-06-10,-2.5508253071492724,-1.8496153154260495,-2.0787185465000437,-2.1120114914750863,train
2019-06-11,-2.3235001601466814,-2.0972892249089212,-2.1272882945017586,-2.2765130354049568,train
2019-06-12,-2.2273940185540013,-2.102034482427291,-1.9810663137224103,-1.952963275322748,train
2019-06-13,-2.739686318069471,-2.123546970358154,-1.9710236442216436,-2.173411849543161,train
2019-06-14,-2.032235448561443,-2.3748581285248997,-2.321943703348351,-2.3527890228903847,train
2019-06-17,-2.5359587954692397,-2.2518957233408528,-2.532792033833955,-2.532690289535654,train
2019-06-18,-1.6041865701568736,-2.3645131589391695,-2.3884507881066215,-2.3870735443968547,train
2019-06-19,-1.9206288412381047,-2.0705963884279415,-1.9866993614171862,-1.5655172118702252,train
2019-06-20,-1.9384673382768278,-2.1019559539171833,-1.9690113529039726,-2.1100941566676292,train
2019-06-21,-1.7022013472109672,-2.029372736777607,-1.995220872219422,-1.9349307682472918,train
2019-06-24,-2.4166743467916603,-1.929138524127745,-2.167168430363743,-2.0834398151292817,train
2019-06-25,-1.5167660191661432,-2.0860372500392548,-2.1112473184000358,-2.0631143764740556,train
2019-06-26,-2.156727713963213,-1.861735482089221,-1.7839539967635225,-1.9951120808614127,train
2019-06-27,-2.510359174283139,-2.0139666002561984,-1.8637330679143298,-2.015452971243008,train
2019-06-28,-2.5188906648944007,-2.1459898361249565,-2.096702777529483,-1.9990879767827372,train
2019-07-01,-2.1698135659938615,-2.219879568081792,-2.564040353973318,-2.352960540648738,train
2019-07-02,-2.1962060838627804,-2.109155796875229,-2.128444352697876,-2.222780518423445,train
2019-07-03,-2.2834842694893216,-2.178557284936276,-2.0568762355902948,-2.032547247856832,train
2019-07-04,-3.5944995278432335,-2.210055166413911,-2.0464096128350624,-2.326771144203596,train
2019-07-05,-2.1994114951916535,-2.6311777547682884,-2.553882093236327,-2.3789351682980437,train
2019-07-08,-3.0004159298328243,-2.287464520828278,-2.5871176055935403,-2.664943844132079,train
2019-07-09,-2.992203298102751,-2.565881084130127,-2.588596717755372,-2.5542060387522807,train
2019-07-10,-1.8237601973914292,-2.651877967730795,-2.4831405620298392,-2.443940176266789,train
2019-07-11,-2.0509710777920853,-2.3337014808484873,-2.202721484567922,-2.1445351368126064,train
2019-07-12,-2.7540551277867085,-2.2426709330718193,-2.2023408883732367,-2.332222030286793,train
2019-07-15,-2.82356100103427,-2.4603689421424124,-2.8358867438765256,-2.8112906639216204,train
2019-07-16,-2.6029745918357667,-2.4612132967523634,-2.4848594077502124,-2.336267453972158,train
2019-07-17,-2.9385776710894635,-2.381644004321181,-2.2389880028570133,-2.458741672637439,train
2019-07-18,-2.143831378552719,-2.564433637035952,-2.3534803176811248,-2.611342108506415,train
2019-07-19,-1.8312208373365553,-2.3964588568178486,-2.353009018791242,-2.4392693425015475,train
2019-07-22,-2.9375561476194947,-2.2398977304332326,-2.4924247305442613,-2.4688834911714856,train
2019-07-23,-2.8350055099221603,-2.515483271684368,-2.541222435366311,-2.6098212145731052,train
2019-07-24,-2.512264920522791,-2.5257337268083675,-2.370321418597867,-2.4047826047963885,train
2019-07-25,-1.6885361457929964,-2.41400409796573,-2.23742617924633,-1.7468965457130459,train
2019-07-26,-2.5227388535395305,-2.1854749550344805,-2.1561401900767736,-2.250751205752223,train
2019-07-29,-2.9115391283305554,-2.4438984396282715,-2.7908590899814385,-2.7679626637645187,train
2019-07-30,-2.5763612905449045,-2.5353111791534144,-2.5620533771307157,-2.5870729298745463,train
2019-07-31,-1.4142042942618496,-2.4355200066043357,-2.296359257014778,-1.8808154081317392,train
2019-08-01,-1.7597158545086515,-2.0605124658936305,-1.966522487976638,-2.010111840294892,train
2019-08-02,-1.9970467867797541,-2.1413973898946206,-2.111442884869523,-1.8668448812142977,train
2019-08-05,-1.7836745372010854,-2.144941783961847,-2.423940032074569,-2.414720740913212,train
2019-08-06,-1.7047229866302038,-1.9732065351441055,-1.9961214918838013,-2.068166839763294,train
2019-08-07,-1.7657414052625673,-1.8703859872003574,-1.7854985275665571,-1.994268992902164,train
2019-08-08,-1.7233579721680783,-1.9024363856447748,-1.784307181860969,-1.8078879935567047,train
2019-08-09,-2.198578125185428,-1.8751458973717938,-1.8473050893605159,-1.9912632356134976,train
2019-08-12,-2.40721089312488,-2.006762702180991,-2.313230496140846,-2.297680268253069,train
2019-08-13,-1.7907187375489182,-2.115276801851569,-2.1405940267173578,-1.956448118319341,train
2019-08-14,-2.0898537449768853,-1.9707153424667847,-1.8770994859339691,-1.915904896202486,train
2019-08-15,-1.8878953655209743,-2.060575830875115,-1.9152507800902407,-2.043074891889558,train
2019-08-16,-2.1166566980540416,-2.021109639206094,-1.986059897579688,-2.105440763607203,train
2019-08-19,-2.8023312868114045,-2.0569582450584636,-2.348690628928697,-2.381675493566886,train
2019-08-20,-2.6908043449217938,-2.2576578067765176,-2.2825171924808383,-2.3599008856430945,train
2019-08-21,-2.8016240035139197,-2.323428651673916,-2.1748607313469956,-2.300171929303846,train
2019-08-22,-2.142024758152246,-2.4119652172619848,-2.210581563870855,-2.3111180522992214,train
2019-08-23,-1.632684483338919,-2.275809284906686,-2.2309646301960773,-2.1992879827980554,train
2019-08-26,-1.9728906230649323,-2.1050440760739653,-2.328119120326453,-2.2042110582421652,train
2019-08-27,-2.7489439065339547,-2.1110454930354448,-2.1290092134198826,-2.2317252868869,train
2019-08-28,-2.751228606484033,-2.297043695034465,-2.1450351799748986,-2.348103421553504,train
2019-08-29,-2.2841445588350657,-2.2911914506181263,-2.0947848963117575,-2.1825123256552112,train
2019-08-30,-2.071406643267354,-2.193570414380253,-2.1472998545769744,-2.060013880478653,train
2019-09-02,-2.5710231814304296,-2.191943047372467,-2.474988617116974,-2.5290145399862123,train
2019-09-03,-1.5114282913365658,-2.3700729537711243,-2.390501251572933,-2.3522810339189033,train
2019-09-04,-2.150610090731837,-2.008986260596322,-1.9280653948751985,-1.9793486979399537,train
2019-09-05,-2.2687349543919137,-2.1053333439591704,-1.954676495028533,-1.986441153364036,train
2019-09-06,-2.43452262578352,-2.1373932519760186,-2.094061694170111,-1.8432467774508448,train
2019-09-09,-2.1257656146826327,-2.215939363297036,-2.550662699814154,-2.639533327462772,train
2019-09-10,-2.6485774302891922,-2.109148166763815,-2.1310746868583768,-2.218429217970655,train
2019-09-11,-2.771785623143739,-2.337479852197531,-2.192237966142092,-2.2919061469059367,train
2019-09-12,-0.6660921334149623,-2.4262602375100526,-2.2284247411282063,-1.5644370331623985,train
2019-09-13,-1.9229402557425737,-1.78466455844343,-1.777148498911606,-1.8425407252506911,train
2019-09-16,-2.2623372927625636,-2.024908988434099,-2.292154489224216,-2.303846762611399,train
2019-09-17,-2.120293407143949,-2.1194396975147947,-2.1426334900133397,-2.2204051925382586,train
2019-09-18,-1.8246840530873574,-2.0389059654688406,-1.9270267312941036,-1.5443700292969635,train
2019-09-19,-2.34457854236023,-1.8740634852241782,-1.7509148227291922,-1.8619642185631866,train
2019-09-20,-2.2901602285733547,-2.141924959306133,-2.096900727543652,-2.266914077317781,train
2019-09-23,-2.0588432565901376,-2.1570225514689607,-2.471616006937768,-2.197658412942131,train
2019-09-24,-2.425931990427348,-2.084503722326918,-2.1045828874042773,-2.1752080523356274,train
2019-09-25,-2.635042632225253,-2.205447924587515,-2.0732564314251687,-2.2562781766023114,train
2019-09-26,-2.138085209711984,-2.3344707058723264,-2.1467970766715685,-2.154327476223167,train
2019-09-27,-2.2554111644984824,-2.1947601461542146,-2.15244002865711,-2.2475910564321464,train
2019-09-30,-2.089165804825413,-2.2129710412679793,-2.521770740787177,-2.287310384970425,train
2019-10-01,-1.7454538273954905,-2.175363832942927,-2.194033827444933,-2.060998593728347,train
2019-10-02,-2.450791406985593,-2.031006936813317,-1.9372443944065707,-2.1410181857230395,train
2019-10-03,-1.3891030223862675,-2.174869839107323,-2.001715071464811,-2.0070278137981696,train
2019-10-04,-2.0557131565035656,-1.8617381457128832,-1.8383561458359812,-1.6847644396381527,train
2019-10-07,-2.651106039166731,-1.995591736788222,-2.2803471347875686,-2.332204852561715,train
2019-10-08,-2.570647650412699,-2.1876054022942575,-2.21222272954914,-2.138648643889721,train
2019-10-09,-2.525462654264316,-2.24558028768783,-2.1043726498003945,-2.117226201726652,train
2019-10-10,-2.351143994334493,-2.246476906579354,-2.067289206888943,-2.108914788736479,train
2019-10-11,-1.8698362268461726,-2.290453994236129,-2.2418655141756463,-2.3103998180749925,train
2019-10-14,-2.8639715600050444,-2.152937124980091,-2.408290523163189,-2.496069927287907,train
2019-10-15,-1.560167652040709,-2.4252097715917333,-2.448561821885147,-2.4231277873813206,train
2019-10-16,-1.785776523718923,-2.0300466197480165,-1.946953592951157,-2.0384186082010998,train
2019-10-17,-1.68426067617587,-2.0093350103044276,-1.8857583197219723,-1.9925557936889435,train
2019-10-18,-2.448446888862691,-1.9205823331490792,-1.8912723029596907,-2.025595201012501,train
2019-10-21,-2.5873423118744174,-2.155576188538708,-2.4928107659506797,-2.4832950841731014,train
2019-10-22,-2.1190227301418134,-2.1650791860746366,-2.190321124541167,-2.2849364917786708,train
2019-10-23,-2.813525513514945,-2.1063698247882563,-1.992302235101932,-2.2045579071309316,train
2019-10-24,-1.7893364835501258,-2.3676124705243486,-2.1671475697272014,-1.5976846907577653,train
2019-10-25,-3.0324710744469594,-2.13484989435004,-2.0999242076137814,-2.2300196377756527,train
2019-10-28,-3.237284370211641,-2.4777558910940365,-2.890268990340335,-2.6586622320348052,train
2019-10-29,-2.8027293310731225,-2.596139365725893,-2.621042982427034,-2.6720113390935105,train
2019-10-30,-1.7963978989598717,-2.5645908538379896,-2.407007165043409,-2.1878024472976016,train
2019-10-31,-2.228226637616501,-2.237908998137089,-2.1105634151270336,-2.065998261120506,train
2019-11-01,-2.274332948311612,-2.3823259207354766,-2.3364020808811663,-2.0337876867294593,train
2019-11-04,-2.614871697804934,-2.3220986086056694,-2.6333773498191317,-2.6737275177476523,train
2019-11-05,-2.2200614934138514,-2.3575512319179457,-2.3816801903026668,-2.3089941581383235,train
2019-11-06,-3.148042183430075,-2.215852226946076,-2.097052110755356,-2.2212313788575497,train
2019-11-07,-2.543741704361761,-2.557209717572259,-2.332560629150749,-2.4593420086832354,train
2019-11-08,-3.0397388835782153,-2.4468081915330835,-2.395382353387048,-2.4711524086381464,train
2019-11-11,-3.401315620802336,-2.635955717445708,-3.0493976270105323,-3.068042370589887,train
2019-11-12,-3.002565894952589,-2.802173109904232,-2.8278394192709335,-2.7273875464057404,train
2019-11-13,-2.9369618144366507,-2.7943935441059966,-2.625217945213992,-2.6144906016521103,train
2019-11-14,-2.9642079278023554,-2.7609877636589277,-2.548728950583562,-2.4792218880648074,train
2019-11-15,-3.2108166889633027,-2.821194626339707,-2.75800076042081,-2.883648610140643,train
2019-11-18,-3.12760337953366,-2.909360435363551,-3.3450314000354604,-3.27878906468035,train
2019-11-19,-3.296580936109092,-2.8816246989108074,-2.9068437217096825,-2.957597134459516,train
2019-11-20,-2.8699019699018278,-2.956645098285648,-2.772839078886045,-2.935388269903,train
2019-11-21,-3.018377628950684,-2.855768803524883,-2.6504010301616843,-2.8575591972088183,train
2019-11-22,-2.4419702433453274,-2.9048824931269466,-2.842880502510592,-2.804100058932193,train
2019-11-25,-3.13677023432798,-2.6985646606592186,-3.0337840322521026,-2.898197230028561,train
2019-11-26,-3.292502579046573,-2.8740611333790347,-2.901912738294225,-2.8269784417990884,train
2019-11-27,-3.102909236756601,-2.912368303065949,-2.73159782617221,-2.776311766983264,train
2019-11-28,-3.7131085215499877,-2.888482967930832,-2.668082838877362,-2.9956499588472854,train
2019-11-29,-2.5845915140729905,-3.1018854262150852,-3.025294404636117,-2.9998031931991127,train
2019-12-02,-2.435906804211706,-2.8645893849546873,-3.218776883489434,-3.0155639490776673,train
2019-12-03,-2.8167375380752797,-2.769155677523719,-2.792767954258567,-2.8783012278246423,train
2019-12-04,-2.5519535337508894,-2.8194937593316034,-2.6673489191998994,-2.779948690034911,train
2019-12-05,-2.924040643148058,-2.7079732955817954,-2.5308638325858115,-2.611970052852917,train
2019-12-06,-2.2304454353349676,-2.729675313931219,-2.6762434844970815,-2.399814861417767,train
2019-12-09,-3.5132625617890807,-2.5279656208994616,-2.8400776509168812,-2.941952086183103,train
2019-12-10,-3.1107744370586667,-2.93120016668026,-2.9647517895022943,-2.9915113379747655,train
2019-12-11,-2.3221651175155906,-2.8662843625852052,-2.698398423972532,-1.887864003779684,train
2019-12-12,-2.198723417806732,-2.6522346972516995,-2.491792743943671,-2.013495632168229,train
2019-12-13,-1.2308867452113434,-2.5490095903322305,-2.5105610298379175,-2.548355238163529,train
2019-12-16,-2.636863621230982,-2.2168790065924897,-2.393969157578839,-2.2674407265879006,train
2019-12-17,-2.623196202482208,-2.456438686715948,-2.4867484941687827,-2.5872657454080574,train
2019-12-18,-2.760548281603367,-2.4024309146195404,-2.2660727281101543,-2.4495207748052383,train
2019-12-19,-2.546335278086109,-2.4696415788212063,-2.279999289565068,-2.4883462599753408,train
2019-12-20,-2.8899407610985643,-2.44358764314913,-2.398309864928603,-2.471884747546389,train
2019-12-23,-3.234176700438553,-2.673325717367249,-3.0708356999440096,-2.904673608212537,train
2019-12-24,-3.3673339475851813,-2.809014640351182,-2.8377080231402214,-2.955354822339582,train
2019-12-26,-3.6057841508632387,-2.917544661326114,-2.6774761860090575,-3.0354447908137887,train
2019-12-27,-2.454402715329122,-3.0542997263846137,-2.979229592709823,-3.0960467409199293,train
2019-12-30,-2.4757947266244167,-2.7721839599487725,-3.107503637061055,-2.7575418782624794,train
2019-12-31,-2.883684958937467,-2.7324486309977827,-2.754000919682093,-2.841312379994211,train
2020-01-02,-2.2853584777758904,-2.7849569330821358,-2.579263474754578,-2.864158629748962,train
2020-01-03,-2.5910880808586856,-2.5459908277859484,-2.5023851811484867,-2.3777512939744336,train
2020-01-06,-2.7144205590561166,-2.5258059912639443,-2.8840200717571642,-2.8721138389841707,train
2020-01-07,-2.3817225224050063,-2.5765793109708497,-2.6032298636121474,-2.6624523189643785,train
2020-01-08,-2.1212004951750436,-2.489739928328761,-2.3624720725723134,-2.5724082666628214,train
2020-01-09,-2.63697104751368,-2.351678794518133,-2.206119644475035,-2.369896629063481,train
2020-01-10,-2.3065095592407143,-2.5065877090115047,-2.457263445223937,-2.1594550455334076,train
2020-01-13,-2.946771763678807,-2.3913181917537547,-2.7111322611612434,-2.708025041457381,train
2020-01-14,-2.973942901924454,-2.557570912891463,-2.5857410289825586,-2.4484337589826537,train
2020-01-15,-2.751124020316592,-2.6249003261083472,-2.4629889714762347,-2.6512244832792673,train
2020-01-16,-2.6316288735307185,-2.6371395798084456,-2.4427927014425923,-2.575285995376243,train
2020-01-17,-3.1276923029694377,-2.6249598842280686,-2.5742570794981297,-2.706038902822703,train
2020-01-20,-3.4227108640341966,-2.8189230165688226,-3.246770968154699,-3.2916954154012603,train
2020-01-21,-2.964783952597982,-2.938852014953367,-2.9676579134635834,-2.932924608815756,train
2020-01-22,-2.906935372491798,-2.8351779193982236,-2.6721217403162245,-2.8392756910772494,train
2020-01-23,-1.9400476745123771,-2.8400942737417134,-2.633467728148659,-2.26829735147406,train
2020-01-24,-3.055523370380805,-2.544639913603574,-2.5083623689481604,-2.503592610323577,train
2020-01-27,-2.850398540651271,-2.79218767492311,-3.210706460013926,-3.0828313952145154,train
2020-01-28,-3.170301534463881,-2.6873237170989954,-2.7139326480427863,-2.7427772981198206,train
2020-01-29,-2.8219685354419086,-2.7745366882531446,-2.6006279625134363,-2.446395315477392,train
2020-01-30,-2.965013593773784,-2.6909777300836866,-2.491890654695934,-2.7048287854582966,train
2020-01-31,-2.617743254587777,-2.822372719406321,-2.762279879044806,-2.640758474703662,train
2020-02-03,-2.7881272341761636,-2.699907378776639,-3.0589772461557234,-2.9180889536711403,train
2020-02-04,-2.9795564760801017,-2.739022994051959,-2.76437150810962,-2.823565888152701,train
2020-02-05,-2.911838488434758,-2.7700221226079993,-2.607351383013105,-2.652172631428085,train
2020-02-06,-2.5167668596353243,-2.7648520456276264,-2.5591278014601624,-2.7709034747148085,train
2020-02-07,-2.2926028213049765,-2.6349675918643105,-2.5873131504346567,-2.292075456577356,train
2020-02-10,-2.9999090946902514,-2.5559078342868222,-2.8736963131520112,-2.9642412433773258,train
2020-02-11,-2.7795453880214964,-2.741607545132292,-2.7703133116258094,-2.7487740790942503,train
2020-02-12,-2.521535560780261,-2.678170209760816,-2.528914046292517,-2.701742681216449,train
2020-02-13,-2.5265076438791736,-2.5787189347914943,-2.404098183481568,-2.2327964994787237,train
2020-02-14,-2.5772214228223205,-2.5757168143465754,-2.5292229145807443,-2.5241403392486124,train
2020-02-17,-3.5626332523885798,-2.61124627763429,-2.9674294852057437,-3.0615880677492626,train
2020-02-18,-2.235247175873285,-2.899042698711039,-2.9312090830991417,-2.8838437070198464,train
2020-02-19,-2.691557932050037,-2.5348369225993403,-2.416211688276083,-2.467077302962301,train
2020-02-20,-2.193265318274,-2.6468232771761886,-2.4581312805302096,-2.6360856517330156,train
2020-02-21,-1.7413276026986062,-2.4934934181858326,-2.4532129724809946,-2.3934086107877532,train
2020-02-24,-1.821612719306291,-2.300742925353192,-2.544659256659163,-2.461770582624082,train
2020-02-25,-2.019482526119048,-2.159780617695008,-2.184419375074035,-2.266677768977959,train
2020-02-26,-1.619024180193203,-2.1739791147100838,-2.0710763760153696,-2.206295395656413,train
2020-02-27,-1.498005513904738,-1.9708248124435703,-1.8660367066678147,-1.9045691099190694,train
2020-02-28,-0.7327799077660649,-1.8611256755480363,-1.8419032748741033,-1.6967966406762158,train
2020-03-02,-0.6360338960081707,-1.5703922285983696,-1.6838545912108283,-1.6250379410631102,train
2020-03-03,-0.3260001380802087,-1.4143712387848821,-1.4342656945203793,-1.0814835823678641,train
2020-03-04,-1.1632351592724746,-1.1636871798084847,-1.1626346307086528,-1.1411384958313429,train
2020-03-05,-1.3140586668255554,-1.2962720182054017,-1.2286946987375158,-1.3514875153927393,train
2020-03-06,-0.6446653513093179,-1.2954841177569496,-1.2832624565938346,-0.9378173866989542,train
2020-03-09,0.7357301965957312,-1.108317818863723,-1.2110035519008762,-1.4094199809171295,train
2020-03-10,-0.22237825527675725,-0.6302960613597058,-0.6419523612643493,-0.7096470785923522,train
2020-03-11,-0.6697240366540171,-0.8176010981458612,-0.8205329998636506,-0.6855862116506273,train
2020-03-12,0.8689986490770469,-0.8493189465822746,-0.8155850449952433,-0.20617834918581268,train
2020-03-13,0.26945485034861144,-0.25683952803660814,-0.2934119529974948,-0.3410763711980651,train
2020-03-16,0.45090297510135363,-0.28013655535424836,-0.26129346530095,-0.31540676570787873,train
2020-03-17,-0.22843397818938854,-0.23087747667552952,-0.2431386607405299,-0.2817920678175845,train
2020-03-18,0.06973865965624723,-0.3610051281367263,-0.36193156549625033,-0.49899510465238306,train
2020-03-19,1.032072218483202,-0.18459297112063822,-0.20301374413476878,-0.1370143220432749,train
2020-03-20,0.5326708225179198,0.08787540835059726,0.053187829910985904,-0.10133018341916977,train
2020-03-23,0.5777313912310829,0.033344512486014444,0.09461969954485215,0.04499349965644073,train
2020-03-24,0.33418574411671664,0.08634369534016348,0.08100548375195929,0.2481164617187268,train
2020-03-25,-0.41286751569783936,0.1048297031520091,0.0766677552909521,0.02430521183306822,train
2020-03-26,-0.10832901039489266,-0.09467419685235531,-0.07189069934828501,0.06350507625093882,train
2020-03-27,-0.31982644096651763,-0.10681240668509107,-0.10861820806044602,-0.2167984065878481,train
2020-03-30,-0.4913743140298656,-0.21816829893555195,-0.2631519960480203,-0.3008024216530034,train
2020-03-31,-0.14745550998433468,-0.3433052144244235,-0.34590958657544446,-0.2048096665317396,train
2020-04-01,-0.8251410876551998,-0.3014931038527437,-0.29117243106552376,-0.24584222190624172,train
2020-04-02,-0.4398458117935752,-0.4966409579653898,-0.43371886997000597,-0.49604805438672783,train
2020-04-03,-0.8830166443811734,-0.4395563602805759,-0.42666915038727116,-0.13705056932774062,train
2020-04-06,-1.1129802759035392,-0.5892882869271406,-0.7039318705590871,-0.9055756517889061,train
2020-04-07,-1.1544935154305416,-0.6962617452990926,-0.6980760019494899,-0.8521561788863024,train
2020-04-08,-0.9014828433892135,-0.8029495019233239,-0.7298660330866926,-0.7313304871376164,train
2020-04-09,-0.9661495243485334,-0.7701886141866372,-0.6977986253808537,-0.6858822065552663,train
2020-04-10,-2.555999837313955,-0.8411761157998627,-0.8127216422847148,-0.7752836370273601,train
2020-04-13,-1.62965410573896,-1.379281949950386,-1.7145959054795872,-1.7143270956090229,train
2020-04-14,-1.480605514795603,-1.241584234831781,-1.2437780867680597,-1.369853107539012,train
2020-04-15,-1.3277612942120764,-1.2566368603120206,-1.1638451501870402,-1.2704063069799147,train
2020-04-16,-1.034018303460774,-1.2802334147010377,-1.174984425506153,-1.2771659071116814,train
2020-04-17,-1.1833140325386087,-1.2280059552924834,-1.1972567658929312,-1.3975833462059737,train
2020-04-20,-1.5594408518092298,-1.1517406808443424,-1.3066461958401079,-1.3244581316812556,train
2020-04-21,-1.1076721734814887,-1.2608449331763982,-1.2682913352911134,-1.328643335124758,train
2020-04-22,-1.7479136996419804,-1.1416964420041944,-1.0771488061295547,-1.2443417725243777,train
2020-04-23,-0.7757036235873009,-1.3529718977216074,-1.2242842255090758,-1.2350475117504094,train
2020-04-24,-1.0777630024755054,-1.1187778362874623,-1.1018245088217158,-1.216757217546552,train
2020-04-27,-1.5648019812431817,-1.1860180407930567,-1.3320650479307767,-1.3875976984849043,train
2020-04-28,-1.4352889931720727,-1.3146934637347565,-1.3267671013833464,-1.3495624507251482,train
2020-04-29,-1.4646653373403382,-1.3272367165015015,-1.2469870191244221,-0.9964328165171553,train
2020-04-30,-0.6543143953942895,-1.319203028971719,-1.2147813856294158,-0.43034926911046334,train
2020-05-01,-1.485254669385103,-1.1278257017004636,-1.1165223722922286,-1.1999197462028486,train
2020-05-04,-1.6467853024093664,-1.3630188177580436,-1.5659718517031682,-1.7477454908380343,train
2020-05-05,-1.0898547101083473,-1.421111484988842,-1.4354445322391163,-1.3621109582938935,train
2020-05-06,-1.5535306986350734,-1.2642060030718187,-1.206127630244344,-1.2654391368373061,train
2020-05-07,-1.5315054072107257,-1.383682230875179,-1.2742348399450798,-1.5025334341522305,train
2020-05-08,-1.7276949842181093,-1.4625007515093624,-1.4312786472354935,-1.1493363659452047,train
2020-05-11,-1.7385851417746407,-1.5388401577391835,-1.7743935884858473,-1.8054879165935138,train
2020-05-12,-1.6027347675231773,-1.5583550546015026,-1.5729715032383826,-1.3964533447420169,train
2020-05-13,-1.5075256908961603,-1.5630157858834914,-1.4730966311323475,-1.4994511947320002,train
2020-05-14,-1.6437368058854205,-1.5356071389592156,-1.426877785226551,-1.4393472628253585,train
2020-05-15,-1.7059647664832633,-1.578902998057673,-1.5438619867940169,-1.4934501020381927,train
2020-05-18,-1.105200358730518,-1.5954674115825436,-1.8270077511216765,-1.8978749121598333,train
2020-05-19,-1.6631572326367323,-1.400830920795304,-1.4110979028431405,-1.4343355864225409,train
2020-05-20,-1.9262545629103918,-1.5398128203089205,-1.44797855511147,-1.5491080021833572,train
2020-05-21,-1.5920887850011622,-1.642356385107915,-1.5039365059900796,-1.33198975953928,train
2020-05-22,-2.1431417122417535,-1.566388215471532,-1.5339104952201603,-1.7867977627522416,train
2020-05-25,-2.6846612452388148,-1.7370390769529234,-2.028058806588529,-2.0744637295372534,train
2020-05-26,-1.7678210081962664,-2.026217712495166,-2.0444838065296946,-1.9593613457159578,train
2020-05-27,-0.7613605055507735,-1.832972672299707,-1.7326426034354334,-1.9543903668432887,train
2020-05-28,-1.5317031195668964,-1.4871070323067617,-1.4336711146391647,-1.3913597826724386,train
2020-05-29,-1.0232572220458405,-1.6595748594767166,-1.628028914736489,-1.3875423079392957,train
2020-06-01,-1.5975184780384222,-1.4362054875907644,-1.5783613190611716,-1.5150303626101538,train
2020-06-02,-1.3725592969230718,-1.4799521896516057,-1.4974615735325132,-1.6256757563346245,train
2020-06-03,-1.2702181878119563,-1.3911511374089838,-1.3203684886845217,-1.1181302453444488,train
2020-06-04,-0.6789889664200945,-1.4096208577616132,-1.3230712593505116,-0.8309671248347393,train
2020-06-05,-0.7934042573831491,-1.1918440443253449,-1.1845060025180834,-0.8951310191932903,train
2020-06-08,-1.4473280769073036,-1.1887033358191794,-1.3033420631101986,-1.4027001781874482,train
2020-06-09,-1.3407025024074237,-1.324259391394599,-1.3418924011717386,-1.371653783012931,train
2020-06-10,-0.8195591223848698,-1.29253766986815,-1.2238655026107943,-0.3951013371348886,train
2020-06-11,-0.7871693346556158,-1.1216437079458113,-1.0698426949420379,-1.1304512265077837,train
2020-06-12,-0.8518385612250248,-1.114863818075409,-1.1048908691745725,-1.2107694328532392,train
2020-06-15,-1.1516012885088331,-1.1276484385443006,-1.249442402773259,-1.3132111304238128,train
2020-06-16,-1.0692240235946229,-1.1640935049524628,-1.1790761795855191,-1.1090504239017185,train
2020-06-17,-1.14702698175417,-1.1133776679968472,-1.059827659336953,-1.155410650183958,train
2020-06-18,-1.3317107860764776,-1.1614411305147045,-1.0844043080860335,-1.1051752787169384,train
2020-06-19,-1.177239378584504,-1.2495570055234384,-1.2256756985677646,-1.3270568866147054,train
2020-06-22,-1.8350128580279,-1.2352167550560778,-1.398471628217241,-1.3754973115571203,train
2020-06-23,-1.4635645327724727,-1.451013840902338,-1.4667492631812376,-1.4147272991683524,train
2020-06-24,-1.4902959763889123,-1.3938960384211687,-1.3127642248287288,-1.4205915873217438,train
2020-06-25,-1.741852155167656,-1.4177766487116683,-1.3098292637193605,-1.322704038134253,train
2020-06-26,-1.9989962371548906,-1.51247690122325,-1.4741186243179243,-1.7245353770504985,train
2020-06-29,-1.861563376974111,-1.6600297188198345,-1.9288123369194228,-1.8989277982251656,train
2020-06-30,-1.5106654870043188,-1.634593112136109,-1.6465772875613378,-1.3925054873752825,train
2020-07-01,-1.9401656059369878,-1.5637822147038072,-1.477336072109987,-1.3187847020789287,train
2020-07-02,-1.4760295469499294,-1.707086650539536,-1.564267542589022,-1.3189752577767782,train
2020-07-03,-2.3084241905150553,-1.5775525394330374,-1.5444554672009676,-1.7233890910953882,train
2020-07-06,-1.784201821441477,-1.8084253226571714,-2.119123199559568,-2.0410632875188766,train
2020-07-07,-1.7073697166325004,-1.6934628207705287,-1.7057743592983852,-1.8005500541905402,train
2020-07-08,-1.831813294509606,-1.7039516745182437,-1.607086972135049,-1.8110036617205285,train
2020-07-09,-1.2850779617557375,-1.727006783724063,-1.5939834385256197,-1.7415404449021272,train
2020-07-10,-2.038617466876339,-1.5835179033933005,-1.5562968236660926,-1.7013168895400759,train
2020-07-13,-1.795880572870342,-1.7457304908965658,-2.022900014092635,-2.0269470321363263,train
2020-07-14,-1.9560438405297245,-1.702394996683378,-1.7173936598396917,-1.4970007444866018,train
2020-07-15,-1.7485628434993647,-1.7741528418050314,-1.66572125063755,-1.909160371151493,train
2020-07-16,-1.5972928102682067,-1.7256664305029537,-1.6014201133072559,-1.0304837408749652,train
2020-07-17,-1.9993392606534035,-1.7252152445178786,-1.693142608340842,-1.7876685197306892,train
2020-07-20,-1.2494330335139032,-1.823534856754573,-2.0968448800904604,-2.112388521758393,train
2020-07-21,-1.1210445199462389,-1.6008245667742624,-1.614042911523328,-1.696787926312362,train
2020-07-22,-1.1959507639728262,-1.494907495387203,-1.4373634428533915,-1.579896748716591,train
2020-07-23,-1.5435992458277827,-1.4547533889231203,-1.3743719406066206,-1.5824777324188029,train
2020-07-24,-1.575001245349932,-1.530596323538248,-1.503601978705492,-1.4816305326735306,train
2020-07-27,-1.130174443683285,-1.5002329681185849,-1.7205435093666963,-1.6181107163528334,train
2020-07-28,-1.3855213335636822,-1.3804020284145857,-1.3959098335752969,-1.5271263022066484,train
2020-07-29,-1.2815700520884605,-1.4561458834378826,-1.3842303762602626,-1.1363875128112413,train
2020-07-30,-1.2461658211751274,-1.4335347910644998,-1.3464420234938472,-1.4049233393067202,train
2020-07-31,-0.8470715236535953,-1.3954303566675081,-1.3748454291771037,-1.2250902437375764,train
2020-08-03,-1.2995448212560108,-1.2254291964166362,-1.3473757484485744,-1.3143618296834796,train
2020-08-04,-1.409843904943034,-1.342708357852723,-1.3587784975287054,-1.4568961251106822,train
2020-08-05,-1.2890183939162698,-1.3601429073697466,-1.2865617649119925,-1.2567709621150556,train
2020-08-06,-1.0452065328344544,-1.3275136123038092,-1.2397916930015134,-1.422008842494453,train
2020-08-07,-1.1156085082714329,-1.2458498639695106,-1.2292332760772842,-0.9909673922879919,train
2020-08-10,-1.856927213960431,-1.2783455132152504,-1.434333257354021,-1.6090832116266993,train
2020-08-11,-1.2325420500787871,-1.505578449718886,-1.5229179097745171,-1.5725091023732292,train
2020-08-12,-1.3540171000192045,-1.3370676446184782,-1.2715726036261972,-1.2268403391490503,train
2020-08-13,-1.5311147755022503,-1.365893395423291,-1.271312517251673,-1.2744701896667558,train
2020-08-14,-1.71761586239553,-1.4458938127373968,-1.4152433386771457,-1.420765025278175,train
2020-08-17,-1.8106133040466053,-1.5430210134858324,-1.7766275313600737,-1.8000984571813212,train
2020-08-18,-1.4327503297765234,-1.5625651618556635,-1.5770221505714672,-1.6912997814194175,train
2020-08-19,-1.1158962085101019,-1.4876193374849966,-1.4075568636769722,-1.5029184080516556,train
2020-08-20,-1.230514503512193,-1.3917520373673649,-1.3121781160288835,-1.5470848251757578,train
2020-08-21,-1.3026240491762822,-1.3920069573718927,-1.3673859407035895,-1.3396969294383916,train
2020-08-24,-1.922402284079121,-1.372085236085602,-1.5511183900820074,-1.545981233916473,train
2020-08-25,-1.7472764362040083,-1.5287890500043295,-1.545138350875912,-1.5783795074659972,train
2020-08-26,-1.869770664852805,-1.5190723114657683,-1.4224112293530273,-1.5595215141899863,train
2020-08-27,-0.6261625143504853,-1.6239505842544504,-1.489211847686192,-1.4943816089229576,train
2020-08-28,-1.1706067600997219,-1.275023154488955,-1.2638538266515762,-1.2813898770458865,train
2020-08-31,-1.6672514116729371,-1.3867921654872613,-1.5474368356046084,-1.3893878582256018,train
2020-09-01,-0.8655322977033343,-1.4823864136646348,-1.4971434022493502,-1.4226601425713044,train
2020-09-02,-1.2780941454717727,-1.218471158923448,-1.17437624899398,-1.2282811822129667,train
2020-09-03,-1.3427532204634671,-1.2592348243951863,-1.1721379153587055,-1.227953006794956,train
2020-09-04,-1.2535539609022677,-1.338384401573559,-1.313607948079852,-1.1818805642052568,train
2020-09-07,-2.5519774444082577,-1.3250368238188557,-1.4987772653331886,-1.7474794238449531,train
2020-09-08,-1.3798489596236034,-1.7204032917013081,-1.741459611917284,-1.733958154414207,train
2020-09-09,-1.6104336398975165,-1.5009520036039872,-1.425423724431659,-1.642983120480898,train
2020-09-10,-0.9895530392100721,-1.581295663854362,-1.465939032150834,-0.8366939068552084,train
2020-09-11,-1.8980342543659183,-1.403947622985571,-1.3849548588172267,-1.2692697033941414,train
2020-09-14,-2.2540794973053537,-1.6771549263065977,-1.9349660564701736,-1.9657994581987506,train
2020-09-15,-1.911723630492549,-1.7399796909802172,-1.7580490675661604,-1.8808091496560906,train
2020-09-16,-1.095615077786909,-1.7118458704408455,-1.6049119768742386,-0.8112284826168539,train
2020-09-17,-1.4389798744647033,-1.469697241365695,-1.3922509726541525,-1.53460542515963,train
2020-09-18,-2.0548046276193204,-1.589404771799125,-1.5593424783739682,-1.6646493865266814,train
2020-09-21,-1.4267937085579985,-1.7555788359458462,-2.034544330274981,-1.9119907839860595,train
2020-09-22,-1.3666021620029438,-1.5384885007415041,-1.5517555226320676,-1.6382880942846287,train
2020-09-23,-1.470481184928041,-1.4758970834643401,-1.402732632183189,-1.3361702799528703,train
2020-09-24,-1.402465891979069,-1.528702217015223,-1.4249946965472828,-1.4753585152880118,train
2020-09-25,-1.854251791701383,-1.5058964163654807,-1.478513063593434,-1.566833409062204,train
2020-09-28,-1.8480218090356046,-1.591241869422117,-1.84518979126394,-1.850774577086056,train
2020-09-29,-1.6643959656170302,-1.6417847113006936,-1.6581053353296702,-1.665915620688329,train
2020-09-30,-1.4362903161154852,-1.6322103192183006,-1.5409557241314624,-1.2791498569444948,train
2020-10-01,-1.5645924654388825,-1.5741388878532134,-1.4727180951064027,-1.4752937820236955,train
2020-10-02,-1.7430666001352177,-1.6261712702985314,-1.5951886401994448,-1.485944497612599,train
2020-10-05,-2.3177828719603966,-1.662278796310649,-1.9013387277537126,-1.8855911470719111,train
2020-10-06,-1.5347139116886046,-1.847836396207594,-1.8671638929912073,-1.8623001973480964,train
2020-10-07,-2.0824950741318977,-1.6594336966167915,-1.576125963996567,-1.5963137290050502,train
2020-10-08,-2.322489470000834,-1.8385935288500836,-1.6890552509619006,-1.954516199464333,train
2020-10-09,-2.1757682731330585,-1.9730961370397064,-1.9234705227493158,-2.0450399229579705,train
2020-10-12,-2.3924786001649747,-1.9850469185031012,-2.279611033630431,-2.336979957572489,train
2020-10-13,-2.053666437073897,-2.0573493156808893,-2.0753503205827544,-1.8470975162103442,train
2020-10-14,-2.2315249933539336,-2.028423562689463,-1.9124024556466988,-2.109007365750908,train
2020-10-15,-2.0899330239424954,-2.0825357016452526,-1.9201675924258534,-2.0263380917730838,train
2020-10-16,-2.2450793420192796,-2.0309161107584766,-1.9859471451557538,-1.9718865067046742,train
2020-10-19,-2.175516518417066,-2.0857466033302425,-2.3901586326120987,-2.268921667415249,train
2020-10-20,-2.173665275175377,-2.0583544997587,-2.075588844214901,-2.1833083832263256,train
2020-10-21,-2.049993341241556,-2.0701596566133635,-1.9487053408442843,-2.137943726203873,train
2020-10-22,-2.140593870283743,-2.032287431767628,-1.8855862087474788,-2.12855631145394,train
2020-10-23,-2.073381145706653,-2.066385962801925,-2.0224855227472425,-1.9740095281663166,train
2020-10-26,-2.222202558802718,-2.042141128378863,-2.3257550821641733,-2.218267328636665,train
2020-10-27,-2.0744678540914134,-2.089760065237141,-2.109197688788246,-2.088273337109874,train
2020-10-28,-1.8908858669996562,-2.0493096331739253,-1.935872267335963,-2.081015841057933,train
2020-10-29,-1.5909145313164035,-1.9931967267875665,-1.8601248988615846,-1.3581638790111623,train
2020-10-30,-1.8573398493139714,-1.8735946077966148,-1.8445277998219076,-1.6633812421443082,train
2020-11-02,-2.355917834967764,-1.9198819734787267,-2.177012504940528,-2.0554127635804837,train
2020-11-03,-2.034054577039405,-2.0553851904372715,-2.078167164541057,-2.097675013431908,train
2020-11-04,-0.11360443296120408,-1.9810879540016237,-1.8723353637649731,-1.884785408593716,train
2020-11-05,-1.0428704219870841,-1.3540366151758214,-1.355104564119603,-1.1135597156570483,train
2020-11-06,-1.0371793440087764,-1.5121081853595533,-1.499118475166046,-1.2592545340291865,train
2020-11-09,-0.8382581711734451,-1.4245938001738325,-1.5754464314872274,-1.7269688663265197,train
2020-11-10,-1.201471514447565,-1.2244576606635997,-1.2431677672167074,-1.2057056746040482,train
2020-11-11,-1.822158152879599,-1.2213120784629519,-1.1669052465179939,-1.3851806193497431,train
2020-11-12,-1.9202191197490799,-1.512526419030705,-1.3898712620390348,-1.1510393174929594,train
2020-11-13,-2.3283599492240863,-1.6131941775754493,-1.5795075435023034,-1.6558548469906396,train
2020-11-16,-1.9661206139615115,-1.825213594336684,-2.145490316567292,-2.0864565511875646,train
2020-11-17,-2.3221834699771966,-1.8430507865167833,-1.8605260930226772,-1.7419410293774693,train
2020-11-18,-2.4114339809836256,-2.0274150705403917,-1.8972299623975148,-2.1422144430280765,train
2020-11-19,-2.252419707995639,-2.1040570436059594,-1.9290022694897846,-2.083812177699139,train
2020-11-20,-2.568748828223326,-2.0985931417137036,-2.049377825828919,-2.1728993008578104,train
2020-11-23,-1.7041708641638418,-2.1988746900118903,-2.545587025082592,-2.2488098101966516,train
2020-11-24,-1.6934450351212538,-1.9716857633762834,-1.9838841594352534,-2.0431189549370723,train
2020-11-25,-1.7008813891958192,-1.9078715025785016,-1.8130506061802132,-1.6093637954431508,train
2020-11-26,-2.441828468775661,-1.8392106012051062,-1.71763719884039,-2.0914170413884143,train
2020-11-27,-2.654778489460697,-2.0306525485502616,-1.9791837807368826,-2.177815781216861,train
2020-11-30,-1.8841170030491996,-2.095939482064097,-2.456616474458154,-2.1568495186945147,train
2020-12-01,-1.6968621607156884,-1.9386314465766878,-1.953981923834611,-1.7868430103871737,train
2020-12-02,-1.5279598855610819,-1.894145573620833,-1.8000154542153872,-1.921733092726466,train
2020-12-03,-1.7874059666476452,-1.8303630736858605,-1.7211424084891684,-1.796287593844533,train
2020-12-04,-1.7709067264842808,-1.8277448889728432,-1.7917316066415054,-1.6147823966126775,train
2020-12-07,-1.7803620960469249,-1.7623353212990212,-2.007168971620607,-2.117910865741453,train
2020-12-08,-2.0790787824875583,-1.7633740167957022,-1.782074228978439,-1.8885197303500045,train
2020-12-09,-2.003055432013256,-1.8783669618062553,-1.7664375826852392,-1.8504200550839083,train
2020-12-10,-1.4386865588103874,-1.9171349124501875,-1.7770661298132662,-1.0191957901523478,train
2020-12-11,-1.8966170176530917,-1.7585647484233802,-1.7338750889545533,-1.7992050444714258,train
2020-12-14,-1.881176166752807,-1.875952985287352,-2.13854475683684,-2.171898362317059,train
2020-12-15,-1.7523664268645054,-1.8811218489495452,-1.900497833887302,-2.009740338275792,train
2020-12-16,-1.0588723420734456,-1.8154134047058053,-1.7225502803774837,-0.7468439169409746,train
2020-12-17,-1.9385289152145422,-1.5602747100769914,-1.4911947681377793,-1.6272846629182243,train
2020-12-18,-2.20896426645823,-1.8033079064086184,-1.7675385169751832,-1.838609673256471,train
2020-12-21,-1.0949537925405568,-1.8914807279023558,-2.1956604624870675,-2.122237101997908,train
2020-12-22,-1.722920177565174,-1.551322825641585,-1.5659809038889534,-1.6286145319347838,train
2020-12-23,-1.6009040786965203,-1.6833223297808289,-1.5919691655517534,-1.6472315469792056,train
2020-12-24,-2.4409437525553876,-1.7033577939560869,-1.5921284824461006,-1.8927891170200306,train
2020-12-28,-1.727670523095263,-1.9502399938735642,-2.284494576353482,-2.2227705719464357,train
2020-12-29,-1.8823565127168693,-1.7430812941735556,-1.7608708758476548,-1.865998434054986,train
2020-12-30,-1.6604365749871908,-1.8437963815271081,-1.740878071918213,-1.6840747062055668,train
2020-12-31,-1.6070545642423597,-1.7759980456166615,-1.6585817241634309,-1.9201039375473283,train
2021-01-04,-1.643923087863941,-1.761186725995606,-1.981596539626826,-1.8813780018353599,train
2021-01-05,-2.0943676192248515,-1.696696426523037,-1.713000888246353,-1.6933814863966268,train
2021-01-06,-1.0932566039695026,-1.8397729917921823,-1.7252522465822118,-1.6435426481517845,train
2021-01-07,-1.6310103732882717,-1.5304814773584565,-1.456564898484315,-1.4490137140138568,train
2021-01-08,-0.9284499985511544,-1.6497033348785133,-1.6195577848545968,-1.5528025309046776,train
2021-01-11,-1.5160069655119177,-1.417216351045807,-1.549142088811633,-1.6417852734031746,train
2021-01-12,-1.6659416668175635,-1.5341756081434703,-1.5510480702373781,-1.6262115221934494,train
2021-01-13,-1.5917178949057393,-1.5259154390898746,-1.4382434651818636,-1.276778147910995,train
2021-01-14,-1.5615256262730843,-1.5558482242503897,-1.4459462777485719,-1.6978810383794944,train
2021-01-15,-1.93719903706625,-1.5388422510788902,-1.5106717692628913,-1.4421055063751425,train
2021-01-18,-2.595506175818952,-1.7173071848419008,-1.9829436586518758,-2.1198241658692427,train
2021-01-19,-2.181727197247081,-1.9759318536274928,-1.9963149508819353,-1.9209398232932073,train
2021-01-20,-1.7936527179388622,-1.9403757045140742,-1.8186193266332815,-2.029408696615377,train
2021-01-21,-1.8655201639658863,-1.8679811006977218,-1.7390375373140794,-1.2555840984426767,train
2021-01-22,-2.0821970462880497,-1.9082212313177478,-1.8683325749422186,-1.748243622151563,train
2021-01-25,-2.1523110912692025,-1.9822273678374656,-2.264562927761251,-2.062551424540023,train
2021-01-26,-2.151330405415208,-1.9629134863229794,-1.9801189114784838,-2.0254812911637803,train
2021-01-27,-1.5496322601015695,-1.9661140432382511,-1.8465822981089877,-1.6560665794501692,train
2021-01-28,-1.6587268509660862,-1.7957969493641424,-1.6856106973544955,-1.6993868950279103,train
2021-01-29,-1.6885946835033252,-1.8012953219354582,-1.7680135503263334,-1.6135888982582844,train
2021-02-01,-1.8738545869044623,-1.7702409075476961,-2.001911051526903,-1.8387928510229816,train
2021-02-02,-1.7425858376901195,-1.7898932854825649,-1.8071829054886346,-1.8737928706554832,train
2021-02-03,-2.137925383796189,-1.7241684234830839,-1.6303758105646147,-1.5280734592554037,train
2021-02-04,-2.1565323993499756,-1.8738978612517672,-1.7223231024183878,-1.8620169300171312,train
2021-02-05,-2.052412207026441,-1.9240634738911733,-1.8801318240503289,-1.7426312367946102,train
2021-02-08,-2.185209872105264,-1.9439668924067708,-2.2242712891786844,-2.2957446027343575,train
2021-02-09,-2.2812665137987427,-2.0089517906084,-2.0270140010205737,-2.121254658110119,train
2021-02-10,-2.3926560120243883,-2.0951140708022264,-1.9681870793977756,-1.836164187872164,train
2021-02-11,-2.676914935999703,-2.1536664163018124,-1.9818933436723998,-2.1552984767806875,train
2021-02-12,-2.475602132276506,-2.277536262780394,-2.2209847154121647,-2.3545653319257918,train
2021-02-15,-3.0043283485265837,-2.279669224367409,-2.6157644941437197,-2.708587537840903,train
2021-02-16,-2.10565981369212,-2.4916419216624908,-2.5134859458167487,-2.3404417725904976,train
2021-02-17,-2.063679956267705,-2.27126227849057,-2.1533379679579707,-2.1316080716117325,train
2021-02-18,-2.475959330164308,-2.2257803383855688,-2.0773625429007394,-2.2086461962955433,train
2021-02-19,-2.3429161415544084,-2.3054995439758352,-2.253653388489958,-2.2183379526738323,train
2021-02-22,-2.0161602719103078,-2.2690794911442858,-2.588401059768209,-2.4552391103306155,train
2021-02-23,-2.387359064231968,-2.1060366518014284,-2.1250512676168674,-2.1653031992376084,train
2021-02-24,-1.7420280946182118,-2.2202662483655073,-2.089268875249794,-2.2227070151207626,train
2021-02-25,-1.3697344661892372,-2.0382887906362708,-1.9164431292434194,-1.9500076894743466,train
2021-02-26,-1.1033589562168054,-1.843596567004504,-1.8204225781764671,-1.7225179815497118,train
2021-03-01,-1.9040247297370125,-1.6648857452197614,-1.8228387334265033,-1.691228117469005,train
2021-03-02,-1.7808837332714607,-1.8412904006476212,-1.8636345262475142,-1.8937929993637064,train
2021-03-03,-1.7818809970008616,-1.758994038715151,-1.6682164927260572,-1.6590069065196187,train
2021-03-04,-1.6708078595178957,-1.7618076367060975,-1.6421730889629158,-1.727759063671567,train
2021-03-05,-1.3185826260294247,-1.762833182876001,-1.7358660508109658,-1.5930901073781858,train
2021-03-08,-2.0903331879044176,-1.6922965640759418,-1.8791975478477085,-1.9305928169501516,train
2021-03-09,-1.9619189065828233,-1.8856572501328919,-1.908458960290568,-1.9490669986082088,train
2021-03-10,-1.7485622789888775,-1.8715929698019742,-1.7681224720095337,-1.720976340821619,train
2021-03-11,-1.521396396669734,-1.8146756255218153,-1.695056374753929,-1.2234438198692166,train
2021-03-12,-2.018756176825967,-1.740415674528675,-1.7148012788271512,-1.7811678526452326,train
2021-03-15,-2.0330903578848036,-1.9139728617251561,-2.192605462856116,-2.1516988760914075,train
2021-03-16,-2.167197906349667,-1.9048319794613835,-1.9247650380225483,-1.9100253568911139,train
2021-03-17,-1.656173613108735,-1.9507936514238389,-1.832961237390517,-1.2717469104811077,train
2021-03-18,-1.7908396223485477,-1.809927455761761,-1.694015249602883,-1.7866481021691218,train
2021-03-19,-2.4319563554373858,-1.8617706149743978,-1.8265955313504825,-2.0132173046061057,train
2021-03-22,-2.1298663675205116,-2.0506199824922575,-2.3822980648376024,-2.2071970346766516,train
2021-03-23,-2.0803424809138606,-1.9861586105278901,-2.0039797366847107,-1.961716267916441,train
2021-03-24,-2.0699490145087918,-1.9639520565802535,-1.8488884120359907,-1.7460648738439344,train
2021-03-25,-2.0006274214573674,-1.9997362209800447,-1.8512095559487545,-1.923680790418089,train
2021-03-26,-2.417206017826353,-1.9985207558210538,-1.9564124857659908,-1.9928521336602163,train
2021-03-29,-2.1941748175146047,-2.1004131795642618,-2.4287947610295073,-2.421553943611901,train
2021-03-30,-2.396260223477851,-2.0643094401386635,-2.0819643482897927,-2.1348159873367467,train
2021-03-31,-2.126218414307138,-2.1539177953417843,-2.020348750521572,-1.8872035956387203,train
2021-04-01,-2.1377400405822375,-2.0995230879368725,-1.9471601805134549,-2.0307841623631444,train
2021-04-02,-2.70698900618866,-2.118626785711057,-2.07430802300215,-2.0890093741520497,train
2021-04-05,-2.505181687445881,-2.286028208498454,-2.6538570687893612,-2.485486028250063,train
2021-04-06,-2.291662215821737,-2.2773063419793886,-2.2969804444674087,-2.509114905389945,train
2021-04-07,-1.9834271652536901,-2.229722028619109,-2.102669928754161,-2.0791388429866635,train
2021-04-08,-2.2659701475621383,-2.144787709890577,-2.003608193827241,-2.2740077344144054,train
2021-04-09,-2.3593605658612913,-2.2247166907480973,-2.178283157995084,-2.1875852376258815,train
2021-04-12,-2.3546304974308874,-2.221461844099038,-2.5441940851789475,-2.434814864059994,train
2021-04-13,-2.113411966738101,-2.2160709785596944,-2.237352123843019,-2.035051499324664,train
2021-04-14,-2.4516956614470518,-2.1455690845219895,-2.030946911908011,-2.1498602405310923,train
2021-04-15,-2.1604344730202407,-2.270454679699461,-2.0964387444070236,-2.16447222585046,train
2021-04-16,-2.4006201423483553,-2.1939251940385422,-2.1515057623103337,-2.3160897006639263,train
2021-04-19,-1.9123437203045923,-2.261182163615109,-2.5904938802844213,-2.602777802735047,train
2021-04-20,-2.21594313693029,-2.1102873066131966,-2.1297820318889653,-2.2143684972736972,train
2021-04-21,-2.247027098379598,-2.186873368369678,-2.066873550183906,-2.3022432368918233,train
2021-04-22,-2.0416955719800924,-2.1767451455640354,-2.0192620669811863,-1.494403247501767,train
2021-04-23,-2.5097369389058697,-2.1183876786195612,-2.0801726240453218,-2.044970459269155,train
2021-04-26,-2.143031109894341,-2.2406962014409624,-2.5859871862959913,-2.4331999088877447,train
2021-04-27,-2.4692234268950557,-2.1790464246453283,-2.200107895741367,-2.3144218976079696,train
2021-04-28,-1.8288013674650525,-2.2775179526780063,-2.1429620745937745,-1.9409335199236595,train
2021-04-29,-2.3683060109735306,-2.0884044386276033,-1.9615300383427168,-2.0397736273184144,train
2021-04-30,-1.9260455297967967,-2.2416102259278827,-2.1953480307749214,-2.0428695069593648,train
2021-05-03,-2.280691133877473,-2.0848276613585996,-2.3515992413969555,-2.173266596982428,train
2021-05-04,-1.969381177129294,-2.180356803359198,-2.202649978557674,-2.2741204052527566,train
2021-05-05,-2.7606052260271072,-2.0552129315250833,-1.9504523476635316,-1.9441708861061944,train
2021-05-06,-2.3956642054176798,-2.3243411783641568,-2.128419839008831,-2.3159848970000114,train
2021-05-07,-0.8704540413656229,-2.244205124986763,-2.197069050871192,-1.891757852412911,train
2021-05-10,-1.89335471600662,-1.7856822908161292,-1.9103157769489654,-2.110696142717453,train
2021-05-11,-2.071158052235465,-1.981182115051637,-2.0016928720501803,-2.0718982895356355,train
2021-05-12,-1.0089785842750407,-2.0280063395103953,-1.9173692722164066,-1.8392840502953793,train
2021-05-13,-1.901764411156569,-1.6099863389169775,-1.5462354645308174,-1.6502036055509495,train
2021-05-14,-2.5563412830833045,-1.7677466171939866,-1.736432062302489,-1.8410537792288642,train
2021-05-17,-2.5060227953763428,-2.0722690309941814,-2.4244946753429115,-2.3649885830016166,train
2021-05-18,-2.4926050884132565,-2.120222847692353,-2.1437621380608354,-2.177500608020379,train
2021-05-19,-1.8171105494612687,-2.1564383856604197,-2.0203068292356865,-2.1560072278141393,train
2021-05-20,-2.367425675649767,-2.0736471404001287,-1.945236091193825,-2.0615265062453187,train
2021-05-21,-1.8839804656368682,-2.243975572278578,-2.195180391253851,-2.1633139973359117,train
2021-05-24,-2.185323671531474,-2.0678567664729743,-2.3264829247716534,-2.2477093108447823,train
2021-05-25,-2.143154876036774,-2.109541871884439,-2.1295806455074775,-2.186353026921867,train
2021-05-26,-2.208459535529775,-2.0640146612608277,-1.947649684907529,-2.1527129667324836,train
2021-05-27,-2.064277474275376,-2.1152734676469036,-1.9589472627308975,-2.032821167721377,train
2021-05-28,-2.112364899927423,-2.0500971092155873,-2.0098596719570483,-2.080473407556723,train
2021-05-31,-2.570214811785261,-2.08505892260881,-2.374969119196225,-2.2317436791026593,train
2021-06-01,-2.410639908789178,-2.227391491345201,-2.2492202448285217,-2.092825806619146,train
2021-06-02,-2.4055314512225623,-2.220484060299996,-2.0873955066873213,-2.293736526116569,train
2021-06-03,-2.174636102792217,-2.2386059143451416,-2.0667986600850834,-2.1202019824194176,train
2021-06-04,-1.5895056865281,-2.1979193579244787,-2.1537308187991777,-1.8548928600777437,train
2021-06-07,-2.5578617427478307,-2.0029467013468443,-2.2214928326797763,-2.312449154123418,train
2021-06-08,-2.7206934862998553,-2.225977434891879,-2.2475410003323857,-2.298937878252549,train
2021-06-09,-2.9039696255198155,-2.312304018103851,-2.162027951400996,-2.352585244838756,train
2021-06-10,-1.9623816848132087,-2.410992417207426,-2.203159268235601,-1.5803875736304063,train
2021-06-11,-2.553342851887685,-2.174316071411692,-2.1356892648471297,-2.2555610693562693,train
2021-06-14,-2.6709607256083725,-2.4148576629685805,-2.762866729783491,-2.7520488376440335,train
2021-06-15,-2.670527152163124,-2.4607740068887134,-2.482776239644188,-2.3497785232426454,train
2021-06-16,-0.8672232853178407,-2.457403099000582,-2.30938003629865,-1.7613309340065886,train
2021-06-17,-1.4777300828591637,-1.8400449633737352,-1.783834559998384,-1.9591282187552566,train
2021-06-18,-1.5976422071292673,-1.9248088242960957,-1.8996038490609612,-2.108819052278413,train
2021-06-21,-1.8674504213744096,-1.863107242134708,-2.0876250953361937,-2.0123352173640754,train
2021-06-22,-2.0544172597516397,-1.8464859607932798,-1.869424405853094,-1.923902828568667,train
2021-06-23,-2.298190308886036,-1.8353922355198322,-1.7299127176148246,-1.6935172333662043,train
2021-06-24,-2.330315044667769,-2.0225447959228995,-1.8635568305684926,-1.756149477016066,train
2021-06-25,-2.4994134413086004,-2.109428489254162,-2.065355705533703,-2.184019819575594,train
2021-06-28,-2.160094385570198,-2.233392549547786,-2.5762636538277244,-2.5467144944427282,train
2021-06-29,-2.4283642143842226,-2.183132055367756,-2.2031367310464427,-2.1313852784861735,train
2021-06-30,-2.051390541519084,-2.282226496377179,-2.1487510436127835,-2.0656338637048886,train
2021-07-01,-2.198393217889764,-2.1674384641150812,-2.0226284871636127,-2.214439178360352,train
2021-07-02,-1.724960937866242,-2.18682743762482,-2.143432327514698,-1.9400052236111307,train
2021-07-05,-2.8256770525861747,-2.000170647804348,-2.239035331439748,-2.4069638922583843,train
2021-07-06,-2.099809040764147,-2.320632619464014,-2.3450524056698314,-2.206421121154605,train
2021-07-07,-1.9596832422324912,-2.129882582322539,-2.0165392789978425,-2.1332097810582313,train
2021-07-08,-1.9787876146731922,-2.0826624569414127,-1.9456154976741444,-2.135257694611112,train
2021-07-09,-2.5029846240008014,-2.05877394700217,-2.021173149167162,-2.1990204722598206,train
2021-07-12,-2.369101386547762,-2.2452563436342863,-2.587134330610529,-2.5687506021015833,train
2021-07-13,-1.646301372007792,-2.1776361690122576,-2.1991420278958507,-1.9381405690702729,train
2021-07-14,-2.395514410391884,-1.9603189385835256,-1.8724272612815689,-1.9920718021257124,train
2021-07-15,-2.4499878790505902,-2.1688074844787013,-1.9986610395523028,-2.14640034508054,train
2021-07-16,-2.528215438413507,-2.2216155239621767,-2.171336989817232,-2.173134146581468,train
2021-07-19,-2.256080581871538,-2.2605321641110785,-2.6061386734047427,-2.6028200530431906,train
2021-07-20,-2.091851537256491,-2.1965371081388256,-2.2171785050004327,-2.3209455101956427,train
2021-07-21,-2.521489775045625,-2.2048354042314515,-2.0905146447818295,-2.3019974353951733,train
2021-07-22,-1.6756684893322014,-2.3222649702998894,-2.142989515402607,-1.6920784485822105,train
2021-07-23,-2.5237870541298117,-2.053513378194401,-2.0227327746240586,-2.0237543471054167,train
2021-07-26,-2.3775746852884185,-2.2503701186181004,-2.596967989197345,-2.5093629006710447,train
2021-07-27,-2.256843248320724,-2.2283618442885795,-2.250556639553538,-2.2820295956937713,train
2021-07-28,-1.8229487593106335,-2.212895987555297,-2.0900212127337863,-1.8988339921865593,train
2021-07-29,-2.5567077233951623,-2.04606797543361,-1.9197299594886386,-2.1068905557259305,train
2021-07-30,-2.474231225822724,-2.295965639875548,-2.2446822525208088,-2.0741126222680326,train
2021-08-02,-2.2578239472034216,-2.2772820219301817,-2.616425718723346,-2.4703078770830014,train
2021-08-03,-2.6786248119484912,-2.2173918996974793,-2.2384691602112756,-2.3117802822031397,train
2021-08-04,-2.0577255965500276,-2.3630152367706554,-2.215949489824783,-2.193145852412936,train
2021-08-05,-2.396759088235566,-2.233145164367898,-2.08751456203091,-2.248663824460072,train
2021-08-06,-2.455004587632024,-2.2998009920754985,-2.2519869992488672,-2.0182756967896625,train
2021-08-09,-2.6123973112209926,-2.31699445623858,-2.6534541510347114,-2.7257358247281234,train
2021-08-10,-2.8180903660154724,-2.3924423216878914,-2.4152269819564802,-2.48464277215227,train
2021-08-11,-2.3645370379248263,-2.455871227823851,-2.300361295778309,-2.285284220348946,train
2021-08-12,-2.8473213100940105,-2.379541345517468,-2.2112738662208984,-2.382995490754606,train
2021-08-13,-2.9359659887958727,-2.544788356666099,-2.4861449672599067,-2.499379928099734,train
2021-08-16,-2.913195665210584,-2.6148797309994136,-3.014398275859436,-2.957777146657114,train
2021-08-17,-2.3763500129166903,-2.642166058249074,-2.6652138870765922,-2.54775559382805,train
2021-08-18,-1.8359499698003134,-2.4770975864962717,-2.345866895359374,-2.471675665746718,train
2021-08-19,-2.353824342224945,-2.300313752668124,-2.1711207322019948,-2.366801801831307,train
2021-08-20,-2.6288831923482943,-2.3773551540607367,-2.3313177458864187,-2.5182103022324163,train
2021-08-23,-2.408529065062803,-2.413834525508432,-2.7748740654845356,-2.4853494756178933,train
2021-08-24,-2.5386957256860425,-2.3256599763251264,-2.3498971507305138,-2.4707562756841455,train
2021-08-25,-2.3559560863929017,-2.3704522121154197,-2.2334843187352216,-2.3442035203305576,train
2021-08-26,-2.4704403167490194,-2.375463711880418,-2.210019768689823,-2.402399543793282,train
2021-08-27,-1.8388795462165213,-2.4147363658859606,-2.3667206947807844,-2.3487154693730643,train
2021-08-30,-3.038700876154992,-2.198189130838752,-2.4542326047025775,-2.4154736567087536,train
2021-08-31,-2.4370654299881096,-2.536290587053809,-2.563934306452118,-2.400410896681851,train
2021-09-01,-2.524027122528662,-2.3885136889063174,-2.2570026354707484,-2.256648666476436,train
2021-09-02,-2.9567853145228735,-2.4267299911333104,-2.249474810492508,-2.4596541499295546,train
2021-09-03,-1.7121176579358266,-2.5733693378769615,-2.5143943762135907,-2.2068375157938735,train
2021-09-06,-3.442043341227226,-2.272207795082593,-2.5095467605645867,-2.730278694013636,train
2021-09-07,-2.433385247870262,-2.717754968868862,-2.747211619547086,-2.7100504554070777,train
2021-09-08,-2.6516121819956333,-2.485595203914281,-2.3532355373253315,-2.6099291459110754,train
2021-09-09,-2.07545420077777,-2.5477229009408595,-2.3600281564657886,-1.8871832574774396,train
2021-09-10,-2.7685443488196917,-2.327080022454381,-2.288531342916963,-2.2969012651898586,train
2021-09-13,-2.7651735702847624,-2.5866612414652095,-2.9654462968950694,-2.901402774352878,train
2021-09-14,-2.1348636502129668,-2.5235122804190344,-2.5489281455448274,-2.4467272368849926,train
2021-09-15,-2.4221795620357116,-2.3426917214662173,-2.22796290834485,-2.5042446525003506,train
2021-09-16,-2.4560940694083397,-2.382310383282522,-2.2123720465310934,-2.216508145946004,train
2021-09-17,-2.59792218240594,-2.4255507802859086,-2.3776321160891,-2.5385035177624253,train
2021-09-20,-2.734014861962176,-2.4511859038745,-2.8085478044938923,-2.761763358980183,train
2021-09-21,-2.4349346330852146,-2.483875608149999,-2.50969881167786,-2.6028332813506356,train
2021-09-22,-1.3541326664459732,-2.4402718008358626,-2.308257950868177,-1.6566040469993766,train
2021-09-23,-2.353520274812633,-2.0833102459790935,-1.992570683280997,-1.9264551611250766,train
2021-09-24,-2.5799342825362057,-2.30137108010739,-2.257575356865794,-2.295011132213159,train
2021-09-27,-2.5248231396060095,-2.354238422862929,-2.710439450326327,-2.558190689541897,train
2021-09-28,-2.156414810660693,-2.32320413375851,-2.3490444519914297,-2.2872686254669397,train
2021-09-29,-2.107145536618948,-2.2169014033225394,-2.1035599121358026,-2.2034289255678905,train
2021-09-30,-1.9926528703342643,-2.2634859423984084,-2.117115435524714,-2.0210541371113013,train
2021-10-01,-2.1468381285054017,-2.1994423782565646,-2.1634254768874004,-2.108451910523238,train
2021-10-04,-2.5057168145849076,-2.1912837713497377,-2.4893448114898016,-2.5756537196017346,train
2021-10-05,-2.455663386847116,-2.266876972328298,-2.292174021410817,-2.3158983631450663,train
2021-10-06,-2.228596599048077,-2.2909088236611725,-2.1592362179055735,-2.278929453514404,train
2021-10-07,-2.72060254678218,-2.2361657479095776,-2.080678859211394,-2.4042062791933483,train
2021-10-08,-2.4899970937105995,-2.4184447489161816,-2.3644205375419705,-2.152750782289816,train
2021-10-11,-2.87204236990751,-2.3948376318123614,-2.7359365199792163,-2.8004097219409454,train
2021-10-12,-2.6553170304484284,-2.524762992084559,-2.5492758666009765,-2.516289113692908,train
2021-10-13,-2.3172365438022577,-2.491857816194477,-2.3452735473379924,-2.1831540832356495,train
2021-10-14,-2.75689199475186,-2.41725008250111,-2.2522451524436624,-2.471458343266327,train
2021-10-15,-2.7250475437441546,-2.5284773868410384,-2.4720967032508208,-2.451989623037257,train
2021-10-18,-2.4942829707047087,-2.5459093830128734,-2.9175922177246854,-2.896575762098349,train
2021-10-19,-2.460065901161114,-2.4590600051966214,-2.4809301845052847,-2.550074804884914,train
2021-10-20,-2.748343597781205,-2.431928252675516,-2.297090755554221,-2.530413770685228,train
2021-10-21,-2.678858079893857,-2.5374158596972225,-2.3411078543739756,-2.5164211205004507,train
2021-10-22,-2.566580331534048,-2.5171188490986487,-2.462696731027536,-2.380455359779417,train
2021-10-25,-2.537863631272872,-2.4905783042785337,-2.842379820142087,-2.723739058095757,train
2021-10-26,-2.6748601489233548,-2.4900132666677366,-2.512939064336177,-2.5896712422400214,train
2021-10-27,-2.344505784486779,-2.542034510335281,-2.395069971175754,-2.4612026827580427,train
2021-10-28,-1.5654473888153455,-2.4274967573764545,-2.2623047072359106,-1.7350612534047478,train
2021-10-29,-1.7853690974285474,-2.1409032296238815,-2.1142241449954073,-1.9652218764622251,train
2021-11-01,-2.3324241654883036,-2.1168552621108647,-2.3667567858375245,-2.272355253938233,train
2021-11-02,-2.4776570716842454,-2.227622934627103,-2.253102005286938,-2.3001401468071863,train
2021-11-03,-1.8206059843659341,-2.2467814760908533,-2.115896150085929,-1.7884624219852474,train
2021-11-04,-2.3995022315574497,-2.0406630088714457,-1.9185597203129339,-2.003843121252383,train
2021-11-05,-1.9870008278299456,-2.248665990792564,-2.2049165320815955,-1.9781722546777571,train
2021-11-08,-2.2801302875835647,-2.1695486914950237,-2.4462427608883006,-2.531577832625664,train
2021-11-09,-2.1051957128911245,-2.2271522392761316,-2.2511814489706623,-2.2355023308147457,train
2021-11-10,-1.5314679934982807,-2.1488488061420363,-2.038038675393621,-1.8229006244702401,train
2021-11-11,-2.1407512499932673,-1.9758088567262218,-1.8728755438676712,-2.1313731006665764,train
2021-11-12,-2.350799447522013,-2.0864231564788303,-2.048229062535006,-2.198309129900643,train
2021-11-15,-1.8364968592743198,-2.1680549924929156,-2.4934412706064872,-2.4226328969014372,train
2021-11-16,-1.6904381432359483,-1.9993541019999237,-2.0205523633322042,-1.913920081434226,train
2021-11-17,-1.444916320784633,-1.91653822163795,-1.8292382218819816,-1.9680024582439455,train
2021-11-18,-2.054339500697167,-1.840517575118872,-1.743548486494929,-1.8393428102739162,train
2021-11-19,-1.2601178416378653,-1.9680334797990393,-1.9311269716939718,-1.9068656573151712,train
2021-11-22,-1.3571071124514897,-1.6699391785005715,-1.8496017568675498,-1.804971867712546,train
2021-11-23,-2.093760565448106,-1.6338312708114449,-1.6529207434405142,-1.5839979318156014,train
2021-11-24,-1.5496838885758129,-1.8342668079660385,-1.7238357581088408,-1.4835144306399197,train
2021-11-25,-2.7987044261988143,-1.7077566562015112,-1.602675437193072,-1.965465304133633,train
2021-11-26,-1.2648027464257863,-2.063496722657279,-2.0083745887899815,-2.1766345282881816,train
2021-11-29,-1.9966310979396384,-1.6996130177492499,-1.8763664969167455,-1.7629590989366484,train
2021-11-30,-0.8931920427352517,-1.9305437974643465,-1.9492457008028568,-1.7180674497134536,train
2021-12-01,-1.3942228408564343,-1.5581763919001452,-1.5143376234139272,-1.4209671425046848,train
2021-12-02,-2.161235648810069,-1.6485534247741664,-1.5534690315088742,-1.7293072526011974,train
2021-12-03,-1.461307013161379,-1.7632250773616402,-1.7232093629634107,-1.3561925469934923,train
2021-12-06,-2.229203163105291,-1.6163277676941523,-1.8205769219927488,-1.9921982995423808,train
2021-12-07,-1.953205172022944,-1.811833881127731,-1.833534398306714,-1.8996124225369,train
2021-12-08,-1.9970795766652993,-1.8443232712463562,-1.7377032740968834,-1.95477132326095,train
2021-12-09,-2.2191488369339676,-1.9059482294479475,-1.763400202370879,-1.8893106723519733,train
2021-12-10,-1.3068709843541966,-1.9634725758543434,-1.9177329926266917,-1.7336312997042422,train
2021-12-13,-2.0950102328955342,-1.737473383976236,-1.917204553592109,-1.979906931291168,train
2021-12-14,-2.342912520666865,-1.905728921542139,-1.923582799053862,-1.9986090883575829,train
2021-12-15,-1.525420716476818,-1.9979382826140113,-1.867411398198084,-1.0765354170594532,train
2021-12-16,-1.5259151281657264,-1.763929523627782,-1.6561966661320346,-1.0105514295371427,train
2021-12-17,-2.000807691970615,-1.6992566460434586,-1.6704610883096673,-1.8184234143982665,train
2021-12-20,-2.0509059866741137,-1.8775377334266292,-2.1512001040646522,-2.1892323465505155,train
2021-12-21,-2.2812424834886724,-1.8849973063194654,-1.902829846004621,-1.9977077024175802,train
2021-12-22,-1.9450250226864536,-1.9437573017179912,-1.8184411307238928,-1.8706327743721798,train
2021-12-23,-2.1894553868018414,-1.9112654072536681,-1.7733680181615001,-1.9354226700367592,train
2021-12-24,-2.4898463474210732,-2.028702476816294,-1.9833189223809515,-2.2097384784423353,train
2021-12-27,-2.309271196478075,-2.152634761760161,-2.4909186782020942,-2.4431665415800445,train
2021-12-28,-2.3518962759560758,-2.1291322129943544,-2.146574609367193,-2.254766209837251,train
2021-12-29,-2.098977946057682,-2.1575494241536464,-2.0258743525770346,-2.1676586819795394,train
2021-12-30,-1.7340326577891796,-2.114607935188923,-1.9633506910854432,-2.062424292368872,train
2021-12-31,-1.5693751899682344,-1.998920193446912,-1.9640456881836266,-2.1711606613684937,train
2022-01-03,-1.730754856677093,-1.8795158613890774,-2.0963907582514594,-2.052196474432732,train
2022-01-04,-1.9967763837333623,-1.8592077248885674,-1.8770152528086972,-1.8906181718538047,train
2022-01-05,-1.8453187941544806,-1.8940614488299883,-1.787366453794515,-1.7594456196761894,train
2022-01-06,-1.6788317341224193,-1.8319443763186882,-1.70445552017155,-1.8085256659367845,train
2022-01-07,-2.0257606649283253,-1.7856249421532753,-1.7558203516363573,-1.6881773767597066,train
2022-01-10,-2.0174671148344263,-1.9070348413954599,-2.1865927854541636,-2.248125665977811,train
2022-01-11,-2.2053507876866827,-1.9288944389442815,-1.948305597839297,-1.9330659238765022,train
2022-01-12,-1.9451826961196794,-2.001064325769353,-1.8813040488126955,-1.8470213760196748,train
2022-01-13,-1.8673097192329355,-1.948713874563265,-1.812220865872787,-1.910196296229398,train
2022-01-14,-1.9871447957262054,-1.9426016860943252,-1.9063486932032876,-1.918331815183682,train
2022-01-17,-2.336967971109897,-1.9717979348636323,-2.245051700984585,-2.366395218258141,train
2022-01-18,-1.8469981735076642,-2.090236674024571,-2.1111857157853735,-2.115938162535731,train
2022-01-19,-2.279690446338612,-1.9434794487480636,-1.8440389549283047,-2.05918043891731,train
2022-01-20,-2.1189954714219077,-2.075763740507455,-1.9144575042142826,-2.158722061841261,train
2022-01-21,-2.2905249395918768,-2.059895902113386,-2.017769178572767,-2.1778830618778606,train
2022-01-24,-2.003222088185437,-2.1307041195708534,-2.443840099752592,-2.195283857585551,train
2022-01-25,-2.3202765484300847,-2.032347825409084,-2.0507354398460187,-2.118858679057938,train
2022-01-26,-1.9200405339554985,-2.146204543170844,-2.0178694055463957,-1.8201733363760124,train
2022-01-27,-1.6012256768140753,-2.017286417126056,-1.8813411486789422,-1.9288916001559775,train
2022-01-28,-1.6074129669137442,-1.8886450535862893,-1.8581714378777752,-1.960393397375488,train
2022-01-31,-1.7913384134827315,-1.822523047113119,-2.045163997789327,-1.848571913831381,train
2022-02-01,-1.6797206552861919,-1.8461587755454332,-1.864595524189491,-1.7947060273269253,train
2022-02-02,-2.146532797998187,-1.7636168786392397,-1.6755296079364708,-1.7984540271726241,train
2022-02-03,-0.7113731728322814,-1.896029696284197,-1.7465799717760688,-1.1446273021579438,train
2022-02-04,-1.0864971851511156,-1.4712915011833574,-1.4640048843159006,-1.3099136422477105,train
2022-02-07,-1.7412586906541176,-1.5015977105285598,-1.6570485169745734,-1.80915525883202,train
2022-02-08,-1.9021993644415116,-1.648082441269482,-1.668890282405058,-1.7410665180726963,train
2022-02-09,-2.1599951219951365,-1.7038435591689802,-1.6040230813956127,-1.740373144884849,train
2022-02-10,-0.65963896634131,-1.7658560119955542,-1.6166261506844208,-1.5436523133927396,train
2022-02-11,-1.041201071916031,-1.3993152319345257,-1.3926630707233036,-1.5062471111179494,train
2022-02-14,-1.2614317770851584,-1.4726491079677801,-1.6205106593929477,-1.6830871606542523,train
2022-02-15,-1.5490536237104655,-1.4728417024088662,-1.4893903720340202,-1.511806302874664,train
2022-02-16,-2.051087684476911,-1.5018936321140874,-1.422069633692146,-1.3825326740883672,train
2022-02-17,-0.9666135561284327,-1.6040579668671935,-1.462636713559907,-1.4960882109015934,train
2022-02-18,-1.9996504208860413,-1.3730447378267956,-1.359128810699189,-1.3682845773462005,train
2022-02-21,-1.7596897226359234,-1.6940938126296734,-1.9691189293864149,-1.9143374408821898,train
2022-02-22,-1.3665990719382426,-1.6801984253252729,-1.696387463598902,-1.6781190799856809,train
2022-02-23,-2.017732537733556,-1.5629995039952826,-1.4893015060479498,-1.7319022814813325,train
2022-02-24,-0.26346891405461426,-1.7096311930622918,-1.5663936120497086,-1.5639466038178824,train
2022-02-25,-0.9229464961954936,-1.2199106448394046,-1.2185667826861344,-1.2443786655123616,train
2022-02-28,-0.5357039206093386,-1.2623662820720702,-1.3927003240391531,-1.1797799053212517,train
2022-03-01,-0.988678062016555,-1.0503599267639352,-1.0616047603851577,-1.0419865255248044,train
2022-03-02,-0.5072926973173009,-1.113096608059641,-1.0647301460904472,-0.9760711373573471,train
2022-03-03,-1.2711435170376848,-0.8510131989468949,-0.8240594931106905,-0.8655990906607394,train
2022-03-04,-0.7495694918043823,-1.1132831959032812,-1.0931310203446005,-0.9327449706599761,train
2022-03-07,-0.07646484680851387,-0.9620935510883699,-1.0706783148318224,-1.2346642169306048,train
2022-03-08,-0.22437687505573187,-0.7587238614655686,-0.7673184342624022,-0.7402842317943836,train
2022-03-09,-0.5741025511919041,-0.7136059864276108,-0.7098443141563281,-0.8522348658599471,train
2022-03-10,-0.1380035252378309,-0.7868508896925329,-0.7531271284643749,0.015717290798183514,train
2022-03-11,-0.8931944789431203,-0.5640237687439735,-0.5703688094276691,-0.6355681688748958,train
2022-03-14,-1.2153142235507404,-0.7362155815990336,-0.8650088376171755,-0.9809174334049201,train
2022-03-15,-0.8610178038778762,-0.9198112926699606,-0.9345390905298812,-0.9987137327430914,train
2022-03-16,-0.3799894192469908,-0.8942414624271949,-0.8504377748243589,-0.02580164743543545,train
2022-03-17,-1.1878351172945092,-0.75627143349791,-0.7336640951226633,-0.8113341375257468,train
2022-03-18,-1.5254879253338038,-1.0330019835921387,-1.0096804096847218,-1.1752351527013574,train
2022-03-21,-1.5866001322376864,-1.1620238260227231,-1.3691262746931359,-1.2821868237853966,train
2022-03-22,-1.4924864311649226,-1.2167303967139973,-1.2285194092389826,-1.3529400785700745,train
2022-03-23,-1.6118292657022102,-1.2467531607041975,-1.161337174583354,-1.2758353163492187,train
2022-03-24,-1.501925417780475,-1.3843288395248496,-1.2637751794279655,-1.1714923425478327,train
2022-03-25,-1.5636736561162279,-1.3891319588556215,-1.3526443876244225,-1.4454338128984652,train
2022-03-28,-1.2689587799483755,-1.4016733892565432,-1.6088728906552257,-1.5685753848412687,train
2022-03-29,-0.30935295182071926,-1.3164693765693682,-1.3225929440863813,-1.4358758113925285,train
2022-03-30,-1.250258269315787,-0.9818388089533286,-0.963710979146304,-0.9288180943211822,train
2022-03-31,-0.9684952632744277,-1.1730691482502142,-1.0822287451149832,-1.0541135064919505,train
2022-04-01,-1.4064599620396239,-1.0597217464064852,-1.039833727485782,-0.7234204952987877,train
2022-04-04,-1.954872839737187,-1.1561073614456687,-1.3480150516969487,-1.4951676462709727,train
2022-04-05,-1.8996194576290977,-1.35197654447989,-1.3665179238188563,-1.45231706378924,train
2022-04-06,-1.4861091514183113,-1.4965920251946478,-1.3873680578428196,-1.4949646288856429,train
2022-04-07,-1.4196278440407544,-1.4389055307983345,-1.3296962323794743,-1.5289265290563145,train
2022-04-08,-1.6565656598422451,-1.478030948611879,-1.445851202291216,-1.510589076541753,train
2022-04-11,-1.5586344489727366,-1.5673014779193577,-1.7899601998235224,-1.8245753542837646,train
2022-04-12,-1.3640701773471986,-1.5248074127705589,-1.5361875247392922,-1.3905635132370466,train
2022-04-13,-1.7138412503060723,-1.4368062485621507,-1.361226550746702,-1.445350251617416,train
2022-04-14,-0.4807418461263581,-1.5433894917269508,-1.4201300301523827,-0.8429939382755118,train
2022-04-15,-2.803465172207044,-1.170762940340232,-1.1637318229616516,-1.3566186103635052,train
2022-04-18,-2.0051218849636574,-1.8354071144670763,-2.2160165333674717,-2.1423074086800016,train
2022-04-19,-1.5497622334076842,-1.701831710628432,-1.7176790140188574,-1.7838245545210962,train
2022-04-20,-1.3607922532931598,-1.6144149451464243,-1.5281243227299486,-1.6766521425253123,train
2022-04-21,-1.1903744556310325,-1.536438155199082,-1.4395648468561377,-1.420550928968527,train
2022-04-22,-1.3613803953780255,-1.5583425373267727,-1.5330979063640169,-1.519535657558339,train
2022-04-25,-0.9273643256388857,-1.4638656578957863,-1.6510305804253504,-1.5904141003569727,train
2022-04-26,-1.3941472030186182,-1.2599133260404214,-1.2715247824110634,-1.3365800981339686,train
2022-04-27,-0.8759807889088661,-1.3510511850319664,-1.2771382179839796,-1.3695244502943287,train
2022-04-28,-0.35886948500783605,-1.1836515208380056,-1.1258889277590385,-1.1260642446982754,train
2022-04-29,-0.8336994948715485,-0.9899908736391827,-0.989921822268482,-0.8134871899307143,train
2022-05-02,-1.0773192695187552,-1.0464210364649176,-1.1674118231872992,-1.0658311203659967,train
2022-05-03,-1.1022700575737172,-1.1171919543699649,-1.1328179576885427,-1.2496868407568977,train
2022-05-04,-0.28677776351247714,-1.0930031495451367,-1.0389315372341683,-0.6165395177785837,train
2022-05-05,-0.701687872491856,-0.8335323782782535,-0.8215379146314606,-1.005466630778336,train
2022-05-06,-0.24870728525698793,-0.946455823658657,-0.9385680573430081,-0.7345963480680796,train
2022-05-09,-0.898505687080154,-0.7754380626074711,-0.8170292937871552,-1.0456469705127351,train
2022-05-10,-1.1936354440771213,-0.9025381416068858,-0.9166663758339687,-0.9402861764427622,train
2022-05-11,-1.017136955591503,-0.9733911701008389,-0.912998527545486,-0.7804918853130636,train
2022-05-12,-0.5194485931893209,-0.9930911051254825,-0.9247267923480664,-1.020317437974569,train
2022-05-13,-1.1824260219015426,-0.8527878110173626,-0.8471645727391056,-0.9747358195130248,train
2022-05-16,-1.2669138879558353,-1.0838030752944108,-1.2469878471113929,-1.2531994124257895,train
2022-05-17,-0.8275541317367672,-1.1454828167175823,-1.1575446552947304,-0.9114707681638433,train
2022-05-18,-1.2377256477280951,-0.9891679295970847,-0.9451428287610154,-1.0999032048937136,train
2022-05-19,-0.9023667097682049,-1.094744504526405,-1.006564585351883,-1.1619344051604408,train
2022-05-20,-1.3331154409849488,-1.0452372588109484,-1.0264913416464676,-1.2014675577575145,train
2022-05-23,-0.891071468708716,-1.157504780402752,-1.3381113484091798,-1.3262536410985173,train
2022-05-24,-0.716908869425075,-1.0185282296084908,-1.0259844000383587,-0.9317181059713809,train
2022-05-25,-1.21357428189622,-0.9612538670566675,-0.9217091820564902,-0.8626100033551991,train
2022-05-26,-1.3685131722397894,-1.0763092954495066,-0.9891105009724271,-1.0863695658064236,train
2022-05-27,-1.1903338680329603,-1.1539150911320608,-1.1242399886868082,-1.2077129460803446,train
2022-05-30,-1.6390483998388155,-1.103575661816461,-1.2650873800372116,-1.3649586624911114,train
2022-05-31,-0.8585032304273376,-1.2888917840813794,-1.3002659034901907,-1.0597087789655877,train
2022-06-01,-1.162392181904663,-1.1228164900920126,-1.0740124322885467,-1.033495863675221,train
2022-06-02,-1.5580563420035116,-1.1888970903883354,-1.104197238058498,-1.2077864532997338,train
2022-06-03,-1.6489775881416227,-1.3020697412135196,-1.2677353061779975,-0.9107311063168754,train
2022-06-06,-1.6448933025048975,-1.3798919793329116,-1.6022069935491625,-1.6514308108173985,train
2022-06-07,-1.532532701918893,-1.390084129707003,-1.4016997734286163,-1.5208217444612941,train
2022-06-08,-1.546765101673996,-1.4399076994502649,-1.3525618372956978,-1.4856940907806455,train
2022-06-09,-0.27222731658122157,-1.4853567714892744,-1.3719484992193591,-0.8974784445064774,train
2022-06-10,-0.7211430694921669,-1.0656368325695695,-1.061210286062654,-0.9656941714229731,train
2022-06-13,-0.7818102166545201,-1.081142756273107,-1.1815051943012485,-1.2749492887149356,train
2022-06-14,-0.9587146962388567,-1.0196619759018217,-1.0298372472002433,-1.0664901556633946,train
2022-06-15,0.09240827567871794,-1.005668373952751,-0.9568835673222094,-0.12310776894047581,train
2022-06-16,-0.21905718851251987,-0.6002427196773167,-0.6152185204826853,-0.7235547726356386,train
2022-06-17,-0.6715408748238011,-0.6600883958147133,-0.6632107127849091,-0.8220286124460358,train
2022-06-20,-1.468757621696472,-0.7531105372856028,-0.851361295779234,-1.0186503818293926,train
2022-06-21,-1.2884672216962247,-1.0048790368309826,-1.0214813684882875,-1.0312168348738298,train
2022-06-22,-1.0856803395674954,-0.99292125793464,-0.9255670773191801,-1.0345437125516572,train
2022-06-23,-0.585597802617269,-1.0555061109523147,-0.98014690150338,-0.8589610858270427,train
2022-06-24,-1.0593622014815418,-0.9724917663961957,-0.9627878095300566,-1.080225367746167,train
2022-06-27,-1.4648800471228116,-1.1147423525693505,-1.2599631532239814,-1.20171957585756,train
2022-06-28,-1.2940408254126388,-1.2085780403569115,-1.2208970916776258,-1.235625227575985,train
2022-06-29,-1.181463988521359,-1.1710256565162394,-1.0997868098928578,-1.0394554804853375,train
2022-06-30,-0.9247780634162356,-1.1487325521124994,-1.0644684581389543,-1.044629822553611,train
2022-07-01,-1.0346822674238976,-1.1213371764244249,-1.1023751182700143,-1.0904704849683398,train
2022-07-04,-1.684537531773262,-1.142894829010402,-1.2838395830592049,-1.5399382342332544,train
2022-07-05,-0.7152641028862818,-1.3134619252890192,-1.3258966755434303,-1.4668873151777317,train
2022-07-06,-0.6904320379308104,-1.0278829678828896,-0.988823161165044,-0.8999861034094373,train
2022-07-07,-0.8894727192554758,-0.9668759351621408,-0.9185115452773259,-1.0378479868013026,train
2022-07-08,-0.4247529704735009,-1.0021429746861057,-0.9842604655448822,-0.790170786392986,train
2022-07-11,-1.0029816596209828,-0.8274626520323928,-0.8870564880852232,-1.0252887627845553,train
2022-07-12,-0.8535072978098691,-0.9065554418004094,-0.9173014420031883,-0.99440464034941,train
2022-07-13,0.09534239920654987,-0.8862752130080745,-0.8414463938218907,-0.6800429613338327,train
2022-07-14,-0.33621047295781287,-0.5872280506633869,-0.5990412924350742,-0.6836330622550305,train
2022-07-15,-0.7614152529339483,-0.6290852130474903,-0.6271633085939967,-0.6303419703494604,train
2022-07-18,-1.0270260353139569,-0.7668698722303721,-0.8748510005415739,-0.9452995299015385,train
2022-07-19,-0.4767232142631967,-0.8391152058266692,-0.8517615292778088,-1.0036961437920864,train
2022-07-20,-0.6081531295269385,-0.6763716385513356,-0.655557967326032,-0.794708183407173,train
2022-07-21,-0.02566318041986144,-0.7607454879390197,-0.7208499741602852,-0.11981844220956761,train
2022-07-22,-0.41360112157446005,-0.5846240006558646,-0.5885143949289207,-0.5992726138130455,train
2022-07-25,-0.9123174096398783,-0.6345626059787484,-0.6950353665937014,-0.6833321650369657,train
2022-07-26,-0.8583256062769528,-0.7423225826630337,-0.7535560750545846,-0.890778907160037,train
2022-07-27,-0.2968752617724277,-0.7623122686792474,-0.7176601412307358,-0.35764068734578247,train
2022-07-28,-0.40845952490205656,-0.5920203411692492,-0.5745494999555905,-0.5913887872892145,train
2022-07-29,-0.4947460471570543,-0.6424412930569333,-0.6364152373860262,-0.5025387231685328,train
2022-08-01,-0.9921198546345253,-0.6619022865133888,-0.7310670688015608,-0.7017126044749897,train
2022-08-02,-0.7021677837196365,-0.7840986357753513,-0.7931136227268213,-0.8477159902438843,train
2022-08-03,-0.8738063819672028,-0.699613199542896,-0.6620517025495263,-0.6176676846546265,train
2022-08-04,-1.1073962310352943,-0.7822886262618539,-0.7193420120712375,-0.8106239573453391,train
2022-08-05,-0.6886951190568922,-0.9037815578387959,-0.8790954898326985,-0.7121994236697899,train
2022-08-08,-1.4095600712532368,-0.8252387452217492,-0.9175442025070093,-1.131626461096771,train
2022-08-09,-1.6995650569632976,-1.0344888084346506,-1.0429181354147117,-1.174628073789025,train
2022-08-10,-0.29917797013651165,-1.2059501981788108,-1.1068522169107904,-1.0134106457133416,train
2022-08-11,-1.237407939287569,-0.8243499866644444,-0.8010016709869491,-0.8738453113125533,train
2022-08-12,-1.3335858253452997,-1.055880374051918,-1.0269489440889257,-1.0362902275388575,train
2022-08-15,-1.4934694230887682,-1.1525684310121602,-1.3303647153248455,-1.3576210886891202,train
2022-08-16,-1.2725277254036012,-1.209899525631222,-1.2184579260361468,-1.3629117570935925,train
2022-08-17,-1.147908182706493,-1.126146024379163,-1.0532207334432033,-0.934513982901597,train
2022-08-18,-1.2746732687465983,-1.1759472760654182,-1.0901335736093585,-1.233771369562134,train
2022-08-19,-1.5219830589841388,-1.2174020765655775,-1.1876530977116058,-1.37656739191044,train
2022-08-22,-1.2758586268590828,-1.3015565373520988,-1.5053184668529087,-1.5030464121268994,train
2022-08-23,-0.630099543322749,-1.2393401220783595,-1.247638959519478,-1.2030514883450734,train
2022-08-24,-0.8682878867099966,-1.0351850366170885,-1.0003390400840573,-1.0882251497784647,train
2022-08-25,-0.8318602919172295,-1.0639907968438436,-1.002085876636388,-1.1167023966509868,train
2022-08-26,-0.1868839256255972,-1.0151275292687767,-0.9990963284376048,-0.9578090278686481,train
2022-08-29,-0.8071168314609225,-0.7445967569642636,-0.7746339191748856,-0.8879749799039012,train
2022-08-30,-0.638970590005665,-0.8489226188378698,-0.86027283470385,-0.9359661099737013,train
2022-08-31,-0.6839452249844207,-0.812743213611853,-0.7823144392887862,-0.5663311425986284,train
2022-09-01,-0.7235329197912502,-0.8028698851772226,-0.7590437964346208,-0.7175437285731466,train
2022-09-02,-0.6986594132696896,-0.802364238183446,-0.7927313386894497,-0.619690286820456,train
2022-09-05,-0.9836770724635159,-0.8411484743166587,-0.9406471887732306,-1.1353407687854404,train
2022-09-06,-0.8086632320586526,-0.9212263910514225,-0.9327524161185579,-0.9214534831092458,train
2022-09-07,-0.7757379676027332,-0.8977983733723157,-0.8563706571524416,-0.9771408267338959,train
2022-09-08,-0.3352150862532455,-0.891450067827475,-0.8388920955302596,-0.29372332745037344,train
2022-09-09,-0.6257238608981557,-0.7397217074731911,-0.7364322288011145,-0.7766743672905387,train
2022-09-12,-0.5033744835547246,-0.8034688698351538,-0.8922497071379081,-0.9650751844341489,train
2022-09-13,0.2043306125972821,-0.7235235145326728,-0.7318414025177837,-0.518112714913161,train
2022-09-14,-0.9219789725692075,-0.4517877199443856,-0.46943905121613944,-0.5655883764124192,train
2022-09-15,-1.3536861780151788,-0.7172374818219306,-0.6552149484102622,-0.6848575304735866,train
2022-09-16,-0.7860303927843595,-0.9097325957156693,-0.8832610284785756,-1.0114791420336418,train
2022-09-19,-1.3436928019068863,-0.789889137525728,-0.898848289849612,-0.99537751653958,train
2022-09-20,-1.0848300526292962,-0.9949923033100911,-1.0054741780317136,-1.125616901869186,train
2022-09-21,-0.006963960808787952,-1.047687080656745,-0.9846460643766521,-0.31354838703467935,train
2022-09-22,-0.48736995262832195,-0.7028826902660035,-0.7022207852748628,-0.8088102944938214,train
2022-09-23,-0.33619519997538444,-0.7329260584566334,-0.7235140682915631,-0.6638258034987634,train
2022-09-26,0.8504574035278203,-0.6513979323568214,-0.6986424247069671,-0.6574561192479718,train
2022-09-27,-0.3011418695692767,-0.16084027214520172,-0.1602733421222854,-0.17662567686762154,train
2022-09-28,0.1880448349805287,-0.35537571273479257,-0.3448505122592368,-0.29287613120439837,train
2022-09-29,0.06210745448569026,-0.2141733436861755,-0.23438905145577427,-0.2675160335691562,train
2022-09-30,-0.16244578911124208,-0.18532341337532998,-0.19380405799383882,-0.09488041384079682,train
2022-10-03,-0.24223376046417075,-0.215244923615631,-0.2442747537797319,-0.19748225265561326,train
2022-10-04,-0.5671643593621231,-0.3273589213775687,-0.3338001831499837,-0.4186535117530956,train
2022-10-05,-0.5818134030441396,-0.4246353955118005,-0.39653402069971866,-0.46064279609304193,train
2022-10-06,-0.6776067485637617,-0.49337700301412024,-0.4534098112346415,-0.5608469384932078,train
2022-10-07,-0.49995958159535003,-0.5810553802794387,-0.5671550204059981,-0.3621309822134724,train
2022-10-10,-0.6154267626317608,-0.5678117913035877,-0.6355196492063251,-0.8998003820807408,train
2022-10-11,-0.6199880639207289,-0.6313529195286764,-0.6352584403701524,-0.6717486726431845,train
2022-10-12,-0.4466793827782446,-0.637131494039115,-0.6014563349972235,-0.6113663308380695,train
2022-10-13,0.5344005011237605,-0.5844350050890763,-0.5516792712389669,-0.37314557323770137,train
2022-10-14,-0.2993103047256805,-0.2454387871951696,-0.2592863739557286,-0.2234800290812191,train
2022-10-17,-0.5813991515639293,-0.4116406542461247,-0.4540044426388131,-0.5650111169881249,train
2022-10-18,-0.6360778704636998,-0.4646389444005469,-0.47018935140076035,-0.636351928305683,train
2022-10-19,-0.8426924017020274,-0.4769685788468406,-0.4422366143001352,-0.5707699861158724,train
2022-10-20,-0.5845555356287769,-0.5547296231497506,-0.49362997881487275,-0.5779611095571224,train
2022-10-21,0.11905071275703902,-0.5914291302128937,-0.5766209918037107,-0.7565987710115335,train
2022-10-24,-0.088895716154714,-0.3904863538634831,-0.3733091054257353,-0.27044530445278503,train
2022-10-25,-0.7729784425734927,-0.38903835134970377,-0.38920003104336715,-0.5143063563170749,train
2022-10-26,-0.7106894233248301,-0.5634375362954507,-0.518900612712794,-0.5938106785810056,train
2022-10-27,-0.4413481163704855,-0.5546952836493196,-0.5033917182981836,0.1576149298599261,train
2022-10-28,-0.7692177610434074,-0.48142989852549145,-0.4726628392363411,-0.5490048178505551,train
2022-10-31,-1.0366469727179006,-0.6481087417293965,-0.7516500376827993,-0.5544786940537265,train
2022-11-01,-0.9088992241439918,-0.8079011275624469,-0.8135499849317337,-0.8557645164401964,train
2022-11-02,0.09349811106642564,-0.799299171114086,-0.7463348827633233,-0.4757310525573606,train
2022-11-03,-0.8633343524092987,-0.492370244761231,-0.49940871004425746,-0.4382031244329012,train
2022-11-04,-0.2936001181510963,-0.7536936963616756,-0.7341283183359358,-0.4791179776882075,train
2022-11-07,-0.5448880729167086,-0.5764663076776538,-0.6163365124837991,-0.8455306449401674,train
2022-11-08,-0.9036780772353104,-0.5880233084782337,-0.592820141017386,-0.7356131405105553,train
2022-11-09,-0.5948450649683243,-0.6744623950433355,-0.6243052594990124,-0.7322101025552019,train
2022-11-10,0.8916616450068034,-0.6658182086337463,-0.622402188431422,-0.469629669457567,train
2022-11-11,-0.5327186256276574,-0.14820356805545912,-0.17050726597677796,-0.27433112498901213,train
2022-11-14,-0.5159395293966612,-0.4979099849198298,-0.5718326776872908,-0.6297900600336432,train
2022-11-15,0.5039910392094907,-0.5032325519244419,-0.5094563813050855,-0.4293173820732199,train
2022-11-16,-0.39880240053152616,-0.132234672501188,-0.16594987742778025,-0.1268860714978155,train
2022-11-17,-0.6850634487019273,-0.31966107320410797,-0.2957292970995781,-0.3746032159355106,train
2022-11-18,-0.9893869676126751,-0.5290839388108733,-0.516200111993845,-0.6631115062720221,train
2022-11-21,-1.0662307406309064,-0.642063707639902,-0.7769185595887018,-0.759008507669257,train
2022-11-22,-1.2771233148952523,-0.7150794995139159,-0.7229723564567224,-0.8362249808204495,train
2022-11-23,-0.7435988740263964,-0.940893297978867,-0.8662478816685132,-0.6377853407454198,train
2022-11-24,-1.261707648106207,-0.8570595514631474,-0.8005982565935968,-1.102864975689882,train
2022-11-25,-1.2807278380519942,-1.0338593281549897,-1.0029983806124323,-1.2174674561331817,train
2022-11-28,-0.6960698577569631,-1.0710824170472388,-1.2405497929081508,-1.20115193668816,train
2022-11-29,-0.5908789213605501,-0.906104072394779,-0.9084748242994669,-0.9759193082992271,train
2022-11-30,-0.3222076284489222,-0.8176456773869301,-0.7828470530037773,-0.4217781748978997,train
2022-12-01,-0.30177936040889813,-0.7096742182051857,-0.6854081564708558,-0.6606536099308419,train
2022-12-02,0.04789352965835222,-0.611011166298891,-0.6050808940910287,-0.43971608213681956,train
2022-12-05,-0.6203187512375087,-0.41061715905866836,-0.407440447666274,-0.46317385728297467,train
2022-12-06,-1.033580184944373,-0.5544270568480634,-0.561857987519979,-0.7235929130690548,train
2022-12-07,-0.876679332224274,-0.6978173823071107,-0.641727598659394,-0.8221337217550029,train
2022-12-08,-1.3269474241000787,-0.7158618381158861,-0.6537589328664449,-0.8637785975048449,train
2022-12-09,-1.1477708543948577,-0.9170709002086059,-0.8879768155965604,-0.8716948833127208,train
2022-12-12,-1.3399542483947786,-0.990698806581318,-1.1437569854379852,-1.191615944593932,train
2022-12-13,-0.2540227528291551,-1.1252353620663536,-1.132475013191832,-0.9166012401094188,train
2022-12-14,-0.4928113516025123,-0.802004489914942,-0.7871037306487726,-0.10410979719472557,train
2022-12-15,-0.32599342270321885,-0.8217184643785193,-0.7859738956735742,-0.11747012854741179,train
2022-12-16,-1.0619609301315047,-0.7018698426618512,-0.6972780278978497,-0.7082053223722551,train
2022-12-19,-1.1957641456782246,-0.8705058617935114,-1.0167771627715205,-1.079736743742096,train
2022-12-20,-0.6670360649134264,-0.8938745814848275,-0.905588721978127,-1.0459464091585642,train
2022-12-21,-1.3716070877481952,-0.8063557467870607,-0.7710740919908583,-0.9137623590786835,train
2022-12-22,-1.1856878117572518,-1.051337725957316,-0.9523171059925438,-1.093630831842868,train
2022-12-23,-1.4775470549663432,-1.085674383849192,-1.0590131188683862,-1.1316262443517604,train
2022-12-26,-2.542914338792233,-1.1986618691210424,-1.3970244724735892,-1.5321333451566232,train
2022-12-27,-1.6029142296199044,-1.5799678102664092,-1.5944083565519984,-1.5423796615952823,train
2022-12-28,-1.748661129626681,-1.452736055738702,-1.3571705435405994,-1.6192150628621362,train
2022-12-29,-1.6024481791297018,-1.532259372748854,-1.4001197908648655,-1.6032514738521064,train
2022-12-30,-1.0317028235804455,-1.5478941026492825,-1.5078942440885517,-1.5026626683613598,train
2023-01-02,-1.459918252798292,-1.3843493535686195,-1.520134414066084,-1.6393658529057091,train
2023-01-03,-0.6770417678050435,-1.397356477903849,-1.406549015907094,-1.4669749173613913,train
2023-01-04,-0.8765773316229278,-1.1417000325555136,-1.1046543911835656,-1.0453166599316055,train
2023-01-05,-0.9552039829936629,-1.1112169822249214,-1.0504621646954906,-1.1282324824517695,train
2023-01-06,-0.4345700455566802,-1.0696262492604178,-1.0529714319604946,-0.6767802784806828,train
2023-01-09,-1.2643932041157468,-0.8909104724453304,-0.954866717754799,-1.1747086352005633,train
2023-01-10,-1.430888672068298,-1.0629792390767445,-1.0771590257424544,-1.2232610530156025,train
2023-01-11,-1.4222555961400885,-1.172827811083835,-1.09568067096572,-1.2474677005846604,train
2023-01-12,-0.34476877842438775,-1.2213118096889484,-1.120792456384521,-0.8839797839178629,train
2023-01-13,-1.2054092458520738,-0.9195257146379778,-0.9165711100433038,-1.051493540875149,train
2023-01-16,-1.783744743413025,-1.1951153694366508,-1.3611915386618916,-1.5239996238262326,train
2023-01-17,-0.8793761897996285,-1.3914307291514156,-1.4068327850791447,-1.4561603047922396,train
2023-01-18,-0.7335750357813102,-1.131669651309965,-1.0859200722174724,-1.056457859774439,train
2023-01-19,-1.335576879070832,-1.0304764282628565,-0.9822728961067009,-1.1078305016270278,train
2023-01-20,-1.5473518224041674,-1.266159520102119,-1.2405089849829383,-1.3651629356836603,train
2023-01-23,-1.3167784841257593,-1.3478012955615761,-1.559731505032025,-1.5961448830377885,train
2023-01-24,-1.4499515231835947,-1.2539408569874426,-1.2671074623538037,-1.2174025790179672,train
2023-01-25,-1.269482518815509,-1.336008212005231,-1.256581057083183,-1.425815581257207,train
2023-01-26,-1.4735807915148618,-1.3289174979796303,-1.2376415300748602,-1.1110379440619669,train
2023-01-27,-1.511589523900774,-1.3868531833688542,-1.3554180096901263,-1.458304926417131,train
2023-01-30,-1.6491616466545718,-1.3896689086476628,-1.5945332776293437,-1.608245241915451,train
2023-01-31,-1.4344275471442445,-1.451956231538036,-1.463552047286882,-1.2868538272263332,train
2023-02-01,-0.9665300292650081,-1.4057705944522876,-1.3247749539377256,-0.9321926727837607,train
2023-02-02,-0.5092361797966205,-1.2652947372545846,-1.1957280121113867,-0.7232888060206961,train
2023-02-03,-0.20996242703669202,-1.0708654240448527,-1.0624089002696204,-0.8076452509248991,train
2023-02-06,-1.4938075736859715,-0.8764900283599771,-0.9096867438128488,-1.1381791895331088,train
2023-02-07,-0.7821711488177817,-1.1632024481175887,-1.17868304792076,-1.1944120692624927,train
2023-02-08,-1.4067494012203279,-0.9445032375920243,-0.906799231827544,-0.9570821857711853,train
2023-02-09,-1.5157975723542876,-1.1294697152638433,-1.0327558130894925,-1.1685243492499608,train
2023-02-10,-1.4434815758893897,-1.2468448606119826,-1.2175647566932664,-1.3473663309316595,train
2023-02-13,-1.6816697323342098,-1.342469222433366,-1.5390098749855607,-1.5751773809072518,train
2023-02-14,-0.5352515475110267,-1.4292350676498438,-1.4428919134003073,-1.1749843209308424,train
2023-02-15,-1.3106897614805209,-1.1360750576478496,-1.1080488018128605,-1.1155706393098272,train
2023-02-16,-1.5190448360227415,-1.3000746401101488,-1.206642346910439,-1.2057834492147887,train
2023-02-17,-1.3239366083819102,-1.3553949553864968,-1.3244900565857973,-1.5103286664524822,train
2023-02-20,-2.492238119516156,-1.3063799804814629,-1.4881130040297064,-1.6322510020182694,train
2023-02-21,-1.2050244645548047,-1.6612041179161086,-1.6803132890119883,-1.489091722587907,train
2023-02-22,-1.6495766376085075,-1.4226272100062405,-1.3548938458872886,-1.4044996267183656,train
2023-02-23,-1.7913306727421092,-1.5592008971118347,-1.4391148421469868,-1.498965398369982,train
2023-02-24,-1.4140737596305275,-1.620303519579297,-1.580821303499519,-1.6999637568166,train
2023-02-27,-1.7593701905768182,-1.5434955211080172,-1.7341927024455166,-1.6492343528634785,train
2023-02-28,-1.4155876919605999,-1.5594494505595369,-1.5728867185608248,-1.4202104007487186,train
2023-03-01,-1.2185841160800333,-1.4985566398666557,-1.419038584351086,-1.43804956486301,train
2023-03-02,-1.5904529954567503,-1.4093579202383906,-1.3220360044031254,-1.5568124873546507,train
2023-03-03,-1.852160377256159,-1.478253067622904,-1.4452531225523766,-1.4150369109890426,train
2023-03-06,-1.7750772413380962,-1.5880651464490285,-1.8395862012852393,-1.914679202193089,train
2023-03-07,-0.7744354855389761,-1.5860181100564221,-1.600491104108219,-1.558533482450404,train
2023-03-08,-1.3698951814134013,-1.3044099860857654,-1.264359215570861,-1.2136605449978088,train
2023-03-09,-1.6914727508285077,-1.453469291333845,-1.357056200048618,-1.5128476325421574,train
2023-03-10,-0.7378976917653535,-1.5466915041753488,-1.5132797704069612,-1.3472410606446767,train
2023-03-13,-0.36526854120837465,-1.219077277115038,-1.324318152943079,-1.3959295735054966,train
2023-03-14,-1.1290492519428341,-0.9926002616606932,-1.0028501986798122,-0.9302418472672833,train
2023-03-15,-0.41765011987087236,-1.196621769364408,-1.139188571207016,-1.1151364643392072,train
2023-03-16,-0.3954587357628407,-0.9326310315455655,-0.9101373795155768,-0.31124186207943794,train
2023-03-17,-1.4355064440660406,-0.8083020640580276,-0.8099378570245054,-1.0066270602876528,train
2023-03-20,-1.114460759787766,-1.1118290554592427,-1.3144364732349785,-1.3393574423571724,train
2023-03-21,-1.8494003271794082,-1.1015900781610404,-1.116574021370755,-1.2022917995114941,train
2023-03-22,-0.3665845905808401,-1.3416328059579479,-1.2426179626773541,-0.6409792044828903,train
2023-03-23,-1.1452513540230396,-0.9726628528967364,-0.9512410343282833,-1.0079520705410197,train
2023-03-24,-0.8388731421007952,-1.2188414951670816,-1.1973997525182176,-1.1201189403085947,train
2023-03-27,-1.534987881961962,-1.085221013337538,-1.2028797473202881,-1.201953429433013,train
2023-03-28,-1.7909037546970856,-1.2803437088933656,-1.2942892736437885,-1.3345995175933936,train
2023-03-29,-1.8024020620071048,-1.3380244764915699,-1.2398745929148114,-1.4371750024043828,train
2023-03-30,-1.6432872144588018,-1.4715035521129642,-1.3410244749162497,-1.4199310292032048,train
2023-03-31,-1.4808731158783428,-1.482746240250474,-1.4468427929896372,-1.3194220840796442,train
2023-04-03,-1.267825960225802,-1.506690405047317,-1.7057164585604399,-1.5841541033890152,train
2023-04-04,-1.444857424193807,-1.4298951675697575,-1.4381614043600641,-1.540540969691032,train
2023-04-05,-1.68532850389313,-1.4345466406311016,-1.3523446536764865,-1.4219042821570007,train
2023-04-06,-2.169591686401704,-1.4781200939837744,-1.355250781187318,-1.5728697107137357,train
2023-04-07,-2.03370017364356,-1.65276477038894,-1.604838441386353,-1.5009933982225236,train
2023-04-10,-1.9673594735448723,-1.679214538226601,-1.95277326100087,-1.9102048191240684,train
2023-04-11,-2.0323065525227264,-1.7305928414553087,-1.7420915685349465,-1.9072661872657086,train
2023-04-12,-0.7342926322460741,-1.8133837819467007,-1.6954263867896897,-1.5652421021904104,train
2023-04-13,-1.474918745577002,-1.4331703530164854,-1.3794246821256606,-1.3875063018202587,train
2023-04-14,-1.370434832063789,-1.544032749450483,-1.5127849136082758,-1.5131632290750763,train
2023-04-17,-1.6626067058923708,-1.4705338684921454,-1.6584331942934523,-1.6649038474034055,train
2023-04-18,-2.074902462194236,-1.5241865353886737,-1.5398031870641316,-1.6078563048386922,train
2023-04-19,-1.7865164357635335,-1.6298999168292325,-1.5163252524625888,-1.7433124234208652,train
2023-04-20,-1.634619884834538,-1.6667698726827203,-1.5392967715860413,-1.6664069981812646,train
2023-04-21,-1.345052864947705,-1.6439806300591073,-1.6105017292769819,-1.605135046985101,train
2023-04-24,-1.9849775097169604,-1.5861886432801673,-1.7707949409527193,-1.7276612139046543,train
2023-04-25,-1.752600500281359,-1.7718159580260044,-1.7883008825836926,-1.899822187178586,train
2023-04-26,-1.0714120930671964,-1.6994700916956753,-1.603829861349239,-1.6693259636519393,train
2023-04-27,-1.3193979147608461,-1.4729401587468742,-1.3999968073406561,-1.4774740420852732,train
2023-04-28,-1.0476439523517564,-1.4959594034493657,-1.4724491698577773,-1.3336189273867807,train
2023-05-01,-2.044920079198753,-1.3980832550103692,-1.5451373365884953,-1.5227635045012375,train
2023-05-02,-1.372404943674065,-1.6370081368675236,-1.65666752288036,-1.6176826782698956,train
2023-05-03,-1.2816538721546056,-1.44686587860012,-1.3752251789311387,-1.0731136847610494,train
2023-05-04,-0.8719326610158774,-1.445272803151366,-1.357797472798775,-0.8836112070423636,train
2023-05-05,-1.4685643357674258,-1.30414005662736,-1.2915848661013793,-1.061244508425553,train
2023-05-08,-2.218337474320037,-1.4769024197508047,-1.6806654804739294,-1.8113927331472253,train
2023-05-09,-2.2569559025395325,-1.6653385334955464,-1.6857352631557037,-1.818113741467208,train
2023-05-10,-1.318115995748511,-1.7570209088795676,-1.6323160040540035,-1.6089848638532513,train
2023-05-11,-1.6252739106027698,-1.5374825947494404,-1.4446880988353674,-1.5332166220907983,train
2023-05-12,-2.1734497139762174,-1.671825094921486,-1.6377564162371547,-1.7133660288870012,train
2023-05-15,-2.470863717646431,-1.877851310545496,-2.1721791561210844,-2.0972572400059284,train
2023-05-16,-1.9337078273271868,-1.9802543744052015,-1.9982954279395766,-1.8540225900799014,train
2023-05-17,-2.049759629278526,-1.8339087350082637,-1.7260526568361503,-1.821132272444438,train
2023-05-18,-1.9643049244359103,-1.931328992258477,-1.7827117873792082,-1.9385229875745527,train
2023-05-19,-1.6075763815851598,-1.9412462765605372,-1.898287579388349,-1.9761432009549411,train
2023-05-22,-1.883567080405165,-1.8059576818198095,-2.02413900897659,-1.9849935840027417,train
2023-05-23,-1.9707156013416443,-1.8188015425709678,-1.8341840147149973,-1.7769023440877496,train
2023-05-24,-1.7918582025759873,-1.8492011292075623,-1.7398607914122748,-1.7937262772871643,train
2023-05-25,-1.920919174247846,-1.782551766895755,-1.654954926075822,-1.7056071961070716,train
2023-05-26,-1.6913564349233614,-1.8101360527404045,-1.771171198452102,-1.7893727687144982,train
2023-05-29,-2.6829172031733366,-1.7720024856561896,-2.00373210136865,-2.1323487280283224,train
2023-05-30,-1.674790696948615,-2.087553929863364,-2.108558529644498,-2.066367073804936,train
2023-05-31,-1.4648540352830313,-1.836274269190693,-1.7447171054574773,-1.694250002863493,train
2023-06-01,-1.9039350992723054,-1.75186724384248,-1.649002660267219,-1.6577489774848855,train
2023-06-02,-1.8006048499395673,-1.857109084933925,-1.8194912143126631,-1.6968732282558714,train
2023-06-05,-1.707833771174992,-1.8491351698536724,-2.0964531448345123,-2.0201213137007246,train
2023-06-06,-2.055421387016665,-1.7487025587707568,-1.767089214628287,-1.83305761542299,train
2023-06-07,-2.0889532617942494,-1.8696585131513939,-1.7589994595051797,-1.9794726646409435,train
2023-06-08,-2.2414590644251113,-1.9325642722131837,-1.7851344134613567,-1.9790535161125422,train
2023-06-09,-2.4683709498185613,-1.9980479305010679,-1.953054338388449,-2.1269244305017767,train
2023-06-12,-2.012491617434584,-2.123697080819596,-2.4604116827749682,-2.4248288366389454,train
2023-06-13,-1.6431322678489957,-2.051040273129639,-2.0682245918871263,-1.8183293861389098,train
2023-06-14,-1.2394919285167953,-1.9228467845782113,-1.833330790415481,-1.208590783915741,train
2023-06-15,-1.2997368938017195,-1.739214327354055,-1.6536835530492189,-1.0477034009211545,train
2023-06-16,-1.8242021881947392,-1.6604246003639658,-1.6381394103804794,-1.7523287955982805,train
2023-06-19,-2.345764526059712,-1.7198213931278017,-1.9732557243242332,-2.0632544202552507,train
2023-06-20,-1.9322394796546896,-1.8741133651954898,-1.8969942726687707,-1.9143218739910517,train
2023-06-21,-2.2368807980944414,-1.8090661114447935,-1.7056886038259966,-1.8597840771191938,train
2023-06-22,-2.0149872474576527,-1.973531864996033,-1.815107644734871,-1.85212634168925,train
2023-06-23,-1.4058266140247866,-1.988020177054182,-1.9471960747003494,-1.8679436746504887,train
2023-06-26,-2.3281118807456522,-1.8058383763206602,-1.9996989100913491,-1.9964625589871252,train
2023-06-27,-1.8710433654241116,-2.0205634770867626,-2.0408037845085594,-2.117247010243539,train
2023-06-28,-1.8855691077940833,-1.912086229048231,-1.8102530399507502,-1.7627127797840862,train
2023-06-29,-1.4873555366954083,-1.874566076118568,-1.7417765325676473,-1.7308308815131972,train
2023-06-30,-1.8400306095617913,-1.7331291644647127,-1.706146851557121,-1.5013011346501919,train
2023-07-03,-2.0008208752475736,-1.857738256235272,-2.111079824993826,-1.992904563738969,train
2023-07-04,-2.723282299837085,-1.8660293995892279,-1.8854590044003268,-2.1761862006382446,train
2023-07-05,-1.992722804637213,-2.11964476919285,-1.9692776221935804,-1.9963218569986085,train
2023-07-06,-1.010123958872276,-1.9648418138075698,-1.8240364776396336,-1.7834589352335901,train
2023-07-07,-1.3327542378959945,-1.6841686094705988,-1.6670146168093296,-1.4439741087895137,train
2023-07-10,-2.2180026117921012,-1.7036902994031558,-1.889057401188485,-1.951245000696827,train
2023-07-11,-2.3594999667616148,-1.9263927534375518,-1.946570256733462,-1.9384889778784287,train
2023-07-12,-1.300233620253424,-1.9246291720039288,-1.796014493646517,-1.6838296784098,train
2023-07-13,-1.7523079588244508,-1.6105531301441711,-1.5223378363546907,-1.6771746986273963,train
2023-07-14,-1.826633515786271,-1.7829556155387378,-1.749650455974075,-1.8802385174840759,train
2023-07-17,-2.075295532800501,-1.8514568635623627,-2.1025501808873317,-2.1074384781129507,train
2023-07-18,-1.4392716839419082,-1.9043075437190622,-1.9238238225332367,-1.9247894058371946,train
2023-07-19,-1.6286455672707387,-1.6704080617750166,-1.5954660060705579,-1.8023897936736721,train
2023-07-20,-1.8094064284293534,-1.735644726402508,-1.6226772310025706,-1.7713349979286805,train
2023-07-21,-2.132276244177133,-1.7809500353972536,-1.7468000209535017,-1.9339978196439285,train
2023-07-24,-1.1135528591194783,-1.8816526028414056,-2.1743220256919296,-1.7896114919656492,train
2023-07-25,-1.9733732754829336,-1.5503140637102724,-1.5643921115619772,-1.659848829285928,train
2023-07-26,-1.4871595423990944,-1.8025924057466212,-1.695979053864793,-1.5271301857019446,train
2023-07-27,-0.9245840954146874,-1.6686647827026955,-1.565650732318941,-0.9557841786728773,train
2023-07-28,-1.1203708946010682,-1.4485329682035701,-1.4349131648285092,-1.359298040255927,train
2023-07-31,-1.903906003765071,-1.393016468986217,-1.5523428472194927,-1.3339403653601725,train
2023-08-01,-1.8055637082653364,-1.6493479496876868,-1.6691749290054765,-1.6413609628913908,train
2023-08-02,-1.516243197873995,-1.611146584802632,-1.5155516314655222,-1.692690030762717,train
2023-08-03,-1.4029283140896485,-1.5419151230644874,-1.4380991749582763,-1.4348684102578733,train
2023-08-04,-1.4081556422506232,-1.5444892871714708,-1.5188251017768373,-1.229546560341638,train
2023-08-07,-2.212776732077638,-1.5652479189868604,-1.7595782836553377,-1.8885289169473316,train
2023-08-08,-2.1037211770073143,-1.7915414116062247,-1.810997191676678,-1.8017379848125725,train
2023-08-09,-2.044044913475219,-1.8022357633649546,-1.6867723772389958,-1.9197760390602163,train
2023-08-10,-1.5417361265117913,-1.8344978256131204,-1.6884586931450853,-1.5024909407843376,train
2023-08-11,-1.6890713004408107,-1.722582866761722,-1.691134161276486,-1.6193508575530402,train
2023-08-14,-1.8694110635815593,-1.786283690798652,-2.016316847107699,-2.0560027022759138,train
2023-08-15,-1.5509936688257753,-1.7978310966758682,-1.8134579045055006,-1.7538405598753983,train
2023-08-16,-2.0035974001026844,-1.6714453723989593,-1.5869891845486153,-1.6409261714823615,train
2023-08-17,-2.053930324074357,-1.7708829875097276,-1.628404136141598,-1.8416535150312603,train
2023-08-18,-2.1116500000055094,-1.8358476544196909,-1.7937434928347782,-1.9963338478461405,train
2023-08-21,-2.3364977680190586,-1.8928927761430046,-2.1803573588823233,-2.2074531790549274,train
2023-08-22,-2.054830574979361,-1.9928458814503682,-2.010789829784066,-2.1218081744744657,train
2023-08-23,-1.0709850571727566,-1.9730487936840968,-1.8571770358555604,-1.7428341747333855,train
2023-08-24,-2.1384469386132365,-1.6620142066892463,-1.5867521590601632,-1.6978157484946534,train
2023-08-25,-1.119291169987263,-1.9166260898482759,-1.8722128585529079,-1.8837737035157318,train
2023-08-28,-2.460453719729019,-1.5884046122165811,-1.743887239029312,-1.7737120491838674,train
2023-08-29,-1.117364870254034,-1.9248416552623457,-1.9465640976711645,-2.0162928039865022,train
2023-08-30,-1.6699762601068735,-1.5313305954066538,-1.474626447167539,-1.3491575936885691,train
2023-08-31,-1.6505004468945659,-1.7099599932755758,-1.5936077766398988,-1.5304943846629382,train
2023-09-01,-1.035514670963199,-1.6594460541975546,-1.6294610661489548,-1.2560547899153005,train
2023-09-04,-2.747034431029828,-1.5052403887127483,-1.651277473267067,-1.8898415519717222,train
2023-09-05,-1.9226182101464186,-1.9393190442278405,-1.9643894050385216,-1.893318576772247,train
2023-09-06,-1.6861626505236023,-1.828926233075022,-1.7247420629324934,-1.797633605301241,train
2023-09-07,-2.12975964299778,-1.7701889873587975,-1.6520348261701696,-1.7738374378414967,train
2023-09-08,-2.297606877386427,-1.915840347365179,-1.8728991065130827,-1.915019026390163,train
2023-09-11,-2.126640103871917,-2.0718099173218674,-2.3834750745047564,-2.348319219631333,train
2023-09-12,-2.0246453454504785,-1.982805060061963,-2.0005595860208705,-2.0716662210861094,train
2023-09-13,-1.7211342843551563,-1.9724214677652927,-1.8604685694908734,-1.6953551757392982,train
2023-09-14,-1.1088034240953093,-1.9042456562114383,-1.781760287411351,-1.179984330958408,train
2023-09-15,-1.885050811330494,-1.6659975813863996,-1.6464696214778087,-1.8020895951928653,train
2023-09-18,-2.5067377526079957,-1.8054325187079865,-2.0652161244000946,-2.0736348335344306,train
2023-09-19,-2.3931228835832674,-1.987765494744871,-2.0098239862192795,-2.133511917691939,train
2023-09-20,-1.2070102987957452,-1.9982966280966366,-1.8665588245487341,-1.2494269153721265,train
2023-09-21,-1.654373421851579,-1.6666022336102273,-1.583432444526896,-1.6831953045624737,train
2023-09-22,-1.1919162630451516,-1.8143458017413212,-1.7815246503879838,-1.6430257371174506,train
2023-09-25,-2.228172004482176,-1.6465984117414996,-1.8124391614125563,-1.7473385821739071,train
2023-09-26,-2.1275047449061084,-1.86023513655596,-1.8809258710476775,-1.9739148694392004,train
2023-09-27,-1.716146332511614,-1.8243371680331368,-1.7098386750090362,-1.9171912226141545,train
2023-09-28,-1.2962467285114845,-1.7677509128629099,-1.6477306534150993,-1.583207683177001,train
2023-09-29,-1.6642612007578712,-1.6408405595493163,-1.6183601021659448,-1.3191490329250657,train
2023-10-02,-1.6963254897114755,-1.7681539990751467,-1.9977910144756459,-1.8149791323629212,train
2023-10-03,-1.2620972864371165,-1.727745263529137,-1.7454759502200783,-1.850041935539072,train
2023-10-04,-1.5293385161092656,-1.5520259696797938,-1.4881755313325855,-1.472690039153338,train
2023-10-05,-1.750486809193859,-1.5827393908149967,-1.4787075807758667,-1.5641144097468547,train
2023-10-06,-0.6172517468596801,-1.6728193048393976,-1.6408763495726486,-1.424187977099296,train
2023-10-09,-1.8242485788557048,-1.3055662306763294,-1.3969775028455687,-1.6479621263482582,train
2023-10-10,-1.7519966396299946,-1.5908672469463863,-1.610885374514827,-1.5521616778217684,train
2023-10-11,-1.6239044226245793,-1.612624474404202,-1.519290502802984,-1.5089882819082432,train
2023-10-12,-1.3895234266720182,-1.5861511762730711,-1.473534314959209,-1.3678869470788106,train
2023-10-13,-1.8433115196724317,-1.4924300671841964,-1.468091335366465,-1.5586596513063555,train
2023-10-16,-1.9288791319526304,-1.7093024278102167,-1.9619348068156774,-1.9866132334197213,train
2023-10-17,-1.4672489948655725,-1.7476631168423074,-1.7650530759752578,-1.7273801162955655,train
2023-10-18,-1.8088391727589805,-1.6111284056268549,-1.5322328599285835,-1.6637281343098376,train
2023-10-19,-1.0805861777739287,-1.6985030718294194,-1.5702797609705137,-1.5781833188957242,train
2023-10-20,-1.7009939351557029,-1.4885024448227102,-1.468456119331714,-1.5763120502985382,train
2023-10-23,-1.8205968825844159,-1.6235752055242083,-1.8572463091103284,-1.8301622297544557,train
2023-10-24,-1.5838598132478348,-1.643072584276803,-1.659990806943993,-1.4647571996783393,train
2023-10-25,-2.176709512730527,-1.6037103307795109,-1.5181135674981636,-1.572789952342644,train
2023-10-26,-1.7864204118838751,-1.7726456146594307,-1.6174862699852368,-1.0491612614945773,train
2023-10-27,-1.4737457047159983,-1.7432858799150368,-1.706196468596676,-1.75553857246876,train
2023-10-30,-1.8942134392316448,-1.6481419106351776,-1.8495439826084619,-1.782535378960388,train
2023-10-31,-1.2804991591855364,-1.7580822905894427,-1.7737459823843427,-1.5287313541957552,train
2023-11-01,-1.574993882656159,-1.5853225192665,-1.5156385453152574,-1.208958690135335,train
2023-11-02,-1.8091637345824216,-1.5969447388701627,-1.4861788072550657,-1.6539869520198114,train
2023-11-03,-1.2268626042657431,-1.6589213964257332,-1.6234921090784282,-1.3105500142943507,train
2023-11-06,-2.2156274592388807,-1.4994148780207914,-1.6697156199509604,-1.820222938035105,train
2023-11-07,-2.097578727027236,-1.7608378534977625,-1.780279246345205,-1.651988741427253,train
2023-11-08,-2.128762380138706,-1.8245509234690849,-1.7088261962371798,-1.8456700892365008,train
2023-11-09,-1.5270787423900873,-1.8854082403620902,-1.7327795494888056,-1.7940437872465071,train
2023-11-10,-1.9124365390452411,-1.7191272300799258,-1.6887289855412047,-1.830436133465447,train
2023-11-13,-2.2615094456784366,-1.8730879150499313,-2.1331316462201957,-2.114741845395935,train
2023-11-14,-0.612724672281664,-1.9671977141193748,-1.9850467768649396,-1.7192785999067883,train
2023-11-15,-1.789660567589231,-1.4400090503508072,-1.409889322844615,-1.1760222759877674,train
2023-11-16,-1.7193972122679593,-1.6778764972602942,-1.5523833466860455,-1.6175882583741488,train
2023-11-17,-1.7891288144608026,-1.6820381820943158,-1.6490885286740846,-1.772195683661882,train
2023-11-20,-1.91930766418551,-1.6866317946770106,-1.9331166538254143,-1.967890740962202,train
2023-11-21,-2.037433717344787,-1.6948773374567923,-1.7142056715802392,-1.6225790533568347,train
2023-11-22,-1.6009994415528048,-1.8551262372161712,-1.7429235155325977,-1.9308102629540964,train
2023-11-23,-2.461147389098292,-1.7353272196017546,-1.6224869148745718,-1.8071919360686224,train
2023-11-24,-2.2610787872757276,-2.0100135422919547,-1.9587930099070268,-1.996238281454199,train
2023-11-27,-2.2478747201790643,-2.007874496040938,-2.3150723544120178,-2.233785656813102,train
2023-11-28,-1.7114031668332519,-2.039858557561413,-2.057030111039512,-2.0459322319568116,train
2023-11-29,-1.5852360986981584,-1.8897583308697974,-1.7950276614429606,-1.7384161426341924,train
2023-11-30,-1.3881638954751117,-1.8558877735683832,-1.7427014704920984,-1.576906272884528,train
2023-12-01,-1.5225901888522433,-1.7144364467827706,-1.6884795207153442,-1.5687910462677486,train
2023-12-04,-1.7106213907666925,-1.6776649568211488,-1.8890171449130924,-1.9763378276967716,train
2023-12-05,-1.5572910915868297,-1.6709522222816273,-1.689514456394526,-1.6035935072995864,train
2023-12-06,-1.9593224905931144,-1.6254699651644677,-1.544241393663263,-1.6788930667210267,train
2023-12-07,-1.754708939972336,-1.7488567869986118,-1.6123224189561454,-1.8144196007184128,train
2023-12-08,-1.1807663440704343,-1.7313036190375763,-1.6982795711956709,-1.4148958520421286,train
2023-12-11,-2.103619592517958,-1.5578426541659143,-1.722948272741176,-1.7797600437857344,train
2023-12-12,-1.7363515155371432,-1.8118835320765765,-1.8315205405707982,-1.5178974879157061,train
2023-12-13,-0.8889830965510012,-1.7418385332926982,-1.6479369439082912,-0.9271882668422269,train
2023-12-14,-1.0720300184589504,-1.4346890137120243,-1.3760590172300242,-0.7996456728287648,train
2023-12-15,-1.3058751611739694,-1.4198977493377716,-1.4040509027241528,-1.301457001578284,train
2023-12-18,-2.2550773960921524,-1.4795092985359501,-1.6628994777054162,-1.685780586990576,train
2023-12-19,-2.003161508459983,-1.7172115343723484,-1.73971669421054,-1.8575160513111413,train
2023-12-20,-2.087845630357476,-1.6860013775541998,-1.5787891985900646,-1.737197117512245,train
2023-12-21,-1.9511658421635674,-1.8161811516638755,-1.6683861716348594,-1.7842242525359648,train
2023-12-22,-1.8506885530554753,-1.8636460697580415,-1.8235867652549356,-1.8752984919608247,train
2023-12-26,-2.5542617536496426,-1.8928456029619842,-1.9075318338846434,-1.8753240697229971,train
2023-12-27,-2.028605793248019,-2.0825912189265106,-1.9387006540792524,-2.2497848984896027,train
2023-12-28,-1.5140189652416933,-1.9616009590339927,-1.8148722242368402,-1.9615143649218019,train
2023-12-29,-1.8448753003463745,-1.7831110029481783,-1.7518413526009686,-1.7402194299414884,train
2024-01-02,-1.8138621173372058,-1.8509238531761194,-1.865826043625889,-1.875193792464387,test
2024-01-03,-1.660627919254919,-1.843029148836489,-1.7423315287258558,-1.779358444723237,test
2024-01-04,-2.116584570233878,-1.7297775938838866,-1.6129252628244939,-1.638731493886483,test
2024-01-05,-0.9773058349776852,-1.8491253301424624,-1.8069606956472837,-1.5179591259024696,test
2024-01-08,-2.2165587921550376,-1.5305848796234365,-1.6676399597964537,-1.7910000708440208,test
2024-01-09,-1.9650362237732089,-1.856264011670681,-1.8761091088884225,-1.9754164320669791,test
2024-01-10,-2.220132401367775,-1.81230478741296,-1.704965600414912,-1.8712216060622413,test
2024-01-11,-1.3266483284522752,-1.9269002425802797,-1.7684936049928368,-1.5737815851916488,test
2024-01-12,-1.8352694459545724,-1.6516832077124148,-1.6277914781908402,-1.697703407334402,test
2024-01-15,-2.6267379696955424,-1.843337555506111,-2.094412232829171,-2.2183507019994746,test
2024-01-16,-1.6317779387705909,-2.0722998377417063,-2.093347205498636,-2.0776413869005133,test
2024-01-17,-1.9230269493609335,-1.8219532851982054,-1.733402323885993,-1.8074589566375119,test
2024-01-18,-1.915781336240554,-1.8714118748214483,-1.7363336280384714,-1.9145483194097115,test
2024-01-19,-2.2682303892175093,-1.9300885512878783,-1.8924084335993865,-1.9675339222934536,test
2024-01-22,-2.219978989595345,-2.0504646703210434,-2.3601097053996405,-2.3698316564853785,test
2024-01-23,-2.103228555633359,-2.0048938827057246,-2.024605301845751,-2.1286489888200038,test
2024-01-24,-1.623778573181516,-2.021063691495354,-1.905090156061626,-1.8195946517862327,test
2024-01-25,-1.6102979316090793,-1.880137167307057,-1.7657604946991203,-1.0881750078595296,test
2024-01-26,-1.9101990321556954,-1.8466063557307915,-1.8157199143040228,-1.845955339604145,test
2024-01-29,-2.247734977424327,-1.8757193848584988,-2.1382563336094447,-2.1629309409586206,test
2024-01-30,-2.2082179559123483,-1.9581982751570288,-1.978420460486339,-1.9692669196351706,test
2024-01-31,-1.032816131277317,-1.966458221573323,-1.8458865763589385,-1.3537306425621043,test
2024-02-01,-1.7941069946303623,-1.633814010184288,-1.5643234444881433,-1.5713253692313696,test
2024-02-02,-0.7173430471540683,-1.8250682008271164,-1.7909797387802098,-1.5447047810059806,test
2024-02-05,-2.062141680088363,-1.4589511494295453,-1.5630153622128167,-1.5611036302872514,test
2024-02-06,-2.2793854473939152,-1.7502484697918141,-1.7717497734596077,-1.837679769849938,test
2024-02-07,-2.3930788084798373,-1.8212197670043524,-1.6995104751494614,-1.8371822134848168,test
2024-02-08,-2.512110346870263,-1.9728028698563056,-1.8036459876406181,-1.8965557487005014,test
2024-02-09,-2.2892857294570006,-2.0714659879479993,-2.0205862174844937,-2.1741582930024466,test
2024-02-12,-2.5653846413001324,-2.163797854837281,-2.4741958234530954,-2.432331510169082,test
2024-02-13,-0.7899282893598745,-2.2867976079263252,-2.305596015912186,-1.9658990487318344,test
2024-02-14,-2.457192208892851,-1.7321895849104927,-1.6909918153243095,-1.8161378523177025,test
2024-02-15,-2.3400311011585666,-2.1189002784186832,-1.9428456312701443,-1.8889216866546297,test
2024-02-16,-2.0544773283701603,-2.0843368599875713,-2.036822083405787,-2.0531144890486805,test
2024-02-19,-3.219636979453857,-1.998934477007682,-2.2806639399799598,-2.389270296178684,test
2024-02-20,-2.397402057610838,-2.3404996683660406,-2.3663982885698553,-2.4003437614569476,test
2024-02-21,-2.6049879649100665,-2.2991102817214006,-2.1637941063031905,-2.2880636961120917,test
2024-02-22,-1.7881981963668119,-2.364515597344514,-2.1753762293130903,-2.0880478471716293,test
2024-02-23,-2.5680575616177257,-2.1233447144595297,-2.0859300896293287,-2.236632524983173,test
2024-02-26,-2.707211600118096,-2.359634824085175,-2.7074877560910013,-2.6345459103267976,test
2024-02-27,-2.6884707831376784,-2.3573881217692176,-2.3788493269211437,-2.4464257717450493,test
2024-02-28,-2.651533812998501,-2.3882567839571722,-2.2381566275545404,-2.2894568689440833,test
2024-02-29,-2.2089943307219984,-2.3885397412091107,-2.1980153420772157,-2.0575873706995162,test
2024-03-01,-2.3280562695770097,-2.325147083914357,-2.27877429809551,-2.199201579297999,test
2024-03-04,-2.8237825917898314,-2.3452489684724234,-2.662739643268519,-2.7634371919902683,test
2024-03-05,-2.463617710063996,-2.481219407061954,-2.5042221845896337,-2.4013106169603047,test
2024-03-06,-2.7857213739771045,-2.397737047235551,-2.2627314344569553,-2.2564429254745946,test
2024-03-07,-2.0430974178798147,-2.4920042580268604,-2.2939490180999087,-1.8310612082111322,test
2024-03-08,-1.9083792624676421,-2.303784834018332,-2.264340820589654,-1.9725681024388035,test
2024-03-11,-2.854511690141185,-2.2293056493892083,-2.492839054248743,-2.5337939216636762,test
2024-03-12,-2.4321731500600356,-2.453170345710721,-2.478753680298694,-2.217336991891883,test
2024-03-13,-2.9920878515250484,-2.3549544837246397,-2.2228620596672126,-2.3464850608806875,test
2024-03-14,-2.5371939254670672,-2.507038753641672,-2.2947103917473406,-2.399387651231306,test
2024-03-15,-2.9263759765462143,-2.467090503341034,-2.417378234090484,-2.5700898622479356,test
2024-03-18,-3.227711576978125,-2.6541394113666037,-3.053374525191269,-3.029737813299672,test
2024-03-19,-3.0583713933448755,-2.7671820014833695,-2.7934418690131504,-2.845017929756509,test
2024-03-20,-1.6906904894866062,-2.796435115444479,-2.6260519122033283,-2.0342735676460406,test
2024-03-21,-2.3013410699419983,-2.347089384993815,-2.2291015743235985,-2.025679794693251,test
2024-03-22,-2.717875828405566,-2.4647994295509266,-2.419825033977309,-2.4797402464578457,test
2024-03-25,-2.8207279205527547,-2.5427728439426134,-2.915522351768731,-2.754053921677846,test
2024-03-26,-2.828120127834139,-2.5410407740129504,-2.5677348785746794,-2.67585927639229,test
2024-03-27,-3.060299154729956,-2.524756287664838,-2.371853738267357,-2.375839064165983,test
2024-03-28,-2.297785664269809,-2.706375766445695,-2.4886110209306875,-2.646448274535233,test
2024-03-29,-3.0405760083894102,-2.5265935007777243,-2.481483724491451,-2.4338350444730388,test
2024-04-01,-2.391315040087732,-2.730803611201012,-3.1459822662122634,-2.994937455896115,test
2024-04-02,-2.376476502029949,-2.544799756406038,-2.5671351069438813,-2.5085623106210635,test
2024-04-03,-2.376039156329418,-2.50093302785527,-2.3726015994266407,-2.263701303696134,test
2024-04-04,-2.687305674641745,-2.4336782545180227,-2.2681704056459653,-2.4608673268959533,test
2024-04-05,-1.5093302565087579,-2.5430210215384523,-2.4910961734522195,-2.299055177638662,test
2024-04-08,-2.7680511096021743,-2.1192012086808774,-2.332405082868932,-2.472722597727126,test
2024-04-09,-2.8244786249358786,-2.4505469283119554,-2.4785611355626895,-2.5667239224819767,test
2024-04-10,-0.5136282686098731,-2.5144704146229038,-2.362541050216633,-2.077367621231402,test
2024-04-11,-1.6378589998951005,-1.7885202162458795,-1.7623261885484105,-1.1203087412195818,test
2024-04-12,-2.0029443453739395,-1.9424341540953534,-1.9190185180110695,-1.9594602705352846,test
2024-04-15,-1.7779206270509071,-2.059954836666864,-2.341282185242479,-2.170042262355496,test
2024-04-16,-1.642733855998125,-1.9098658971019407,-1.9346039582064554,-1.9323280193364156,test
2024-04-17,-1.8703384521512447,-1.7571141324495705,-1.6777664146815157,-1.7901543989167643,test
2024-04-18,-2.345356485947722,-1.9172910819811033,-1.7915628011715268,-1.8922485229033827,test
2024-04-19,-1.812029676401705,-2.0825728560184347,-2.039907437875486,-2.197629050490021,test
2024-04-22,-2.409842834785817,-1.9441544776581872,-2.198092076241994,-2.130461611969778,test
2024-04-23,-1.458063664687309,-2.1399997814403546,-2.1647405411521294,-1.9697059790941833,test
2024-04-24,-2.3822996670491383,-1.8905531922201337,-1.8156605109586585,-1.9459885134907566,test
2024-04-25,-1.9507775422487421,-2.1443063302476637,-1.9771546708718475,-2.049180954078118,test
2024-04-26,-2.164678543254207,-1.9995487864654062,-1.9636238660128624,-1.9901402662474048,test
2024-04-29,-2.1342683570150287,-2.0706112768828633,-2.3684777011994713,-2.3188676778830137,test
2024-04-30,-1.7252059362732723,-2.036772773052924,-2.0576290298795348,-1.7822061788431158,test
2024-05-01,-1.6430019624403698,-1.9523261486997916,-1.8592750841582333,-1.5317401604433512,test
2024-05-02,-1.892097568892475,-1.8579237552924914,-1.7440921966881286,-1.9120971319814473,test
2024-05-03,-1.138564218095997,-1.9043441745093408,-1.868562628023,-1.5477786690183226,test
2024-05-06,-3.0732787249775124,-1.6242714604490296,-1.785100615208729,-1.934261199091839,test
2024-05-07,-2.6989114013851765,-2.158060536257418,-2.1844602446165666,-2.234670987849346,test
2024-05-08,-3.0945467708411885,-2.173876746967863,-2.0246210670898503,-2.1000309399955612,test
2024-05-09,-2.491424375670532,-2.4001649848331876,-2.176003947172584,-2.4209930529933494,test
2024-05-10,-2.7414722389473636,-2.3123604224487733,-2.2579674781011017,-2.3660894990650028,test
2024-05-13,-3.0060394702512836,-2.540330864251711,-2.9088359364101612,-2.8971130205550577,test
2024-05-14,-2.453928960603899,-2.6103444651349794,-2.630402909494374,-2.5154053081528276,test
2024-05-15,-1.8762623606545126,-2.4664090970101435,-2.3271098897798703,-1.9799832640601378,test
2024-05-16,-2.8058584725045885,-2.224278854961226,-2.090076533417611,-2.2548335525660383,test
2024-05-17,-2.8295414010995605,-2.4793268618897177,-2.4201934555698066,-2.4577331433946394,test
2024-05-20,-3.1610946697351254,-2.5035390010543264,-2.8882769942395727,-2.790932332990029,test
2024-05-21,-2.833934297307724,-2.602905958891166,-2.6276414978627876,-2.701298478603535,test
2024-05-22,-2.711338747892082,-2.5737753063279674,-2.4155868031659575,-2.4728104450358157,test
2024-05-23,-2.1038930130593063,-2.624831287364551,-2.4286062616927087,-2.336458464091311,test
2024-05-24,-3.125469107706012,-2.4288920443973576,-2.3859872686542087,-2.5843228499527617,test
2024-05-27,-2.9599416994507735,-2.6986587871408267,-3.1234312324909346,-3.136540131652654,test
2024-05-28,-3.005628799798195,-2.6537326335915816,-2.6780555626063522,-2.6474675302419124,test
2024-05-29,-2.3259145441417277,-2.6892601673645564,-2.522500255042933,-2.73077245258178,test
2024-05-30,-2.6527414816584085,-2.500362850464677,-2.335774705106758,-2.3415085380897906,test
2024-05-31,-2.34041391234995,-2.6356528416258933,-2.5818413350705574,-2.3494617154862842,test
2024-06-03,-2.3581734738088675,-2.5005072828610455,-2.822751484505905,-2.6680452743672647,test
2024-06-04,-2.587196673120069,-2.4551887278152362,-2.479200523603665,-2.553274946828674,test
2024-06-05,-2.424007413123551,-2.4860614430063404,-2.3483258942025893,-2.370898511941717,test
2024-06-06,-2.394148234561597,-2.4502035638061757,-2.2822235391816346,-1.8439971332988394,test
2024-06-07,-1.0423788848167495,-2.4164460225639783,-2.372977438986933,-2.023984197130949,test
2024-06-10,-2.4268089452941646,-1.9651790850774238,-2.116546140751812,-2.2904678677420067,test
2024-06-11,-2.2873077911368704,-2.288542283758012,-2.315501214968945,-2.3724046937136967,test
2024-06-12,-1.009135609087743,-2.224183455027183,-2.104760048766496,-1.1643212181744524,test
2024-06-13,-1.937668198840749,-1.7798276525236572,-1.718613938591757,-1.7903105147700196,test
2024-06-14,-1.945151333428349,-1.9457694046302354,-1.915967732476807,-2.026857384560845,test
2024-06-17,-2.472238658038148,-2.0302228866882315,-2.3038445669280367,-2.3210576326804677,test
2024-06-18,-2.2401398903688663,-2.15161487193507,-2.179371663883345,-2.1131971154957245,test
2024-06-19,-2.944633022192223,-2.0874205180511107,-1.9706324434372917,-2.2485346145298672,test
2024-06-20,-2.4674951124459685,-2.4224567235037915,-2.214348443105674,-2.2706259288873687,test
2024-06-21,-1.88692533063642,-2.35689260464028,-2.3082311547409677,-2.1606136822634987,test
2024-06-24,-2.7338800461647255,-2.209046217702886,-2.469012703864819,-2.4117026397501657,test
2024-06-25,-2.8508159118335787,-2.434336109376252,-2.458164186529348,-2.4832206317230985,test
2024-06-26,-2.359027240524619,-2.5135398696238385,-2.355182399413317,-2.507423695394483,test
2024-06-27,-2.473887395244482,-2.3407087681438226,-2.1732050485505323,-2.2564102364511216,test
2024-06-28,-2.221575369067937,-2.3616849908143607,-2.311549430865968,-2.084031614531589,test
2024-07-01,-2.1154368462414346,-2.332965280332785,-2.63635964982237,-2.417359260045041,test
2024-07-02,-2.5975812690787285,-2.246411022195184,-2.265437055603658,-2.3562145627801927,test
2024-07-03,-2.274933148161246,-2.3370080396019857,-2.19434386165586,-1.956182061674398,test
2024-07-04,-3.325550887608879,-2.254359516756523,-2.0936021998159133,-2.5196043403853183,test
2024-07-05,-2.350686646918031,-2.581194317100707,-2.5118962111866976,-2.269518959401709,test
2024-07-08,-2.4618421329307156,-2.3682683766179995,-2.6891823689962213,-2.7796065835570003,test
2024-07-09,-2.9213124097665237,-2.425999388617174,-2.4459895575108224,-2.469026526138802,test
2024-07-10,-3.376816855554558,-2.58199686297958,-2.419336307496578,-2.500288905529282,test
2024-07-11,-1.4330471516067376,-2.7972922574485954,-2.552772075390296,-2.4285215683187373,test
2024-07-12,-2.792975746251869,-2.169595666155986,-2.1433334352135396,-2.2092510434435413,test
2024-07-15,-2.6777368608852683,-2.5420288083247464,-2.9240709709892627,-2.83981353214039,test
2024-07-16,-2.7382568193210233,-2.5434877795161372,-2.567067369857452,-2.506715943466045,test
2024-07-17,-2.599733116180696,-2.5496760181284457,-2.399948978836706,-2.6330807153593123,test
2024-07-18,-2.9127225237293497,-2.4487542228385983,-2.266621920562375,-1.7578365768569144,test
2024-07-19,-2.9073535200440626,-2.662510440306753,-2.603528358178986,-2.7823998359157813,test
2024-07-22,-2.910088741065777,-2.6712429916436355,-3.068382882594157,-3.0004911297533834,test
2024-07-23,-2.860247045537933,-2.6979394646980563,-2.7225604718110574,-2.8504239383607715,test
2024-07-24,-2.6738103960913997,-2.708509026826132,-2.5508399867880156,-2.3763179143345203,test
2024-07-25,-2.3218149444759333,-2.6717544594744704,-2.4815202503695346,-2.6601387248671204,test
2024-07-26,-2.908944885886601,-2.531345944122506,-2.485993798608363,-2.541693684602614,test
2024-07-29,-2.843176473958143,-2.67247210758415,-3.070894819495922,-3.0401508738310605,test
2024-07-30,-2.730389899884519,-2.6554470329426003,-2.6812095531295115,-2.5973569827436003,test
2024-07-31,-2.039110184229418,-2.6234800779535328,-2.475020633280935,-1.9260975653225332,test
2024-08-01,-2.0038472014918103,-2.406284690115563,-2.265590293524581,-2.2940303956551453,test
2024-08-02,-1.498308938382946,-2.362648649923453,-2.326920509502708,-2.0809312459025837,test
2024-08-05,-0.8998655526047304,-2.1097830226074117,-2.3225986325651276,-2.28007655975986,test
2024-08-06,-2.170097443866349,-1.768694899102802,-1.787913854141361,-1.8739759073410254,test
2024-08-07,-2.480295051366712,-2.007436182989675,-1.8978070864452163,-2.10209764163755,test
2024-08-08,-2.1087505646989526,-2.1189177823476815,-1.9508647158253019,-2.0972615969005233,test
2024-08-09,-3.0620414078022224,-2.034005959921107,-1.999943365671517,-2.032425410666713,test
2024-08-12,-2.873125725130024,-2.391308100391435,-2.8135162612710185,-2.7292456297381333,test
2024-08-13,-2.476829853227077,-2.5432659679987637,-2.569153298527019,-2.5490356337356337,test
2024-08-14,-2.173873080034644,-2.4765735426811357,-2.3412235970722457,-2.230270527050221,test
2024-08-15,-1.6890814261199036,-2.373534523236651,-2.220777276671133,-2.2571060841404464,test
2024-08-16,-3.069673992857569,-2.212337707628612,-2.1813175293145055,-2.3004547681936294,test
2024-08-19,-2.5020638191892295,-2.5352885381533934,-2.9556192874433127,-2.8931809224688747,test
2024-08-20,-2.530332157121878,-2.3666652943786364,-2.390532357366022,-2.514247257293686,test
2024-08-21,-1.9579989357236587,-2.3737761850890466,-2.2362758469522652,-2.327997198629301,test
2024-08-22,-2.0207118449097305,-2.2120734911051834,-2.075585569632799,-1.9369717999955327,test
2024-08-23,-1.3547471173910821,-2.247146001152468,-2.207963413814516,-2.2031039652678626,test
2024-08-26,-2.516946595371239,-1.9237255646321896,-2.114383420185313,-2.13596290142931,test
2024-08-27,-2.475773868018383,-2.1941045431967896,-2.219108743229177,-2.3230555113317384,test
2024-08-28,-2.001029827457172,-2.174830496599801,-2.041651216609102,-2.207452508518749,test
2024-08-29,-1.3759463631647346,-2.060274828406942,-1.9214246489744604,-1.966151973140636,test
2024-08-30,-2.0602076000706027,-1.8430011636190413,-1.8204418542758274,-1.6445183768859761,test
2024-09-02,-2.7213326139282934,-2.064388719500293,-2.3486477329658193,-2.3687121660891504,test
2024-09-03,-2.227797277569928,-2.2427982059074347,-2.2676401691077364,-2.200487268214537,test
2024-09-04,-2.0642306817900558,-2.1151692357946765,-1.9956161270881798,-2.1134003450439476,test
2024-09-05,-2.0421321836695285,-2.096437596962968,-1.9535263997816035,-1.9288978478611405,test
2024-09-06,-1.2278426505505893,-2.1504078285363555,-2.111864800175524,-1.8527777578485274,test
2024-09-09,-2.4530057948057857,-1.8738076930869239,-2.0468606451752374,-2.1487127969779527,test
2024-09-10,-2.78416120204685,-2.134606432227026,-2.1592936405485568,-2.1481019857238435,test
2024-09-11,-1.990622664291716,-2.2580267242060117,-2.106308134484085,-1.9517710491753308,test
2024-09-12,-2.0898348401025304,-2.0592345200145865,-1.9203928622112476,-1.3504573085461868,test
2024-09-13,-2.8216814762125813,-2.08199513120529,-2.0420967330727144,-2.2014747255829192,test
2024-09-16,-2.606707256976111,-2.4020051265434303,-2.7860476584464333,-2.7592169992550315,test
2024-09-17,-2.409235559546771,-2.376914243961292,-2.3983665951945907,-2.3721433093521034,test
2024-09-18,-1.0268083428487194,-2.2901152152525874,-2.1570536815347676,-1.5089263901491423,test
2024-09-19,-1.6665673611739846,-1.8686357781993788,-1.798890761332487,-1.9282707297434474,test
2024-09-20,-2.277133667923898,-1.9673868586299947,-1.9361006801804004,-2.0808652734479196,test
2024-09-23,-1.773391199181602,-2.061717381762937,-2.375434920788387,-1.941672233527253,test
2024-09-24,-2.359132123709728,-1.8676260290192344,-1.8877662404998052,-1.9698305206159588,test
2024-09-25,-2.0410582031974256,-2.008847051790841,-1.8832199377019414,-2.0567140809147286,test
2024-09-26,-1.4033917215813156,-2.022553253035949,-1.880057020107589,-1.8134088146523977,test
2024-09-27,-1.6160505100393208,-1.840204172415939,-1.815759103507129,-1.7544770032046522,test
2024-09-30,-1.4966811019252466,-1.8246846706026039,-2.050150306933509,-1.719084406665172,test
2024-10-01,-1.8044235342172006,-1.7735127573779785,-1.7917972974825205,-1.6535611847501834,test
2024-10-02,-2.2095047898447127,-1.7909333721870555,-1.6971857843610927,-1.7902552809376544,test
2024-10-03,-2.353958407879037,-1.8934792913021827,-1.740469391925263,-1.7891228995860264,test
2024-10-04,-1.0894568181453488,-2.0143632458919716,-1.969040872036524,-1.824009093988895,test
2024-10-07,-2.221667219185705,-1.6652776230008373,-1.819397010880506,-1.9139477491001373,test
2024-10-08,-2.5196985156583676,-1.9930651358274123,-2.0139658977692165,-2.0842058985487624,test
2024-10-09,-2.498419936511527,-2.140947425644145,-2.0026499259726296,-1.9954356888932478,test
2024-10-10,-1.8122993918838295,-2.1628024536825885,-1.9849973505696408,-1.9410887647670212,test
2024-10-11,-2.252096055543496,-1.9451751059849798,-1.9103820668917044,-1.899808973127656,test
2024-10-14,-2.604694643743843,-2.154642593104816,-2.4614761178056774,-2.5057782107219433,test
2024-10-15,-2.644002270299981,-2.276157570487632,-2.2964882657900705,-2.274570712508225,test
2024-10-16,-2.720311205261886,-2.294471073855488,-2.1462427170700664,-2.4191522677522084,test
2024-10-17,-1.7321853433097516,-2.333412982527915,-2.1367036037877774,-1.4926458165601304,test
2024-10-18,-2.822961344645162,-2.091662627158409,-2.0552673040097127,-2.170935335034568,test
2024-10-21,-3.011778659615816,-2.4141113112173613,-2.7964585467712446,-2.717636465610515,test
2024-10-22,-2.6657398857233106,-2.509538051963576,-2.5315934709409347,-2.6009614490522677,test
2024-10-23,-2.605619546602844,-2.436429801963456,-2.2864725125277743,-2.421952011021057,test
2024-10-24,-2.125016438699124,-2.42156594265283,-2.233786610380807,-2.121291996775332,test
2024-10-25,-2.745610280088727,-2.3442555824171887,-2.2990534478050964,-2.3846638515917675,test
2024-10-28,-2.7203730972009175,-2.487635526854729,-2.8600691547369936,-2.8060960481274524,test
2024-10-29,-2.012805099859698,-2.470184481998506,-2.4920960474837965,-2.4862213735251144,test
2024-10-30,-1.7103406279171816,-2.2529101320300904,-2.1432704502954976,-2.0269673792551433,test
2024-10-31,-2.082646506757799,-2.104585907504745,-1.9864739864381704,-1.790135743243165,test
2024-11-01,-1.6516742260575479,-2.189345240129147,-2.1503776438688047,-1.8302049021942564,test
2024-11-04,-2.1472494307822934,-1.9848109357079775,-2.216328800873589,-2.2655106987194866,test
2024-11-05,-2.801992755614259,-2.044236591302228,-2.0684956026751693,-2.0303430018099164,test
2024-11-06,0.00038277958098551445,-2.2854559122454763,-2.135007683134943,-2.1925383767412865,test
2024-11-07,-0.9959566813635796,-1.4617609131665348,-1.4731378477450885,-1.1412677285403714,test
2024-11-08,-1.5970236272505134,-1.5747335152853632,-1.565192364907518,-1.7007978554970675,test
2024-11-11,-1.6542363915313596,-1.6976443452642727,-1.9249923968467182,-2.0434726788791524,test
2024-11-12,-1.9254352985072154,-1.6642440152803162,-1.6882786849523188,-1.6752372631355537,test
2024-11-13,-1.137236367197137,-1.6432578110140423,-1.547868713935819,-1.3385024415776283,test
2024-11-14,-1.1801466156600637,-1.5490835054438226,-1.4774021286493841,-1.5119529530050744,test
2024-11-15,-1.271232211787166,-1.5592077673358604,-1.5433712794102332,-1.5064854932479599,test
2024-11-18,-1.898355373649537,-1.5342585079372493,-1.7156957483760928,-1.7123457038106324,test
2024-11-19,-1.2029781429376847,-1.702273252265157,-1.7247295415092703,-1.8670668776169892,test
2024-11-20,-1.7419953883383164,-1.4588230080415112,-1.4004234192583027,-1.497759450239519,test
2024-11-21,-1.3854971269077745,-1.6232145501336508,-1.5041957652089861,-1.597142221851709,test
2024-11-22,0.16558083975573593,-1.5456211532773372,-1.5221846587940298,-1.3384622022783756,test
2024-11-25,-0.9604178339248213,-1.0279144531957063,-1.0140322413858456,-1.0144298925963997,test
2024-11-26,-0.7217000955645658,-1.1881969799520222,-1.204159017723377,-1.1989777803748396,test
2024-11-27,-1.0069721650033205,-1.0669505518936615,-1.035101879527764,-0.8520354123238189,test
2024-11-28,-1.8703895126922458,-1.0464617028626546,-0.9825613055001003,-1.1461987442985426,test
2024-11-29,-1.3879917673138273,-1.2871200858890448,-1.2544076425659556,-1.1684673690256977,test
2024-12-02,-0.9671654995891019,-1.3137880209680604,-1.5064882469986847,-1.3656437770419547,test
2024-12-03,-1.5313576452006301,-1.2052459163802625,-1.2167375000010985,-1.3299754232757475,test
2024-12-04,-1.3772698626590105,-1.406936977476985,-1.3230285759646594,-1.1052325664189624,test
2024-12-05,-1.5109064887262018,-1.3965253343432982,-1.2981197471971193,-1.3853423718002305,test
2024-12-06,-1.0643074651291635,-1.3800622020417506,-1.3488388031554936,-1.0221472986494815,test
2024-12-09,-1.8037344232043302,-1.2601030038747951,-1.4069974457938694,-1.5315591857421484,test
2024-12-10,-1.9503449381336204,-1.514899736796494,-1.5293111767865677,-1.6360034312912275,test
2024-12-11,-1.4848234754433667,-1.5905703703674372,-1.4810865845502756,-1.3632188232085611,test
2024-12-12,-1.4180368357277253,-1.4915498898826451,-1.3844295566732245,-0.823729990973165,test
2024-12-13,-1.7598001742475606,-1.4620826661553046,-1.4320053491843243,-1.613480514731319,test
2024-12-16,-1.6207843417623784,-1.6106884650255573,-1.8482344244924158,-1.5306480888761014,test
2024-12-17,-2.03123912447132,-1.5671130513491223,-1.5789386835371035,-1.55018364538625,test
2024-12-18,-0.48268347628916036,-1.6772361535059463,-1.5626359499058,-0.9105203779013767,test
2024-12-19,-1.1610536501918365,-1.2148045261095406,-1.1818579776447327,-1.171624541192824,test
2024-12-20,-1.3180169184372983,-1.3467526083789032,-1.3238245389164267,-1.3413002257939524,test
2024-12-23,-1.742316604003717,-1.3379173354973606,-1.518932587238876,-1.4664075953218316,test
2024-12-24,-2.1677852294868067,-1.450377819303773,-1.4654005155899041,-1.6338149436988072,test
2024-12-26,-2.6542801461005205,-1.5866811288778138,-1.432564464798306,-1.7331887373694446,test
2024-12-27,-2.182033642161086,-1.9145683250222634,-1.8570130581283075,-1.916441098768853,test
2024-12-30,-1.4076074025871146,-1.915246527323147,-2.2094759093683467,-1.9692374906172945,test
2024-12-31,-1.9431708272853363,-1.750078150873113,-1.759730065882577,-1.9106102846880066,test
2025-01-02,-0.8284130954541522,-1.8920938617751986,-1.749891192728823,-1.8823942561774976,test
2025-01-03,-1.9371563206787794,-1.508263550743172,-1.4920042189888834,-1.7209317587129656,test
2025-01-06,-0.33299041552701714,-1.7086189971662968,-1.9736540336069044,-1.8893231369450931,test
2025-01-07,-1.2025802815941207,-1.1589725141693814,-1.1679904203479865,-1.1665024408460667,test
2025-01-08,-1.4130357288291804,-1.3380487176135174,-1.2765324846169395,-1.1150878500733727,test
2025-01-09,-2.146035691808735,-1.3371382738646826,-1.241818747590065,-1.2735609231259537,test
2025-01-10,-0.09181932449519799,-1.6372119968806051,-1.595785657233668,-1.2904451444294673,test
2025-01-13,-1.2348859042371807,-0.9788017565884796,-0.9998326730512166,-1.1094118022371462,test
2025-01-14,-1.2546986546974015,-1.3150856500320307,-1.3299088548004494,-1.3483147972680405,test
2025-01-15,-0.9952268832645533,-1.321780280401147,-1.2565540379754923,-1.063701621560042,test
2025-01-16,-1.2808761029100695,-1.219523397502023,-1.1536303670523567,-1.1836181360056512,test
2025-01-17,-1.4627186382475073,-1.2011786519544376,-1.1810284419902954,-1.3732610846405489,test
2025-01-20,0.16689491547635235,-1.3656142439506984,-1.568311547010826,-1.6435779427448758,test
2025-01-21,-0.7686433976296074,-0.8394965070152349,-0.8453727529157,-0.979915027773314,test
2025-01-22,-1.5062920169228124,-1.0133765721657046,-0.9775958734471978,-1.168939452537317,test
2025-01-23,-1.8365446985883682,-1.2330152759741704,-1.1301533846050746,-1.2482211980060103,test
2025-01-24,-1.35788035179769,-1.3651147808392552,-1.3309427949467527,-1.152505874157867,test
2025-01-27,-1.5475521791672162,-1.241377727745922,-1.4308862020274478,-1.314591120978267,test
2025-01-28,-1.412263292155667,-1.4336074478553749,-1.4469179029440729,-1.5290717229560686,test
2025-01-29,-1.4752683393177988,-1.447021916625336,-1.3675323803224417,-1.107135017604361,test
2025-01-30,-0.7344268699264962,-1.4507287152307784,-1.3435698820165753,-0.7270598793265084,test
2025-01-31,-0.8784292877787654,-1.1730109911729696,-1.1591521535212157,-0.9206999139596226,test
2025-02-03,0.13287006238147478,-1.1505796257184449,-1.271682743531764,-1.1394205661336136,test
2025-02-04,-1.3286179250731185,-0.7550252987443501,-0.7594827480057961,-0.8861721839201124,test
2025-02-05,-1.6432505952144714,-1.0761429566006646,-1.0055221916890593,-0.909794697501239,test
2025-02-06,-1.8712335556948205,-1.1783558293142795,-1.0637596003884295,-1.1851408855713428,test
2025-02-07,-0.7505146295596858,-1.341422352998456,-1.3037567351377524,-0.8813453295582171,test
2025-02-10,-1.8167805372963015,-1.0650528433568254,-1.169878842944326,-1.3566817923968848,test
2025-02-11,-2.2880574481679563,-1.4831676466109187,-1.4951626674649117,-1.4084961315216897,test
2025-02-12,-0.8306212475663817,-1.703156500310908,-1.5719184683161986,-1.3899833754447293,test
2025-02-13,-0.9297208810662869,-1.290216442275204,-1.230043303753302,-1.2174281786307044,test
2025-02-14,-1.8754018929752703,-1.2238388645531213,-1.2053843959348163,-1.2149817109212904,test
2025-02-17,-2.538873461048223,-1.5529799842218581,-1.8062392831606056,-1.881612648610668,test
2025-02-18,-2.1240331604381986,-1.7850039837427796,-1.8018601802598815,-1.8042890015182933,test
2025-02-19,-2.156964133785075,-1.6822987821682611,-1.5617029779388252,-1.6715127877254417,test
2025-02-20,-1.971472587633197,-1.83639036737315,-1.678012541932762,-1.7507033728327823,test
2025-02-21,-1.7597152573526205,-1.9018981662998085,-1.856273421291474,-1.6809860766669529,test
2025-02-24,-1.5427883728861067,-1.8456246043803237,-2.0811968614078817,-1.9713313452033583,test
2025-02-25,-1.8555921928098065,-1.7020852748284911,-1.7125433564300048,-1.8098521241678662,test
2025-02-26,-1.5083345015930814,-1.7551251133649146,-1.6502068280748567,-1.7472897090065125,test
2025-02-27,-1.5621929907974224,-1.6160677906759182,-1.5078795706826436,-1.534051076321487,test
2025-02-28,-1.5436874411415233,-1.5929604159508124,-1.56129821791928,-1.226802117392515,test
2025-03-03,-1.3886930376046138,-1.5698676765956068,-1.781303088325604,-1.6000576172688399,test
2025-03-04,-0.8990110085218087,-1.527643982028849,-1.540994867942674,-1.698356398011645,test
2025-03-05,-0.4526750528190718,-1.3286003333314897,-1.2831934400916325,-1.1417467844837454,test
2025-03-06,-0.5513043837809499,-1.1368623165225569,-1.1119359455599962,-0.4672801948058054,test
2025-03-07,-0.680281579108556,-1.0589951261643944,-1.0564149046175328,-0.6359248442066696,test
2025-03-10,-0.7871948775091197,-0.9993990741359026,-1.1017962418666862,-1.2963308819554222,test
2025-03-11,-1.037716837686339,-0.9571549279810163,-0.9736669556500028,-1.107939071989282,test
2025-03-12,-1.4854989167821928,-1.0304937807857915,-0.9824515776563177,-0.7946850251574675,test
2025-03-13,-1.3863510839958146,-1.223347889632002,-1.1237378468074277,-1.1998888227147742,test
2025-03-14,-1.2879816021119443,-1.2662637145108804,-1.2424886543353793,-1.3485447180898948,test
2025-03-17,-1.9849221345502177,-1.3039902623056943,-1.4836282047335547,-1.3958244403179192,test
2025-03-18,-1.682284751279615,-1.5846017254520968,-1.602286865323098,-1.6909889584539477,test
2025-03-19,-1.2315682330039412,-1.571466878077,-1.4786083540950044,-0.8871641167336061,test
2025-03-20,-1.4867465760055563,-1.4302399419310188,-1.343020166095482,-1.3040764281306978,test
2025-03-21,-1.688723394298161,-1.4907808378831322,-1.4601249212632228,-1.5575507512786433,test
2025-03-24,-1.4119709673731462,-1.5682745402288385,-1.7971325432860905,-1.4304540484747477,test
2025-03-25,-1.961347077378588,-1.446428919518288,-1.4579232379897977,-1.5384228317952404,test
2025-03-26,-1.8333159787149944,-1.6001642916526266,-1.489932793373979,-1.6537883489458178,test
2025-03-27,-1.4835820575268317,-1.628665511299476,-1.4952682467915293,-1.5225034419276098,test
2025-03-28,-1.6332874823206682,-1.5439006550959038,-1.5114864683557547,-1.5134040633837655,test
2025-03-31,-1.3194009329119691,-1.5746434660420199,-1.7953885819546982,-1.523651713528934,test
2025-04-01,-1.53932117187105,-1.491444081748914,-1.5009523872740567,-1.351450124475449,test
2025-04-02,-0.7142722404721331,-1.5035725176823154,-1.417246454713142,-1.457974432954924,test
2025-04-03,0.28326201438803567,-1.2049705807826303,-1.1559345301348551,-1.2458224168980103,test
2025-04-04,0.11096195751827184,-0.8022471855652203,-0.8143826007979681,-0.5922330341054134,test
2025-04-07,0.1680380196973864,-0.6771149471211237,-0.6709753320197128,-0.8580955388233786,test
2025-04-08,-0.5222659967930072,-0.5208848111065433,-0.5309638240231959,-0.7077566464848699,test
2025-04-09,0.5535321828184618,-0.585262562127537,-0.5684943508250541,-0.472136225806721,test
2025-04-10,0.0751135089784068,-0.20809655795578588,-0.2632307148069665,0.12502870569474211,test
2025-04-11,1.04101823945042,-0.3243311026284052,-0.33963943282210474,-0.33928810108009544,test
2025-04-14,-0.18466967980559484,0.010265589532437802,0.13656864281527026,-0.01314989751839768,test
2025-04-15,-0.6269576880974168,-0.2896639594915603,-0.30354850823378876,-0.38150833780397275,test
2025-04-16,-0.6752835001454651,-0.39328756818738086,-0.3696114146895999,-0.3254529025135875,test
2025-04-17,-0.9982094597930574,-0.5012281114318383,-0.46089483571600615,0.12671308577592555,test
2025-04-18,-2.301494649762614,-0.6651282428038099,-0.6496562834293166,-0.8295303881295202,test
2025-04-21,-0.5009200340395286,-1.279840419855802,-1.5909656857509031,-1.5761473197579852,test
2025-04-22,-0.7267431976696938,-0.8840714413537675,-0.8872626546284953,-0.9725912940883659,test
2025-04-23,-0.011264083426872972,-0.9341684290240875,-0.8918346008847139,-0.6383254697144315,test
2025-04-24,-1.1655878340831367,-0.6938724726250414,-0.6926338241722754,-0.7054203389874633,test
2025-04-25,-1.2915192648552811,-0.965152958961363,-0.9381406938049885,-1.1158198430884165,test
2025-04-28,-1.1036270998656417,-0.8962837106071885,-1.0707446147618476,-1.0976770501721416,test
2025-04-29,-1.0484009278144542,-0.9035937129307523,-0.910050335756891,-0.9057282051502115,test
2025-04-30,-1.1129752346013555,-0.913544216952709,-0.8518930585225672,-0.2827328167677705,test
2025-05-01,-1.1229753529631685,-1.026073024978231,-0.9406472394138026,-1.0168301059961242,test
2025-05-02,-0.893908013154221,-1.0198216132040052,-0.9907425460590575,-0.6118547238297948,test
2025-05-05,-1.4115555088196288,-0.9331490970595572,-1.0502711240039528,-1.1411712122983277,test
2025-05-06,-1.19791632836503,-1.0990000605771193,-1.1054650879377228,-1.1825438795462764,test
2025-05-07,-0.8204310581195267,-1.0782323335146065,-1.0073799960496579,-0.8180908790091017,test
2025-05-08,-0.9592483216933106,-0.9761119266045923,-0.9146880233041534,-0.8930155827922,test
2025-05-09,-1.7027094596471193,-0.9980297124655991,-0.9758901659975814,-1.0724948946962158,test
2025-05-12,-0.3889806460292715,-1.2675087609796514,-1.495825254446763,-1.5526390636775995,test
2025-05-13,-1.4740135830839183,-0.8782607096960313,-0.8819031852856124,-0.7059673447651122,test
2025-05-14,-0.893558227384904,-1.1807076719405254,-1.0985544543052688,-1.2099427259003026,test
2025-05-15,-1.3026366999486252,-1.0620433169078567,-0.9988777005990078,-0.8034918987586855,test
2025-05-16,-1.700665172766339,-1.1947342187650771,-1.1677700051389883,-1.1181010670223541,test
2025-05-19,-1.3120412359566398,-1.2974565917520313,-1.5291210362834526,-1.493379749298355,test
2025-05-20,-1.6256950290285874,-1.2955603936029325,-1.3052643685447998,-1.3503686718641537,test
2025-05-21,-1.23651993607542,-1.373750332038353,-1.2812924984563943,-1.4233345843712268,test
2025-05-22,-1.204312537558865,-1.3238009504624075,-1.2334099006158927,-1.058985872248106,test
2025-05-23,-0.7547537120930672,-1.3128462711633642,-1.2866360758391902,-1.3970164146362016,test
2025-05-26,-1.8840043591037836,-1.1321070380006397,-1.2364915373195824,-1.3825070892888027,test
2025-05-27,-1.6712694273800934,-1.451377953944215,-1.4659768787434935,-1.4730187145278384,test
2025-05-28,-1.5400977051434932,-1.4109401627616798,-1.3177407992293038,-1.4442635703518332,test
2025-05-29,-0.6701297894005459,-1.41328996811519,-1.3024629574760096,-1.3162150932661667,test
2025-05-30,-1.3225025058869717,-1.1608014202950208,-1.1485399830836889,-0.8000141072502949,test
2025-06-02,-1.6400399183416428,-1.3644823865817433,-1.54434460258677,-1.3704894686788458,test
2025-06-03,-1.7558781942369495,-1.421048693445409,-1.4344048803477822,-1.4368478964339773,test
2025-06-04,-1.538803571767555,-1.4650124125612487,-1.3675704614904276,-1.2692036047854958,test
2025-06-05,-1.2544962981915102,-1.416485650368962,-1.3067363995689172,-0.866049239431703,test
2025-06-06,-1.5484426208469628,-1.4048996741544846,-1.3788105801600763,-1.0815226436706937,test
2025-06-09,-2.0895896767778153,-1.5010819739591734,-1.71144818799818,-1.6996994326090433,test
2025-06-10,-1.6150914377220107,-1.678842611945101,-1.6943020613869793,-1.8809280460216806,test
2025-06-11,-1.2826544365223904,-1.5561338546366832,-1.4657143257827474,-1.3392302246900323,test
2025-06-12,-1.0681176340337077,-1.4665952871978343,-1.3754754583993325,-1.4271283595904085,test
2025-06-13,-0.5782606391352639,-1.3958564852931206,-1.3749840013695611,-1.481327928125884,test
2025-06-16,-1.6050768031701674,-1.1917634410183202,-1.2741387199930418,-1.3629136565805673,test
2025-06-17,-1.4642955244673936,-1.3869256562672372,-1.4031840402638918,-1.407472213547454,test
2025-06-18,-1.1397118768384595,-1.338256287981203,-1.2604121020538719,-0.5597450590048949,test
2025-06-19,-1.7902188150518177,-1.248819486323856,-1.171321393089196,-1.3720499798629575,test
2025-06-20,-1.8729558976728777,-1.4655797592501731,-1.4304805198402355,-1.4987482659741895,test
2025-06-23,-1.0645736240360977,-1.6092709862085086,-1.8641784155535421,-1.467609948144743,test
2025-06-24,-1.376784107282621,-1.373028858740129,-1.3835965937558004,-1.372460720695994,test
2025-06-25,-2.071900487506308,-1.4437557971898038,-1.3691852598986385,-1.4285388173959814,test
2025-06-26,-1.3690436912258168,-1.6900943130794532,-1.5408893767666367,-1.5078421944287557,test
2025-06-27,-1.4517516222979991,-1.4870879543621638,-1.4596763901478826,-1.4162042707536764,test
2025-06-30,-1.6794076334309147,-1.4668440262405529,-1.6661566690231464,-1.4835434996203454,test
2025-07-01,-1.500444780408242,-1.5862741803468736,-1.6005902324029813,-1.4291044042501262,test
2025-07-02,-1.5485512928066454,-1.558411803676638,-1.4757823631928697,-1.5671538591731955,test
2025-07-03,-0.7489749397394282,-1.5209146812968508,-1.4115524478459303,-1.0803764015457478,test
2025-07-04,-2.4484968232314657,-1.2697259942867953,-1.257610660583281,-1.4009096995970611,test
2025-07-07,-1.5898329009341026,-1.7606429922482694,-2.093719276541927,-2.1585080023064513,test
2025-07-08,-1.6783324981154464,-1.5591341658823272,-1.5732432875512525,-1.6744707545795754,test
2025-07-09,-2.2120953136184807,-1.597062988742048,-1.5045502455556587,-1.504291482839633,test
2025-07-10,-2.1886888894666385,-1.7812309252323135,-1.6214988190459445,-1.764402377983548,test
2025-07-11,-1.9059054732018614,-1.9130120181255956,-1.8641525484708705,-1.9977380392362518,test
2025-07-14,-2.0797383945971317,-1.80582916629054,-2.0636888877785475,-2.104970795459169,test
2025-07-15,-1.4976555811150416,-1.9015860861254603,-1.9161610479506046,-1.6707976535479305,test
2025-07-16,-0.5281173140998516,-1.7618711680471977,-1.677967102661244,-1.7891017097775026,test
2025-07-17,-1.8126825573611072,-1.3742822410469993,-1.3397408968523719,-1.2150470044109514,test
2025-07-18,-2.051964909089152,-1.6389897775132176,-1.6037839383101204,-1.7038968294412096,test
2025-07-21,-2.097645429660279,-1.7174396790282838,-1.9991689633850396,-2.019861801598799,test
2025-07-22,-2.0224722716878576,-1.7330081358916234,-1.7523830868557977,-1.8728722153696726,test
2025-07-23,-1.7318514616164715,-1.765076211929128,-1.6541649745454852,-1.8285041544971776,test
2025-07-24,-1.6366951393764164,-1.8151347622095775,-1.6910454121923109,-0.8664009167715069,test
2025-07-25,-2.062663467766759,-1.7802304863271674,-1.7469854691992823,-1.8718404948962375,test
2025-07-28,-1.4990185481239349,-1.8788981238264357,-2.159869161976134,-2.155888659217574,test
2025-07-29,-1.3275295358686803,-1.6966003717840186,-1.7108309711653176,-1.7542854697270789,test
2025-07-30,-1.212139672774044,-1.592738706483587,-1.52245990322339,-1.048498694594738,test
2025-07-31,-1.4425615888190757,-1.5138110882500173,-1.431322839183635,-1.2835283324883164,test
2025-08-01,0.35502370620667945,-1.5484392406199992,-1.5229485704723686,-1.0550242965125198,test
2025-08-04,-1.366981103001516,-0.8948336515358306,-0.8569565030826403,-1.1108560059859982,test
2025-08-05,-1.6426541584248946,-1.2851544342178554,-1.3048491931463093,-1.1967603156916005,test
2025-08-06,-1.8318582102567387,-1.3680015803118857,-1.2838209465750705,-1.3954057482225783,test
2025-08-07,-1.4507598893650884,-1.4704248525058863,-1.3449460734483638,-1.3786048917497096,test
2025-08-08,-2.040141452977451,-1.3811136145095748,-1.3572980653493285,-1.4078691841828073,test
2025-08-11,-2.243315207474767,-1.731953445459355,-2.0106341822076854,-2.028190884960132,test
2025-08-12,-1.0668437622432347,-1.8587759148168728,-1.8759186682700484,-1.6210740916015736,test
2025-08-13,-2.180327500095228,-1.5269583139187006,-1.4688639887449229,-1.5862219625274074,test
2025-08-14,-1.8196392894719338,-1.8153757736859892,-1.6580846789927643,-1.8037954215812926,test
2025-08-15,-2.230237297502234,-1.7696718640719316,-1.7309800270248503,-1.6705157928331746,test
2025-08-18,-2.2087165239423174,-1.900329049283065,-2.2031070987880814,-2.20646783295952,test
2025-08-19,-2.2248626161801144,-1.8966972471629444,-1.9139879923418759,-2.0309323016683014,test
2025-08-20,-1.9881395570193694,-2.0074819033589217,-1.881025001398319,-1.9486104329431138,test
2025-08-21,-2.0146555245901854,-1.934452507400824,-1.789804502466684,-1.5754242350391323,test
2025-08-22,-0.7771937562327558,-1.9581578062969387,-1.9138729900332945,-1.9658616949646688,test
2025-08-25,-2.159370924075425,-1.5313955525599605,-1.638699746371358,-1.6052612984444883,test
2025-08-26,-1.446572327221221,-1.8501298480835857,-1.867521687306301,-1.9735469062438282,test
2025-08-27,-1.864080978471948,-1.6088919432736055,-1.5304520380958333,-1.7164057716879837,test
2025-08-28,-2.216134690257715,-1.6975890737367594,-1.5657734519437914,-1.74279475808789,test
2025-08-29,-1.9892960252016083,-1.8066964243377874,-1.7621916723809568,-1.4545401716653048,test
2025-09-01,-2.6227883984795226,-1.8733935099798251,-2.144248537284782,-2.1741471520105926,test
2025-09-02,-1.4063270420141383,-2.074175770301795,-2.094282584120851,-1.9225297029524067,test
2025-09-03,-1.6973972457626738,-1.8110218127704063,-1.7344340448327182,-1.7954483525345388,test
2025-09-04,-2.097126108448156,-1.8664301219259354,-1.7464216389939693,-1.7469236714438452,test
2025-09-05,-1.411567648801613,-1.9525083213986603,-1.9106184579639938,-1.6699384898509126,test
2025-09-08,-2.232491845931818,-1.7379336055035441,-1.9336027796819173,-2.061824025300625,test
2025-09-09,-2.0248591964675735,-1.8997638564493553,-1.921307380198376,-1.9658131919885364,test
2025-09-10,-1.6583372193175654,-1.9080762739541521,-1.798028459724954,-1.8019411257567968,test
2025-09-11,-1.4147077507886614,-1.8138048538408984,-1.6977249369407212,-0.9067895655961757,test
2025-09-12,-2.308006441484701,-1.6998222273705086,-1.675130505999994,-1.7786783869833527,test
2025-09-15,-2.4663568153424955,-1.9877400240110963,-2.3038195406435777,-2.2760181490113034,test
2025-09-16,-1.9337606646170404,-2.052596139073626,-2.074066920597748,-2.0672882549182527,test
2025-09-17,-0.8427439207718835,-1.9187124744677726,-1.8133991127266416,-1.1371069166352612,test
2025-09-18,-1.4580371480455714,-1.5788241899726598,-1.5229500991659795,-1.5723385398705916,test
2025-09-19,-1.825356855088872,-1.71540898107683,-1.6883345499289595,-1.858011490866087,test
2025-09-22,-2.2835964403375812,-1.7540954509332842,-2.0061375809632187,-1.9040817064395603,test
2025-09-23,-2.101354950180639,-1.8457345909025786,-1.8675572723440732,-1.5958522407556803,test
2025-09-24,-2.2970936951721552,-1.8339887056294732,-1.7211066527692624,-1.842402511051115,test
2025-09-25,-1.7621721689553151,-2.0125150393631044,-1.8488520531463957,-1.8194610722208153,test
2025-09-26,-2.1311846849426885,-1.9208582819976958,-1.8857258050143577,-1.928905711681276,test
2025-09-29,-2.0390513239914347,-2.036348836916254,-2.327048175858332,-2.2463790295542694,test
2025-09-30,-1.9780093469527376,-1.9910036679238587,-2.0085040534175307,-1.678806721218039,test
2025-10-01,-1.116579652712107,-1.9656635623942664,-1.8569317432598573,-1.7822836310348076,test
2025-10-02,-2.0928519949607476,-1.6437808172667585,-1.5675923447121753,-1.7400002383863165,test
2025-10-03,-2.5790331990496633,-1.9056646007400861,-1.8644988593661194,-1.9791813556793199,test
2025-10-06,-1.2822118594862268,-2.067856092477665,-2.4202793313990054,-2.3958184927488664,test
2025-10-07,-2.307850308582852,-1.6922427946850425,-1.7066627688888847,-1.7884113815564433,test
2025-10-08,-2.0299785103511447,-1.9677417663232317,-1.8418303641753335,-1.8308122893921248,test
2025-10-09,-1.7828045562375185,-1.984594108549269,-1.8400401183790671,-2.024026289293164,test
2025-10-10,-1.4692913198213313,-1.8969754559701741,-1.8618012502286743,-2.0011720277802896,test
2025-10-13,-1.8615763573890967,-1.722118359874692,-1.9264400629570138,-2.020984740131291,test
2025-10-14,-1.8047561548773612,-1.869806219789272,-1.8877389398798148,-1.798726311266406,test
2025-10-15,-2.177709698564524,-1.805430232239021,-1.7086378679185354,-1.8978767396077616,test
2025-10-16,-2.2425025083715333,-1.9012270605687,-1.747679725380013,-1.7290931484894252,test
2025-10-17,-2.0261435086552777,-1.9613078658742578,-1.9166160193461574,-2.1055571338014705,test
2025-10-20,-2.655994227345768,-1.9754870712935386,-2.2531601287820386,-2.264130675984272,test
2025-10-21,-2.1562555330560076,-2.20568346221642,-2.227253939983118,-2.32304441125297,test
2025-10-22,-2.648031788651522,-2.1265765554833704,-2.0069232362624434,-2.1756355432474628,test
2025-10-23,-2.9544536545838347,-2.286280961556078,-2.0952851781306436,-2.381854029682255,test
2025-10-24,-1.6026685839030925,-2.4308574017908255,-2.3671592687054623,-1.9374592091672966,test
2025-10-27,-2.7182090065141242,-2.0742443356586073,-2.2924217570162497,-2.255686517889905,test
2025-10-28,-2.3530584775787196,-2.346758472392724,-2.367553666226383,-2.419157068197185,test
2025-10-29,-0.9919338406525803,-2.283282512321675,-2.151441761443731,-2.0038143926804763,test
2025-10-30,-1.9600485546386803,-1.8086539058565119,-1.7410125608308027,-1.0822059205365546,test
2025-10-31,-2.28339151774775,-1.9404457852251267,-1.9037486728985578,-1.781998440711888,test
2025-11-03,-2.4130023044884896,-2.089597401766946,-2.4034275740996818,-2.245466756819391,test
2025-11-04,-2.474356795467396,-2.0952438217100995,-2.1182547893200967,-2.190735333262752,test
2025-11-05,-2.462505161058477,-2.1191666787562786,-1.98462297127066,-1.9853067676174274,test
2025-11-06,-2.426226248972865,-2.2632199023196686,-2.0876245255651105,-2.2079825062016702,test
2025-11-07,-2.326594112091282,-2.298544217478252,-2.2484408465773416,-2.4076217403834015,test
2025-11-10,-2.3993009888761176,-2.282924691730249,-2.6002164360961437,-2.6553535676822,test
2025-11-11,-2.5550053250477105,-2.3053017487891694,-2.325479162025884,-2.388778515815146,test
2025-11-12,-2.7503161809426757,-2.3605732783286553,-2.2194264846864917,-2.401983868501747,test
2025-11-13,-2.1965522880093102,-2.4415327201717965,-2.2449421580686817,-2.223752799079996,test
2025-11-14,-2.177747406775334,-2.297942447859718,-2.254441198228748,-2.357460917215045,test
2025-11-17,-2.7459591674677175,-2.2801118152400517,-2.5790509818932206,-2.4901572607906894,test
2025-11-18,-2.3875785031178984,-2.44770041838919,-2.4711619373076106,-2.4541378637101747,test
2025-11-19,-2.270574470890678,-2.354279263979459,-2.2237111283861957,-2.28407845484177,test
2025-11-20,-2.0695099691462007,-2.279529625688658,-2.1197823161381177,-1.528970414103986,test
2025-11-21,-2.0124235625530726,-2.2208574850466305,-2.181472432916238,-1.9049763228017715,test
2025-11-24,-2.4734192329270517,-2.1855986336736923,-2.463236093407353,-2.383145667148787,test
2025-11-25,-1.8655135684778472,-2.261291798200899,-2.284521185284283,-2.0746124496926046,test
2025-11-26,-2.011227387061555,-2.0772760655788147,-1.97868664494165,-2.090302071426199,test
2025-11-27,-2.8850959742577773,-2.0792408269192375,-1.940067804547587,-2.284786672869358,test
2025-11-28,-2.2647030165811746,-2.3599010401593388,-2.302619250182147,-2.2346228426355066,test
2025-12-01,-2.294750676535524,-2.2546687500082045,-2.566766139946814,-2.4261624032743683,test
2025-12-02,-2.545152357393257,-2.2491077088162794,-2.271884531998471,-2.2333964183205333,test
2025-12-03,-2.7357454979107807,-2.3712434815703505,-2.2323748366828324,-2.2303406066776335,test
2025-12-04,-2.736231598990866,-2.484407329651321,-2.289464276702728,-2.526054613518939,test
2025-12-05,-2.555278315580427,-2.4739465864707872,-2.4188389981549396,-2.378178280740222,test
2025-12-08,-2.3884838155014663,-2.459824042702456,-2.809223361523852,-2.8912345693417323,test
2025-12-09,-2.5429339041177212,-2.4296146365759945,-2.4504449013458194,-2.479936834695528,test
2025-12-10,-1.8591041093034788,-2.467305280723778,-2.327243541644526,-1.674848715531779,test
2025-12-11,-2.274821592973228,-2.224642184348097,-2.0950126930379223,-2.1995556958554285,test
2025-12-12,-2.58045817172904,-2.2750495523856853,-2.2316583649490607,-2.340665601323474,test
2025-12-15,-2.6175098138289985,-2.3455994021631605,-2.7002306032572894,-2.6514017292346512,test
2025-12-16,-1.8794689735492591,-2.3796296624030298,-2.4038314132809417,-1.4511982223201287,test
2025-12-17,-2.3067298331718327,-2.1465924849947613,-2.047168894280428,-2.22368691027596,test
2025-12-18,-1.9860364434424793,-2.2803927734396283,-2.11839401015588,-1.465295251701285,test
2025-12-19,-2.5157165360905496,-2.1760325729761787,-2.1390188110375443,-2.272492502979163,test
2025-12-22,-2.6690060903860235,-2.2945213778976763,-2.6408032066433953,-2.53922316188603,test
2025-12-23,-2.6073045081485837,-2.341127946519086,-2.3664812988528716,-2.3706947682606465,test
2025-12-24,-2.920449016976821,-2.3997255465998233,-2.2574814000037002,-2.52483105657384,test
2025-12-26,-2.4822459421568643,-2.5323639667203865,-2.473194050274231,-2.698832450530393,test
2025-12-29,-2.2094147427024033,-2.4837353641316473,-2.82322085550053,-2.710122927152804,test
2025-12-30,-2.694040459223413,-2.3955132025594312,-2.415955743782883,-2.2055237897156883,test
2025-12-31,-2.4016454827142297,-2.50690662139981,-2.358757172557333,-2.5390881868984763,test
2026-01-02,-2.4284290722425723,-2.422641675245516,-2.3753795370624298,-2.5209966813387137,test
2026-01-05,-2.084901270643011,-2.385623556861887,-2.719847581426103,-2.5883277520652386,test
2026-01-06,-2.225496710913961,-2.265505008758404,-2.2869099686429095,-2.256136641603815,test
2026-01-07,-2.5112413878972037,-2.293511153706204,-2.173721358048289,-2.2290879214354797,test
2026-01-08,-2.810161684706422,-2.3399923077989215,-2.163710088982956,-2.384532056247589,test
2026-01-09,-2.545392796799743,-2.448575636677586,-2.393022152383266,-1.9812715640755956,test
2026-01-12,-1.9915944043901037,-2.40016827061623,-2.7497898669473786,-2.7378102540183678,test
2026-01-13,-2.41915273384225,-2.2583521785240497,-2.278148399872063,-1.9339002461147943,test
2026-01-14,-2.841429871056144,-2.3803926093320813,-2.2488346072939516,-2.069820143993723,test
2026-01-15,-2.621065198993287,-2.513689781514922,-2.3120167733511656,-2.468246767162074,test
2026-01-16,-2.501653698721513,-2.44638374287889,-2.394780545815168,-2.5484622883911716,test
2026-01-19,-2.0825520986829926,-2.413694547194446,-2.757329682119993,-2.8643900731388943,test
2026-01-20,-1.6130474247448654,-2.328011020138546,-2.3483974492348154,-2.358308521673745,test
2026-01-21,-1.7345752305851767,-2.139234936836145,-2.0548163745252817,-2.1640050453759967,test
2026-01-22,-2.3834274104369704,-2.0638217605684135,-1.9464942359386423,-1.8897811139354188,test
2026-01-23,-1.9847311659579994,-2.189733532101426,-2.14679218054015,-1.989850633147031,test
2026-01-26,-1.3187071558454366,-2.0435748538368608,-2.32151598002829,-2.207925869359366,test
2026-01-27,-0.3860030967921794,-1.806830362071132,-1.8268474800460623,-1.911658960078654,test
2026-01-28,-0.6564990152557193,-1.4528042076823042,-1.4428780057252577,-1.2194310909900572,test
2026-01-29,-1.0179058120035362,-1.396515118690579,-1.3616007106088273,-1.401313734605017,test
2026-01-30,-0.9104806033527916,-1.342129218993302,-1.334557271683531,-1.0258981202261355,test
2026-02-02,-1.3997641568143095,-1.199892786921035,-1.338601768786209,-1.2756853428377486,test
2026-02-03,-1.9044663620653337,-1.3083302041015747,-1.3329940243130118,-1.415134661923751,test
2026-02-04,-1.9772749423252378,-1.5561780535452625,-1.4597135971963142,-1.3803723933824368,test
2026-02-05,-1.931499986027238,-1.691596200179507,-1.556623211694245,-1.0775811333569663,test
2026-02-06,-2.507841790026488,-1.7607264729957481,-1.725658569848045,-1.7763984110249496,test
2026-02-09,-1.8067248136390854,-2.038035226759944,-2.380737004384714,-2.4132994418191753,test
2026-02-10,-2.1479922620856167,-1.902733603708426,-1.918244355649696,-1.7086905203338616,test
2026-02-11,-0.9536757752784064,-1.9987304033364262,-1.8789631782860157,-1.580792478620976,test
2026-02-12,-1.9401189314854113,-1.6199270054861408,-1.5542789420703145,-1.6739843144692887,test
2026-02-13,-2.1756938995478703,-1.8418086487271565,-1.8026108240313545,-1.60479928336233,test
2026-02-16,-3.0562928175629125,-1.8582590952762432,-2.15551306231755,-2.25195187943789,test
2026-02-17,-2.609918869460176,-2.1787771871682065,-2.20117344539489,-2.139599607516364,test
2026-02-18,-2.433261241720797,-2.1194462265478142,-1.9717345457727442,-2.0861713791544605,test
2026-02-19,-2.0111342740872606,-2.2171568053904713,-2.0377857660407077,-1.9431230318592696,test
2026-02-20,-1.689906804784421,-2.1311594818349353,-2.0852409946740122,-1.6849438500521843,test
2026-02-23,-2.1106626000489936,-2.012801522986296,-2.240080336814689,-2.0960291803220783,test
2026-02-24,-2.532667067998503,-2.0204874584726413,-2.035772613572239,-2.0005965417967695,test
2026-02-25,-2.744928857350799,-2.116521350228959,-1.9736827700251507,-2.1133470351518673,test
2026-02-26,-2.3605059174890797,-2.209578471310948,-2.0106704702239404,-2.2410722251185122,test
2026-02-27,-2.3664322006558387,-2.175224227557375,-2.125172073011033,-1.9268608255573345,test
2026-03-02,-1.1259690597767176,-2.257220825672014,-2.578074392196531,-2.391999505179985,test
2026-03-03,-0.9882636314157197,-1.8842324969525381,-1.8956288744223064,-1.9685255674911484,test
2026-03-04,-1.1795626008945528,-1.7132762243009994,-1.6637145202025696,-1.592464073557329,test
2026-03-05,-0.901932757164682,-1.6126058959864922,-1.5359641326216606,-1.7341922263225564,test
2026-03-06,-0.9309676392842802,-1.40517607757463,-1.3969803507993679,-0.8623586759054805,test
2026-03-09,-0.672869680991017,-1.269760987343428,-1.409123874944528,-1.6088205977439933,test
2026-03-10,-1.2188534044742494,-1.155223057567631,-1.1737794746840366,-1.2679106434364495,test
2026-03-11,-1.6507435514443252,-1.2870280273338526,-1.230412462833967,-1.0384913601271273,test
2026-03-12,-1.852268365518555,-1.4272127058713744,-1.318427633291829,-1.4477248446019926,test
2026-03-13,-1.6063699162257699,-1.5564380182518711,-1.525364724788954,-1.5094612626650563,test
2026-03-16,-1.5992189673934987,-1.5686343092231976,-1.7941897140694603,-1.8514883757116958,test
2026-03-17,-1.8318298899862462,-1.6472633980166924,-1.6651143008428466,-1.7404616699513953,test
2026-03-18,-1.4818902052570302,-1.752456657038472,-1.653787627156177,-0.9304634666886762,test
2026-03-19,-0.8985695858580163,-1.639090101161904,-1.535975009302085,-0.9437269643733489,test
2026-03-20,-1.5051445367990008,-1.3993467004696194,-1.3855204959688163,-1.5265033144388744,test
2026-03-23,0.07649996064102181,-1.518993421400891,-1.727588600997661,-1.6534133840649246,test
2026-03-24,-0.9864602607536137,-0.9802604701534421,-0.9874970488956817,-0.8572564677355805,test
2026-03-25,-1.635867242196868,-1.1396559617437438,-1.0923299733289678,-1.1687553025411948,test
2026-03-26,-1.6478950204261158,-1.2974002922238008,-1.1861544034141374,-1.3522254992911868,test
2026-03-27,-2.118229300434486,-1.35824926761506,-1.3282070571576674,-1.4820727536657163,test
2026-03-30,-2.0095637271429108,-1.5148540621622055,-1.8052904404423593,-1.6622460629635263,test
2026-03-31,-1.3941244616180193,-1.6753516689772605,-1.689669872932618,-1.4321206175778838,test
2026-04-01,-1.5529502778637612,-1.5601348928141212,-1.480191840908829,-1.2910133586630175,test
2026-04-02,-1.398136775754831,-1.5938707680066524,-1.480271349164353,-1.6065271616395849,test
2026-04-03,-2.915604638756088,-1.5402571695844118,-1.509929203661829,-1.4270573331086587,test
2026-04-06,-2.199376865568605,-1.9805610942903846,-2.373596000584016,-2.261751866819681,test
2026-04-07,-1.9975370903191043,-1.8479316917202262,-1.8631403775924509,-2.010711816919153,test
2026-04-08,-0.9946326287838813,-1.86835870974002,-1.75438664666061,-1.755967780851378,test
2026-04-09,-2.0553129772917424,-1.591024051345763,-1.519478361351886,-1.3421997264591221,test
2026-04-10,-2.022587758656766,-1.9036144420371772,-1.858476585202613,-1.618840788311291,test
2026-04-13,-2.2268244256263117,-1.8192039207821482,-2.0940692983340363,-2.073773993303775,test
2026-04-14,-2.3375150507652482,-1.872796585092515,-1.8901494518066897,-1.7579488370125416,test
2026-04-15,-2.4851595235370345,-1.9372928466682573,-1.8061964004061213,-1.8944036131281103,test
2026-04-16,-2.5182022704712637,-2.116469512207084,-1.93465783778526,-2.267005643755068,test
2026-04-17,-1.7690624160031974,-2.173794010933711,-2.117414492723739,-2.2756193013658157,test
2026-04-20,-2.3227777469569504,-1.9820052890952,-2.220480333677245,-2.241386964028806,test
2026-04-21,-1.7000270318358184,-2.1338514035837277,-2.150075502554823,-2.033398343685185,test
2026-04-22,-2.438639644182858,-1.9351845223202937,-1.840214881615069,-2.0065759758461965,test
2026-04-23,-1.9364959758929903,-2.1288064845268164,-1.9539512651083137,-1.8597573289304334,test
2026-04-24,-2.4889100250034253,-1.9713806956924171,-1.933557576489981,-2.0717580589296416,test
2026-04-27,-2.4833161577803273,-2.173151952326042,-2.5127807770888815,-2.4780928638396986,test
2026-04-28,-2.347124117678247,-2.195830663356453,-2.2168288449357036,-2.2370464521157682,test
2026-04-29,-2.069017935358546,-2.225882770505776,-2.0953131758278696,-1.7512089286814772,test
2026-04-30,-1.6707969159269698,-2.129141778949657,-1.9818669390169557,-1.0148450326545957,test
2026-05-01,-1.995221702825613,-2.0166989906259283,-1.984347775555124,-2.046147552145762,test
2026-05-04,-2.0372226430719675,-2.051334089546403,-2.326064144228111,-2.4105685135794284,test
2026-05-05,-2.622506723680306,-2.027658878614998,-2.04833208026585,-1.9702108662908147,test
2026-05-06,-1.7730166523027593,-2.183744954971363,-2.040531238922739,-2.1426679815765914,test
2026-05-07,-2.154692726628014,-1.9570417271317746,-1.834069248771651,-1.949677099059501,test
2026-05-08,-2.378083738361407,-2.090370737951417,-2.048474563693562,-1.5421655673029084,test
2026-05-11,-2.6663294837399096,-2.1919660650508113,-2.5183519563067325,-2.4843350566691287,test
2026-05-12,-2.6046938405644333,-2.3221276719677397,-2.3450371641305243,-2.020563674849543,test
2026-05-13,-2.838764621722712,-2.3129006359655655,-2.169770800239937,-2.0445594249645413,test
2026-05-14,-2.719147820750817,-2.4702762746812668,-2.266455318027979,-2.4067648152865995,test
2026-05-15,-2.214085870967789,-2.4983474244883186,-2.4410035214190304,-2.6078852238147063,test
2026-05-18,-2.0345239604807404,-2.36445252227033,-2.665908947985936,-2.6137628918261484,test
2026-05-19,-2.499252439048868,-2.2604301124797304,-2.278041463976593,-2.3406124981363057,test
2026-05-20,-1.7946432019237626,-2.365762001703492,-2.227818944268246,-2.3283896238594677,test
2026-05-21,-1.650165874326304,-2.10325836026915,-1.9782909504089758,-1.8136562839800665,test
2026-05-22,-2.385632059758689,-1.9724756492155786,-1.9441483720496184,-2.0056104596690454,test
2026-05-25,-2.88502589116887,-2.156313627124837,-2.485697025351607,-2.5600920451181532,test
2026-05-26,-2.9493111838539505,-2.3588466430223503,-2.384971184424055,-2.3140828063495533,test
2026-05-27,-2.4043185619325076,-2.4196400621924012,-2.2576609745713707,-2.4864441339972823,test
2026-05-28,-2.2928762978755315,-2.3489762758182344,-2.1782057074732304,-2.2643016945961896,test
2026-05-29,-2.419273819644558,-2.381130742338019,-2.3341259427808816,-2.1077160159793196,test
2026-06-01,-2.5298459288295123,-2.4171412292087173,-2.7471122251092845,-2.4898351871196738,test
2026-06-02,-3.1452458881823695,-2.419935327003865,-2.441951047239636,-2.4784554814329685,test
2026-06-03,-2.5724636402674177,-2.591939931886716,-2.4179109352183805,-2.389981599411251,test
2026-06-04,-2.9714885920099356,-2.4817124485538855,-2.2989414105262984,-2.4959866088496536,test
2026-06-05,-2.1292221268175866,-2.6388583073570926,-2.577262627427234,-2.368243908423758,test
2026-06-08,-2.11968838513546,-2.4231477855401233,-2.715096455145788,-2.8350064208215935,test
2026-06-09,-2.374009946688858,-2.383327985248716,-2.403270962342382,-2.3507332827378216,test
2026-06-10,-2.22035726861224,-2.371653857817695,-2.2434567898396995,-2.127905483427937,test
2026-06-11,-1.3700850960962008,-2.2993972302454164,-2.144646430400947,-1.6145555775607214,test
2026-06-12,-2.1842028124585027,-1.9449164131133594,-1.9244872369825334,-2.0313853529341124,test
2026-06-15,-2.2338999104113895,-2.129469642310496,-2.433281741287082,-2.403432869541211,test
2026-06-16,-2.669707605729626,-2.145795966935878,-2.169722737855124,-2.2636627968817242,test
2026-06-17,-1.2217966764171018,-2.277821112501667,-2.1342326032776837,-1.4071070876003384,test
2026-06-18,-1.9009148908671953,-1.8455975276934062,-1.7663570430199433,-1.8452122109645066,test
2026-06-19,-2.3882406297235192,-2.0429889585622365,-2.009630260170781,-2.219635850491594,test
2026-06-22,-2.194849029531339,-2.180071228262083,-2.5106327823734578,-2.402118641507494,test
2026-06-23,-2.353390709360425,-2.138245001268452,-2.162025733468852,-1.9757600662611305,test
2026-06-24,-2.0575335249876483,-2.1455651418383925,-2.02101059722148,-2.0962072389897606,test
2026-06-25,-1.951327156008013,-2.144214147408595,-2.001397141258053,-1.9716190663622417,test
2026-06-26,-1.8692422249882379,-2.1131917564397855,-2.0769366842131625,-2.1796374645325707,test
2026-06-29,-2.622308454678459,-2.0412135521625223,-2.3007856768680264,-2.260871453654637,test
2026-06-30,-2.1180785944238583,-2.256624010683909,-2.2812164101684025,-2.024920527080514,test
