date,Y_h,fitted,residual,split
2010-02-03,-1.5771202588032536,-1.208539648769322,-0.3685806100339315,train
2010-02-04,-1.0848791490017948,-1.299644432895334,0.21476528389353922,train
2010-02-05,-0.2169272101107193,-1.1965525870495075,0.9796253769387882,train
2010-02-08,-0.972207497693055,-0.9086729142786774,-0.06353458341437768,train
2010-02-09,-0.3228717382115641,-1.0571071895260244,0.7342354513144603,train
2010-02-10,-0.6534752400895996,-0.8012151219442492,0.1477398818546496,train
2010-02-11,-0.7018885047647583,-0.7899851782527648,0.08809667348800654,train
2010-02-12,-0.4351608736636141,-0.7621478939334965,0.32698702026988236,train
2010-02-15,-1.7627265681543969,-0.7131018144069796,-1.0496247537474173,train
2010-02-16,-0.981429770181002,-1.1008369825045043,0.11940721232350238,train
2010-02-17,-0.9803658296898666,-0.9807465887407384,0.00038075905087175954,train
2010-02-18,-0.3684243044120426,-0.9993096247372409,0.6308853203251983,train
2010-02-19,-0.4844783961475122,-0.814913602536415,0.3304352063889028,train
2010-02-22,-1.0137533799135086,-0.8430929224495015,-0.17066045746400704,train
2010-02-23,-0.6748338119039624,-0.9053416327449526,0.2305078208409902,train
2010-02-24,-0.8431206588984355,-0.7957974744709363,-0.047323184427499165,train
2010-02-25,-0.7076642640675714,-0.8199851383798826,0.11232087431231119,train
2010-02-26,-0.7346540386335033,-0.8133956709499474,0.07874163231644404,train
2010-03-01,-0.2784447481659347,-0.8406775126306296,0.562232764464695,train
2010-03-02,-0.3381297134283873,-0.656905513611545,0.3187758001831577,train
2010-03-03,-0.6993938246340422,-0.6306357005633463,-0.06875812407069593,train
2010-03-04,-0.825997234803297,-0.6978029808367926,-0.1281942539665044,train
2010-03-05,-1.114325568904707,-0.7359193365143221,-0.37840623239038484,train
2010-03-08,-1.3942464782589363,-0.8327545836347163,-0.56149189462422,train
2010-03-09,-1.3120665596413317,-1.0005015461770168,-0.31156501346431487,train
2010-03-10,-1.3517409672363834,-1.0844243348845048,-0.2673166323518785,train
2010-03-11,-1.1851007029219784,-1.1577578385832776,-0.027342864338700812,train
2010-03-12,-1.2165572953115726,-1.1698112699372651,-0.0467460253743075,train
2010-03-15,-1.483944524721272,-1.185634223545978,-0.2983103011752939,train
2010-03-16,-1.088378404303202,-1.2636926744878354,0.1753142701846333,train
2010-03-17,-1.4958947896762858,-1.1648455983693378,-0.331049191306948,train
2010-03-18,-1.0288917045319677,-1.2654451545448042,0.23655345001283656,train
2010-03-19,-1.4767588467720922,-1.143728898452542,-0.33302994831955024,train
2010-03-22,-1.2415886946351988,-1.2756488344245502,0.03406013978935141,train
2010-03-23,-1.059019095716636,-1.209216261755836,0.15019716603919986,train
2010-03-24,-0.6207554014827981,-1.1700901602776963,0.5493347587948982,train
2010-03-25,-0.6897949457785522,-0.9833342922080527,0.2935393464295005,train
2010-03-26,-0.9437850060832128,-0.9670096718984059,0.023224665815193113,train
2010-03-29,-1.071633270816705,-0.9768156665329243,-0.09481760428378061,train
2010-03-30,-1.204843330122357,-0.9971160576276565,-0.20772727249470035,train
2010-03-31,-1.1228424315749532,-1.045420137536325,-0.07742229403862821,train
2010-04-01,-0.9468483473520588,-1.0820236528883287,0.13517530553626989,train
2010-04-02,-1.7351398219902294,-1.0748500369385103,-0.6602897850517191,train
2010-04-05,-1.3546145847675268,-1.341225500077096,-0.013389084690430764,train
2010-04-06,-1.2665324162412472,-1.2844976609448542,0.017965244703606942,train
2010-04-07,-1.4134016387509676,-1.2704956645961956,-0.14290597415477202,train
2010-04-08,-1.4093875809606289,-1.3319190659426936,-0.07746851501793528,train
2010-04-09,-0.8219350499103563,-1.37447849689147,0.5525434469811138,train
2010-04-12,-0.7969530411909853,-1.148516105398856,0.35156306420787065,train
2010-04-13,-1.1295621402218037,-1.0845055196470839,-0.04505662057471982,train
2010-04-14,-1.191430737081638,-1.149191411696479,-0.042239325385158955,train
2010-04-15,-1.348893505372523,-1.1405162193515337,-0.20837728602098937,train
2010-04-16,-1.0343774053454071,-1.1740416175392634,0.13966421219385627,train
2010-04-19,-1.4034493624767042,-1.116098755283272,-0.2873506071934322,train
2010-04-20,-1.416292292586253,-1.260767754512057,-0.15552453807419608,train
2010-04-21,-1.4778870553671395,-1.2903454654693618,-0.1875415898977777,train
2010-04-22,-1.1758953495550186,-1.334188974732085,0.15829362517706635,train
2010-04-23,-0.3953742643073836,-1.2495762963567865,0.8542020320494028,train
2010-04-26,-1.0009556527778365,-1.0053145664964853,0.004358913718648827,train
2010-04-27,-0.5375712905100737,-1.1120562170038086,0.574484926493735,train
2010-04-28,-0.0235394420589893,-0.9180104188769116,0.8944709768179223,train
2010-04-29,-0.8185603620908175,-0.6440881160134185,-0.17447224607739897,train
2010-04-30,-0.7744602855905516,-0.7995566408909232,0.025096355300371576,train
2010-05-03,-0.9506244535331152,-0.821882201600525,-0.12874225193259015,train
2010-05-04,-0.9092747718790376,-0.8579904848030699,-0.05128428707596766,train
2010-05-05,-0.3074773033050784,-0.87180141318727,0.5643241098821916,train
2010-05-06,0.370657763717267,-0.7427740376717291,1.1134318013889961,train
2010-05-07,0.9114448185200854,-0.44072111331527297,1.3521659318353585,train
2010-05-10,0.8902091586712769,-0.10377513330866063,0.9939842919799375,train
2010-05-11,0.2233455071979834,0.08939285981110964,0.13395264738687376,train
2010-05-12,-0.1357871830459085,0.014014887863401548,-0.14980207090931005,train
2010-05-13,-0.4523514229962802,-0.05393196429384506,-0.3984194587024351,train
2010-05-14,-0.0097713067595157,-0.20039594124744825,0.19062463448793254,train
2010-05-17,0.3173128623865878,-0.16325890474691068,0.4805717671334985,train
2010-05-18,0.3268673917375877,-0.11282825252990379,0.4396956442674915,train
2010-05-19,0.7149173894536437,-0.08537770562883652,0.8002950950824802,train
2010-05-20,0.6405938620465462,0.1367222888645085,0.5038715731820378,train
2010-05-21,0.6406307299502304,0.2283139483975559,0.4123167815526745,train
2010-05-24,-0.092589727090563,0.31465242751059186,-0.40724215460115487,train
2010-05-25,0.0319992470748984,0.09060973451154684,-0.05861048743664844,train
2010-05-26,-0.064254329557678,0.09965335532501256,-0.16390768488269056,train
2010-05-27,0.1753053373342878,0.013606601676061043,0.16169873565822676,train
2010-05-28,0.1548528685820387,0.03978327186703812,0.11506959671500058,train
2010-05-31,-0.9804858999986472,-0.005533563617932958,-0.9749523363807142,train
2010-06-01,-0.105465402965901,-0.36939103792084405,0.26392563495494303,train
2010-06-02,-0.1047146959223394,-0.16515070676860658,0.06043601084626718,train
2010-06-03,-0.4731619228466872,-0.1582808893201423,-0.31488103352654484,train
2010-06-04,0.1406476254140208,-0.3045237992364452,0.445171424650466,train
2010-06-07,-0.2047743772978249,-0.14542385582009562,-0.05935052147772929,train
2010-06-08,-0.3468267803456558,-0.16934484366515723,-0.17748193668049855,train
2010-06-09,-0.6337949503370102,-0.24057806078702398,-0.3932168895499862,train
2010-06-10,-0.1515344955740663,-0.37516266356606626,0.22362816799199994,train
2010-06-11,-0.5915221442537264,-0.2327759345827392,-0.3587462096709872,train
2010-06-14,-0.4046162014506126,-0.4129824680573075,0.008366266606694872,train
2010-06-15,-0.5592337773080945,-0.3891052075657571,-0.17012856974233742,train
2010-06-16,-0.7890109337044264,-0.45104940454534104,-0.3379615291590854,train
2010-06-17,-0.620531254638332,-0.5298411022963572,-0.09069015234197486,train
2010-06-18,-1.1412115126558315,-0.5459865420408102,-0.5952249706150213,train
2010-06-21,-0.4341110434508729,-0.7383406491993385,0.3042296057484656,train
2010-06-22,-0.6431892365892083,-0.5884417239209739,-0.05474751266823441,train
2010-06-23,-0.7558886508727753,-0.659245883551508,-0.09664276732126731,train
2010-06-24,-0.6403503918399064,-0.6909828830320432,0.050632491192136864,train
2010-06-25,-0.9015040619837258,-0.6776840710299147,-0.2238199909538111,train
2010-06-28,-1.067705119351385,-0.7205172825761739,-0.34718783677521103,train
2010-06-29,-0.7751107932801405,-0.8321296659814073,0.05701887270126671,train
2010-06-30,-0.5237337896938257,-0.7880540894157152,0.26432029972188953,train
2010-07-01,-0.2740482024268276,-0.7017043457838732,0.4276561433570456,train
2010-07-02,-0.7328092441790853,-0.6067740553342597,-0.12603518884482567,train
2010-07-05,-1.8114719653813915,-0.7101874630223599,-1.1012845023590316,train
2010-07-06,-0.5946325547988447,-1.0445482726190183,0.4499157178201736,train
2010-07-07,-0.8629056797375046,-0.755039583354123,-0.10786609638338163,train
2010-07-08,-0.8647738222376162,-0.8525375213022336,-0.012236300935382638,train
2010-07-09,-1.1912081969912989,-0.9189661885177325,-0.2722420084735664,train
2010-07-12,-1.362676480945994,-1.0404037701841666,-0.3222727107618273,train
2010-07-13,-0.7264066063285408,-1.051163301664678,0.32475669533613716,train
2010-07-14,-0.7880120435991864,-0.9185460544731703,0.13053401087398386,train
2010-07-15,-0.653634648475058,-0.929347665126772,0.275713016651714,train
2010-07-16,-0.7713320624420051,-0.8780925711772719,0.10676050873526677,train
2010-07-19,-0.8381183488042598,-0.8665548081102445,0.028436459305984707,train
2010-07-20,-0.7851898290698808,-0.8371542233029191,0.051964394233038336,train
2010-07-21,-0.5839232707958726,-0.8246621134322587,0.24073884263638612,train
2010-07-22,-0.7897964672102489,-0.7628451000823742,-0.026951367127874715,train
2010-07-23,-0.164293079686406,-0.8232862065923399,0.6589931269059339,train
2010-07-26,-0.6515743766177604,-0.609246324902949,-0.042328051714811354,train
2010-07-27,-0.6442924577947008,-0.7122046502960874,0.06791219250138658,train
2010-07-28,-1.185930502562331,-0.693175291714114,-0.49275521084821705,train
2010-07-29,-1.1392702642775814,-0.8766653410167782,-0.2626049232608032,train
2010-07-30,-0.8867845935511381,-0.9046125997187617,0.01782800616762359,train
2010-08-02,-1.118911070568442,-0.9142421802176214,-0.2046688903508206,train
2010-08-03,-1.2384899786523695,-1.0243916726381592,-0.21409830601421032,train
2010-08-04,-1.1218472758609677,-1.1108700402182268,-0.01097723564274089,train
2010-08-05,-1.027109598252845,-1.0701615471169217,0.043051948864076595,train
2010-08-06,-0.9496631376544904,-1.0431945217804097,0.09353138412591933,train
2010-08-09,-1.6680461182600286,-1.0335162264026123,-0.6345298918574163,train
2010-08-10,-0.3871925759718252,-1.2590182329553246,0.8718256569834993,train
2010-08-11,-0.4037784370198252,-0.8753496986922553,0.47157126167243013,train
2010-08-12,-0.2905065405705166,-0.7964408327277063,0.5059342921571897,train
2010-08-13,-0.5120081153227867,-0.6944064081553725,0.1823982928325858,train
2010-08-16,-0.6403922801455701,-0.7084982300108086,0.06810594986523844,train
2010-08-17,-0.8759811732620667,-0.6401681262714913,-0.23581304699057537,train
2010-08-18,-0.8741196236714666,-0.7421567311027631,-0.13196289256870342,train
2010-08-19,-0.5311333016214042,-0.7855202384768538,0.25438693685544966,train
2010-08-20,-0.7163814003488659,-0.723664318493781,0.007282918144915107,train
2010-08-23,-1.0784791387966517,-0.790026837896032,-0.2884523009006197,train
2010-08-24,-0.6086148147746018,-0.9166048521666051,0.30799003739200337,train
2010-08-25,-0.7213674692128668,-0.7889289965185506,0.06756152730568388,train
2010-08-26,-0.5297930892288111,-0.8011230563871353,0.27132996715832425,train
2010-08-27,-0.8918323274331307,-0.753465130339742,-0.13836719709338863,train
2010-08-30,-1.358172384570716,-0.8529945982437235,-0.5051777863269926,train
2010-08-31,-1.0158018128636137,-0.9890759033213958,-0.026725909542217874,train
2010-09-01,-0.8610945510290192,-0.9487127358284396,0.0876181847994204,train
2010-09-02,-1.042024330086993,-0.9250145926663335,-0.11700973742065945,train
2010-09-03,-1.4446414931346996,-1.0127604015679488,-0.4318810915667508,train
2010-09-06,-1.9057921144929064,-1.1602959876723207,-0.7454961268205857,train
2010-09-07,-0.9241869290662472,-1.3283887646887376,0.40420183562249035,train
2010-09-08,-1.0831418147108256,-1.0890678131625362,0.005925998451710601,train
2010-09-09,-1.06438256923992,-1.1401205959055665,0.07573802666564644,train
2010-09-10,-0.9552306280098304,-1.147125772189134,0.19189514417930353,train
2010-09-13,-1.0946035286523323,-1.0810046254908923,-0.013598903161440079,train
2010-09-14,-0.7307425737431449,-1.0465570963895994,0.3158145226464545,train
2010-09-15,-0.7353061889811462,-0.9485519596842474,0.21324577070310125,train
2010-09-16,-0.7888167120160009,-0.9159750260704203,0.12715831405441935,train
2010-09-17,-0.7272032567516242,-0.9075800825857909,0.1803768258341667,train
2010-09-20,-1.3009336852158735,-0.8657791487523684,-0.4351545364635051,train
2010-09-21,-0.2651328766363189,-1.0292819660345809,0.764149089398262,train
2010-09-22,-0.745871814010038,-0.7421619380600821,-0.0037098759499558653,train
2010-09-23,-0.7507803390992189,-0.8467941010292512,0.0960137619300323,train
2010-09-24,-0.4922103634843264,-0.8446747080427278,0.3524643445584014,train
2010-09-27,-1.0010687749217844,-0.7625905359361285,-0.2384782389856559,train
2010-09-28,-0.4018106392056681,-0.8591696327721795,0.4573589935665114,train
2010-09-29,-0.8831574950939786,-0.7238925430759859,-0.15926495201799262,train
2010-09-30,-0.4614939148005428,-0.8454736727264006,0.3839797579258578,train
2010-10-01,-1.06786955962403,-0.7134033074686255,-0.3544662521554045,train
2010-10-04,-1.154368973876623,-0.9117461762658069,-0.24262279761081607,train
2010-10-05,-0.5795689391100788,-0.9462774978822921,0.3667085587722133,train
2010-10-06,-0.8945998348268835,-0.8188569006555535,-0.07574293417133005,train
2010-10-07,-0.7137658461474206,-0.8822283686919735,0.16846252254455296,train
2010-10-08,-0.106136696723184,-0.8598131325813164,0.7536764358581324,train
2010-10-11,-0.9206661300614264,-0.6141632290353064,-0.30650290102612,train
2010-10-12,-0.5866277598089711,-0.786044736110742,0.1994169763017709,train
2010-10-13,-0.8832399113829652,-0.7040899440901943,-0.17914996729277088,train
2010-10-14,-0.5354541997572074,-0.7708226371694709,0.23536843741226343,train
2010-10-15,-0.0591585496843002,-0.6725208209317742,0.613362271247474,train
2010-10-18,-0.5906726286016633,-0.5404082784957778,-0.05026435010588548,train
2010-10-19,-0.2482031183483853,-0.6363305166234536,0.38812739827506837,train
2010-10-20,-0.3830557986080695,-0.5183499596853387,0.13529416107726921,train
2010-10-21,-0.0866611208448306,-0.4949196309029563,0.40825851005812575,train
2010-10-22,-0.4087127406722199,-0.37749324328364975,-0.03121949738857016,train
2010-10-25,-0.8015164854710309,-0.4872381866901454,-0.31427829878088553,train
2010-10-26,-0.6916076972081726,-0.5982589726370988,-0.0933487245710738,train
2010-10-27,-0.5817304945786125,-0.6160004694521461,0.03426997487353367,train
2010-10-28,-0.9901450400814704,-0.603447957129396,-0.3866970829520744,train
2010-10-29,-0.8461828019448189,-0.7906253858024614,-0.05555741614235743,train
2010-11-01,-0.9088654314106056,-0.7965064460512981,-0.11235898535930755,train
2010-11-02,-1.141191466352698,-0.8276419040143927,-0.31354956233830533,train
2010-11-03,-0.3391280309533238,-0.923087637041782,0.5839596060884582,train
2010-11-04,-0.6794485040325713,-0.7087908557874922,0.029342351754920948,train
2010-11-05,-0.3343872077003529,-0.7555115235499503,0.4211243158495974,train
2010-11-08,-0.3138995893240615,-0.6211621586538691,0.30726256932980767,train
2010-11-09,-0.3515548416070911,-0.5549293482785006,0.2033745066714095,train
2010-11-10,-0.0895504310726331,-0.49377815463840613,0.404227723565773,train
2010-11-11,-0.4910301811188395,-0.39583412988073946,-0.09519605123810004,train
2010-11-12,0.0631362587805716,-0.4754592661370862,0.5385955249176578,train
2010-11-15,-0.5336709479621451,-0.29129484413198026,-0.24237610383016484,train
2010-11-16,-0.4828602272488737,-0.45859585842194656,-0.02426436882692712,train
2010-11-17,-0.7524996644423961,-0.46359611021945574,-0.2889035542229404,train
2010-11-18,-0.7887283840244229,-0.5908752157724756,-0.19785316825194732,train
2010-11-19,-0.8169251919883916,-0.6339304791463123,-0.18299471284207935,train
2010-11-22,-0.7688095052891085,-0.7276613538207504,-0.04114815146835815,train
2010-11-23,-0.1518421033932488,-0.7443110651724364,0.5924689617791876,train
2010-11-24,-0.1930070897719961,-0.561915900148629,0.3689088103766329,train
2010-11-25,-1.0181337415190053,-0.5134103074505255,-0.5047234340684797,train
2010-11-26,-0.5908100520127426,-0.7358700184281985,0.14505996641545593,train
2010-11-29,-0.3588284938835764,-0.6139232455227501,0.2550947516391737,train
2010-11-30,-0.2197557077185851,-0.5128120730405488,0.29305636532196366,train
2010-12-01,-0.0150071938025975,-0.4784584303731866,0.46345123657058906,train
2010-12-02,-0.2982689097959859,-0.400924632683256,0.1026557228872701,train
2010-12-03,-0.3352245685292602,-0.3957117002712433,0.06048713174198311,train
2010-12-06,-0.4119390925323684,-0.3836085638778128,-0.028330528654555598,train
2010-12-07,-0.4220622071635788,-0.40094383711716464,-0.021118370046414148,train
2010-12-08,-0.5088644301121364,-0.42306722631828875,-0.0857972037938477,train
2010-12-09,-0.6610945310564776,-0.4912148272744345,-0.16987970378204315,train
2010-12-10,-1.073535401172377,-0.5662658010047579,-0.5072696001676191,train
2010-12-13,-0.8777258687261709,-0.7425195752299362,-0.1352062934962347,train
2010-12-14,-0.5000728235043111,-0.7447719408181714,0.2446991173138603,train
2010-12-15,-0.5260798885542631,-0.6685953675521277,0.14251547899786454,train
2010-12-16,-1.0088171053514636,-0.67622523811134,-0.3325918672401236,train
2010-12-17,-0.6132295099672391,-0.8276211114860642,0.21439160151882508,train
2010-12-20,-0.8866232126584012,-0.6908128003371322,-0.19581041232126895,train
2010-12-21,-0.9186031897441516,-0.7563779492751406,-0.162225240469011,train
2010-12-22,-1.1946945864409009,-0.8059821671867407,-0.3887124192541602,train
2010-12-23,-0.6265825402049146,-0.9362506412240139,0.30966810101909936,train
2010-12-24,-1.8282369184549303,-0.7872410685490119,-1.0409958499059184,train
2010-12-27,-1.3787343881048957,-1.1857027726225433,-0.19303161548235237,train
2010-12-28,-0.7264710298740736,-1.1307191076729115,0.40424807779883787,train
2010-12-29,-1.0449895196782506,-0.9624868676318273,-0.08250265204642326,train
2010-12-30,-1.330840006668826,-1.0310831018993696,-0.2997569047694564,train
2010-12-31,-0.7257199247716704,-1.1729291251858445,0.4472092004141741,train
2011-01-03,-0.7451790700718097,-0.9398260271460669,0.19464695707425717,train
2011-01-04,-0.616500073682914,-0.888442610652876,0.27194253696996196,train
2011-01-05,-0.4628961772895079,-0.8491960481402967,0.3862998708507888,train
2011-01-06,-0.808269294082282,-0.7613607511163306,-0.04690854296595137,train
2011-01-07,-0.4165346028021178,-0.8012250834338066,0.3846904806316888,train
2011-01-10,-0.6677336562082159,-0.6753829283379067,0.007649272129690798,train
2011-01-11,-0.5090279934614965,-0.7273692741465279,0.21834128068503134,train
2011-01-12,-0.4519513196977517,-0.6775065790519991,0.22555525935424736,train
2011-01-13,-0.3530234935566828,-0.6539142618690885,0.30089076831240574,train
2011-01-14,-0.3573789385309621,-0.5877488095845358,0.2303698710535737,train
2011-01-17,-0.9629707983502944,-0.5811207817927457,-0.3818500165575487,train
2011-01-18,-0.3518212047540331,-0.7521293513641645,0.40030814661013137,train
2011-01-19,-0.4202772492615335,-0.5898314109933838,0.16955416173185028,train
2011-01-20,-0.5392740510209915,-0.5971326633594676,0.05785861233847611,train
2011-01-21,-0.5111324381802365,-0.6384339749943286,0.12730153681409218,train
2011-01-24,-0.7469641647546812,-0.6375309023969145,-0.10943326235776674,train
2011-01-25,-0.3635576772014037,-0.6759853123154719,0.3124276351140682,train
2011-01-26,-0.4768700673257411,-0.5687557988834757,0.0918857315577346,train
2011-01-27,-0.5708513385180092,-0.5942613632884479,0.023410024770438742,train
2011-01-28,-0.7017936114162626,-0.6193630211610128,-0.08243059025524979,train
2011-01-31,-0.6980259213597989,-0.6612753863525049,-0.03675053500729397,train
2011-02-01,-0.7577024047170589,-0.6474308032272973,-0.11027160148976156,train
2011-02-02,-1.1761082226251434,-0.6994578451005629,-0.4766503775245805,train
2011-02-03,-0.8084361518644133,-0.8665632980805726,0.05812714621615933,train
2011-02-04,-0.875279472369273,-0.8083379275153986,-0.06694154485387438,train
2011-02-07,-1.0696174373219711,-0.8498218607323664,-0.2197955765896047,train
2011-02-08,-0.759142372778662,-0.9244070382717828,0.1652646654931208,train
2011-02-09,-0.9769930561564129,-0.8555535781428324,-0.12143947801358046,train
2011-02-10,-1.0739156433912609,-0.8952853279260156,-0.17863031546524533,train
2011-02-11,-1.188139907914383,-0.9453918800601576,-0.24274802785422545,train
2011-02-14,-0.96740942174251,-1.0076369158060547,0.040227494063544755,train
2011-02-15,-0.9614802858454068,-0.9548658806818928,-0.00661440516351397,train
2011-02-16,-0.7896305615539395,-0.9777191106001719,0.1880885490462324,train
2011-02-17,-1.0124079126651362,-0.9210449532553824,-0.09136295940975381,train
2011-02-18,-1.028892740431959,-0.9732647108116301,-0.05562802962032887,train
2011-02-21,-1.6693076980343686,-0.969019202080285,-0.7002884959540836,train
2011-02-22,-0.5219245745439702,-1.1948599140485536,0.6729353395045834,train
2011-02-23,-1.0879659899001357,-0.887517693397194,-0.20044829650294171,train
2011-02-24,-0.812565180978473,-1.0505472193754952,0.23798203839702226,train
2011-02-25,-1.2650268907665445,-0.974276244585652,-0.2907506461808925,train
2011-02-28,-1.1445107273176816,-1.110040933018411,-0.03446979429927066,train
2011-03-01,-1.3525228193647278,-1.0390461303087986,-0.3134766890559293,train
2011-03-02,-1.3276474232404305,-1.1719843820876044,-0.15566304115282614,train
2011-03-03,-0.5847566349778166,-1.1964966769950707,0.6117400420172541,train
2011-03-04,-1.55690338732338,-1.0128203034169765,-0.5440830839064035,train
2011-03-07,-1.5789173818514677,-1.2630362410994416,-0.3158811407520261,train
2011-03-08,-1.422210749613135,-1.3108688691176127,-0.1113418804955224,train
2011-03-09,-1.3105732885603318,-1.286748168359289,-0.023825120201042882,train
2011-03-10,-1.2047697676905265,-1.2629679941230767,0.05819822643255024,train
2011-03-11,-1.0943859766635375,-1.3024747432920492,0.2080887666285116,train
2011-03-14,-0.982763749329108,-1.2332950706914767,0.25053132136236866,train
2011-03-15,-0.5280383359426347,-1.1508031620290116,0.6227648260863768,train
2011-03-16,-0.9031081476689334,-0.9524716133546456,0.04936346568571215,train
2011-03-17,-0.1993738308312884,-1.004119870631527,0.8047460398002386,train
2011-03-18,-0.5919154030127151,-0.7340495985278153,0.1421341955151002,train
2011-03-21,-1.2000767026943993,-0.7838668346650741,-0.41620986802932514,train
2011-03-22,-1.724011333981918,-0.9503229248882951,-0.773688409093623,train
2011-03-23,-0.9732000489033914,-1.1854143686273009,0.21221431972390947,train
2011-03-24,-1.151204438136844,-1.0090973856668644,-0.14210705246997968,train
2011-03-25,-1.0531277578871927,-1.1460301176201602,0.09290235973296745,train
2011-03-28,-1.3883998850909325,-1.165883806918203,-0.22251607817272956,train
2011-03-29,-1.3155441179410736,-1.2671490552240563,-0.04839506271701732,train
2011-03-30,-1.1240937992954592,-1.2126674283399335,0.0885736290444743,train
2011-03-31,-1.2184850357860937,-1.1825167995710424,-0.0359682362150513,train
2011-04-01,-0.7943241498491314,-1.2073441232979327,0.41301997344880137,train
2011-04-04,-1.408865143147026,-1.0817690300391936,-0.3270961131078325,train
2011-04-05,-1.226162546202751,-1.2343040780223116,0.008141531819560566,train
2011-04-06,-1.5198210678984554,-1.1787768289913843,-0.34104423890707114,train
2011-04-07,-1.1445780065555475,-1.2837821474213138,0.13920414086576627,train
2011-04-08,-1.3250722097042895,-1.1872712715096152,-0.13780093819467432,train
2011-04-11,-1.570195819087257,-1.2808162740334996,-0.2893795450537573,train
2011-04-12,-1.012194367241004,-1.3535069301533664,0.34131256291236234,train
2011-04-13,-1.173855954656475,-1.2040506656364909,0.030194710980015804,train
2011-04-14,-0.8694848450610938,-1.210685913619296,0.3412010685582022,train
2011-04-15,-1.0503126612377078,-1.11747386625701,0.06716120501930223,train
2011-04-18,-0.1534766466067065,-1.1376977949644154,0.9842211483577088,train
2011-04-19,-1.0688314490945323,-0.7916020931203049,-0.2772293559742274,train
2011-04-20,-0.8758496145303303,-1.0191604074693463,0.14331079293901605,train
2011-04-21,-0.8930608592373336,-0.9450095094465201,0.05194865020918649,train
2011-04-22,-2.329101299816876,-0.9403778840813115,-1.3887234157355643,train
2011-04-25,-1.2999892943970528,-1.4087799377027468,0.10879064330569399,train
2011-04-26,-0.9200871423016678,-1.2771808382742327,0.3570936959725649,train
2011-04-27,-0.684450937613367,-1.1734133394253863,0.48896240181201933,train
2011-04-28,-0.9060483508714884,-1.0927905146128039,0.18674216374131547,train
2011-04-29,-1.5138207161208015,-1.1403899320035324,-0.37343078411726904,train
2011-05-02,-0.5886008552650744,-1.21140086320485,0.6228000079397756,train
2011-05-03,-0.8188069888822909,-0.921381587906124,0.10257459902383315,train
2011-05-04,-0.7569323804090011,-0.9668356986348174,0.20990331822581632,train
2011-05-05,-0.0960546443759098,-0.9508572271635465,0.8548025827876367,train
2011-05-06,0.2184216000931398,-0.7075990787054596,0.9260206787985994,train
2011-05-09,-0.310679603534748,-0.44109282386161397,0.13041322032686598,train
2011-05-10,-0.3964032916078105,-0.5410950960978607,0.14469180449005015,train
2011-05-11,-0.591335178045261,-0.5131210693678748,-0.07821410867738621,train
2011-05-12,-0.3638612416621495,-0.5329669869025067,0.16910574524035715,train
2011-05-13,-0.306414841096913,-0.49564705973906587,0.18923221864215284,train
2011-05-16,-0.6536846581870052,-0.5211919185361021,-0.13249273965090302,train
2011-05-17,-0.3354657283002816,-0.634374980284766,0.2989092519844844,train
2011-05-18,-0.9085979394789186,-0.5445085041299359,-0.36408943534898275,train
2011-05-19,-0.9547542923917738,-0.7195349862716038,-0.23521930612016995,train
2011-05-20,-0.7069836303633109,-0.7823709787000238,0.0753873483367129,train
2011-05-23,-0.5554063040057218,-0.7594147863695511,0.2040084823638293,train
2011-05-24,-0.7302078351862114,-0.7099279436516248,-0.020279891534586536,train
2011-05-25,-0.4953807743361558,-0.7711820216248545,0.2758012472886987,train
2011-05-26,-0.6221303853428285,-0.668233718471493,0.04610333312866455,train
2011-05-27,-0.5490585646736605,-0.6639447709864168,0.11488620631275626,train
2011-05-30,-1.825935750148478,-0.6300342288038898,-1.1959015213445883,train
2011-05-31,-1.0151053968923132,-1.0578152829843321,0.04270988609201898,train
2011-06-01,-0.7047820337410537,-0.8901497971963754,0.1853677634553217,train
2011-06-02,-0.8143332228634985,-0.8377722030997357,0.02343898023623714,train
2011-06-03,-0.8091851680998728,-0.8843128144626975,0.07512764636282465,train
2011-06-06,-1.3397230349299218,-0.9117747685465082,-0.42794826638341366,train
2011-06-07,-1.456871744890036,-0.9969683353353708,-0.45990340955466513,train
2011-06-08,-1.0879328670788149,-1.084713020620913,-0.0032198464579018538,train
2011-06-09,-0.9367930470903344,-1.0424442502249083,0.10565120313457388,train
2011-06-10,-0.986694474682369,-1.029110476590504,0.04241600190813488,train
2011-06-13,-1.130802242203195,-1.057374955321675,-0.07342728688152,train
2011-06-14,-1.3330176794818256,-1.0796133227994968,-0.25340435668232875,train
2011-06-15,-0.7928944932569758,-1.1278634235061054,0.33496893024912955,train
2011-06-16,-0.0981893533443794,-0.9743514878343063,0.8761621344899269,train
2011-06-17,-0.2507107390690966,-0.7265136552468551,0.4758029161777585,train
2011-06-20,-0.7426244778233471,-0.6887356082790352,-0.053888869544311824,train
2011-06-21,-0.8189433330450251,-0.7692789590056752,-0.04966437403934987,train
2011-06-22,-0.7368253891220039,-0.7419346899611728,0.00510930083916894,train
2011-06-23,-0.4086089042194358,-0.7185686198486031,0.3099597156291673,train
2011-06-24,-0.597614079935035,-0.6670159348920927,0.06940185495705764,train
2011-06-27,-0.6350125853020244,-0.7431308890210495,0.10811830371902509,train
2011-06-28,-0.6656072742615858,-0.74206453101352,0.07645725675193416,train
2011-06-29,-0.6876070502016172,-0.7369601055544848,0.0493530553528676,train
2011-06-30,-0.941173643011361,-0.7249622731633217,-0.21621136984803924,train
2011-07-01,-0.8993795569303744,-0.8329326502693077,-0.06644690666106667,train
2011-07-04,-1.4765808240369205,-0.8536556679197711,-0.6229251561171494,train
2011-07-05,-1.102517571469922,-1.0777133543816415,-0.02480421708828051,train
2011-07-06,-1.098571581688019,-1.0301126364969657,-0.06845894519105333,train
2011-07-07,-0.8117238454958872,-1.0645581565689577,0.25283431107307053,train
2011-07-08,-0.6073919232561311,-0.9790596904416786,0.3716677671855475,train
2011-07-11,-0.5800100913064532,-0.8979385316937504,0.3179284403872972,train
2011-07-12,0.1756106867191774,-0.8024715280861332,0.9780822148053105,train
2011-07-13,-0.1753734049621935,-0.48398350408760427,0.30861009912541076,train
2011-07-14,-0.1232792223590549,-0.4773949950643296,0.35411577270527467,train
2011-07-15,-0.4846380226531239,-0.3868286383146933,-0.09780938433843062,train
2011-07-18,-0.5648299906039916,-0.46191980346993666,-0.10291018713405498,train
2011-07-19,-0.5404212521963104,-0.4829687919413881,-0.057452460254922344,train
2011-07-20,-0.8808310497989714,-0.5478425993613487,-0.3329884504376227,train
2011-07-21,-0.2769074124028562,-0.6947778878482078,0.4178704754453516,train
2011-07-22,-1.0762748376356888,-0.5596489992601917,-0.516625838375497,train
2011-07-25,-0.9626441076419552,-0.8074195155406036,-0.15522459210135153,train
2011-07-26,-0.9654141053931564,-0.8233195079659454,-0.14209459742721098,train
2011-07-27,-0.8263933170068477,-0.8723334971081006,0.04594018010125289,train
2011-07-28,-0.7990104178874275,-0.8341131216137019,0.03510270372627433,train
2011-07-29,-0.4098696663505325,-0.8776248621992851,0.46775519584875264,train
2011-08-01,-0.3736148995223436,-0.7190531984640509,0.3454382989417073,train
2011-08-02,-0.388814291022964,-0.6516885302339187,0.2628742392109547,train
2011-08-03,-0.275844559997998,-0.5932089192617757,0.31736435926377765,train
2011-08-04,-0.0009230164267586,-0.5035570635978974,0.5026340471711388,train
2011-08-05,0.2158492629120795,-0.3461209576063363,0.5619702205184158,train
2011-08-08,0.2829401811402076,-0.21749187471565024,0.5004320558558578,train
2011-08-09,0.3985818260375987,-0.1276166681806815,0.5261984942182801,train
2011-08-10,-0.2514118580129491,-0.010255015942501333,-0.24115684207044774,train
2011-08-11,0.1244815387097102,-0.1723924842505602,0.2968740229602704,train
2011-08-12,-0.5457578652981009,-0.06680876812448205,-0.47894909717361883,train
2011-08-15,-0.7304264611631917,-0.3077519641408606,-0.42267449702233106,train
2011-08-16,-0.5825879090940542,-0.4536817462751917,-0.12890616281886252,train
2011-08-17,-0.7143108477975669,-0.5128171217639607,-0.20149372603360627,train
2011-08-18,-0.4978267853756903,-0.5858520296480798,0.0880252442723895,train
2011-08-19,-0.6258167624380867,-0.5922154699265801,-0.033601292511506564,train
2011-08-22,-1.4199659581027655,-0.6258419412639787,-0.7941240168387868,train
2011-08-23,-0.8173714263415045,-0.8897912149475266,0.07241978860602205,train
2011-08-24,-0.9663830292102232,-0.7696226412431099,-0.19676038796711337,train
2011-08-25,-0.840506771645874,-0.8268288158286221,-0.013677955817251841,train
2011-08-26,-0.8349693922002304,-0.8321423756715894,-0.0028270165286409243,train
2011-08-29,-1.2424317768775768,-0.8494687853593029,-0.39296299151827385,train
2011-08-30,-1.0855161478888722,-0.9312213475864793,-0.15429480030239284,train
2011-08-31,-1.105404831455286,-0.9260708829686621,-0.17933394848662387,train
2011-09-01,-0.771044794337805,-0.9516794175361313,0.18063462319832624,train
2011-09-02,-0.7178849944450832,-0.8743173841064091,0.1564323896613259,train
2011-09-05,-1.0567052847033884,-0.8528708297842056,-0.20383445491918284,train
2011-09-06,0.1098105461346378,-0.9281118474602771,1.037922393594915,train
2011-09-07,-0.4882528687769118,-0.5301284803373854,0.041875611560473536,train
2011-09-08,-0.3986653898898824,-0.6327453919615103,0.23408000207162782,train
2011-09-09,0.0288775211479536,-0.5862017621932649,0.6150792833412185,train
2011-09-12,0.3871447495515001,-0.40636598974626803,0.793510739297768,train
2011-09-13,0.0879124022180377,-0.1745236877511229,0.26243608996916057,train
2011-09-14,0.0978208286235656,-0.24964830832702012,0.34746913695058573,train
2011-09-15,-0.1229641378518698,-0.18263658115925763,0.05967244330738783,train
2011-09-16,-0.4888411730318616,-0.21033498152637295,-0.2785061915054886,train
2011-09-19,-0.5225352711651015,-0.34402874785914844,-0.178506523305953,train
2011-09-20,-0.2586156454161517,-0.43679585479196814,0.17818020937581647,train
2011-09-21,-0.0704050423031234,-0.4034060341326926,0.3330009918295692,train
2011-09-22,0.2409999543947382,-0.3549299791873171,0.5959299335820554,train
2011-09-23,0.0193069689768036,-0.22743411181891626,0.24674108079571985,train
2011-09-26,0.0534121724602671,-0.2278752437162528,0.2812874161765199,train
2011-09-27,-0.1010707067740181,-0.1559757347258822,0.0549050279518641,train
2011-09-28,-0.3715701075846248,-0.1720425133886131,-0.19952759419601168,train
2011-09-29,-0.3353003585330876,-0.2568370129502703,-0.07846334558281731,train
2011-09-30,-0.3909551403988641,-0.2930628149329367,-0.09789232546592741,train
2011-10-03,-0.3109783377060839,-0.33689796230954716,0.025919624603463254,train
2011-10-04,0.0783249661277892,-0.3455329198970708,0.42385788602486,train
2011-10-05,-0.1724529562641394,-0.222431094848738,0.0499781385845986,train
2011-10-06,-0.1494766134809561,-0.2579229916701684,0.10844637818921232,train
2011-10-07,-0.2956409287207216,-0.23877101946075568,-0.056869909259965934,train
2011-10-10,-0.6413385851195409,-0.2644993261261826,-0.3768392589933583,train
2011-10-11,-0.6755443045452092,-0.3802315493842991,-0.2953127551609101,train
2011-10-12,-0.4910064574264863,-0.465363832772814,-0.025642624653672286,train
2011-10-13,-0.5847959765078337,-0.462533140996194,-0.12226283551163963,train
2011-10-14,-0.4458024074188598,-0.5311078035854409,0.08530539616658106,train
2011-10-17,-0.5850367698698269,-0.5202962014063107,-0.06474056846351617,train
2011-10-18,-0.2337087581965647,-0.5507455880932908,0.3170368298967261,train
2011-10-19,-0.4107543867281548,-0.42291974421439815,0.012165357486243367,train
2011-10-20,0.0033404180036063,-0.4568377631285013,0.46017818113210757,train
2011-10-21,-0.4075079671188668,-0.29683062143536904,-0.11067734568349774,train
2011-10-24,-0.6369869144418117,-0.3989862843422297,-0.23800063009958194,train
2011-10-25,-0.3840596745979158,-0.46877492399196696,0.08471524939405117,train
2011-10-26,-0.469387351499623,-0.42617278536053976,-0.043214566139083255,train
2011-10-27,-0.3628700196327343,-0.45928118898940157,0.09641116935666727,train
2011-10-28,-0.9043148730909376,-0.4689375513628477,-0.4353773217280899,train
2011-10-31,-0.0977110156843395,-0.6502549108722209,0.5525438951878814,train
2011-11-01,0.240826302162789,-0.4030852451696155,0.6439115473324045,train
2011-11-02,-0.209859863772368,-0.2504913907422154,0.04063152696984737,train
2011-11-03,0.2973380143356066,-0.34068293983339204,0.6380209541689986,train
2011-11-04,-0.3980289392904052,-0.1470315677686632,-0.25099737152174206,train
2011-11-07,-0.4808542026114575,-0.28088147492570525,-0.19997272768575225,train
2011-11-08,-0.6739244370361221,-0.3387926666847587,-0.33513177035136343,train
2011-11-09,-0.2933870267999841,-0.4745179052020446,0.18113087840206055,train
2011-11-10,-0.1481445944388223,-0.3856342739414738,0.2374896795026515,train
2011-11-11,-0.5310551059818589,-0.38508571477934905,-0.14596939120250985,train
2011-11-14,-0.5841019031506467,-0.4922978953366094,-0.0918040078140373,train
2011-11-15,-0.4921051746180334,-0.5130537647110132,0.02094859009297978,train
2011-11-16,-0.3753761259511127,-0.4744878623082429,0.09911173635713022,train
2011-11-17,-0.3103807409004148,-0.4519677226225118,0.141586981722097,train
2011-11-18,-0.5616400225511041,-0.4518988154766277,-0.10974120707447643,train
2011-11-21,-0.566298865408242,-0.5177308907609469,-0.04856797464729512,train
2011-11-22,-0.8843020217398013,-0.5265510698598447,-0.35775095187995665,train
2011-11-23,-0.5202168762119542,-0.6411849698996339,0.12096809368767969,train
2011-11-24,-1.186133579581516,-0.5668833631463087,-0.6192502164352073,train
2011-11-25,-0.9766109402117248,-0.8132628588332642,-0.16334808137846057,train
2011-11-28,-0.6120982302896649,-0.809284223427588,0.19718599313792307,train
2011-11-29,-0.5621758248500593,-0.7305719441612198,0.1683961193111605,train
2011-11-30,0.6522887418146552,-0.6850641364469116,1.3373528782615667,train
2011-12-01,-0.5936742970261348,-0.16057858519486545,-0.4330957118312694,train
2011-12-02,-0.9140335831768972,-0.5295717434147805,-0.3844618397621167,train
2011-12-05,-0.9680012699249956,-0.6072902797067773,-0.3607109902182183,train
2011-12-06,-1.3399487091993267,-0.6712307404582869,-0.6687179687410398,train
2011-12-07,-1.324314195551106,-0.8357387203008838,-0.48857547525022216,train
2011-12-08,-0.641758273196831,-1.0263180605802675,0.38455978738343655,train
2011-12-09,-0.7687976234810763,-0.8711863599006213,0.10238873641954505,train
2011-12-12,-0.7572591873422568,-0.8907114002395773,0.13345221289732045,train
2011-12-13,-0.4509659398211164,-0.8767538724834438,0.42578793266232745,train
2011-12-14,-0.6575220359732808,-0.7194957946454412,0.06197375867216037,train
2011-12-15,-0.937950628185034,-0.7075263947580168,-0.23042423342701723,train
2011-12-16,-1.3156835424745044,-0.8051557154567894,-0.5105278270177149,train
2011-12-19,-1.5824873543586648,-0.955875579500494,-0.6266117748581709,train
2011-12-20,-1.4362390128352898,-1.1073940693704722,-0.3288449434648175,train
2011-12-21,-0.6839323987647022,-1.1778315974040345,0.4938991986393323,train
2011-12-22,-0.9384824818480312,-1.0038004088277659,0.06531792697973471,train
2011-12-23,-1.7489439132054283,-1.069091356755394,-0.6798525564500344,train
2011-12-27,-2.558422998493031,-1.3094701374849067,-1.2489528610081244,train
2011-12-28,-1.3649714252648852,-1.6007508861054374,0.23577946084055212,train
2011-12-29,-0.926345736666627,-1.3240691886681069,0.39772345200147985,train
2011-12-30,-1.2576052563784952,-1.2485297023051363,-0.009075554073358916,train
2012-01-03,-1.1704944857065824,-1.3595010016726303,0.1890065159660479,train
2012-01-04,-1.157514850795084,-1.3052581196856734,0.1477432688905893,train
2012-01-05,-0.7590285616132283,-1.179451188555747,0.42042262694251875,train
2012-01-06,-0.9462175048965478,-1.0292092004004405,0.08299169550389274,train
2012-01-09,-1.0298118756893262,-1.0729122604909844,0.04310038480165823,train
2012-01-10,-1.0965843136599185,-1.0677003801146268,-0.02888393354529173,train
2012-01-11,-0.8841473092317989,-1.073879205017027,0.1897318957852281,train
2012-01-12,-0.938804333766356,-1.0040300615690116,0.06522572780265568,train
2012-01-13,-0.3591195209778515,-1.03344345906913,0.6743239380912784,train
2012-01-16,-1.30259185055189,-0.8387147179405722,-0.4638771326113179,train
2012-01-17,-0.9109085234365614,-1.0946428282763434,0.18373430483978204,train
2012-01-18,-0.4686264495884085,-0.9911268916085045,0.522500442020096,train
2012-01-19,-0.9194370190617396,-0.8408565346883129,-0.07858048437342668,train
2012-01-20,-0.992981643507653,-0.9396432894034561,-0.05333835410419685,train
2012-01-23,-0.9641266811960116,-1.0097552820717466,0.04562860087573495,train
2012-01-24,-0.7542344675361621,-0.966284173634474,0.21204970609831197,train
2012-01-25,-0.5959294407030866,-0.9062854134166823,0.3103559727135957,train
2012-01-26,-1.0331084935403878,-0.8755347574338573,-0.15757373610653047,train
2012-01-27,-0.535012620801228,-0.9787710020851896,0.4437583812839616,train
2012-01-30,-1.1700443613856617,-0.7968075429779224,-0.37323681840773926,train
2012-01-31,-0.9003331075195423,-0.9633099990811838,0.06297689156164143,train
2012-02-01,-0.5125607360537561,-0.9133784993134895,0.4008177632597334,train
2012-02-02,-0.5584878019595267,-0.8058073808254385,0.24731957886591172,train
2012-02-03,-0.6155303555569808,-0.7694260670442741,0.1538957114872933,train
2012-02-06,-0.7867908261606054,-0.7840995404056026,-0.0026912857550027702,train
2012-02-07,-0.6623945155135355,-0.7863104943063016,0.12391597879276617,train
2012-02-08,-1.0145572222357016,-0.7317426835211915,-0.28281453871451,train
2012-02-09,-0.6332852598037197,-0.8602084072835812,0.22692314747986142,train
2012-02-10,-1.1448543717241266,-0.7724211576502223,-0.3724332140739043,train
2012-02-13,-1.1791486712292685,-0.9458773690209361,-0.23327130220833237,train
2012-02-14,-0.9436653783171676,-0.9922595219875919,0.04859414367042436,train
2012-02-15,-0.7342423783108174,-0.9683643262360142,0.2341219479251968,train
2012-02-16,-0.6729951550579912,-0.8879960780664518,0.21500092300846052,train
2012-02-17,-1.2049526910332298,-0.8748635109146247,-0.3300891801186051,train
2012-02-20,-1.2958726293289702,-1.0138052612880246,-0.28206736804094557,train
2012-02-21,-0.2824663993203478,-1.050025384955778,0.7675589856354301,train
2012-02-22,-1.2240009565457686,-0.7451277853215175,-0.4788731712242511,train
2012-02-23,-1.161289950922291,-1.0111505148148117,-0.15013943610747926,train
2012-02-24,-1.4205481066047425,-1.0483838232103213,-0.3721642833944212,train
2012-02-27,-1.143078023395959,-1.1371722572682632,-0.005905766127695777,train
2012-02-28,-1.1880719646251388,-1.0583153189163068,-0.12975664570883194,train
2012-02-29,-0.9276619757533716,-1.1636829742901635,0.23602099853679193,train
2012-03-01,-1.1548328854047258,-1.0715130896958922,-0.08331979570883363,train
2012-03-02,-1.3402698925412555,-1.1238269054316226,-0.21644298710963294,train
2012-03-05,-1.0555230369193904,-1.1697708312786963,0.11424779435930588,train
2012-03-06,-1.467402488918607,-1.1013410360515274,-0.3660614528670796,train
2012-03-07,-1.4340465754603395,-1.2320772559932793,-0.2019693194670602,train
2012-03-08,-1.089171168059447,-1.2796524272245007,0.19048125916505376,train
2012-03-09,-1.1592668641150738,-1.2015327193551084,0.04226585524003457,train
2012-03-12,-1.367727364343958,-1.1985909472376597,-0.16913641710629834,train
2012-03-13,-1.199797480700744,-1.2845304552380252,0.08473297453728112,train
2012-03-14,-1.141672986081164,-1.221525742073631,0.07985275599246688,train
2012-03-15,-1.3452405587171168,-1.179063530516157,-0.1661770282009598,train
2012-03-16,-1.139605828312667,-1.2541225434418617,0.11451671512919459,train
2012-03-19,-1.5680170023394204,-1.2138355346565468,-0.3541814676828736,train
2012-03-20,-1.4159470400424987,-1.340885225063102,-0.07506181497939668,train
2012-03-21,-1.4172776754788907,-1.328653266579661,-0.08862440889922962,train
2012-03-22,-1.2547587071956328,-1.353898571415697,0.09913986422006427,train
2012-03-23,-1.173408197729394,-1.3178690565385618,0.1444608588091678,train
2012-03-26,-1.0861177712485273,-1.3040282474793583,0.21791047623083104,train
2012-03-27,-1.5125344798622171,-1.2396668352135545,-0.27286764464866264,train
2012-03-28,-1.32090230225699,-1.3452546932987257,0.02435239104173581,train
2012-03-29,-1.3237018598457897,-1.2948933548009074,-0.028808505044882304,train
2012-03-30,-1.114807737138163,-1.3006735904969202,0.18586585335875716,train
2012-04-02,-1.6199132544667565,-1.249113543768671,-0.3707997106980856,train
2012-04-03,-0.9475168160804056,-1.4213369499297681,0.4738201338493625,train
2012-04-04,-1.1669033945897151,-1.216777478954267,0.04987408436455176,train
2012-04-05,-1.6740591256238984,-1.2476751296929114,-0.42638399593098697,train
2012-04-06,-1.6839904127206369,-1.3995762442897626,-0.2844141684308743,train
2012-04-09,-1.5136923863512466,-1.465627067924396,-0.04806531842685069,train
2012-04-10,-1.0765180605492448,-1.416632165400367,0.34011410485112226,train
2012-04-11,-1.2880473935483792,-1.3208768272674651,0.032829433719085976,train
2012-04-12,-1.429171952173586,-1.3811933463507586,-0.047978605822827314,train
2012-04-13,-1.625045644312171,-1.3943026236212148,-0.2307430206909562,train
2012-04-16,-0.9689859322213056,-1.4398831216255834,0.4708971894042778,train
2012-04-17,-1.508589921006405,-1.2325682136241949,-0.2760217073822102,train
2012-04-18,-1.107139983831039,-1.4020293145966236,0.29488933076558466,train
2012-04-19,-1.3466179207549995,-1.290010888791944,-0.05660703196305561,train
2012-04-20,-1.487113959473261,-1.3345702988574968,-0.1525436606157642,train
2012-04-23,-1.786983256463176,-1.35680488829262,-0.430178368170556,train
2012-04-24,-1.850163482087636,-1.5067640261506694,-0.34339945593696664,train
2012-04-25,-1.1662822875389254,-1.5619555915886838,0.3956733040497584,train
2012-04-26,-1.636186777800673,-1.412633968299065,-0.22355280950160794,train
2012-04-27,-1.4070543859732343,-1.546190832550656,0.13913644657742164,train
2012-04-30,-2.3086279347836025,-1.4854644388321492,-0.8231634959514533,train
2012-05-01,-1.6707811817033844,-1.7538787209227575,0.08309753921937313,train
2012-05-02,-1.270910697628018,-1.6047885939110997,0.33387789628308173,train
2012-05-03,-1.8647791266600529,-1.5184543347036592,-0.34632479195639365,train
2012-05-04,-1.8878453638778905,-1.6798808982168258,-0.20796446566106463,train
2012-05-07,-1.1604417232153648,-1.7372574422042437,0.576815718988879,train
2012-05-08,-1.4810054397511476,-1.4541353405470705,-0.026870099204077125,train
2012-05-09,-1.3344858493321607,-1.5082576317029759,0.17377178237081514,train
2012-05-10,-1.6561505772687009,-1.4793385227116025,-0.17681205455709836,train
2012-05-11,-1.652753217266694,-1.539690719573278,-0.11306249769341603,train
2012-05-14,-1.6319016809337767,-1.5228505423604712,-0.1090511385733055,train
2012-05-15,-1.2865868271205878,-1.562941505296865,0.2763546781762771,train
2012-05-16,-0.9804350763957266,-1.4680573204237064,0.4876222440279798,train
2012-05-17,-1.0579576630522551,-1.357521903224687,0.2995642401724319,train
2012-05-18,-0.9375290803217096,-1.3179762102119135,0.3804471298902039,train
2012-05-21,-1.3311874984282754,-1.2206800950208583,-0.11050740340741716,train
2012-05-22,-1.1481978887924242,-1.2808528738113139,0.13265498501888962,train
2012-05-23,-0.8675582676281294,-1.2230103966815218,0.3554521290533924,train
2012-05-24,-0.7803541399420716,-1.1353825060386455,0.35502836609657396,train
2012-05-25,-1.1014095218792843,-1.078042182541941,-0.02336733933734325,train
2012-05-28,-1.5111334738903988,-1.1696655300234498,-0.341467943866949,train
2012-05-29,-1.1808535711646355,-1.279531221117784,0.09867764995314854,train
2012-05-30,-1.0208108609936604,-1.2021704117234937,0.18135955072983334,train
2012-05-31,-0.9594643947929384,-1.16567085768762,0.20620646289468159,train
2012-06-01,-0.3164775669042438,-1.1599352617826026,0.8434576948783589,train
2012-06-04,-1.0907091332623522,-0.9243364399681528,-0.16637269329419935,train
2012-06-05,-0.9497331107043256,-1.0585573107896389,0.10882420008531324,train
2012-06-06,-0.9459936145959692,-0.9947129241520158,0.04871930955604664,train
2012-06-07,-0.7609904582661026,-0.9833260916816672,0.22233563341556462,train
2012-06-08,-1.0920574156751022,-0.9137922579014035,-0.17826515777369867,train
2012-06-11,-0.882114911065463,-1.0608682916965029,0.17875338063103985,train
2012-06-12,-0.7977971174273555,-0.9824964568099313,0.18469933938257577,train
2012-06-13,-1.024557181450362,-0.9400583637168561,-0.08449881773350587,train
2012-06-14,-1.1221138903997636,-0.9933654855911824,-0.12874840480858118,train
2012-06-15,-1.387650331740094,-1.0468927757773614,-0.3407575559627325,train
2012-06-18,-0.730361862960875,-1.1423178039827593,0.41195594102188426,train
2012-06-19,-1.1718540995968716,-0.9693593216072224,-0.2024947779896492,train
2012-06-20,-0.5953847679463493,-1.1116164547754281,0.5162316868290788,train
2012-06-21,-0.8278326663764869,-0.9330226824358763,0.10519001605938938,train
2012-06-22,-1.2955183348205253,-0.9515600883475753,-0.3439582464729499,train
2012-06-25,-1.6901438685700747,-1.0579403964474803,-0.6322034721225944,train
2012-06-26,-1.1341923845893125,-1.2494480178037672,0.11525563321445476,train
2012-06-27,-1.7483539762021802,-1.1175919784855657,-0.6307619977166146,train
2012-06-28,-1.2091166296493354,-1.3687231111023146,0.15960648145297918,train
2012-06-29,0.026351435790813,-1.284478877168587,1.3108303129594001,train
2012-07-02,-1.4860508507955013,-0.8453020475073663,-0.640748803288135,train
2012-07-03,-1.7495096012643605,-1.1962442459105798,-0.5532653553537807,train
2012-07-04,-1.8095847022619835,-1.330021215724655,-0.4795634865373286,train
2012-07-05,-0.883650740477046,-1.3610182052124624,0.47736746473541647,train
2012-07-06,-1.501688754071928,-1.1205165130883192,-0.3811722409836087,train
2012-07-09,-1.4455918529707186,-1.4027252422445078,-0.042866610726210785,train
2012-07-10,-1.6464199175936602,-1.3928719160165777,-0.25354800157708257,train
2012-07-11,-1.381907490557589,-1.437006039639893,0.05509854908230394,train
2012-07-12,-1.510930006952241,-1.3450098847748988,-0.1659201221773421,train
2012-07-13,-1.164908801238124,-1.4372457412365276,0.2723369399984037,train
2012-07-16,-1.4126807682652545,-1.3309136414321754,-0.08176712683307907,train
2012-07-17,-0.9797293860339976,-1.3866765351452204,0.40694714911122276,train
2012-07-18,-1.1950878287606632,-1.2246615453006957,0.02957371654003249,train
2012-07-19,-1.1584275357100826,-1.2574719835496149,0.09904444783953226,train
2012-07-20,-1.1117522414714514,-1.2186760653185758,0.1069238238471244,train
2012-07-23,-1.1925681591171344,-1.2105558087813282,0.01798764966419375,train
2012-07-24,-1.3622775857711802,-1.20662750260497,-0.1556500831662102,train
2012-07-25,-0.8538236091013403,-1.2819290585091134,0.4281054494077732,train
2012-07-26,-0.5888511377065827,-1.124583085422237,0.5357319477156542,train
2012-07-27,-0.163926015821434,-1.0036296113461816,0.8397035955247476,train
2012-07-30,-1.4258441212042898,-0.79362566010005,-0.6322184611042398,train
2012-07-31,-1.0734605417711682,-1.1166140182418527,0.04315347647068446,train
2012-08-01,-0.8935643813706171,-1.0217400289084335,0.1281756475378164,train
2012-08-02,0.1209541174675616,-0.9825905756911933,1.103544693158755,train
2012-08-03,-0.7379880662679292,-0.6364085404526516,-0.10157952581527763,train
2012-08-06,-1.032593840285339,-0.8946504957624086,-0.13794334452293033,train
2012-08-07,-1.7357696552812287,-0.9272113391071812,-0.8085583161740475,train
2012-08-08,-1.7485780230882164,-1.154797017451369,-0.5937810056368473,train
2012-08-09,-1.3872421563818051,-1.240607211135887,-0.14663494524591814,train
2012-08-10,-1.6057777949641183,-1.2956888991389723,-0.310088895825146,train
2012-08-13,-1.6682987083251315,-1.4280083147103593,-0.24029039361477222,train
2012-08-14,-1.834740157429068,-1.502714619394539,-0.33202553803452894,train
2012-08-15,-2.003493292623155,-1.558431949768851,-0.44506134285430377,train
2012-08-16,-1.8859094011521205,-1.6276632316850463,-0.2582461694670741,train
2012-08-17,-1.6303545196985552,-1.655902685252138,0.025548165553582747,train
2012-08-20,-1.61930956764655,-1.6052738195058227,-0.014035748140727389,train
2012-08-21,-1.2954977756317387,-1.6035237562887068,0.30802598065696807,train
2012-08-22,-1.2436658717027491,-1.4910227599019628,0.24735688819921364,train
2012-08-23,-1.5105825555912884,-1.4056662687590504,-0.10491628683223797,train
2012-08-24,-1.268146851402278,-1.4266282301864108,0.15848137878413282,train
2012-08-27,-2.144709935474024,-1.3498137551584621,-0.7948961803155621,train
2012-08-28,-1.761721493130995,-1.6104061269292913,-0.15131536620170372,train
2012-08-29,-1.8769910275909287,-1.5828511329982125,-0.2941398945927163,train
2012-08-30,-1.8852891279191089,-1.6750229091785374,-0.2102662187405715,train
2012-08-31,-0.7645133431459522,-1.7197617645912648,0.9552484214453126,train
2012-09-03,-2.161381997996005,-1.4154781969856391,-0.7459038010103658,train
2012-09-04,-1.630900705770676,-1.763573585930958,0.13267288016028211,train
2012-09-05,-1.1548514552015725,-1.637698662795044,0.48284720759347155,train
2012-09-06,-1.0447717473967912,-1.4686942223182007,0.42392247492140944,train
2012-09-07,-1.2273711865581916,-1.3514418301215048,0.12407064356331321,train
2012-09-10,-1.917851729005959,-1.4311762757897464,-0.48667545321621253,train
2012-09-11,-1.6192503548668549,-1.5724585849457733,-0.04679176992108158,train
2012-09-12,-1.0554713561708953,-1.5029184316030633,0.447447075432168,train
2012-09-13,-0.7975543780489607,-1.356966837260843,0.5594124592118823,train
2012-09-14,-1.2766136387462876,-1.2636879872382796,-0.012925651508008063,train
2012-09-17,-1.2787948446344373,-1.3676607549062947,0.08886591027185742,train
2012-09-18,-1.3374105163513652,-1.303891040615982,-0.033519475735383164,train
2012-09-19,-1.426113833868802,-1.2874324551367464,-0.13868137873205555,train
2012-09-20,-1.205384171404256,-1.34146652534601,0.13608235394175416,train
2012-09-21,-0.7446221532052957,-1.3243049174109023,0.5796827642056066,train
2012-09-24,-1.2664792918682928,-1.1640132696188694,-0.10246602224942336,train
2012-09-25,-1.369123958827883,-1.2820115801688483,-0.08711237865903465,train
2012-09-26,-1.5075395585466669,-1.3083997126595457,-0.1991398458871212,train
2012-09-27,-1.3185512965027235,-1.3411213536236706,0.022570057120947062,train
2012-09-28,-1.3540578566962622,-1.3030454934859925,-0.051012363210269696,train
2012-10-01,-1.2692382867819836,-1.3622340339832926,0.09299574720130899,train
2012-10-02,-1.532265227728966,-1.3359010139852907,-0.1963642137436752,train
2012-10-03,-1.534521322599653,-1.4192366673227337,-0.11528465527691933,train
2012-10-04,-1.3524819135173003,-1.4177157167541523,0.06523380323685202,train
2012-10-05,-1.76338803484335,-1.3750684512294116,-0.38831958361393837,train
2012-10-08,-1.8833764937289228,-1.5151089848213175,-0.3682675089076053,train
2012-10-09,-1.385926511108984,-1.6081252318546873,0.22219872074570324,train
2012-10-10,-1.4825898191307976,-1.4819925719757272,-0.0005972471550703684,train
2012-10-11,-1.396242568210251,-1.4938371459280448,0.09759457771779378,train
2012-10-12,-1.4807995782997383,-1.475033431352084,-0.005766146947654205,train
2012-10-15,-1.785846732494886,-1.4748886016596146,-0.31095813083527135,train
2012-10-16,-1.764056379464154,-1.5463681552820034,-0.2176882241821505,train
2012-10-17,-1.4490840295044911,-1.583191395565613,0.13410736606112184,train
2012-10-18,-1.695224165202745,-1.50849748555318,-0.18672667964956502,train
2012-10-19,-1.77253866453815,-1.5968471488595088,-0.17569151567864116,train
2012-10-22,-1.8402093202193857,-1.645439975947268,-0.19476934427211767,train
2012-10-23,-1.8942464240915171,-1.6727080841662114,-0.2215383399253057,train
2012-10-24,-1.470583770073029,-1.7116178561839541,0.24103408611092503,train
2012-10-25,-1.6367660233550898,-1.6183537938236519,-0.01841222953143795,train
2012-10-26,-1.515852070884749,-1.6517550089311333,0.13590293804638431,train
2012-10-29,-1.957231278270088,-1.6008150033177615,-0.35641627495232653,train
2012-10-30,-2.060651547901433,-1.7206004136273672,-0.34005113427406597,train
2012-10-31,-1.9636342981763424,-1.7691166087676553,-0.19451768940868708,train
2012-11-01,-1.922230925630828,-1.7989364142294515,-0.1232945114013766,train
2012-11-02,-1.3882583821332248,-1.8208926783270702,0.4326342961938454,train
2012-11-05,-1.7420808173872404,-1.684914552920068,-0.057166264467172434,train
2012-11-06,-1.7503008843352454,-1.7502804218929529,-2.046244229259031e-05,train
2012-11-07,-1.0987324760832675,-1.7230881841736982,0.6243557080904307,train
2012-11-08,-1.4017659248256804,-1.4824388640376716,0.08067293921199115,train
2012-11-09,-1.660778818426802,-1.5057289488547274,-0.15504986957207456,train
2012-11-12,-1.978050261429,-1.5916635915063784,-0.3863866699226217,train
2012-11-13,-1.6322045936380511,-1.6957522134530398,0.06354761981498869,train
2012-11-14,-1.6784887858754185,-1.6078951639300223,-0.0705936219453962,train
2012-11-15,-1.827901450023217,-1.6682565413969341,-0.15964490862628278,train
2012-11-16,-1.6714608574903238,-1.7417961649664957,0.0703353074761719,train
2012-11-19,-1.8297459635963929,-1.7107061615946324,-0.11903980200176045,train
2012-11-20,-1.2059111170121015,-1.735372137128252,0.5294610201161505,train
2012-11-21,-1.558997018259092,-1.5468383588388552,-0.01215865942023675,train
2012-11-22,-1.849588771538761,-1.6151864107667748,-0.23440236077198606,train
2012-11-23,-1.6876582458904732,-1.6805477904087582,-0.007110455481714961,train
2012-11-26,-1.979910377288484,-1.647566105508025,-0.332344271780459,train
2012-11-27,-1.57739041595693,-1.7319295889981106,0.15453917304118048,train
2012-11-28,-1.8074760078642516,-1.6764642385822786,-0.131011769281973,train
2012-11-29,-1.843838747604258,-1.7486711097240766,-0.09516763788018134,train
2012-11-30,-1.5840675529784871,-1.7592220777904548,0.1751545248119677,train
2012-12-03,-1.8789224287324824,-1.6828357002489014,-0.196086728483581,train
2012-12-04,-2.08998209447695,-1.738963724689493,-0.35101836978745693,train
2012-12-05,-2.262956704909611,-1.8430083978824472,-0.4199483070271639,train
2012-12-06,-1.6612698857582828,-1.9304552845128962,0.26918539875461334,train
2012-12-07,-1.5068919118947497,-1.776648759552693,0.2697568476579433,train
2012-12-10,-2.008167363032486,-1.737446555209462,-0.2707208078230241,train
2012-12-11,-1.9343582131717016,-1.8703470172704573,-0.06401119590124438,train
2012-12-12,-2.126371971732116,-1.8421513789240915,-0.28422059280802436,train
2012-12-13,-1.7164110941163182,-1.876970344306556,0.16055925019023776,train
2012-12-14,-1.4865748590613297,-1.7867970597909835,0.3002222007296538,train
2012-12-17,-1.846083590281373,-1.7325386231058948,-0.11354496717547824,train
2012-12-18,-2.426149597102199,-1.7979384035204893,-0.6282111935817096,train
2012-12-19,-1.9101110266815424,-1.986263331322213,0.07615230464067069,train
2012-12-20,-1.3904493202143116,-1.8470802644636302,0.4566309442493186,train
2012-12-21,-1.3412306213595395,-1.6996099769249315,0.358379355565392,train
2012-12-24,-2.422955972156964,-1.67101289071362,-0.7519430814433439,train
2012-12-27,-1.4957931668958773,-1.982400527130719,0.48660736023484175,train
2012-12-28,-1.6166222237202632,-1.6801966107949968,0.06357438707473362,train
2012-12-31,-1.122738272987284,-1.6782684982858045,0.5555302252985206,train
2013-01-02,-0.8035942280858285,-1.5369382141229315,0.733343986037103,train
2013-01-03,-1.1260180167788136,-1.3934793645950811,0.2674613478162675,train
2013-01-04,-1.312933994428806,-1.3468196847851979,0.03388569035639177,train
2013-01-07,-1.5284498525941566,-1.3659478886460064,-0.1625019639481502,train
2013-01-08,-1.518435652761845,-1.4031607594585682,-0.11527489330327678,train
2013-01-09,-1.86783075661376,-1.4337505646923367,-0.4340801919214232,train
2013-01-10,-1.2439894237835485,-1.606438306347467,0.3624488825639185,train
2013-01-11,-1.1517864243808005,-1.4722219621778974,0.3204355377970969,train
2013-01-14,-1.480296908474986,-1.4305595016304198,-0.04973740684456618,train
2013-01-15,-0.984242856007012,-1.4941391620443372,0.5098963060373252,train
2013-01-16,-1.194174106706687,-1.3195866122284745,0.1254125055217874,train
2013-01-17,-1.3523238692272272,-1.2951440927010158,-0.05717977652621142,train
2013-01-18,-1.0364921581926287,-1.3370236550797674,0.30053149688713865,train
2013-01-21,-2.034103832729416,-1.249240212116717,-0.7848636206126991,train
2013-01-22,-0.945368660718918,-1.5331340049545128,0.5877653442355948,train
2013-01-23,-1.2411030520816415,-1.2635329760677338,0.022429923986092337,train
2013-01-24,-1.106986874385084,-1.3280270138882986,0.22104013950321466,train
2013-01-25,-1.1839868657445742,-1.2719126860381667,0.08792582029359242,train
2013-01-28,-1.5327297189560305,-1.3003361954762445,-0.23239352347978603,train
2013-01-29,-1.6983607276734425,-1.3242172009605093,-0.37414352671293316,train
2013-01-30,-1.7515846395307966,-1.4340069822965882,-0.3175776572342084,train
2013-01-31,-1.8881766529556745,-1.495487741902456,-0.39268891105321857,train
2013-02-01,-1.0202204838604794,-1.6081857665243238,0.5879652826638444,train
2013-02-04,-1.371703274836433,-1.3931713753113517,0.02146810047491865,train
2013-02-05,-0.8216222146684264,-1.4639022175260457,0.6422800028576192,train
2013-02-06,-1.252671090818387,-1.2503925680606247,-0.0022785227577621914,train
2013-02-07,-0.9284424162940892,-1.3002111680615764,0.37176875176748725,train
2013-02-08,-1.3057629478540034,-1.1293992466173073,-0.1763637012366961,train
2013-02-11,-1.4896026076380895,-1.2352191917756281,-0.2543834158624614,train
2013-02-12,-1.239800903745322,-1.3026473676169852,0.06284646387166326,train
2013-02-13,-1.4611997481232664,-1.2747995965217715,-0.1864001516014948,train
2013-02-14,-1.312057442181478,-1.3456334311994969,0.03357598901801895,train
2013-02-15,-1.1247154188303157,-1.35190501157547,0.22718959274515438,train
2013-02-18,-1.8884885773457385,-1.2944868217267227,-0.5940017556190158,train
2013-02-19,-1.8055351869687888,-1.5127809065787725,-0.2927542803900163,train
2013-02-20,-1.0194429531120053,-1.5516458808527454,0.5322029277407401,train
2013-02-21,-1.0950699762410911,-1.3258347530504677,0.23076477680937657,train
2013-02-22,-1.3500252006487372,-1.3173108210999267,-0.03271437954881051,train
2013-02-25,-0.4889539643512234,-1.3990342705859193,0.9100803062346959,train
2013-02-26,-0.4550014433932579,-1.0572247516243394,0.6022233082310815,train
2013-02-27,-0.9703698672537444,-0.9139626719565359,-0.0564071952972085,train
2013-02-28,-1.291005486919082,-1.0262825252618426,-0.2647229616572393,train
2013-03-01,-1.0799591224597511,-1.1154530419830437,0.035493919523292616,train
2013-03-04,-1.4697624562325924,-1.0343832299004174,-0.43537922633217496,train
2013-03-05,-1.7154599871473188,-1.2110113203265964,-0.5044486668207224,train
2013-03-06,-2.039093330141945,-1.3930319536879576,-0.6460613764539875,train
2013-03-07,-1.29603581760484,-1.5730308745022021,0.27699505689736204,train
2013-03-08,-0.7325055158240998,-1.4092131485415849,0.676707632717485,train
2013-03-11,-1.941257156859571,-1.2497956436166622,-0.6914615132429087,train
2013-03-12,-1.7606672099090797,-1.5739146833584061,-0.18675252655067354,train
2013-03-13,-1.2826861006207249,-1.542210394153001,0.25952429353227613,train
2013-03-14,-1.5016922249444429,-1.3668818154818123,-0.13481040946263056,train
2013-03-15,-1.1592352683039149,-1.4305132071397506,0.27127793883583573,train
2013-03-18,-0.6920142729459758,-1.3922511289453143,0.7002368559993385,train
2013-03-19,-0.4197500496637362,-1.1552820956142087,0.7355320459504725,train
2013-03-20,-0.9847876925032392,-0.9609588506119033,-0.023828841891335828,train
2013-03-21,-1.1092324414550012,-1.054170806615603,-0.05506163483939819,train
2013-03-22,-1.2300904231800427,-1.0418500255610994,-0.1882403976189433,train
2013-03-25,-0.4679494586234203,-1.0796259027273314,0.6116764441039111,train
2013-03-26,-1.2469037563631515,-0.8733165946525885,-0.37358716171056305,train
2013-03-27,-1.4706548167397837,-1.130183243940486,-0.34047157279929774,train
2013-03-28,-1.409222511969617,-1.235344933050617,-0.1738775789189999,train
2013-03-29,-2.1891986725526125,-1.2606394023609035,-0.9285592701917089,train
2013-04-01,-2.100643072645802,-1.5532707942060533,-0.5473722784397488,train
2013-04-02,-1.6920427373133184,-1.6846105754377072,-0.007432161875611243,train
2013-04-03,-1.9433288599861296,-1.636856123205101,-0.3064727367810285,train
2013-04-04,-0.4198558821966205,-1.7442289237562807,1.3243730415596602,train
2013-04-05,-0.6637706112075715,-1.2927370036268555,0.628966392419284,train
2013-04-08,-1.6667662601823017,-1.1958648536518786,-0.4709014065304231,train
2013-04-09,-1.22750729485812,-1.3799369021534569,0.15242960729533683,train
2013-04-10,-1.6093910735620636,-1.2445899802387068,-0.36480109332335675,train
2013-04-11,-1.7958937922282083,-1.296408304546861,-0.49948548768134726,train
2013-04-12,-1.4554064065301573,-1.4659455217804758,0.010539115250318476,train
2013-04-15,-1.3546172737029012,-1.4619831742711629,0.10736590056826167,train
2013-04-16,-0.9627413172623706,-1.409311328709118,0.44657001144674735,train
2013-04-17,-0.9155064299284008,-1.2924994408613113,0.3769930109329105,train
2013-04-18,-1.1800653614983272,-1.2189235224703403,0.03885816097201311,train
2013-04-19,-1.3036249803912032,-1.2347982449441395,-0.06882673544706375,train
2013-04-22,-1.8174942257955224,-1.2501569095450207,-0.5673373162505018,train
2013-04-23,-1.0518509975969166,-1.4189201760854684,0.3670691784885518,train
2013-04-24,-1.5744076976403332,-1.2594751036896845,-0.31493259395064865,train
2013-04-25,-1.520137133564421,-1.4457098134751716,-0.07442732008924935,train
2013-04-26,-1.4883502001614055,-1.465076685306117,-0.023273514855288502,train
2013-04-29,-1.931243722058608,-1.473757349513693,-0.457486372544915,train
2013-04-30,-1.4532805162190234,-1.5937670055598223,0.14048648934079888,train
2013-05-01,-1.325299449913475,-1.512273485943926,0.18697403603045104,train
2013-05-02,-0.2796981441614103,-1.4550755781513385,1.175377433989928,train
2013-05-03,-0.2267823591195734,-1.0798773630448013,0.8530950039252279,train
2013-05-06,-1.9520571222085892,-0.9302545511566214,-1.0218025710519678,train
2013-05-07,-1.926019144181476,-1.3554491242897466,-0.5705700198917294,train
2013-05-08,-1.6851164601535895,-1.4039272460030563,-0.2811892141505332,train
2013-05-09,-1.4126225720591914,-1.378456252808935,-0.03416631925025637,train
2013-05-10,-0.9880764640548162,-1.4214948417822681,0.43341837772745195,train
2013-05-13,-1.390328439391655,-1.3855759984130342,-0.00475244097862082,train
2013-05-14,-1.1751893059409582,-1.4243390986622333,0.24914979272127513,train
2013-05-15,-1.2049140070245052,-1.3000900487358202,0.095176041711315,train
2013-05-16,-1.2063876740343176,-1.2634429059098036,0.057055231875486,train
2013-05-17,-1.4750985697562229,-1.247641913359125,-0.2274566563970979,train
2013-05-20,-1.7719270624539052,-1.3632633849126878,-0.40866367754121735,train
2013-05-21,-1.4229670113006485,-1.4689026434378833,0.04593563213723484,train
2013-05-22,-0.6308317708484764,-1.416345005814116,0.7855132349656396,train
2013-05-23,-1.1164946745120743,-1.16317524538609,0.04668057087401567,train
2013-05-24,-1.2370364943586445,-1.268416877792736,0.03138038343409155,train
2013-05-27,-2.8180873960940835,-1.2711494391174258,-1.5469379569766577,train
2013-05-28,-1.320616732800877,-1.7481578249770862,0.42754109217620906,train
2013-05-29,-1.087870916318827,-1.3901711521244442,0.30230023580561727,train
2013-05-30,-1.1317925336545562,-1.3696676731297441,0.2378751394751879,train
2013-05-31,-1.1676564744747415,-1.3763676308666146,0.2087111563918731,train
2013-06-03,-0.873347219133169,-1.3765979163627033,0.5032506972295343,train
2013-06-04,-1.50906897509544,-1.1392540422570638,-0.3698149328383762,train
2013-06-05,-1.1327841550926954,-1.314049878578181,0.18126572348548553,train
2013-06-06,-0.5110892324026622,-1.230601822759995,0.7195125903573328,train
2013-06-07,-0.8285352144511207,-1.0078844027444591,0.17934918829333846,train
2013-06-10,-1.7000058263628997,-1.039172343263881,-0.6608334830990186,train
2013-06-11,-1.175580925022464,-1.318083666650165,0.14250274162770094,train
2013-06-12,-1.5261530716836356,-1.169839376317019,-0.3563136953666166,train
2013-06-13,-1.018267848159898,-1.2869856693619512,0.26871782120205334,train
2013-06-14,-2.015889877858451,-1.2154547309173276,-0.8004351469411233,train
2013-06-17,-1.9041849822364991,-1.5643656685884009,-0.33981931364809825,train
2013-06-18,-1.294041575492648,-1.5716712501211285,0.27762967462848054,train
2013-06-19,-1.0606453669615237,-1.4366096193497884,0.3759642523882647,train
2013-06-20,-0.6800021794882506,-1.3463695055197864,0.6663673260315358,train
2013-06-21,-1.2488916572598197,-1.1993926609997896,-0.04949899626003007,train
2013-06-24,-1.1036526357467955,-1.2674885168499765,0.16383588110318104,train
2013-06-25,-1.5348696951660226,-1.1593267636377207,-0.37554293152830187,train
2013-06-26,-1.416262721535661,-1.2864657210350594,-0.1297970005006015,train
2013-06-27,-1.7062189534550776,-1.276573275943691,-0.4296456775113866,train
2013-06-28,-1.537960338906577,-1.4430506141657162,-0.09490972474086079,train
2013-07-01,-1.953234397878628,-1.434910878339169,-0.5183235195394589,train
2013-07-02,-1.6754043806011591,-1.6195388925030805,-0.055865488098078675,train
2013-07-03,-1.1932739527425016,-1.5769210232414896,0.38364707049898805,train
2013-07-04,-0.910130513961682,-1.4512345538660978,0.5411040399044158,train
2013-07-05,-1.2536573895467034,-1.312492600314316,0.05883521076761267,train
2013-07-08,-2.1929017736119056,-1.3728373269052334,-0.8200644467066722,train
2013-07-09,-1.3423028116318227,-1.6126998865703748,0.27039707493855203,train
2013-07-10,-0.2388622673799991,-1.3915739497168733,1.1527116823368742,train
2013-07-11,0.2521230013480756,-1.0272258825517078,1.2793488838997833,train
2013-07-12,-1.0799123289720167,-0.7676994829830136,-0.3122128459890031,train
2013-07-15,-1.2523126108957388,-1.0805515569688184,-0.17176105392692032,train
2013-07-16,-1.2490629183002184,-1.040540270415193,-0.2085226478850255,train
2013-07-17,-1.0236902232355685,-1.0162129271526403,-0.007477296082928131,train
2013-07-18,-1.8104515506273955,-1.0295106673859054,-0.7809408832414901,train
2013-07-19,-1.7432978190793718,-1.4068446298431485,-0.33645318923622325,train
2013-07-22,-1.965849016619125,-1.4603794248426354,-0.5054695917764895,train
2013-07-23,-2.0883760038184658,-1.5925676171755248,-0.495808386642941,train
2013-07-24,-1.180863696093159,-1.7087490821391667,0.5278853860460075,train
2013-07-25,-1.373594113975913,-1.5175255353133186,0.14393142133740566,train
2013-07-26,-1.8952853328161576,-1.5189235869894033,-0.3763617458267543,train
2013-07-29,-2.2193900719289017,-1.655195102828594,-0.5641949691003076,train
2013-07-30,-2.0769891191334637,-1.7597559491729136,-0.3172331699605502,train
2013-07-31,-0.9250309642656424,-1.7340136239923392,0.8089826597266968,train
2013-08-01,-1.3082165444851257,-1.4310698498346648,0.12285330534953909,train
2013-08-02,-0.9457446505697812,-1.5109442521790695,0.5651996016092883,train
2013-08-05,-1.9629360220757868,-1.3491500027976888,-0.613786019278098,train
2013-08-06,-2.098653647270057,-1.5579715863592785,-0.5406820609107788,train
2013-08-07,-1.8974162308986129,-1.6009286060000507,-0.2964876248985622,train
2013-08-08,-2.107420942290157,-1.640373102743846,-0.4670478395463109,train
2013-08-09,-2.548462840785123,-1.7721774502188663,-0.7762853905662568,train
2013-08-12,-2.3548821820876302,-2.0495046894637303,-0.3053774926238999,train
2013-08-13,-1.7971297963941375,-2.0695773146749676,0.27244751828083014,train
2013-08-14,-2.4808749355451,-1.9260384302530165,-0.5548365052920836,train
2013-08-15,-0.6053035394708678,-2.1464140686773785,1.5411105292065108,train
2013-08-16,-2.007640505543858,-1.5813753494286107,-0.4262651561152475,train
2013-08-19,-2.34712104588845,-1.8519535401297085,-0.49516750575874147,train
2013-08-20,-1.71080758786237,-1.9389567507416432,0.22814916287927312,train
2013-08-21,-1.4401941817541284,-1.7798559508498468,0.33966176909571844,train
2013-08-22,-1.3930952419092106,-1.6180419449630778,0.22494670305386721,train
2013-08-23,-1.821142336479139,-1.669149894200277,-0.1519924422788621,train
2013-08-26,-2.563822764185633,-1.7604777409939334,-0.8033450231916996,train
2013-08-27,-1.802670584076696,-1.9678954217327906,0.16522483765609475,train
2013-08-28,-1.867357061502292,-1.7971546154288018,-0.07020244607349024,train
2013-08-29,-1.622673960201184,-1.845453840711628,0.22277988051044417,train
2013-08-30,-2.1476868643577425,-1.80676658751106,-0.3409202768466826,train
2013-09-02,-2.6375053984567605,-1.9701014981925848,-0.6674039002641756,train
2013-09-03,-1.8880131402708888,-2.1047118068665283,0.2166986665956394,train
2013-09-04,-2.290007662654164,-1.951904745441877,-0.33810291721228714,train
2013-09-05,-1.4339168660314012,-2.0868233350957723,0.6529064690643711,train
2013-09-06,-1.3019180997656,-1.866427933867933,0.5645098341023331,train
2013-09-09,-1.969528722559892,-1.761369036214338,-0.20815968634555415,train
2013-09-10,-2.2212556694164203,-1.8407547611209667,-0.3805009082954536,train
2013-09-11,-1.989437154218452,-1.9234780859869178,-0.06595906823153408,train
2013-09-12,-2.0076535926841044,-1.8398054281595067,-0.16784816452459772,train
2013-09-13,-1.923411332245254,-1.8976423538529452,-0.02576897839230874,train
2013-09-16,-2.059474415870122,-1.9307408128720072,-0.12873360299811498,train
2013-09-17,-2.6096132368028244,-1.9847702734811197,-0.6248429633217047,train
2013-09-18,-0.6653229075277042,-2.156259388416216,1.4909364808885117,train
2013-09-19,-1.6288267339650864,-1.58468573540601,-0.04414099855907638,train
2013-09-20,-1.8954089924810384,-1.7502396959935238,-0.14516929648751464,train
2013-09-23,-1.721168042131406,-1.8148073969533791,0.09363935482197316,train
2013-09-24,-2.258827424660712,-1.7484654096051915,-0.5103620150555206,train
2013-09-25,-2.40134319449797,-1.8456032096012083,-0.5557399848967617,train
2013-09-26,-2.186956505143379,-2.036686338090246,-0.150270167053133,train
2013-09-27,-2.2555728571575773,-2.0444606825790306,-0.2111121745785467,train
2013-09-30,-2.1339893735286344,-2.0975447373649194,-0.03644463616371496,train
2013-10-01,-1.8086035129936904,-2.1112949939649113,0.3026914809712209,train
2013-10-02,-1.6621282760714928,-1.9906942247797357,0.32856594870824285,train
2013-10-03,-1.6738219347470715,-1.882615993539041,0.20879405879196944,train
2013-10-04,-2.17072549021847,-1.833883313159107,-0.3368421770593628,train
2013-10-07,-2.4213629100280234,-1.9384482201381827,-0.48291468988984065,train
2013-10-08,-2.4481739109981926,-2.0325385407994556,-0.415635370198737,train
2013-10-09,-1.794488564788355,-2.11033454816513,0.31584598337677505,train
2013-10-10,-2.1791866096845585,-1.9721088955147388,-0.20707771416981968,train
2013-10-11,-2.130304965164076,-2.1038432966802656,-0.026461668483810374,train
2013-10-14,-2.5582891878835783,-2.0931546140699266,-0.46513457381365164,train
2013-10-15,-1.7622132590160224,-2.209472338800421,0.4472590797843985,train
2013-10-16,-1.6699503318594828,-1.9626058014078902,0.2926554695484074,train
2013-10-17,-1.54953199690939,-1.923953129030258,0.37442113212086814,train
2013-10-18,-2.4670952708405984,-1.8249083841879332,-0.6421868866526652,train
2013-10-21,-2.59544737287924,-2.088162500038849,-0.5072848728403909,train
2013-10-22,-1.3474198223935103,-2.134042205331056,0.7866223829375458,train
2013-10-23,-2.419334907660499,-1.8257217779816124,-0.5936131296788865,train
2013-10-24,-1.83384076288338,-2.1241300193614094,0.2902892564780295,train
2013-10-25,-1.9925476904386752,-2.012149331955488,0.019601641516812762,train
2013-10-28,-2.509943570629887,-1.997655602103202,-0.5122879685266852,train
2013-10-29,-1.8073525938342463,-2.114710297873097,0.30735770403885065,train
2013-10-30,-2.001577296370538,-1.9902996880414914,-0.011277608329046673,train
2013-10-31,-1.5792005107887588,-1.9962711746317638,0.41707066384300506,train
2013-11-01,-1.8117967287860612,-1.8693287746740728,0.05753204588801153,train
2013-11-04,-1.755696149703026,-1.9078186320940265,0.15212248239100057,train
2013-11-05,-2.031313309164848,-1.8337873900756678,-0.19752591908918005,train
2013-11-06,-1.7894074974586125,-1.9103628694815311,0.12095537202291862,train
2013-11-07,0.3382161738001314,-1.8281767333657788,2.16639290716591,train
2013-11-08,-1.079050427012754,-1.0613477356443402,-0.01770269136841396,train
2013-11-11,-2.458576260093672,-1.380448970426225,-1.0781272896674468,train
2013-11-12,-1.4844093409283303,-1.7649120799112545,0.2805027389829242,train
2013-11-13,-1.457428326693591,-1.4822063547915416,0.0247780280979506,train
2013-11-14,-1.6554300617817272,-1.4350607862499065,-0.22036927553182073,train
2013-11-15,-2.123584792477971,-1.6633747557752294,-0.4602100367027415,train
2013-11-18,-2.240989420576368,-1.8717755052643377,-0.3692139153120302,train
2013-11-19,-1.7142532937533603,-1.8862292252695791,0.17197593151621882,train
2013-11-20,-0.6762353951569857,-1.779665100034915,1.1034297048779294,train
2013-11-21,-1.2112514503800025,-1.4550402727251912,0.24378882234518873,train
2013-11-22,-2.163638226190104,-1.531543883325162,-0.6320943428649421,train
2013-11-25,-2.1629832527193438,-1.747911210974832,-0.41507204174451173,train
2013-11-26,-1.806411312799536,-1.7434431789839233,-0.06296813381561273,train
2013-11-27,-1.978074932146208,-1.6681484230620187,-0.3099265090841894,train
2013-11-28,-2.313336416666579,-1.8232782236879026,-0.4900581929786765,train
2013-11-29,-2.2278882071988764,-2.01186402906863,-0.21602417813024655,train
2013-12-02,-1.7818199116917768,-1.9980572801788135,0.21623736848703667,train
2013-12-03,-2.3318155918492347,-1.858921480009898,-0.4728941118393366,train
2013-12-04,-2.0028073560620547,-2.0406219411688085,0.03781458510675373,train
2013-12-05,-1.112845866476388,-1.9692773534687102,0.8564314869923222,train
2013-12-06,-1.570696244094138,-1.6445805400492097,0.07388429595507162,train
2013-12-09,-2.719244128550584,-1.6909097140005658,-1.0283344145500184,train
2013-12-10,-2.250056002077062,-2.0723777973933286,-0.1776782046837333,train
2013-12-11,-1.9320422597550928,-1.9697803306190802,0.037738070863987394,train
2013-12-12,-1.820554928589929,-1.8855463091242868,0.06499138053435782,train
2013-12-13,-2.1770634626561294,-1.9282719225122615,-0.24879154014386784,train
2013-12-16,-2.181510005731398,-2.071681282663693,-0.10982872306770508,train
2013-12-17,-2.162047746039802,-2.0290472244935422,-0.13300052154625996,train
2013-12-18,-0.7458162457315577,-2.0181569677806737,1.2723407220491159,train
2013-12-19,-1.7993795211080148,-1.56985678343611,-0.2295227376719049,train
2013-12-20,-1.931211585188917,-1.8050068713137928,-0.1262047138751241,train
2013-12-23,-2.702958039996377,-1.8279966443892754,-0.8749613956071016,train
2013-12-24,-2.9146495895802675,-2.0705497573227536,-0.844099832257514,train
2013-12-27,-0.9938829128669552,-2.198338093360714,1.2044551804937589,train
2013-12-30,-1.9563237425925823,-1.7659658686187358,-0.19035787397384651,train
2013-12-31,-1.7501799085496716,-2.0015956065553913,0.2514156980057196,train
2014-01-02,-1.2661834959078626,-1.9357066670474579,0.6695231711395953,train
2014-01-03,-1.8746025135470452,-1.677789524714326,-0.19681298883271925,train
2014-01-06,-1.927716885529099,-1.718495581943466,-0.20922130358563296,train
2014-01-07,-1.927971736485679,-1.8196333707446766,-0.10833836574100242,train
2014-01-08,-1.773647234255997,-1.8132004159148578,0.03955318165886079,train
2014-01-09,-1.4855667779504924,-1.7780938331736835,0.2925270552231911,train
2014-01-10,-0.6638579863624545,-1.7394502754787802,1.0755922891163257,train
2014-01-13,-2.2860402440724283,-1.446955002556594,-0.8390852415158343,train
2014-01-14,-2.335478622002651,-1.824285156279185,-0.5111934657234658,train
2014-01-15,-1.9161937855939173,-1.87570021786539,-0.04049356772852719,train
2014-01-16,-1.80809802012176,-1.7940790412208234,-0.014018978900936618,train
2014-01-17,-2.157462149195669,-1.7979033510650404,-0.3595587981306285,train
2014-01-20,-2.504416624367607,-2.015735808378407,-0.48868081598919977,train
2014-01-21,-2.221640087844062,-2.1191001687085866,-0.10253991913547544,train
2014-01-22,-2.2268843269964185,-2.043677041833813,-0.18320728516260543,train
2014-01-23,-1.5297608467711177,-2.0905544514761316,0.5607936047050139,train
2014-01-24,-1.4343686034324752,-1.9019949897202757,0.4676263862878005,train
2014-01-27,-2.038530654949592,-1.8149279860937633,-0.2236026688558288,train
2014-01-28,-2.223966009075063,-1.8946147487258904,-0.3293512603491724,train
2014-01-29,-1.4645430807918285,-1.9361392216151458,0.47159614082331736,train
2014-01-30,-1.7503258474278618,-1.6893866623668572,-0.0609391850610046,train
2014-01-31,-1.6414167527455954,-1.776518016712009,0.13510126396641353,train
2014-02-03,-1.8564793223187528,-1.767973283625594,-0.08850603869315887,train
2014-02-04,-2.018426345863188,-1.808273773339689,-0.21015257252349917,train
2014-02-05,-1.990373880457696,-1.8289590333803736,-0.16141484707732245,train
2014-02-06,-1.088088761034603,-1.8695085020883213,0.7814197410537183,train
2014-02-07,-1.634556937792143,-1.6079179298857884,-0.02663900790635454,train
2014-02-10,-2.799648888677699,-1.721250392963519,-1.07839849571418,train
2014-02-11,-1.9572911270207063,-2.085569903159407,0.12827877613870053,train
2014-02-12,-1.891116026765297,-1.9030987432029671,0.011982716437670016,train
2014-02-13,-1.7252707584133085,-1.8749475563520073,0.1496767979386988,train
2014-02-14,-2.4338604501513355,-1.8960800358588492,-0.5377804142924862,train
2014-02-17,-2.4672708777723247,-2.1300987007397785,-0.3371721770325462,train
2014-02-18,-2.3679577242042025,-2.1126126715114815,-0.255345052692721,train
2014-02-19,-2.79361819130998,-2.1305916183366596,-0.6630265729733202,train
2014-02-20,-2.2507910954677355,-2.315832782100464,0.06504168663272836,train
2014-02-21,-2.4358910725453407,-2.241142399776811,-0.19474867276852947,train
2014-02-24,-2.536225680440117,-2.2864452356633285,-0.24978044477678862,train
2014-02-25,-2.435365303544703,-2.325164677219676,-0.11020062632502725,train
2014-02-26,-2.3803044172303447,-2.321918957671504,-0.05838545955884067,train
2014-02-27,-2.117018093320145,-2.2740501914118623,0.15703209809171748,train
2014-02-28,-1.0620088414822444,-2.198176477950215,1.1361676364679707,train
2014-03-03,-1.9074653015062943,-1.8427649383622398,-0.06470036314405458,train
2014-03-04,-2.0499858966146447,-1.9632756466713974,-0.08671024994324728,train
2014-03-05,-1.9682260797661535,-1.9684594736882417,0.00023339392208820975,train
2014-03-06,-1.7353212788632493,-1.9093876600827475,0.17406638121949825,train
2014-03-07,-2.032731434737793,-1.8223480600222393,-0.21038337471555368,train
2014-03-10,-2.705588590389709,-1.9770403692922494,-0.7285482210974594,train
2014-03-11,-2.645195524341153,-2.2213974487866093,-0.42379807555454363,train
2014-03-12,-2.5062548639361606,-2.273689467112824,-0.23256539682333655,train
2014-03-13,-1.3331713105809098,-2.2890614753899623,0.9558901648090525,train
2014-03-14,-1.998388998644596,-1.9865604690481948,-0.011828529596401127,train
2014-03-17,-2.3151738646280267,-2.1238111305866543,-0.19136273404137238,train
2014-03-18,-1.877358894777659,-2.167686518555323,0.29032762377766397,train
2014-03-19,-1.678857115140596,-1.9920525693081998,0.31319545416760386,train
2014-03-20,-1.980335713805523,-1.87293076862519,-0.10740494518033317,train
2014-03-21,-2.195187368776454,-1.9821556695467613,-0.21303169922969278,train
2014-03-24,-1.385064889525334,-2.0447858841558335,0.6597209946304996,train
2014-03-25,-1.7726857446135196,-1.7716378653390752,-0.0010478792744443854,train
2014-03-26,-2.000389927783732,-1.8376303352963839,-0.16275959248734795,train
2014-03-27,-1.921495759056124,-1.912870021050244,-0.008625738005879846,train
2014-03-28,-1.9615691975550005,-1.8806059288389556,-0.08096326871604487,train
2014-03-31,-1.8795359319242413,-1.8726211309011838,-0.006914801023057526,train
2014-04-01,-2.618525952895865,-1.8889760786151135,-0.7295498742807514,train
2014-04-02,-2.6187562599889413,-2.1550492375926167,-0.46370702239632466,train
2014-04-03,-1.4506353523155358,-2.22018894167988,0.7695535893643444,train
2014-04-04,-1.7589988940520844,-1.9081534872532435,0.1491545932011591,train
2014-04-07,-3.0513931829545986,-1.9532706562145528,-1.0981225267400458,train
2014-04-08,-2.509643583775476,-2.3730390604082157,-0.13660452336726037,train
2014-04-09,-1.9741750610425275,-2.24274645608211,0.2685713950395827,train
2014-04-10,-2.700476885490586,-2.0627882360630463,-0.6376886494275396,train
2014-04-11,-2.9556945729919075,-2.3349665382467517,-0.6207280347451558,train
2014-04-14,-2.4580428797151592,-2.5105739530316393,0.052531073316480104,train
2014-04-15,-2.515341092260906,-2.352063704306395,-0.16327738795451063,train
2014-04-16,-2.436477545615055,-2.371488031870613,-0.06498951374444184,train
2014-04-17,-2.881659331220716,-2.398859539544704,-0.4827997916760123,train
2014-04-18,-4.30940638781421,-2.528891419833245,-1.7805149679809653,train
2014-04-21,-3.679032882746789,-3.0173379439751087,-0.6616949387716802,train
2014-04-22,-2.9264827795327366,-3.001617694169563,0.07513491463682653,train
2014-04-23,-2.2237988850749355,-2.872630958682791,0.6488320736078554,train
2014-04-24,-2.4586944089807616,-2.700666354497574,0.24197194551681234,train
2014-04-25,-3.251385898137662,-2.7284665053783668,-0.5229193927592952,train
2014-04-28,-2.6715817205629366,-2.82397098117512,0.15238926061218327,train
2014-04-29,-2.361580152918489,-2.6035902452952193,0.24201009237673032,train
2014-04-30,-2.11654602353596,-2.4903506854524835,0.3738046619165236,train
2014-05-01,-3.5673275535980458,-2.422816640940626,-1.1445109126574198,train
2014-05-02,-1.9719756658191756,-2.86950140218448,0.8975257363653044,train
2014-05-05,-3.5162481711859974,-2.3848929734271755,-1.1313551977588219,train
2014-05-06,-2.6218866561741194,-2.8324824483861613,0.21059579221204183,train
2014-05-07,-2.8414994929676007,-2.6624117984076197,-0.17908769455998108,train
2014-05-08,-0.9878132362594996,-2.775852135728616,1.7880388994691163,train
2014-05-09,-2.423798987349432,-2.1075902819398857,-0.3162087054095464,train
2014-05-12,-3.1626782439333887,-2.467991034209229,-0.6946872097241599,train
2014-05-13,-2.0729823928285347,-2.6118135669677938,0.5388311741392591,train
2014-05-14,-2.616724116961611,-2.30158233564589,-0.3151417813157211,train
2014-05-15,-2.003216703462985,-2.4051952908310614,0.40197858736807657,train
2014-05-16,-2.599685598603142,-2.3534262759019695,-0.24625932270117268,train
2014-05-19,-3.076482995620716,-2.5078797481441146,-0.5686032474766014,train
2014-05-20,-3.005904126504445,-2.6122013541660283,-0.39370277233841655,train
2014-05-21,-2.3268063608572502,-2.668192252732443,0.34138589187519264,train
2014-05-22,-2.6248350128565816,-2.470346609222232,-0.15448840363434968,train
2014-05-23,-3.1504571244156447,-2.591993927554176,-0.5584631968614686,train
2014-05-26,-3.428232753857487,-2.7754386669940203,-0.6527940868634667,train
2014-05-27,-2.9964680514485647,-2.8843091792574107,-0.11215887219115395,train
2014-05-28,-2.662768886705302,-2.779469332996414,0.11670044629111231,train
2014-05-29,-2.8667909116092263,-2.73577116964867,-0.13101974196055632,train
2014-05-30,-2.7667275385968075,-2.8083982756590777,0.0416707370622702,train
2014-06-03,-2.534957972203016,-2.757495659831492,0.22253768762847592,train
2014-06-04,-2.6956842988501637,-2.6126332402862746,-0.08305105856388906,train
2014-06-05,-0.7102681890365551,-2.6270344420378278,1.9167662530012728,train
2014-06-06,-1.9009178370398447,-1.9625155180856064,0.06159768104576169,train
2014-06-09,-2.8791752137158158,-2.137085529221646,-0.7420896844941698,train
2014-06-10,-2.580724062633715,-2.3701557242494244,-0.21056833838429068,train
2014-06-11,-2.745659750775843,-2.3238829693565553,-0.42177678141928787,train
2014-06-12,-2.3618535627056727,-2.36891886301614,0.007065300310467482,train
2014-06-13,-2.733024439284631,-2.423898373646228,-0.3091260656384027,train
2014-06-16,-2.401709590364176,-2.594772015918257,0.1930624255540807,train
2014-06-17,-2.750770702185751,-2.4740942106001995,-0.2766764915855515,train
2014-06-18,-2.379250758035596,-2.577640385595756,0.19838962756016,train
2014-06-19,-2.570466255825587,-2.4563474572545347,-0.11411879857105234,train
2014-06-20,-2.8857324854747413,-2.5136251670886023,-0.372107318386139,train
2014-06-23,-2.8722946507212166,-2.5976199939200693,-0.27467465680114733,train
2014-06-24,-2.877050300222097,-2.6455791086674663,-0.2314711915546308,train
2014-06-25,-2.781550947163109,-2.6621543321639987,-0.11939661499911036,train
2014-06-26,-2.265968158566298,-2.6774802658605603,0.41151210729426246,train
2014-06-27,-3.2507897221174344,-2.5153040949188554,-0.735485627198579,train
2014-06-30,-2.7619227345192985,-2.775285605514632,0.013362870995333509,train
2014-07-01,-3.2161691982953213,-2.65306593521548,-0.5631032630798414,train
2014-07-02,-3.208930584403924,-2.7943448914714417,-0.41458569293248226,train
2014-07-03,-2.390113936676077,-2.836725637697043,0.44661170102096603,train
2014-07-04,-4.024685587421738,-2.665316743215497,-1.3593688442062408,train
2014-07-07,-3.4186221969892747,-3.1234546800844756,-0.29516751690479914,train
2014-07-08,-3.611623117139049,-3.0733172393002457,-0.5383058778388032,train
2014-07-09,-2.948342118036017,-3.173780859916751,0.22543874188073376,train
2014-07-10,-2.951712124364925,-2.997986874540918,0.04627475017599281,train
2014-07-11,-3.321240616174657,-3.053913043702275,-0.26732757247238226,train
2014-07-14,-3.2058537964167164,-3.0805688685922306,-0.12528492782448586,train
2014-07-15,-2.411703802212913,-3.0435818710108613,0.6318780687979482,train
2014-07-16,-3.09601133973488,-2.7455941757782005,-0.35041716395667954,train
2014-07-17,-3.2099534211832585,-2.92372001821846,-0.2862334029647986,train
2014-07-18,-2.5222420245595947,-2.9791196046596635,0.45687758010006885,train
2014-07-21,-3.352201706181123,-2.7545987121177498,-0.5976029940633731,train
2014-07-22,-2.544355920019448,-2.9624263733425176,0.41807045332306947,train
2014-07-23,-3.2105627078487804,-2.7860778050019017,-0.4244849028468787,train
2014-07-24,-2.806792802769289,-2.952248551447309,0.14545574867802014,train
2014-07-25,-3.007888851147241,-2.823062372327006,-0.18482647882023517,train
2014-07-28,-3.961020089681625,-2.918318234331185,-1.04270185535044,train
2014-07-29,-3.593356879215732,-3.2119622516637243,-0.3813946275520079,train
2014-07-30,-2.160401828731485,-3.227795085393221,1.067393256661736,train
2014-07-31,-2.887662361465709,-2.8027731988320626,-0.08488916263364654,train
2014-08-01,-2.207435041302957,-2.963642919683521,0.7562078783805641,train
2014-08-04,-3.747697027256773,-2.7210878969450594,-1.0266091303117135,train
2014-08-05,-3.1565860309925147,-3.073217189374608,-0.08336884161790659,train
2014-08-06,-2.5329196494119173,-2.8857360721205514,0.3528164227086341,train
2014-08-07,-2.396606121446984,-2.7654516872181905,0.36884556577120664,train
2014-08-08,-2.432637924725897,-2.6750298379194652,0.24239191319356834,train
2014-08-11,-3.461746170939247,-2.6970974011626634,-0.7646487697765836,train
2014-08-12,-3.094834082370928,-2.916302474007341,-0.17853160836358706,train
2014-08-13,-2.145548513496208,-2.8233353123949905,0.6777867988987825,train
2014-08-14,-2.4613986884646035,-2.5605793887063877,0.09918070024178416,train
2014-08-15,-2.294785617627252,-2.6344362346445935,0.33965061701734145,train
2014-08-18,-3.2717704823041345,-2.5752846724352616,-0.6964858098688729,train
2014-08-19,-2.3864239093172546,-2.784130620868523,0.39770671155126847,train
2014-08-20,-2.528504533695604,-2.5200916678022667,-0.00841286589333734,train
2014-08-21,-2.7282421579177405,-2.5724946741348775,-0.15574748378286296,train
2014-08-22,-2.2807445868796834,-2.645667613157952,0.36492302627826856,train
2014-08-25,-2.796219285300538,-2.528537003871758,-0.26768228142878003,train
2014-08-26,-2.477811919229769,-2.602905873846031,0.12509395461626172,train
2014-08-27,-2.37417848356141,-2.5325064885953052,0.1583280050338951,train
2014-08-28,-2.221671348980241,-2.477262309245718,0.2555909602654771,train
2014-08-29,-2.46574674336526,-2.3789261024255044,-0.08682064093975539,train
2014-09-01,-3.4977915785510034,-2.4556452926168526,-1.0421462859341508,train
2014-09-02,-3.051140503303122,-2.767050160720228,-0.284090342582894,train
2014-09-03,-2.184366005643877,-2.725433880753921,0.541067875110044,train
2014-09-04,-0.184240569175482,-2.4950809125039406,2.310840343328459,train
2014-09-05,-1.9357917813778136,-1.8056552044646483,-0.13013657691316527,train
2014-09-08,-2.2068322070315127,-2.1614131824328586,-0.0454190245986541,train
2014-09-09,-1.638352833315983,-2.0984351093882068,0.46008227607222385,train
2014-09-10,-1.582669774113857,-1.824649316198964,0.2419795420851072,train
2014-09-11,-1.9447273834073235,-1.7370537138774365,-0.20767366952988708,train
2014-09-12,-2.01293558618705,-1.9672811877274516,-0.04565439845959851,train
2014-09-15,-2.2403992995556616,-1.9896590285614975,-0.2507402709941642,train
2014-09-16,-1.897564802726124,-2.042825450740483,0.14526064801435878,train
2014-09-17,-0.8639627022928876,-1.9849915139193728,1.121028811626485,train
2014-09-18,-1.520388523671503,-1.664432777953762,0.1440442542822591,train
2014-09-19,-1.7039976319187202,-1.7552678370728305,0.05127020515411029,train
2014-09-22,-2.1176812791787314,-1.7559121133237396,-0.36176916585499175,train
2014-09-23,-2.188839149813421,-1.8350117199307645,-0.3538274298826565,train
2014-09-24,-2.0421887091095816,-1.8781821819535678,-0.16400652715601383,train
2014-09-25,-1.5180428960686128,-1.9445513862311914,0.42650849016257864,train
2014-09-26,-2.2617802518796424,-1.8142828434949716,-0.4474974083846708,train
2014-09-29,-2.0188587640444435,-2.0349773487885043,0.016118584744060804,train
2014-09-30,-1.3988422946827932,-1.966838225680514,0.5679959309977207,train
2014-10-01,-1.4736493471219445,-1.7431597469050486,0.2695103997831041,train
2014-10-02,-0.9670080545462574,-1.6827787158238574,0.7157706612776,train
2014-10-03,-0.8879080259033377,-1.4897100509699666,0.6018020250666288,train
2014-10-06,-1.5492148851809917,-1.3541503151715348,-0.19506457000945687,train
2014-10-07,-1.2411821760401802,-1.4579876906478952,0.21680551460771502,train
2014-10-08,-0.6291653011765775,-1.3583145072538543,0.7291492060772767,train
2014-10-09,-0.924768516392777,-1.1311535632971617,0.20638504690438464,train
2014-10-10,-1.5555503529130448,-1.1765610214049147,-0.3789893315081301,train
2014-10-13,-1.2795346346805585,-1.38550931745248,0.10597468277192146,train
2014-10-14,-1.4992243063201331,-1.2896161875791505,-0.20960811874098262,train
2014-10-15,-0.1687797318547764,-1.358194836533971,1.1894151046791948,train
2014-10-16,-0.2738475372365681,-0.9775411572801336,0.7036936200435655,train
2014-10-17,-1.0958420875821842,-0.9266845046408357,-0.16915758294134842,train
2014-10-20,-1.6368339845298951,-1.0815065878331338,-0.5553273966967613,train
2014-10-21,-1.2164346078229538,-1.2407377921073424,0.0243031842843886,train
2014-10-22,-1.3134314944990388,-1.1177358256426415,-0.19569566885639733,train
2014-10-23,-1.3836719487201514,-1.235705220388653,-0.1479667283314985,train
2014-10-24,-2.0083333326278208,-1.3480971139339046,-0.6602362186939161,train
2014-10-27,-2.04080878895717,-1.571023187752437,-0.469785601204733,train
2014-10-28,-1.64926888928627,-1.6234381483749798,-0.025830740911290118,train
2014-10-29,-1.1702940731421818,-1.5749061847485197,0.4046121116063379,train
2014-10-30,-1.5286916594281994,-1.4469942092817603,-0.08169745014643914,train
2014-10-31,-0.7474103456605058,-1.5285555350741022,0.7811451894135965,train
2014-11-03,-1.2836966554674514,-1.222098591953472,-0.06159806351397945,train
2014-11-04,-1.8440975933078083,-1.2851824406415835,-0.5589151526662248,train
2014-11-05,-1.500089987953187,-1.4390128331273746,-0.06107715482581244,train
2014-11-06,-0.5037635566333887,-1.3894247159043047,0.885661159270916,train
2014-11-07,-0.9626204771374928,-1.0624003147714762,0.09977983763398346,train
2014-11-10,-1.659984339707678,-1.1878334026315986,-0.47215093707607925,train
2014-11-11,-1.6640256740723935,-1.3894219595640023,-0.2746037145083913,train
2014-11-12,-1.193084978553933,-1.3744365014189652,0.1813515228650322,train
2014-11-13,-1.8287259502714563,-1.236331196989061,-0.5923947532823954,train
2014-11-14,-0.8812987722450444,-1.509459492235187,0.6281607199901426,train
2014-11-17,-1.384055814095092,-1.2952137099720478,-0.08884210412304427,train
2014-11-18,-1.8136737448678597,-1.3950002281169387,-0.418673516750921,train
2014-11-19,-1.5416851123166475,-1.5161210447518485,-0.02556406756479901,train
2014-11-20,-1.0202808908568568,-1.484022951587374,0.46374206073051716,train
2014-11-21,-1.1842153130695312,-1.2880079850985495,0.10379267202901832,train
2014-11-24,-1.6274358718591293,-1.3519424834524099,-0.27549338840671944,train
2014-11-25,-1.7010205782239636,-1.4802640291440905,-0.22075654907987308,train
2014-11-26,-1.3997789922681954,-1.4843920208342596,0.08461302856606423,train
2014-11-27,-1.9812160311533,-1.392881913345066,-0.588334117808234,train
2014-11-28,-1.6918621046527873,-1.622781537446866,-0.06908056720592137,train
2014-12-01,-1.417756492016928,-1.6055053161146873,0.18774882409775917,train
2014-12-02,-2.017187193339785,-1.5213742917245807,-0.4958129016152042,train
2014-12-03,-1.6484554772101856,-1.7039747055012604,0.05551922829107481,train
2014-12-04,-0.3875314564856195,-1.6447092619116392,1.2571778054260196,train
2014-12-05,-0.7730186763900462,-1.1887257407609577,0.41570706437091154,train
2014-12-08,-1.6904721990210347,-1.2039682725325689,-0.48650392648846585,train
2014-12-09,-1.093222812361527,-1.4357392287589388,0.3425164163974117,train
2014-12-10,-1.4767610991198477,-1.2137044076970045,-0.26305669142284316,train
2014-12-11,-0.7635834821883091,-1.283996169598155,0.5204126874098459,train
2014-12-12,-1.243615885905302,-1.1430576711546565,-0.10055821475064541,train
2014-12-15,-1.3043475930195836,-1.3002240566602128,-0.004123536359370794,train
2014-12-16,-0.8130774127657923,-1.2729405649187644,0.45986315215297213,train
2014-12-17,-0.4721935770427147,-1.1298496483800955,0.6576560713373808,train
2014-12-18,-1.0332747529918698,-0.9477727977196646,-0.08550195527220517,train
2014-12-19,-1.5753704562704691,-1.0936465683257248,-0.4817238879447443,train
2014-12-22,-2.015655527228357,-1.2541732974833675,-0.7614822297449897,train
2014-12-23,-2.059682258517032,-1.4313688996899425,-0.6283133588270893,train
2014-12-24,-2.455770586757104,-1.5662929671420975,-0.8894776196150065,train
2014-12-26,-2.7566709143578128,-1.852505251270089,-0.9041656630877237,train
2014-12-29,-1.731123392882544,-2.0945170361420162,0.3633936432594722,train
2014-12-30,-1.7417842060324085,-1.8789249866524151,0.13714078062000667,train
2014-12-31,-2.160739423571589,-1.8485108586978503,-0.3122285648737386,train
2015-01-02,-1.4741272312941514,-1.962177667172711,0.48805043587855956,train
2015-01-05,-0.8335622253217619,-1.7093462055652133,0.8757839802434514,train
2015-01-06,-1.092216525570491,-1.369443120190144,0.27722659461965304,train
2015-01-07,-0.9773962860176442,-1.3633624148397914,0.3859661288221472,train
2015-01-08,-1.3494858743757776,-1.274519024415913,-0.07496684995986458,train
2015-01-09,-1.177536591134759,-1.2905943596096627,0.11305776847490367,train
2015-01-12,-1.3797698444554136,-1.2201698458400867,-0.15959999861532692,train
2015-01-13,-1.232335136278807,-1.3197970097252272,0.08746187344642009,train
2015-01-14,-0.7179227872908898,-1.293244180861811,0.5753213935709212,train
2015-01-15,0.826788624152084,-1.1556310748916068,1.9824196990436906,train
2015-01-16,-0.4409125709491905,-0.4492025072208825,0.008289936271692,train
2015-01-19,-1.065953469707306,-0.7788550330296933,-0.2870984366776128,train
2015-01-20,-1.241369674984332,-0.9012564452117637,-0.3401132297725682,train
2015-01-21,-0.0616729816339571,-0.9504802289649774,0.8888072473310203,train
2015-01-22,0.463830366363088,-0.5984193660981517,1.0622497324612397,train
2015-01-23,0.631263491441466,-0.4491631813746748,1.0804266728161407,train
2015-01-26,-0.1963822508877344,-0.2826798180338528,0.08629756714611839,train
2015-01-27,-0.1217032537006142,-0.41156833470962695,0.28986508100901276,train
2015-01-28,-0.5586517641077321,-0.2629783268281965,-0.2956734372795356,train
2015-01-29,-0.8441189202843717,-0.3934236698541721,-0.45069525043019965,train
2015-01-30,-0.6385251451634674,-0.5702356722418904,-0.06828947292157694,train
2015-02-02,-0.9986551164083544,-0.6276149892408709,-0.37104012716748347,train
2015-02-03,-0.6694392543134294,-0.7739648382084644,0.10452558389503497,train
2015-02-04,-0.7309200807169217,-0.739535246983993,0.008615166267071261,train
2015-02-05,-0.4279707867799104,-0.7670968724412363,0.33912608566132585,train
2015-02-06,0.0213050290849219,-0.6491710135475312,0.6704760426324531,train
2015-02-09,-1.1903085456370868,-0.46316920165535014,-0.7271393439817366,train
2015-02-10,-0.8159895987033936,-0.7733077845324017,-0.04268181417099193,train
2015-02-11,-1.1312385790996602,-0.6994608751960866,-0.4317777039035736,train
2015-02-12,-0.7458231462536588,-0.8077512633908261,0.06192811713716739,train
2015-02-13,-1.3080498585301257,-0.739335286590212,-0.5687145719399137,train
2015-02-16,-1.3526885968867317,-0.9985104638079634,-0.35417813307876833,train
2015-02-17,-1.0936270399268506,-1.049162733204668,-0.0444643067221826,train
2015-02-18,-0.7556298552071503,-1.0220867505711064,0.2664568953639561,train
2015-02-19,-1.1908550793322583,-0.914390363367679,-0.27646471596457933,train
2015-02-20,-0.4464535322876025,-1.047320554853564,0.6008670225659616,train
2015-02-23,-1.2572965743509414,-0.7957563888561497,-0.4615401854947917,train
2015-02-24,-1.2376862987576465,-0.9970653489338047,-0.24062094982384175,train
2015-02-25,-1.653814472766989,-1.026799231464736,-0.627015241302253,train
2015-02-26,-1.2678365923253343,-1.2238188871730271,-0.044017705152307185,train
2015-02-27,-1.0340667113461914,-1.155338843939636,0.12127213259344449,train
2015-03-02,-1.871431720397964,-1.1590225871854298,-0.7124091332125342,train
2015-03-03,-1.6816475837773248,-1.4206370118162885,-0.2610105719610363,train
2015-03-04,-1.1884896057525456,-1.430003251445997,0.24151364569345146,train
2015-03-05,-0.8194911842995545,-1.2758398108109263,0.45634862651137187,train
2015-03-06,0.0446689671532359,-1.1523364608272557,1.1970054279804916,train
2015-03-09,-1.3471923057558337,-0.8232080098424742,-0.5239842959133595,train
2015-03-10,-0.3547547720319886,-1.1232870688112537,0.7685322967792652,train
2015-03-11,-0.1589994747380948,-0.7721904897458992,0.6131910150078044,train
2015-03-12,0.2934563944830785,-0.6143351526152637,0.9077915470983422,train
2015-03-13,-0.2509672860184941,-0.3765076718682683,0.12554038584977417,train
2015-03-16,-0.5811384649706381,-0.5396305627173578,-0.04150790225328038,train
2015-03-17,-0.9180488075625436,-0.546019809932641,-0.3720289976299026,train
2015-03-18,1.7628976147258266,-0.6746207587379952,2.437518373463822,train
2015-03-19,0.5049291382983414,1.1028715197261798,-0.5979423814278384,train
2015-03-20,-0.0907690369989753,-0.06635170112149533,-0.024417335877479976,train
2015-03-23,0.1442750324132775,-0.202114527744936,0.3463895601582135,train
2015-03-24,0.11892392798905,-0.058942879800452416,0.17786680778950242,train
2015-03-25,-0.691243746887628,0.03751799434348646,-0.7287617412311145,train
2015-03-26,-0.5020146707110805,-0.38497622866371073,-0.1170384420473698,train
2015-03-27,-0.309916570749603,-0.42585935213321086,0.11594278138360786,train
2015-03-30,-0.6316870829718269,-0.38472209788104916,-0.2469649850907777,train
2015-03-31,-0.7318188564334286,-0.5292526286501411,-0.20256622778328748,train
2015-04-01,-0.5775118951150566,-0.62432648988151,0.04681459476645333,train
2015-04-02,-0.5389364739585704,-0.5652456625211221,0.02630918856255171,train
2015-04-03,0.3168415214346737,-0.548294692545186,0.8651362139798597,train
2015-04-06,-0.8715653419703103,-0.21806266237637625,-0.653502679593934,train
2015-04-07,-0.639142439171582,-0.5796955786438823,-0.05944686052769965,train
2015-04-08,-0.4562879254418874,-0.5166245731994795,0.06033664775759212,train
2015-04-09,-0.8629868273112576,-0.4579099664209545,-0.40507686089030315,train
2015-04-10,-0.7137793288432887,-0.5845268047501483,-0.12925252409314036,train
2015-04-13,-0.696305115371116,-0.6505393387854612,-0.04576577658565473,train
2015-04-14,-0.1161266836180476,-0.6408715764215863,0.5247448928035388,train
2015-04-15,-0.2139113355245214,-0.45207885112556256,0.23816751560104116,train
2015-04-16,0.1063059839930371,-0.4471337384065248,0.553439722399562,train
2015-04-17,-0.2585604756024222,-0.2636503208077709,0.00508984520534872,train
2015-04-20,-0.7904518532139512,-0.3377184591204908,-0.45273339409346036,train
2015-04-21,-0.6902235794169017,-0.4879234585869792,-0.2023001208299225,train
2015-04-22,-0.6834771844554399,-0.5256669698460087,-0.15781021460943123,train
2015-04-23,-0.3318214926951535,-0.5795007120392447,0.2476792193440912,train
2015-04-24,-0.3090748089090857,-0.5368355969883004,0.22776078807921474,train
2015-04-27,-0.8001787251730199,-0.5322916122132262,-0.2678871129597937,train
2015-04-28,-0.7411154499352244,-0.6544251538842146,-0.08669029605100975,train
2015-04-29,0.1026904134199443,-0.6503061727732131,0.7529965861931575,train
2015-04-30,0.4155485597589372,-0.3597146215892113,0.7752631813481485,train
2015-05-01,-0.3103420504035478,-0.19193839473423877,-0.11840365566930902,train
2015-05-04,-0.9897765606533152,-0.38278344114831075,-0.6069931195050045,train
2015-05-05,-0.1357789713738039,-0.565200164108215,0.42942119273441115,train
2015-05-06,-0.2693239984534126,-0.3097721575260043,0.040448159072591694,train
2015-05-07,-0.3614871957639546,-0.37024631023691507,0.00875911447296046,train
2015-05-08,0.4121435590429037,-0.46063163560032816,0.8727751946432318,train
2015-05-11,-0.6804271834111277,-0.17133607623151376,-0.509091107179614,train
2015-05-12,-0.7570902778106297,-0.4306706923744735,-0.3264195854361562,train
2015-05-13,-0.2993256071973513,-0.5090698850278104,0.20974427783045907,train
2015-05-14,-0.5628484778066253,-0.3974279982200093,-0.165420479586616,train
2015-05-15,-0.4913962768876309,-0.4814019690650476,-0.00999430782258326,train
2015-05-18,-0.7639143994584068,-0.5523987785118577,-0.21151562094654908,train
2015-05-19,0.1050196722346656,-0.6349525954810894,0.739972267715755,train
2015-05-20,-0.1876877503362637,-0.3326711530088612,0.1449834026725975,train
2015-05-21,-0.506176300349678,-0.39413909005760006,-0.11203721029207792,train
2015-05-22,-0.1481276133554679,-0.46456432758405,0.3164367142285821,train
2015-05-25,-1.4425075816570287,-0.34371846417269275,-1.098789117484336,train
2015-05-26,-0.6139217781413024,-0.7227629976432243,0.10884121950192183,train
2015-05-27,-0.3378194474140679,-0.5971416994109633,0.2593222519968954,train
2015-05-28,-0.4528748982416443,-0.5416338690454878,0.08875897080384354,train
2015-05-29,-0.7113597882251363,-0.5592757745927586,-0.15208401363237778,train
2015-06-01,-0.5132169988944365,-0.6821556305584807,0.16893863166404421,train
2015-06-02,-0.1056503717964325,-0.5628740477723773,0.45722367597594477,train
2015-06-03,0.1927769967229913,-0.4102366581278525,0.6030136548508438,train
2015-06-04,-0.1857182107891167,-0.26590668059538947,0.08018846980627276,train
2015-06-05,0.4069292241493401,-0.34382803960576275,0.7507572637551028,train
2015-06-08,-0.2262664107459242,-0.04880039666938465,-0.17746601407653956,train
2015-06-09,-0.3379972033013295,-0.2162475845723115,-0.12174961872901799,train
2015-06-10,-0.0874501163145123,-0.2725102970691895,0.1850601807546772,train
2015-06-11,-0.5686271639534615,-0.22904834328943455,-0.3395788206640269,train
2015-06-12,-0.283722879989347,-0.38075057967470527,0.09702769968535829,train
2015-06-15,-0.6369537262203676,-0.3784706871855426,-0.258483039034825,train
2015-06-16,-0.9407673832478312,-0.5001797646511169,-0.44058761859671425,train
2015-06-17,-0.8520066976716631,-0.6344461163684753,-0.2175605813031879,train
2015-06-18,-0.2720826147414648,-0.684863952502653,0.4127813377611882,train
2015-06-19,-0.9624752706348524,-0.5226994542432731,-0.43977581639157926,train
2015-06-22,-0.7114712910875854,-0.7600643392741808,0.04859304818659538,train
2015-06-23,-0.7510304132150287,-0.7074842515905733,-0.04354616162445546,train
2015-06-24,-0.8978740337325167,-0.7054104799688323,-0.1924635537636844,train
2015-06-25,-1.0200758219054658,-0.7385389915843041,-0.2815368303211616,train
2015-06-26,-0.9497541979860908,-0.8427551690982606,-0.1069990288878302,train
2015-06-29,0.602231910405399,-0.8330112481608594,1.4352431585662584,train
2015-06-30,-0.3372297171075561,-0.2977415674653683,-0.03948814964218783,train
2015-07-01,-0.6032871224729118,-0.5116653778388764,-0.09162174463403538,train
2015-07-02,-0.3703854698594406,-0.5510862676665155,0.18070079780707488,train
2015-07-03,-1.3587108778332364,-0.44679143394942866,-0.9119194438838077,train
2015-07-06,-0.3426308582025796,-0.7259087482616836,0.383277890059104,train
2015-07-07,-0.5162821638159749,-0.5706484757775487,0.05436631196157382,train
2015-07-08,-0.503918501575968,-0.640115063067567,0.1361965614915991,train
2015-07-09,-0.6962577087583853,-0.6290770070973406,-0.06718070166104473,train
2015-07-10,-0.2715447343717747,-0.709956913189925,0.43841217881815037,train
2015-07-13,-0.0643536964355035,-0.5091244141094291,0.4447707176739256,train
2015-07-14,-0.9501537701433715,-0.4263929178247048,-0.5237608523186668,train
2015-07-15,-0.8950031052926388,-0.6878170809216113,-0.2071860243710275,train
2015-07-16,-0.6613701162060881,-0.7177226460613966,0.056352529855308475,train
2015-07-17,-1.4221226668144653,-0.653486265377935,-0.7686364014365303,train
2015-07-20,-1.499219394807791,-0.9454483978154354,-0.5537709969923555,train
2015-07-21,-1.0224169243756005,-1.1080494794522053,0.08563255507660483,train
2015-07-22,-1.047705992746467,-1.008117884541029,-0.0395881082054379,train
2015-07-23,-0.7166386626540218,-1.0283730100298745,0.3117343473758527,train
2015-07-24,-0.8969372431582083,-0.9576600730846436,0.060722829926435296,train
2015-07-27,-0.7964979182723149,-0.9525886913831716,0.15609077311085673,train
2015-07-28,-1.5007461184251225,-0.8598669199538967,-0.6408791984712258,train
2015-07-29,-0.8872358333326102,-1.0738741459588526,0.1866383126262423,train
2015-07-30,-1.1567396628417788,-0.9329968017146165,-0.22374286112716224,train
2015-07-31,0.0455420126388537,-1.0438489111668319,1.0893909238056856,train
2015-08-03,-1.4254316989095626,-0.657420088317415,-0.7680116105921475,train
2015-08-04,-1.3191225725232794,-1.0823240032303192,-0.23679856929296017,train
2015-08-05,-1.0135687995362688,-1.0416903131273438,0.028121513591075065,train
2015-08-06,-1.49808064851589,-0.9925772261726045,-0.5055034223432855,train
2015-08-07,-0.2142738197181166,-1.1437027379134252,0.9294289181953086,train
2015-08-10,-1.120662183326001,-0.8704839845038735,-0.25017819882212755,train
2015-08-11,-0.6606256936860875,-1.0592314919634063,0.3986057982773188,train
2015-08-12,-0.731629611099092,-0.8887871911345282,0.15715758003543623,train
2015-08-13,-0.8102255029103301,-0.8859440658082406,0.07571856289791046,train
2015-08-14,-1.2356346315652085,-0.8413006634256298,-0.39433396813957866,train
2015-08-17,-1.2241449578359336,-1.038886604216053,-0.18525835361988063,train
2015-08-18,-1.604080756659147,-1.0529611936569931,-0.5511195630021539,train
2015-08-19,-0.8451230216308401,-1.2305200336441444,0.38539701201330434,train
2015-08-20,-0.9258557029536296,-1.0611533670830502,0.13529766412942057,train
2015-08-21,-0.8900455204086631,-1.0844943470256747,0.19444882661701157,train
2015-08-24,0.8793194656362152,-1.0410228134425832,1.9203422790787985,train
2015-08-25,0.2560486908569517,-0.3545332481781338,0.6105819390350855,train
2015-08-26,0.0884749174616446,-0.3611588598617326,0.44963377732337717,train
2015-08-27,-0.4306650888261485,-0.3077850342716485,-0.12288005455450002,train
2015-08-28,-0.5715405457182807,-0.3798576246361993,-0.1916829210820814,train
2015-08-31,-0.840080256512095,-0.384487673294219,-0.45559258321787593,train
2015-09-01,-0.37069591761797,-0.5994305467611795,0.22873462914320947,train
2015-09-02,-0.8515860113636826,-0.5518109827211,-0.29977502864258265,train
2015-09-03,-0.4560585112091693,-0.7453333499436929,0.28927483873452364,train
2015-09-04,-0.4595010311140498,-0.6525425202932356,0.1930414891791858,train
2015-09-07,-1.5020960492777289,-0.6398642011588835,-0.8622318481188453,train
2015-09-08,-1.1860918911361544,-0.9360647355605803,-0.2500271555755741,train
2015-09-09,-1.278258555084279,-0.9507909427116176,-0.32746761237266153,train
2015-09-10,-0.8015507763990058,-1.010468779027043,0.20891800262803717,train
2015-09-11,-0.9961749048822808,-0.9344238985510352,-0.06175100633124553,train
2015-09-14,-1.435065024294233,-1.03299386708033,-0.4020711572139031,train
2015-09-15,-1.5000354307040984,-1.1362349721130731,-0.3638004585910253,train
2015-09-16,-1.1451221744225273,-1.182978103579919,0.037855929157391666,train
2015-09-17,-0.2870737255286094,-1.0916425097377747,0.8045687842091653,train
2015-09-18,-0.78033800401712,-0.823625508614478,0.043287504597358084,train
2015-09-21,-1.1895271903743942,-0.9170142276878397,-0.27251296268655456,train
2015-09-22,-1.2340813160987238,-0.9942674334398406,-0.23981388265888326,train
2015-09-23,-0.5570697479834286,-0.9853201963823145,0.42825044839888593,train
2015-09-24,-0.8887737979205641,-0.7871082008256696,-0.10166559709489453,train
2015-09-25,-0.6797378918904037,-0.9332812954788663,0.2535434035884626,train
2015-09-28,-1.0839401279278291,-0.8816277574383264,-0.20231237048950268,train
2015-09-29,-0.8815562333929812,-0.9754902531672826,0.09393401977430138,train
2015-09-30,-1.2182447048411118,-0.8990985289498634,-0.3191461758912484,train
2015-10-01,-1.5351531851021931,-1.042961624382879,-0.49219156071931414,train
2015-10-02,0.3692525489886927,-1.1889986100395855,1.5582511590282782,train
2015-10-05,-1.087684697617063,-0.5712378028070677,-0.5164468948099954,train
2015-10-06,-1.410197894351641,-0.9826811351832979,-0.427516759168343,train
2015-10-07,-1.29349029314913,-1.1181837733156241,-0.17530651983350598,train
2015-10-08,-1.033541914762416,-1.0938212392138513,0.060279324451435246,train
2015-10-09,-1.136168878436861,-0.9907277208937697,-0.1454411575430914,train
2015-10-12,-1.991260370295305,-1.14888908355439,-0.842371286740915,train
2015-10-13,-1.4893775698150382,-1.4435664048889676,-0.045811164926070624,train
2015-10-14,-1.2768467351010997,-1.340429380168469,0.06358264506736933,train
2015-10-15,-0.7316747044925744,-1.291335374335119,0.5596606698425446,train
2015-10-16,-1.0900384476186853,-1.1259669855846643,0.03592853796597906,train
2015-10-19,-1.6283040860713751,-1.2038201958580845,-0.4244838902132906,train
2015-10-20,-1.874154749160062,-1.3077130601833216,-0.5664416889767405,train
2015-10-21,-1.767159290274127,-1.413541198465755,-0.353618091808372,train
2015-10-22,-0.3567573523954495,-1.4406242030306502,1.0838668506352007,train
2015-10-23,-0.4805592826021836,-1.075118296306679,0.5945590137044954,train
2015-10-26,-1.5461723423180889,-1.0360858711731777,-0.5100864711449111,train
2015-10-27,-1.4141902885712496,-1.2868431227593586,-0.12734716581189098,train
2015-10-28,0.0214633478313453,-1.2217339814091055,1.2431973292404508,train
2015-10-29,-0.946489032428176,-0.6978175279487939,-0.24867150447938202,train
2015-10-30,-0.9211606575794185,-0.9895579650643864,0.06839730748496797,train
2015-11-02,-1.4221254589885768,-1.020919453118621,-0.4012060058699558,train
2015-11-03,-1.405568380915983,-1.1252017509051204,-0.2803666300108625,train
2015-11-04,-1.1217692647066826,-1.141607398185549,0.019838133478866427,train
2015-11-05,-1.2769701781771516,-1.1839726249396132,-0.09299755323753844,train
2015-11-06,0.189683858892262,-1.247372667981368,1.43705652687363,train
2015-11-09,-1.226147461131447,-0.7481472169557206,-0.4780002441757263,train
2015-11-10,-1.1942389379127565,-1.0987286677847738,-0.09551027012798263,train
2015-11-11,-1.3294841306301897,-1.0724710962852924,-0.2570130343448973,train
2015-11-12,-0.3383462321190036,-1.1152586203959602,0.7769123882769566,train
2015-11-13,-0.8387000147576276,-0.783954760089003,-0.054745254668624566,train
2015-11-16,-1.1305926202993053,-0.9976662335845139,-0.1329263867147914,train
2015-11-17,-1.3799503504276254,-1.0569273062505986,-0.32302304417702676,train
2015-11-18,-1.4867623856628125,-1.134333509207635,-0.3524288764551775,train
2015-11-19,-0.9852203755042108,-1.1757124496930582,0.1904920741888474,train
2015-11-20,-1.335856574356222,-1.1043534313418846,-0.2315031430143375,train
2015-11-23,-1.3461823418646843,-1.2282959876019952,-0.11788635426268912,train
2015-11-24,-1.4088826880140115,-1.2610058364423986,-0.1478768515716129,train
2015-11-25,-1.1025586069883333,-1.289615521082249,0.18705691409391578,train
2015-11-26,-2.4341054168031606,-1.1769603667317667,-1.2571450500713939,train
2015-11-27,-1.8601038493140405,-1.6323562535906349,-0.22774759572340564,train
2015-11-30,-1.834558872635671,-1.5694469930485062,-0.26511187958716476,train
2015-12-01,-1.6368433928079285,-1.6178208461817432,-0.0190225466261853,train
2015-12-02,-1.1974772811294925,-1.6005261077086914,0.40304882657919894,train
2015-12-03,1.2764984030292474,-1.507703950746394,2.7842023537756413,train
2015-12-04,-0.089331192634325,-0.2405138731987677,0.15118268056444273,train
2015-12-07,-1.4318333356427722,-0.6908717935547357,-0.7409615420880364,train
2015-12-08,-1.4443849670955606,-0.9739242442002429,-0.4704607228953177,train
2015-12-09,-1.1235261842331925,-0.9778147482510475,-0.14571143598214498,train
2015-12-10,-1.2253648523327998,-0.8946728848500063,-0.3306919674827935,train
2015-12-11,-0.7868952559402497,-1.1506434672253048,0.3637482112850551,train
2015-12-14,-1.2328996660224163,-1.1102449558139427,-0.12265471020847363,train
2015-12-15,-1.2289669477518526,-1.2027959962200003,-0.026170951531852227,train
2015-12-16,-0.1338263243662683,-1.1867719349606318,1.0529456105943635,train
2015-12-17,-0.8427304244172543,-0.8237534345918738,-0.01897698982538054,train
2015-12-18,-0.967867860392512,-0.9525878835170708,-0.015279976875441248,train
2015-12-21,-1.4773912022356523,-0.9933914387854539,-0.48399976345019846,train
2015-12-22,-1.7112839671972346,-1.1390214702921877,-0.5722624969050469,train
2015-12-23,-1.4720328401714748,-1.2426642668943748,-0.22936857327710003,train
2015-12-24,-1.7072598066330325,-1.3153988670941963,-0.39186093953883616,train
2015-12-28,-1.8874232002306013,-1.4502782772101348,-0.4371449230204665,train
2015-12-29,-1.4973356028845382,-1.5873801202950615,0.09004451741052333,train
2015-12-30,-1.7779264163503603,-1.4927985975558904,-0.2851278187944699,train
2015-12-31,-1.3088140205298888,-1.5570993943204299,0.24828537379054105,train
2016-01-04,-0.7269316752347534,-1.4301511895988424,0.7032195143640889,train
2016-01-05,-1.290558356067297,-1.1906429536226881,-0.09991540244460895,train
2016-01-06,-0.8959814194808109,-1.2676670354537298,0.37168561597291894,train
2016-01-07,-0.5601489395704329,-1.1467105263929873,0.5865615868225544,train
2016-01-08,-0.199731082269906,-0.9560712158473217,0.7563401335774157,train
2016-01-11,-0.5963601793074348,-0.7549939473058054,0.1586337679983706,train
2016-01-12,-1.1375837431747091,-0.826546855193546,-0.31103688798116313,train
2016-01-13,-1.027592381299849,-0.9419355282344646,-0.08565685306538451,train
2016-01-14,-0.6913232011467612,-0.9249545124205464,0.23363131127378522,train
2016-01-15,-0.5085259804706626,-0.8585998914737117,0.3500739110030492,train
2016-01-18,-1.6685608969015313,-0.834317991645642,-0.8342429052558893,train
2016-01-19,-1.184474878221676,-1.2100186576438405,0.02554377942216446,train
2016-01-20,-0.9310659821123628,-1.1126024871648226,0.18153650505245977,train
2016-01-21,0.0310827251560642,-1.0461254104525666,1.0772081356086307,train
2016-01-22,-1.0816798029778538,-0.7332422311264075,-0.3484375718514463,train
2016-01-25,-1.8348277267925448,-1.0518614660115313,-0.7829662607810135,train
2016-01-26,-1.5577432817940708,-1.243724649343139,-0.31401863245093176,train
2016-01-27,-1.0970030929385084,-1.2150685846248508,0.1180654916863424,train
2016-01-28,-1.3606377002340029,-1.1201195659288041,-0.24051813430519875,train
2016-01-29,-0.6856055191271294,-1.3029099816967982,0.6173044625696688,train
2016-02-01,-1.6163218620906077,-1.0984866534196098,-0.5178352086709979,train
2016-02-02,-1.6709954692440503,-1.2932523449758728,-0.37774312426817747,train
2016-02-03,-0.3735041862036737,-1.3205274661066175,0.9470232799029439,train
2016-02-04,-0.4003304137604754,-0.9465676964996825,0.5462372827392071,train
2016-02-05,-0.5954298999487531,-0.8518948958211657,0.25646499587241267,train
2016-02-08,-0.7094485490276213,-0.8923932027962406,0.18294465376861924,train
2016-02-09,-0.4073038141355399,-0.8345086970857856,0.42720488295024567,train
2016-02-10,-0.613553160009906,-0.644422337961041,0.030869177951134974,train
2016-02-11,-0.2471735619231411,-0.7174940879335394,0.4703205260103983,train
2016-02-12,-0.7860151038757373,-0.6033781512678875,-0.18263695260784973,train
2016-02-15,-1.3896326572999638,-0.7553074796771693,-0.6343251776227945,train
2016-02-16,-1.4289034820391362,-0.9607854682844299,-0.4681180137547063,train
2016-02-17,-1.2293971201340983,-1.075674197088343,-0.1537229230457553,train
2016-02-18,-1.1707249857385946,-1.079507098787124,-0.0912178869514706,train
2016-02-19,-1.1821005406820004,-1.1513908524341032,-0.030709688247897216,train
2016-02-22,-1.413789610972732,-1.1947210455022317,-0.21906856547050024,train
2016-02-23,-1.2992955972029527,-1.2666651694488058,-0.03263042775414693,train
2016-02-24,-1.0775582916526814,-1.2309238522969228,0.15336556064424145,train
2016-02-25,-1.2981016101628615,-1.1576617286832531,-0.1404398814796084,train
2016-02-26,-1.044089680472334,-1.2176816426263979,0.1735919621540638,train
2016-02-29,-1.4151484513662311,-1.1460922624617433,-0.2690561889044878,train
2016-03-01,-1.067529338123851,-1.2307340346288553,0.16320469650500424,train
2016-03-02,-1.5953059705732835,-1.1356673799801267,-0.4596385905931568,train
2016-03-03,-1.2501210501816185,-1.3059014986737434,0.055780448492124934,train
2016-03-04,-0.1740085115323691,-1.2139463553039291,1.03993784377156,train
2016-03-07,-1.6479400538572948,-0.8794940833246179,-0.7684459705326769,train
2016-03-08,-1.3501520738051154,-1.2594146280406895,-0.09073744576442588,train
2016-03-09,-1.4428320198032791,-1.2238868565861238,-0.2189451632171553,train
2016-03-10,1.2108945150645265,-1.2415197799828361,2.4524142950473626,train
2016-03-11,-0.6958230898837909,-0.12646512051706832,-0.5693579693667226,train
2016-03-14,-1.3837261338030185,-0.8674228957723091,-0.5163032380307093,train
2016-03-15,-1.5628409632865297,-1.0175480458753312,-0.5452929174111985,train
2016-03-16,-0.4217871892852248,-1.087883994167238,0.6660968048820133,train
2016-03-17,-0.8251312470085332,-0.7238761331684043,-0.10125511384012897,train
2016-03-18,-1.527111776770971,-0.993309542989669,-0.533802233781302,train
2016-03-21,-1.6691802158989058,-1.2362875232680266,-0.43289269263087915,train
2016-03-22,-1.085636429627162,-1.301450506348316,0.21581407672115405,train
2016-03-23,-1.7695385862481536,-1.1282366221786384,-0.6413019640695152,train
2016-03-24,-1.531233096816377,-1.408442986551709,-0.12279011026466802,train
2016-03-25,-2.9609057100480443,-1.4218578608727626,-1.5390478491752817,train
2016-03-28,-2.306391023115204,-1.9077107909938893,-0.39868023212131476,train
2016-03-29,-0.6654398117034701,-1.8259751637029487,1.1605353519994785,train
2016-03-30,-1.3235642477956882,-1.4185977029396533,0.0950334551439651,train
2016-03-31,-1.426659035621635,-1.5134680638124838,0.08680902819084868,train
2016-04-01,-0.8403138728013874,-1.5317464927674747,0.6914326199660873,train
2016-04-04,-1.8086186518614928,-1.1926170923876092,-0.6160015594738837,train
2016-04-05,-1.3780480632760796,-1.3743172338009086,-0.0037308294751710047,train
2016-04-06,-1.1297368685030171,-1.3552018160823283,0.22546494757931113,train
2016-04-07,-0.8397989114389462,-1.2732946628537407,0.43349575141479446,train
2016-04-08,-1.506048021467476,-1.1434757799211477,-0.3625722415463284,train
2016-04-11,-1.5994220830953705,-1.3618903216033311,-0.23753176149203936,train
2016-04-12,-1.1959124352418284,-1.3953067114237652,0.19939427618193672,train
2016-04-13,-1.3393068943874262,-1.2918369844341682,-0.04746990995325806,train
2016-04-14,-1.4716354910193783,-1.3423437904270288,-0.1292917005923495,train
2016-04-15,-1.5889902985423332,-1.4327346104717962,-0.15625568807053702,train
2016-04-18,-1.6518242511360706,-1.4807031201997125,-0.17112113093635806,train
2016-04-19,-1.8311594990970368,-1.5077794568029481,-0.3233800422940887,train
2016-04-20,-1.625972676001191,-1.6110312499969115,-0.014941426004279501,train
2016-04-21,-0.5634520617871054,-1.5901369244273647,1.0266848626402592,train
2016-04-22,-1.5704850784964608,-1.2608584612026361,-0.3096266172938247,train
2016-04-25,-1.7675981324356933,-1.4834938481803195,-0.2841042842553738,train
2016-04-26,-1.588382096748662,-1.5415334487488548,-0.04684864799980715,train
2016-04-27,-1.3798022918115829,-1.4655635831864364,0.08576129137485355,train
2016-04-28,-1.1546048196746856,-1.3841589432138481,0.2295541235391625,train
2016-04-29,-1.1425930684762542,-1.3896644530391236,0.24707138456286937,train
2016-05-02,-1.3497085923907302,-1.347102735459072,-0.002605856931658046,train
2016-05-03,-1.2266168857299655,-1.3614355858423532,0.13481870011238772,train
2016-05-04,-0.8766191388639077,-1.2947486002856172,0.4181294614217095,train
2016-05-05,-1.5927693572977677,-1.1599692189677464,-0.4328001383300213,train
2016-05-06,-1.2485109764024105,-1.3688940821244415,0.12038310572203104,train
2016-05-09,-1.6062449778334285,-1.30344718935911,-0.3027977884743185,train
2016-05-10,-1.5969435101363896,-1.4134664813276465,-0.18347702880874306,train
2016-05-11,-2.169249878124115,-1.4486485570984586,-0.7206013210256563,train
2016-05-12,-2.069821733184101,-1.7043224966673882,-0.3654992365167129,train
2016-05-13,-1.3827353900962531,-1.735495312393861,0.3527599222976079,train
2016-05-16,-2.06025016494132,-1.5944037151124029,-0.4658464498289172,train
2016-05-17,-2.185038518792959,-1.7949120989959473,-0.39012641979701157,train
2016-05-18,-1.1705886334409823,-1.8852554060128268,0.7146667725718445,train
2016-05-19,-1.631192915343157,-1.5659321313955115,-0.06526078394764556,train
2016-05-20,-2.2246175864520974,-1.6170997566965812,-0.6075178297555162,train
2016-05-23,-2.0591962057588376,-1.8382772123895055,-0.22091899336933207,train
2016-05-24,-1.827771052934126,-1.8161314032425555,-0.011639649691570497,train
2016-05-25,-2.2193079069666557,-1.7321939594653357,-0.48711394750132,train
2016-05-26,-1.918432022513073,-1.926255953561355,0.00782393104828194,train
2016-05-27,-1.927247070213468,-1.8867722395610385,-0.04047483065242963,train
2016-05-30,-2.7935036604576604,-1.8708063326450182,-0.9226973278126422,train
2016-05-31,-1.6502804858244176,-2.154674405613472,0.5043939197890546,train
2016-06-01,-1.409905020831508,-1.8794423455454328,0.46953732471392473,train
2016-06-02,-1.0752921316941475,-1.7497858017213714,0.6744936700272239,train
2016-06-03,0.1163570192706589,-1.6014138617242122,1.717770880994871,train
2016-06-06,-1.6161043922035392,-1.0875351164569802,-0.528569275746559,train
2016-06-07,-1.9775964080886288,-1.406543128954263,-0.5710532791343659,train
2016-06-08,-2.1428150033377924,-1.5291596303642312,-0.6136553729735612,train
2016-06-09,-1.4238721320413543,-1.6405310781320703,0.216658946090716,train
2016-06-10,-1.6242947220770168,-1.5087547174245033,-0.11554000465251346,train
2016-06-13,-1.7040872617648353,-1.707743166354355,0.0036559045895196984,train
2016-06-14,-1.6488732858764386,-1.7282496970721153,0.07937641119567673,train
2016-06-15,-1.2254385077397745,-1.6882273453211765,0.462788837581402,train
2016-06-16,-0.4385100630496062,-1.500336894957831,1.061826831908225,train
2016-06-17,-0.998839689590647,-1.2058045822710781,0.20696489268043117,train
2016-06-20,-1.3663008450222438,-1.2757081814553304,-0.09059266356691342,train
2016-06-21,-1.1965025244447152,-1.3227412517006614,0.1262387272559462,train
2016-06-22,-1.3016752941246388,-1.235052700920781,-0.06662259320385777,train
2016-06-23,-0.3743344071496581,-1.254417362480496,0.8800829553308378,train
2016-06-24,1.9330445990419405,-1.0128102087290651,2.9458548077710054,train
2016-06-27,-0.172265737367449,0.13757405026435737,-0.30983978763180636,train
2016-06-28,-0.8166247108294467,-0.5134164251009257,-0.303208285728521,train
2016-06-29,-0.7367186725860385,-0.620896120351532,-0.11582255223450655,train
2016-06-30,-0.0877322904772188,-0.5274125436010586,0.4396802531238398,train
2016-07-01,-0.964591765250848,-0.3286792490873434,-0.6359125161635046,train
2016-07-04,-1.8772152717350088,-0.8006336420698168,-1.076581629665192,train
2016-07-05,-1.0462412993585442,-1.185716066627993,0.13947476726944874,train
2016-07-06,-0.9472050743768324,-1.025490186880996,0.07828511250416359,train
2016-07-07,-1.2427797489472363,-1.0092179842748012,-0.23356176467243506,train
2016-07-08,-0.2940158500773479,-1.1777911658038887,0.8837753157265408,train
2016-07-11,-1.8992819810044064,-0.8775229859325377,-1.0217589950718686,train
2016-07-12,-1.3867342241194385,-1.2555876575830474,-0.13114656653639112,train
2016-07-13,-1.772147426014119,-1.165819031431623,-0.606328394582496,train
2016-07-14,-1.075910417640521,-1.3329486628960958,0.25703824525557484,train
2016-07-15,-1.3192204795437668,-1.1557907715944935,-0.16342970794927325,train
2016-07-18,-1.9780541296554728,-1.3029236981195755,-0.6751304315358972,train
2016-07-19,-1.892313066888151,-1.4785697110398732,-0.4137433558482777,train
2016-07-20,-1.488290879681032,-1.515862423921503,0.027571544240471146,train
2016-07-21,-1.2670235841320674,-1.3984106346395282,0.1313870505074608,train
2016-07-22,-1.559369008917958,-1.3656134830077613,-0.19375552591019662,train
2016-07-25,-2.310063636857921,-1.4585780999123834,-0.8514855369455376,train
2016-07-26,-2.2140500568835337,-1.6843406777990793,-0.5297093790844545,train
2016-07-27,-1.286253537119146,-1.738505029284877,0.452251492165731,train
2016-07-28,-1.7253494861664092,-1.523353290858605,-0.20199619530780422,train
2016-07-29,-1.4683662869566902,-1.6726636933786487,0.20429740642195848,train
2016-08-01,-2.336767562942235,-1.6133420461311723,-0.7234255168110628,train
2016-08-02,-2.2516324339037297,-1.839499080640722,-0.4121333532630076,train
2016-08-03,-2.2411963271361013,-1.838108321020253,-0.4030880061158484,train
2016-08-04,-2.210291998843233,-1.930181045733434,-0.2801109531097987,train
2016-08-05,-1.0234011533192933,-1.9796997144749522,0.9562985611556589,train
2016-08-08,-2.53926036730638,-1.6880994961070899,-0.8511608711992902,train
2016-08-09,-2.4166768667200142,-2.0475505726619474,-0.36912629405806685,train
2016-08-10,-2.018623419082603,-2.061064426538727,0.04244100745612389,train
2016-08-11,-2.176096157059481,-1.9478988696412791,-0.22819728741820167,train
2016-08-12,-1.4423986190463145,-1.9891966518593125,0.546798032812998,train
2016-08-15,-2.5774628806757844,-1.8649981863492966,-0.7124646943264878,train
2016-08-16,-1.2187051858414848,-2.138365290038675,0.9196601041971904,train
2016-08-17,-1.5164326959603065,-1.7129998390031023,0.19656714304279577,train
2016-08-18,-1.474708197753612,-1.7347146982767527,0.26000650052314067,train
2016-08-19,-1.866465880574176,-1.647512032215361,-0.21895384835881515,train
2016-08-22,-2.0950340848800906,-1.7828714724147632,-0.3121626124653274,train
2016-08-23,-2.234218087741929,-1.8000704392475888,-0.4341476484943403,train
2016-08-24,-1.9717309786668031,-1.9340436339962892,-0.037687344670513934,train
2016-08-25,-2.5768106484723368,-1.913200013245094,-0.6636106352272428,train
2016-08-26,-0.9186916316525796,-2.1585923722092035,1.239900740556624,train
2016-08-29,-2.231099494766561,-1.6863559325204927,-0.5447435622460683,train
2016-08-30,-2.2006987762450767,-2.0037186754978444,-0.19698010074723227,train
2016-08-31,-1.9847264678132024,-2.0019786423659105,0.01725217455270811,train
2016-09-01,-1.5445513271271951,-1.9503028842316876,0.4057515571044925,train
2016-09-02,-0.4506257194245285,-1.753558126013448,1.3029324065889196,train
2016-09-05,-2.5268633159768115,-1.4437621727356214,-1.0831011432411901,train
2016-09-06,-1.112538001804484,-1.9395004537560296,0.8269624519515457,train
2016-09-07,-1.9982501922846807,-1.5346700663650523,-0.4635801259196284,train
2016-09-08,-1.279544177975147,-1.7120319706800249,0.4324877927048778,train
2016-09-09,-1.538096517221243,-1.5102829718936663,-0.02781354532757674,train
2016-09-12,-1.5672811807690927,-1.6667183898223659,0.09943720905327313,train
2016-09-13,-1.6357468545511782,-1.5753608066777738,-0.0603860478734044,train
2016-09-14,-1.7999316920484292,-1.641897360883311,-0.15803433116511822,train
2016-09-15,-1.8260944988929877,-1.654908862156507,-0.1711856367364808,train
2016-09-16,-1.7875780231015337,-1.7153072790652533,-0.07227074403628042,train
2016-09-19,-2.475875623160012,-1.7353033487967378,-0.7405722743632741,train
2016-09-20,-2.166099671405437,-1.9879126609045517,-0.17818701050088537,train
2016-09-21,-1.1644007506937106,-1.9711081436024316,0.806707392908721,train
2016-09-22,-1.9254863600225776,-1.6749390397526587,-0.2505473202699189,train
2016-09-23,-2.042270965385696,-1.8501486650477368,-0.1921223003379593,train
2016-09-26,-2.213978076287338,-1.902023323422486,-0.31195475286485186,train
2016-09-27,-2.1573255254634485,-1.9131816131420312,-0.2441439123214173,train
2016-09-28,-2.1469162065039344,-1.9118454192059446,-0.2350707872979898,train
2016-09-29,-1.928063173247049,-1.9997371380041526,0.07167396475710364,train
2016-09-30,-1.2746635787936225,-1.9470214101933478,0.6723578313997254,train
2016-10-03,-2.4797607313165093,-1.7162806617194506,-0.7634800695970587,train
2016-10-04,-1.0089456940246757,-2.0304732456224714,1.0215275515977957,train
2016-10-05,-1.9000780374788209,-1.6002156156252048,-0.2998624218536161,train
2016-10-06,-1.912633178462255,-1.7693525289633265,-0.1432806494989285,train
2016-10-07,-1.076428438781024,-1.780688338403161,0.7042598996221372,train
2016-10-10,-2.460977927917316,-1.556606437773817,-0.9043714901434992,train
2016-10-11,-1.746964033914668,-1.8855887353889296,0.13862470147426165,train
2016-10-12,-1.3633586352201896,-1.7903033438709075,0.4269447086507179,train
2016-10-13,-1.3764840074175078,-1.6496285290431754,0.2731445216256676,train
2016-10-14,-1.6260922855341031,-1.6009172705784773,-0.025175014955625796,train
2016-10-17,-2.2983417045114027,-1.7093855862181806,-0.5889561182932221,train
2016-10-18,-1.9144706894702532,-1.8531554048563352,-0.061315284613918,train
2016-10-19,-1.951696108547875,-1.7818338922337853,-0.1698622163140897,train
2016-10-20,-0.6895148900604234,-1.8390582962832305,1.149543406222807,train
2016-10-21,-2.065906411711277,-1.4779015506145945,-0.5880048610966826,train
2016-10-24,-2.3590705298746912,-1.8364891185995154,-0.5225814112751759,train
2016-10-25,-2.077138887151601,-1.9138178437040922,-0.16332104344750897,train
2016-10-26,-1.9150033736710248,-1.864447861350151,-0.05055551232087385,train
2016-10-27,-1.7770861257818271,-1.8201109264469844,0.04302480066515724,train
2016-10-28,-1.476456339377232,-1.8867593567059222,0.4103030173286901,train
2016-10-31,-1.976362199996466,-1.7532159147830617,-0.2231462852134043,train
2016-11-01,-2.2094078375878228,-1.8387370193929637,-0.37067081819485903,train
2016-11-02,-1.5943042479965015,-1.9105909772088074,0.31628672921230594,train
2016-11-03,-1.5827693481966556,-1.7292156826954055,0.14644633449874989,train
2016-11-04,-1.933638942522108,-1.7134033547335292,-0.22023558778857888,train
2016-11-07,-1.8996886517859084,-1.839471248303397,-0.06021740348251137,train
2016-11-08,-2.197714655980625,-1.8224776446121673,-0.37523701136845755,train
2016-11-09,1.0672520435230903,-1.903101443091489,2.970353486614579,train
2016-11-10,-0.8590853976876809,-0.778293371652719,-0.08079202603496194,train
2016-11-11,-1.050961387660095,-1.2279515794900786,0.17699019182998366,train
2016-11-14,-0.7281362071574098,-1.187835443932273,0.45969923677486313,train
2016-11-15,-1.083223806384866,-0.9950231458120904,-0.08820066057277565,train
2016-11-16,-0.9859352163021594,-0.9711052439636318,-0.014829972338527564,train
2016-11-17,-0.8836962302844067,-1.1235678151612976,0.23987158487689086,train
2016-11-18,-0.7764755686878173,-1.08962928041383,0.3131537117260126,train
2016-11-21,-1.0897223810211587,-1.0264748389321983,-0.06324754208896044,train
2016-11-22,-1.3073504784522982,-1.1370277484783025,-0.17032272997399578,train
2016-11-23,-1.1216400981347328,-1.2013489723929094,0.07970887425817663,train
2016-11-24,-1.2574078279519394,-1.156560660874336,-0.10084716707760344,train
2016-11-25,-1.1594016547422896,-1.214258211115491,0.054856556373201304,train
2016-11-28,-1.001024670063833,-1.2181848909213078,0.21716022085747477,train
2016-11-29,-1.0893586054003532,-1.1639198610545571,0.0745612556542039,train
2016-11-30,-0.567062730035391,-1.160925464677884,0.593862734642493,train
2016-12-01,-0.9704267934455092,-0.9721497052443631,0.0017229117988538656,train
2016-12-02,-1.273343289338914,-1.025244811832025,-0.24809847750688907,train
2016-12-05,0.1111742566474018,-1.1029195794387632,1.214093836086165,train
2016-12-06,-1.2063845484132598,-0.6455150496334506,-0.5608694987798092,train
2016-12-07,-1.74412725141277,-0.9697361688463705,-0.7743910825663994,train
2016-12-08,0.0287213684065933,-1.201467728616843,1.2301890970234362,train
2016-12-09,-1.2896790780153224,-0.659251563092649,-0.6304275149226735,train
2016-12-12,-1.2326378890347138,-1.0060188129625336,-0.22661907607218024,train
2016-12-13,-1.2728157558648376,-1.1205246142266183,-0.15229114163821933,train
2016-12-14,-0.3839215628584609,-1.139381839293569,0.7554602764351082,train
2016-12-15,-0.1545962528426389,-0.8076614315086585,0.6530651786660197,train
2016-12-16,-0.7499377363317714,-0.7491453406883035,-0.0007923956434678914,train
2016-12-19,-1.1449107190457817,-0.8391118968222001,-0.30579882222358157,train
2016-12-20,-1.4423708635765364,-0.9273943369265438,-0.5149765266499926,train
2016-12-21,-1.44724515982676,-1.0199777073634524,-0.42726745246330755,train
2016-12-22,-1.294876752961986,-1.1235933937695892,-0.1712833591923968,train
2016-12-23,-2.0925165493074105,-1.1954851173830001,-0.8970314319244104,train
2016-12-27,-2.4557769050538005,-1.5141334647472418,-0.9416434403065588,train
2016-12-28,-1.784043349157771,-1.7337419732998758,-0.05030137585789518,train
2016-12-29,-1.3567018334381404,-1.616200456664865,0.25949862322672446,train
2016-12-30,0.202667530674189,-1.5130502522848224,1.7157177829590113,train
2017-01-03,-0.6473145604275726,-0.9716805141796343,0.3243659537520617,train
2017-01-04,-0.9600628885142276,-1.0622076502101878,0.1021447616959602,train
2017-01-05,-0.3539005490431364,-0.9962592388680749,0.6423586898249385,train
2017-01-06,-0.8772825573743636,-0.7079067510362894,-0.16937580633807414,train
2017-01-09,-1.1255968725577126,-0.8006844264529414,-0.3249124461047712,train
2017-01-10,-1.1086950410623106,-0.9784340277541634,-0.1302610133081472,train
2017-01-11,-0.1102646319589518,-1.0107642898032976,0.9004996578443458,train
2017-01-12,-0.7416650254464802,-0.6946706597683381,-0.04699436567814208,train
2017-01-13,-0.8320834583000755,-0.8761491804242727,0.04406572212419724,train
2017-01-16,-1.4148039881259438,-0.898840886190371,-0.5159631019355728,train
2017-01-17,-0.8674577401746061,-1.05536231432533,0.1879045741507238,train
2017-01-18,-1.3531089649710666,-0.9089619461107511,-0.4441470188603155,train
2017-01-19,-0.7145259145149,-1.155031842904146,0.44050592838924596,train
2017-01-20,-1.1618511610996851,-1.005361033497068,-0.15649012760261716,train
2017-01-23,-1.191814506349722,-1.1353039196930688,-0.05651058665665332,train
2017-01-24,-1.7018959903737103,-1.1195209344550572,-0.5823750559186531,train
2017-01-25,-1.4347503913727713,-1.3165505678016278,-0.11819982357114345,train
2017-01-26,-1.3688888815931652,-1.2645655529054018,-0.1043233286877634,train
2017-01-27,-1.423887225966938,-1.3029801781224748,-0.12090704784446316,train
2017-01-30,-1.3160455645532514,-1.3305241728432673,0.014478608290015904,train
2017-01-31,-0.9419536550052776,-1.3108673787269935,0.36891372372171594,train
2017-02-01,-1.0347176343733362,-1.147562376756707,0.11284474238337072,train
2017-02-02,-1.487328094894402,-1.151539631948085,-0.33578846294631703,train
2017-02-03,-1.0405168859565814,-1.2706082189927812,0.23009133303619977,train
2017-02-06,-1.7043390920613302,-1.138875282449173,-0.5654638096121571,train
2017-02-07,-1.6140668873503463,-1.3375085143421304,-0.27655837300821595,train
2017-02-08,-1.5681746380804271,-1.387383574436742,-0.18079106364368513,train
2017-02-09,-1.5629653403688055,-1.4307988983131692,-0.13216644205563632,train
2017-02-10,-1.799053531394815,-1.4472422093694601,-0.3518113220253549,train
2017-02-13,-2.097452681303037,-1.5861588013981303,-0.5112938799049069,train
2017-02-14,-1.429089401497177,-1.7057768990655644,0.2766874975683875,train
2017-02-15,-1.324973391756494,-1.543684469921415,0.21871107816492086,train
2017-02-16,-1.48377418654173,-1.5027686807021339,0.018994494160403885,train
2017-02-17,-1.969855996529448,-1.5296059665616297,-0.44025002996781826,train
2017-02-20,-2.246903020368808,-1.665179381533271,-0.5817236388355371,train
2017-02-21,-1.6734613777823826,-1.7601602266272156,0.08669884884483303,train
2017-02-22,-0.7927522114985969,-1.6580623354761994,0.8653101239776025,train
2017-02-23,-1.5670108478601374,-1.4075142156974159,-0.15949663216272159,train
2017-02-24,-1.442231114770638,-1.5829170181461776,0.14068590337553966,train
2017-02-27,-1.81281861045697,-1.5075554683042915,-0.30526314215267836,train
2017-02-28,-1.464363119886081,-1.557088141651401,0.09272502176532016,train
2017-03-01,-1.2548422962648058,-1.458152767158746,0.20331047089394017,train
2017-03-02,-1.9940676907336672,-1.4508142684058782,-0.543253422327789,train
2017-03-03,-1.3770798604238683,-1.6722614364513182,0.2951815760274499,train
2017-03-06,-1.6873186894070058,-1.5287678253344121,-0.15855086407259367,train
2017-03-07,-2.3510496899625286,-1.5912728619291683,-0.7597768280333603,train
2017-03-08,-2.087531790059464,-1.8409181605129235,-0.24661362954654042,train
2017-03-09,-1.1398939139476862,-1.863609016772667,0.7237151028249809,train
2017-03-10,-1.2090988658963646,-1.5657254570785677,0.3566265911822031,train
2017-03-13,-2.008031794145471,-1.5590854752922017,-0.4489463188532694,train
2017-03-14,-2.2557977939475258,-1.7732780773623609,-0.4825197165851649,train
2017-03-15,-0.8323860881915234,-1.8275801778886254,0.995194089697102,train
2017-03-16,-1.541256000579896,-1.383680580103257,-0.15757542047663908,train
2017-03-17,-1.680808507575747,-1.568703465972905,-0.11210504160284196,train
2017-03-20,-2.2337159339320056,-1.655197484041616,-0.5785184498903897,train
2017-03-21,-1.5773453211812107,-1.8067349109367632,0.22938958975555246,train
2017-03-22,-1.8745911479094115,-1.5881537899225848,-0.2864373579868267,train
2017-03-23,-2.0630264796155666,-1.7487777596607819,-0.31424871995478476,train
2017-03-24,-2.01423586922059,-1.8451118992497246,-0.16912396997086532,train
2017-03-27,-2.011206576579122,-1.8805362211884022,-0.13067035539071958,train
2017-03-28,-1.9252552438210675,-1.8622286813617333,-0.06302656245933425,train
2017-03-29,-1.4026789938146809,-1.8800663201503545,0.4773873263356736,train
2017-03-30,-1.692902652330279,-1.721266513796216,0.028363861465936946,train
2017-03-31,-1.8724844565632228,-1.7505351762058374,-0.12194928035738539,train
2017-04-03,-2.171137449792813,-1.7808682905627284,-0.39026915923008465,train
2017-04-04,-2.3342247265179483,-1.869341769040995,-0.4648829574769533,train
2017-04-05,-1.8069479334492708,-1.953689712313074,0.14674177886380324,train
2017-04-06,-1.5713123932438873,-1.8771654314210904,0.3058530381772031,train
2017-04-07,-1.5489304351718762,-1.8022675352468547,0.25333710007497845,train
2017-04-10,-2.454840820717137,-1.758341639879953,-0.6964991808371839,train
2017-04-11,-2.3039006384558003,-2.006417519490038,-0.2974831189657623,train
2017-04-12,-1.6163469683222411,-1.9810285543249142,0.3646815860026731,train
2017-04-13,-2.096506908263732,-1.809314593892644,-0.28719231437108794,train
2017-04-14,-2.791766122358663,-1.9561524372370114,-0.8356136851216518,train
2017-04-17,-2.19702564861988,-2.2576190240086476,0.06059337538876752,train
2017-04-18,-1.697362779761112,-2.1072100337230317,0.4098472539619198,train
2017-04-19,-2.282740779350132,-1.9332750599890869,-0.3494657193610451,train
2017-04-20,-1.7306305674253883,-2.127209871599386,0.3965793041739978,train
2017-04-21,-1.7559141475816116,-1.967358957946651,0.21144481036503948,train
2017-04-24,-0.798144919496687,-1.8754780137661828,1.0773330942694959,train
2017-04-25,-1.7274858944936136,-1.5075636832423402,-0.21992221125127331,train
2017-04-26,-1.412227978979925,-1.72583444576619,0.313606466786265,train
2017-04-27,-1.0115115337623852,-1.5656332519472556,0.5541217181848703,train
2017-04-28,-1.3682924141621082,-1.3988490435873768,0.0305566294252686,train
2017-05-01,-2.5431722963954626,-1.447244098639375,-1.0959281977560875,train
2017-05-02,-2.187426015441489,-1.8840980993240017,-0.3033279161174871,train
2017-05-03,-2.282215369294456,-1.8478523623349428,-0.434363006959513,train
2017-05-04,-1.6082001996577333,-1.9534600913255136,0.34525989166778026,train
2017-05-05,-1.873888564894073,-1.8457264076635493,-0.028162157230523732,train
2017-05-08,-1.444866897087213,-1.953822453509432,0.508955556422219,train
2017-05-09,-1.7162471438702918,-1.7489865322628733,0.0327393883925815,train
2017-05-10,-1.9295613703865435,-1.7719386394247423,-0.15762273096180124,train
2017-05-11,-2.138349075998355,-1.780699383368357,-0.3576496926299979,train
2017-05-12,-1.91915176687958,-1.8787391186154194,-0.04041264826416047,train
2017-05-15,-2.274620687913496,-1.8404138318775525,-0.43420685603594356,train
2017-05-16,-1.734202708598675,-1.99480458532259,0.2606018767239149,train
2017-05-17,-1.6378102539007895,-1.859521588510776,0.2217113346099866,train
2017-05-18,-1.3052650884685086,-1.8036409719800264,0.49837588351151774,train
2017-05-19,-1.9209144564050629,-1.644985126542042,-0.27592932986302077,train
2017-05-22,-1.3259556919339732,-1.7838715287607072,0.457915836826734,train
2017-05-23,-1.1907670821103216,-1.558235850572131,0.3674687684618094,train
2017-05-24,-1.2795450885048325,-1.4674497386838143,0.18790465017898184,train
2017-05-25,-1.9201435064417955,-1.4644628433561993,-0.4556806630855963,train
2017-05-26,-1.7665482530312997,-1.6652757181426847,-0.10127253488861498,train
2017-05-29,-2.642944298886812,-1.620800502899687,-1.0221437959871251,train
2017-05-30,-1.105591095505492,-1.9637075981165273,0.8581165026110353,train
2017-05-31,-1.598273895506821,-1.6113912742108767,0.013117378704055715,train
2017-06-01,-2.020905231413489,-1.7308499141378328,-0.29005531727565637,train
2017-06-02,-1.2160825619233644,-1.8351359162723833,0.6190533543490189,train
2017-06-05,-2.272259371521566,-1.6089017117189226,-0.6633576598026434,train
2017-06-06,-2.1668857983339564,-1.8046376200126926,-0.3622481783212639,train
2017-06-07,-1.077432633520263,-1.8813158351274728,0.8038832016072097,train
2017-06-08,-1.539972348514532,-1.5871992198377591,0.047226871323227115,train
2017-06-09,-1.5161819704900197,-1.6385615893898513,0.12237961889983162,train
2017-06-12,-2.3676550218610344,-1.6538855739322063,-0.7137694479288281,train
2017-06-13,-2.33846394417535,-1.8622150196139837,-0.47624892456136614,train
2017-06-14,-0.7534435061912238,-1.879309904903727,1.1258663987125033,train
2017-06-15,-1.72770209823873,-1.474048620495991,-0.25365347774273905,train
2017-06-16,-2.301651001409557,-1.7058041367794587,-0.5958468646300983,train
2017-06-19,-2.449820395085897,-1.9186103778973758,-0.5312100171885215,train
2017-06-20,-2.285754902363009,-1.9735878156678703,-0.3121670866951387,train
2017-06-21,-2.566700597020149,-1.9349688982502242,-0.6317316987699246,train
2017-06-22,-2.558416517842806,-2.1816760834282873,-0.3767404344145189,train
2017-06-23,-2.5068517210357824,-2.27203401675905,-0.23481770427673254,train
2017-06-26,-1.8168154159292265,-2.2938754977900717,0.47706008186084525,train
2017-06-27,-1.1805120393424602,-2.076856431169248,0.8963443918267879,train
2017-06-28,-0.151228578208155,-1.8241286128954706,1.6729000346873155,train
2017-06-29,-1.507436060371865,-1.3268851830024846,-0.18055087736938047,train
2017-06-30,-1.7973233308763652,-1.5496046900867293,-0.2477186407896359,train
2017-07-03,-2.20542751000188,-1.5523554335644911,-0.653072076437389,train
2017-07-04,-2.381712065818838,-1.6832287534320476,-0.6984833123867906,train
2017-07-05,-2.0443812603268965,-1.8498887779231836,-0.19449248240371286,train
2017-07-06,-1.983792460010977,-1.9436850090114828,-0.04010745099949431,train
2017-07-07,-1.5634170626531667,-1.972835779186447,0.4094187165332803,train
2017-07-10,-2.600445226870565,-1.8666820288228725,-0.7337631980476926,train
2017-07-11,-2.038707096491765,-2.14774231389821,0.10903521740644528,train
2017-07-12,-1.4168458795865642,-1.9977400183853866,0.5808941387988225,train
2017-07-13,-1.6617607409003734,-1.7807422217339846,0.11898148083361115,train
2017-07-14,-1.6204487798602822,-1.7981447965051984,0.1776960166449162,train
2017-07-17,-2.452152084979406,-1.81101274509279,-0.6411393398866161,train
2017-07-18,-1.4459871466767733,-1.9898549270351955,0.5438677803584222,train
2017-07-19,-2.319356170084567,-1.699854519735394,-0.6195016503491728,train
2017-07-20,-1.156972349375366,-1.976887872868785,0.819915523493419,train
2017-07-21,-1.7623883375890448,-1.6509894818414594,-0.11139885574758535,train
2017-07-24,-2.2202613508719145,-1.7946488410591583,-0.4256125098127561,train
2017-07-25,-1.5212778370411868,-1.8740142797185073,0.3527364426773205,train
2017-07-26,-0.9151385066959068,-1.7082683620834582,0.7931298553875514,train
2017-07-27,-1.2638332920054494,-1.43448099763841,0.17064770563296072,train
2017-07-28,-1.5227006634891318,-1.5216642873819146,-0.001036376107217185,train
2017-07-31,-1.4342498664184335,-1.5744495540759322,0.14019968765749868,train
2017-08-01,-1.6007765903489724,-1.4845384109010915,-0.11623817944788084,train
2017-08-02,-1.3724490111509249,-1.5208798787602138,0.14843086760928892,train
2017-08-03,-1.5653937109539628,-1.5024294374948264,-0.06296427345913647,train
2017-08-04,-0.8807923771640577,-1.5641686557733518,0.6833762786092942,train
2017-08-07,-2.0448839662536566,-1.3384922485137714,-0.7063917177398853,train
2017-08-08,-1.6994009712748823,-1.663052847565119,-0.03634812370976337,train
2017-08-09,-1.129163958019972,-1.5928809718041368,0.46371701378416486,train
2017-08-10,-1.3696223239340362,-1.424771040771739,0.05514871683770295,train
2017-08-11,-1.1358348227669646,-1.4501709704953796,0.314336147728415,train
2017-08-14,-1.869670675261711,-1.4275899073628469,-0.4420807678988641,train
2017-08-15,-1.299545235181556,-1.5738481851975459,0.2743029500159899,train
2017-08-16,-0.9862346517883774,-1.4118795225264111,0.4256448707380337,train
2017-08-17,-1.1235322758245982,-1.3028431886740857,0.1793109128494874,train
2017-08-18,-1.3293779268318526,-1.307882216591898,-0.02149571023995467,train
2017-08-21,-2.0986499613201985,-1.3609626404894062,-0.7376873208307924,train
2017-08-22,-1.9228310606439456,-1.5687921820897535,-0.35403887855419214,train
2017-08-23,-1.930661928854664,-1.586457356940175,-0.34420457191448905,train
2017-08-24,-2.514937561080283,-1.67631114088742,-0.8386264201928628,train
2017-08-25,-0.7710120858671773,-1.9485258674408963,1.1775137815737189,train
2017-08-28,-2.252355014776507,-1.5026137533940718,-0.749741261382435,train
2017-08-29,-0.9815929734199343,-1.8592843182009613,0.877691344781027,train
2017-08-30,-1.4051894309194286,-1.472944167439646,0.06775473652021735,train
2017-08-31,-1.2485688385640596,-1.5201001820526892,0.2715313434886295,train
2017-09-01,-0.4872934917041084,-1.3629012934110571,0.8756078017069487,train
2017-09-04,-1.8897393003700336,-1.1586981412753743,-0.7310411590946593,train
2017-09-05,-1.3498977312803162,-1.4469705391494316,0.09707280786911543,train
2017-09-06,-1.8233977030428337,-1.3608841471417168,-0.46251355590111687,train
2017-09-07,-0.6903834806594598,-1.5046530189151137,0.814269538255654,train
2017-09-08,-0.9920800314798496,-1.1831301913592336,0.191050159879384,train
2017-09-11,-1.9381475469175693,-1.2974465533603587,-0.6407009935572106,train
2017-09-12,-1.9326289988038363,-1.5246949203496278,-0.4079340784542085,train
2017-09-13,-1.6850807778441792,-1.5873173968076815,-0.09776338103649773,train
2017-09-14,-1.03177452235259,-1.515353655579489,0.48357913322689905,train
2017-09-15,-1.396265403584355,-1.3992041917303009,0.0029387881459459475,train
2017-09-18,-1.7901954898498622,-1.5185856504070756,-0.2716098394427866,train
2017-09-19,-1.5681587653172675,-1.6030484439467554,0.034889678629487886,train
2017-09-20,-0.4337973358477275,-1.5210690489914103,1.0872717131436826,train
2017-09-21,-1.6021137440359965,-1.1317212195169601,-0.47039252451903635,train
2017-09-22,-1.7531225871865228,-1.4430510836657253,-0.3100715035207975,train
2017-09-25,-1.7528330077320715,-1.5101595438586721,-0.2426734638733994,train
2017-09-26,-1.2606609392842032,-1.49712841390098,0.23646747461677675,train
2017-09-27,-1.6793786791634155,-1.3660018388227402,-0.31337684034067537,train
2017-09-28,-1.7704662181609756,-1.5664447726387363,-0.20402144552223933,train
2017-09-29,-1.7281729957997043,-1.61074998831858,-0.11742300748112422,train
2017-10-02,-1.889997563835938,-1.6048250169710403,-0.2851725468648978,train
2017-10-03,-2.0706344741187355,-1.6615727307374875,-0.409061743381248,train
2017-10-04,-1.854052347888076,-1.7953876868116794,-0.05866466107639656,train
2017-10-05,-2.318869828690952,-1.7622478156143062,-0.5566220130766459,train
2017-10-06,-1.495143830214667,-1.931764576278414,0.436620746063747,train
2017-10-09,-2.5225997123312043,-1.72049224358837,-0.8021074687428342,train
2017-10-10,-1.9697520142630325,-2.0322734814318237,0.06252146716879126,train
2017-10-11,-1.8720578028711456,-1.9051616586792335,0.033103855808087834,train
2017-10-12,-2.303172108480391,-1.8835630019125174,-0.41960910656787354,train
2017-10-13,-1.0709527023199157,-1.9860148730823186,0.9150621707624029,train
2017-10-16,-2.162212032985361,-1.6739745160636743,-0.4882375169216866,train
2017-10-17,-2.353879943920434,-1.886640994556846,-0.4672389493635878,train
2017-10-18,-2.201844395822772,-1.9777533085988388,-0.224091087223933,train
2017-10-19,-1.6010912861929385,-1.9778284142398697,0.37673712804693116,train
2017-10-20,-1.801830630554471,-1.773971306645729,-0.027859323908741906,train
2017-10-23,-2.128249456956585,-1.90194862837148,-0.22630082858510492,train
2017-10-24,-2.2036430565438225,-1.9808644554844062,-0.22277860105941638,train
2017-10-25,-1.94254949684358,-1.9895191431413062,0.046969646297726264,train
2017-10-26,-0.81364275132024,-1.9088617939882535,1.0952190426680135,train
2017-10-27,-1.3494412066620562,-1.5778654671840004,0.2284242605219442,train
2017-10-30,-2.0062322439742104,-1.6499618073044409,-0.35627043666976954,train
2017-10-31,-1.9365473049326287,-1.7891819450064426,-0.14736535992618616,train
2017-11-01,-1.8702537493691191,-1.751133388397947,-0.11912036097117218,train
2017-11-02,-1.5822316428023158,-1.7299935536169824,0.1477619108146666,train
2017-11-03,-1.6610396352057295,-1.728383871402174,0.06734423619644447,train
2017-11-06,-2.1042394077447373,-1.7815052754871818,-0.32273413225755543,train
2017-11-07,-1.983489741743508,-1.8817201688845164,-0.10176957285899157,train
2017-11-08,-2.2505053081052053,-1.8656241198704184,-0.3848811882347869,train
2017-11-09,-1.9821289171252825,-1.9594016980504019,-0.022727219074880622,train
2017-11-10,-2.2241003728166056,-1.9334908472489036,-0.2906095255677019,train
2017-11-13,-2.619688607848862,-2.0448521718882,-0.5748364359606621,train
2017-11-14,-1.880120036944364,-2.1886310089379526,0.30851097199358857,train
2017-11-15,-1.5461269533237167,-2.018335257311323,0.47220830398760616,train
2017-11-16,-1.801587645413562,-1.867428475710116,0.06584083029655408,train
2017-11-17,-1.837420765616483,-1.9029150663285204,0.06549430071203743,train
2017-11-20,-1.3175500032167065,-1.8711033620144282,0.5535533587977217,train
2017-11-21,-1.877684152928724,-1.6274978207153157,-0.25018633221340836,train
2017-11-22,-1.8389207762163025,-1.7581610600715278,-0.08075971614477462,train
2017-11-23,-2.2161549887377285,-1.7736475341471876,-0.44250745459054097,train
2017-11-24,-2.0107285497567498,-1.900630484334123,-0.11009806542262668,train
2017-11-27,-1.9598401695250536,-1.8677065085928537,-0.09213366093219988,train
2017-11-28,-1.6001048956139237,-1.929175941367315,0.3290710457533914,train
2017-11-29,-1.749111800024394,-1.8215547680663753,0.07244296804198136,train
2017-11-30,-1.4139127758845005,-1.8446261929361956,0.4307134170516951,train
2017-12-01,-1.147540482571089,-1.6881529542449687,0.5406124716738796,train
2017-12-04,-1.9637667304535449,-1.5419665359962842,-0.4218001944572607,train
2017-12-05,-1.9203107464214508,-1.730877429287116,-0.18943331713433476,train
2017-12-06,-1.9963010918278368,-1.7566930076567724,-0.23960808417106438,train
2017-12-07,-2.136362345338326,-1.7932818900415777,-0.34308045529674835,train
2017-12-08,-1.952963354168536,-1.8937748408552104,-0.05918851331332564,train
2017-12-11,-2.3411259249090515,-1.92692107102682,-0.4142048538822314,train
2017-12-12,-2.1612160981686377,-2.0516462724103253,-0.10956982575831242,train
2017-12-13,-1.5630900093034348,-2.0336503935882533,0.4705603842848185,train
2017-12-14,-1.2456835771118413,-1.848703562803914,0.6030199856920726,train
2017-12-15,-2.0726954234635824,-1.6803524515739174,-0.39234297188966494,train
2017-12-18,-2.0597790606731587,-1.8867998874695429,-0.1729791732036159,train
2017-12-19,-1.9851809140526508,-1.861468890082058,-0.12371202397059289,train
2017-12-20,-2.114157670839915,-1.8293732464474388,-0.284784424392476,train
2017-12-21,-2.17522960931152,-1.9193071278082239,-0.25592248150329633,train
2017-12-22,-1.9219347242072928,-2.0217618143464255,0.09982709013913271,train
2017-12-26,-2.406655977066772,-1.9550661467412014,-0.45158983032557076,train
2017-12-27,-2.4569159916700687,-2.1017080517955633,-0.3552079398745054,train
2017-12-28,-2.697348039536529,-2.1589806220158354,-0.5383674175206936,train
2017-12-29,-2.4286772671358547,-2.2753434690139542,-0.1533337981219005,train
2018-01-02,-2.1269781712764746,-2.2460241452205114,0.11904597394403682,train
2018-01-03,-2.0626057013719974,-2.198478030405139,0.13587232903314161,train
2018-01-04,-1.89890899350757,-2.160929933753833,0.26202094024626277,train
2018-01-05,-1.8338044583547144,-2.0778802047998424,0.24407574644512797,train
2018-01-08,-2.1150696655630266,-1.9871892089009089,-0.12788045666211767,train
2018-01-09,-2.0216632522585973,-2.019377353621497,-0.002285898637100381,train
2018-01-10,-1.2873754599127212,-1.9883260078932494,0.7009505479805282,train
2018-01-11,-0.9017175196603384,-1.7388967609349888,0.8371792412746504,train
2018-01-12,-0.818377991348535,-1.5614057755617772,0.7430277842132422,train
2018-01-15,-1.2216122935994542,-1.416365839892829,0.1947535462933747,train
2018-01-16,-0.9793736393168934,-1.412398268991527,0.43302462967463373,train
2018-01-17,-0.8311973910286257,-1.2599895898988533,0.4287921988702277,train
2018-01-18,-1.0844926932846284,-1.172620250354509,0.08812755706988051,train
2018-01-19,-1.33571041085757,-1.2357388984524373,-0.09997151240513258,train
2018-01-22,-1.9578046015945916,-1.3340108089889444,-0.6237937926056472,train
2018-01-23,-1.6050593629727088,-1.5464027855541111,-0.058656577418597644,train
2018-01-24,-1.1094969211350088,-1.5174948026287391,0.4079978814937304,train
2018-01-25,0.0863764693981138,-1.4158576038215047,1.5022340732196184,train
2018-01-26,-0.8418098561268669,-0.9938777481325165,0.15206789200564963,train
2018-01-29,-1.354394945822642,-1.1584235987499012,-0.1959713470727409,train
2018-01-30,-1.0370125154075265,-1.2105559585528263,0.1735434431452998,train
2018-01-31,-1.2525200794867126,-1.0656993837526976,-0.18682069573401505,train
2018-02-01,-1.2234162153477224,-1.1163704856116063,-0.10704572973611604,train
2018-02-02,-1.0133422548979212,-1.2199616444295636,0.20661938953164238,train
2018-02-05,-1.1347223584555668,-1.1792318802765918,0.04450952182102497,train
2018-02-06,-0.9179376342158256,-1.1760481025897926,0.258110468373967,train
2018-02-07,-1.3655895594666931,-1.1044939619704526,-0.26109559749624056,train
2018-02-08,-0.8945466329520095,-1.209303514848002,0.3147568818959925,train
2018-02-09,-1.2471183229883958,-1.0573497661379545,-0.18976855685044125,train
2018-02-12,-1.5912333697189622,-1.1603091239193835,-0.4309242457995788,train
2018-02-13,-1.5044660149452214,-1.2906477068403515,-0.2138183081048699,train
2018-02-14,-0.3864390304609729,-1.332057805772651,0.9456187753116783,train
2018-02-15,-1.2420142862710957,-0.9765118715442549,-0.2655024147268408,train
2018-02-16,-1.329367193263227,-1.2061968001044834,-0.12317039315874356,train
2018-02-19,-1.7080157746156233,-1.241176042115962,-0.46683973249966115,train
2018-02-20,-1.5125806536432866,-1.3472154143151658,-0.16536523932812086,train
2018-02-21,-1.3138066762443692,-1.303498592274678,-0.010308083969691184,train
2018-02-22,-1.4003775060188015,-1.3424172340318652,-0.05796027198693632,train
2018-02-23,-1.7298116866093298,-1.3714446734202803,-0.3583670131890495,train
2018-02-26,-1.7726895415969783,-1.4893183176077966,-0.2833712239891817,train
2018-02-27,-1.2247389665911947,-1.52517362021582,0.3004346536246252,train
2018-02-28,-1.659882887396537,-1.37816314241385,-0.2817197449826869,train
2018-03-01,-1.1844311102721763,-1.512075052345639,0.3276439420734627,train
2018-03-02,-1.4529969551135316,-1.385955818432414,-0.06704113668111744,train
2018-03-05,-1.144820951079815,-1.4236145128168116,0.27879356173699654,train
2018-03-06,-1.4704943411748237,-1.2918637909329576,-0.17863055024186614,train
2018-03-07,-1.5575468094696596,-1.3992219057004216,-0.15832490376923802,train
2018-03-08,-0.9457959419165524,-1.4111521340720292,0.46535619215547686,train
2018-03-09,-1.6766374859036195,-1.2585430519490255,-0.418094433954594,train
2018-03-12,-2.1761777812453444,-1.4434621165962391,-0.7327156646491053,train
2018-03-13,-1.5689702031279371,-1.6672799440402881,0.098309740912351,train
2018-03-14,-1.683642466054197,-1.541744137198542,-0.141898328855655,train
2018-03-15,-1.9673520882584536,-1.5829945159212733,-0.3843575723371804,train
2018-03-16,-1.8659161555727384,-1.7445939182611423,-0.12132223731159608,train
2018-03-19,-1.8247479169503047,-1.7552890020032332,-0.06945891494707146,train
2018-03-20,-1.8609877971510012,-1.7232223073424866,-0.13776548980851455,train
2018-03-21,-1.6815316369123312,-1.759910891387746,0.07837925447541472,train
2018-03-22,-1.4109572694549648,-1.7201616777280422,0.3092044082730774,train
2018-03-23,-1.6856701791315665,-1.6016194709613951,-0.08405070817017135,train
2018-03-26,-1.94820070617731,-1.6538992571895241,-0.29430144898778576,train
2018-03-27,-1.8767482640029125,-1.731575888283141,-0.1451723757197716,train
2018-03-28,-1.6954036642389212,-1.718580785268145,0.023177121029223757,train
2018-03-29,-1.9362796683937764,-1.6766199024714654,-0.259659765922311,train
2018-03-30,-2.916935983401004,-1.7894400778763975,-1.1274959055246063,train
2018-04-02,-2.356906214695229,-2.146596485493697,-0.21030972920153213,train
2018-04-03,-1.8798360805103205,-2.0707841811263656,0.19094810061604517,train
2018-04-04,-1.837270794577388,-1.9614764120178438,0.12420561744045577,train
2018-04-05,-1.9846797670865268,-1.9725398351032977,-0.012139931983229157,train
2018-04-06,-1.5567658631682062,-2.016492310183376,0.4597264470151696,train
2018-04-09,-1.9700334378407744,-1.796338688907996,-0.17369474893277848,train
2018-04-10,-1.3209380776368582,-1.8623774085270133,0.5414393308901551,train
2018-04-11,-2.136185687628256,-1.6678204037329825,-0.46836528389527343,train
2018-04-12,-2.012330538598404,-1.8723763748850202,-0.13995416371338387,train
2018-04-13,-2.3194179501066445,-1.8515981407211277,-0.4678198093855168,train
2018-04-16,-2.2680189154254538,-2.001252026403932,-0.2667668890215218,train
2018-04-17,-2.1939997720705464,-2.021029774269265,-0.1729699978012813,train
2018-04-18,-2.011497340666029,-2.087361924423968,0.07586458375793903,train
2018-04-19,-1.9190344542433144,-2.0351753546150504,0.11614090037173597,train
2018-04-20,-1.828978956492656,-2.005849364716228,0.17687040822357192,train
2018-04-23,-1.807030253239956,-1.9406980115617931,0.13366775832183708,train
2018-04-24,-1.7948003469512948,-1.8974439508961862,0.10264360394489147,train
2018-04-25,-1.896482208605548,-1.8578941494345194,-0.03858805917102859,train
2018-04-26,-1.1845603704459615,-1.8716352150530051,0.6870748446070436,train
2018-04-27,-1.640324343885993,-1.632830130324979,-0.007494213561013874,train
2018-04-30,-1.7408213072292618,-1.7178789690516423,-0.02294233817761948,train
2018-05-01,-1.7375204614599695,-1.732879534376214,-0.004640927083755519,train
2018-05-02,-0.6850425722493482,-1.7144763708756119,1.0294337986262638,train
2018-05-03,-1.251695710004264,-1.3430751248095913,0.0913794148053273,train
2018-05-04,-1.1534458594520398,-1.469912777996947,0.31646691854490716,train
2018-05-07,-1.9605424774555016,-1.3985641941868303,-0.5619782832686713,train
2018-05-08,-1.3731042783847711,-1.6002227118183452,0.22711843343357407,train
2018-05-09,-1.6514351086664711,-1.428531310600731,-0.22290379806574023,train
2018-05-10,-1.1163153418844018,-1.5784034388347696,0.4620880969503678,train
2018-05-11,-1.818446584597554,-1.4430625506871346,-0.3753840339104193,train
2018-05-14,-1.958217387543016,-1.6607063715983925,-0.2975110159446235,train
2018-05-15,-1.4438835319911931,-1.6928250716599602,0.2489415396687671,train
2018-05-16,-1.235407331635129,-1.5706116196472562,0.3352042880121271,train
2018-05-17,-1.2859133451325018,-1.4726441956866316,0.18673085055412986,train
2018-05-18,-1.787757116586442,-1.4894967814288114,-0.29826033515763073,train
2018-05-21,-1.702416161304436,-1.600541681247555,-0.10187448005688093,train
2018-05-22,-1.6366971882495882,-1.5538139996490434,-0.08288318860054478,train
2018-05-23,-0.8251503436943659,-1.555053898107215,0.7299035544128492,train
2018-05-24,-1.6061544591216064,-1.3234191374350968,-0.2827353216865096,train
2018-05-25,-1.4252366939940362,-1.5259559974652164,0.10071930347118019,train
2018-05-28,-1.6328815023633207,-1.4485061426720347,-0.18437535969128604,train
2018-05-29,-0.8663574124570701,-1.4935337147844046,0.6271763023273345,train
2018-05-30,-0.8868220033294562,-1.2327308582376217,0.3459088549081656,train
2018-05-31,-0.697341117454873,-1.236195518702683,0.5388544012478099,train
2018-06-01,-1.1225814368328455,-1.094762335242267,-0.027819101590578432,train
2018-06-04,-1.7248888101035285,-1.172374706888934,-0.5525141032145944,train
2018-06-05,-1.3919051019796578,-1.3242986745354879,-0.06760642744416989,train
2018-06-06,-1.1991051607286278,-1.3003392045793112,0.10123404385068335,train
2018-06-07,-1.58927326334843,-1.2808271480464049,-0.30844611530202526,train
2018-06-08,-1.645686849827422,-1.4497447025022039,-0.19594214732521809,train
2018-06-11,-1.7222378704910757,-1.5124720818105737,-0.209765788680502,train
2018-06-12,-1.4312126580034716,-1.5360753394088718,0.10486268140540012,train
2018-06-13,-1.193898372232458,-1.4691906608750196,0.2752922886425615,train
2018-06-14,-0.6412831993149215,-1.415039225026543,0.7737560257116214,train
2018-06-15,-0.8693638519326976,-1.1837061360850822,0.31434228415238463,train
2018-06-18,-1.8626797167437432,-1.1571821892407121,-0.7054975275030311,train
2018-06-19,-1.1330138453849627,-1.4063952317252493,0.2733813863402865,train
2018-06-20,-1.493057636025808,-1.2026822545475562,-0.2903753814782519,train
2018-06-21,-1.0072114021247138,-1.3098611163667901,0.3026497142420763,train
2018-06-22,-1.2336152270881469,-1.2276680656961019,-0.005947161392044986,train
2018-06-25,-1.4133789708655058,-1.3214112624431311,-0.09196770842237467,train
2018-06-26,-1.6624666634597536,-1.312645209457433,-0.34982145400232056,train
2018-06-27,-1.357840729626999,-1.422533507402338,0.064692777775339,train
2018-06-28,-1.0777586994150967,-1.3362962191311145,0.2585375197160178,train
2018-06-29,-0.710358267286064,-1.2807804361050632,0.5704221688189992,train
2018-07-02,-1.4507815004067812,-1.1550468061110746,-0.29573469429570665,train
2018-07-03,-1.7631950745503473,-1.32954498988667,-0.43365008466367727,train
2018-07-04,-1.978579628727888,-1.4171248111447408,-0.5614548175831473,train
2018-07-05,-1.866737022432072,-1.5317448351047225,-0.3349921873273496,train
2018-07-06,-1.6624197983070952,-1.5808731926073163,-0.0815466056997789,train
2018-07-09,-1.812804048043096,-1.629153945228267,-0.18365010281482896,train
2018-07-10,-1.85755851338376,-1.6967140090507526,-0.16084450433300734,train
2018-07-11,-1.3431208577510143,-1.7180901101254005,0.37496925237438616,train
2018-07-12,-1.7753407522612052,-1.5439115184828027,-0.23142923377840252,train
2018-07-13,-1.7489531012995951,-1.6341545580447756,-0.11479854325481953,train
2018-07-16,-2.1416680692091634,-1.6392964304633686,-0.5023716387457948,train
2018-07-17,-1.7965298485415668,-1.7776644569027333,-0.018865391638833495,train
2018-07-18,-1.9094753370943665,-1.7038261622891948,-0.20564917480517164,train
2018-07-19,-1.002340481950748,-1.7806801141227693,0.7783396321720213,train
2018-07-20,-1.4461133856542796,-1.5029814193690019,0.056868033714722266,train
2018-07-23,-1.8480378916012643,-1.5727954401502489,-0.27524245145101545,train
2018-07-24,-1.7436898662503604,-1.6469583243008972,-0.0967315419494632,train
2018-07-25,-1.5809042888304636,-1.6282744524817436,0.047370163651279995,train
2018-07-26,-1.6150333810221202,-1.5578448391917359,-0.057188541830384354,train
2018-07-27,-2.2706685854436377,-1.6244443590818374,-0.6462242263618003,train
2018-07-30,-2.4483558892258244,-1.8619904285168796,-0.5863654607089448,train
2018-07-31,-1.8247774698547097,-1.974864789107588,0.15008731925287822,train
2018-08-01,-2.133354372354733,-1.8485910745635477,-0.28476329779118537,train
2018-08-02,-1.98045290628754,-1.9795664076174397,-0.0008864986701002664,train
2018-08-03,-1.764240220733626,-1.9809463422716225,0.2167061215379964,train
2018-08-06,-2.2500456444908274,-1.8816694983107856,-0.3683761461800419,train
2018-08-07,-2.472545286775176,-1.9791237090319782,-0.4934215777431976,train
2018-08-08,-2.074692658973736,-2.09972809090179,0.02503543192805413,train
2018-08-09,-2.175865422627036,-2.00462950449127,-0.17123591813576589,train
2018-08-10,-0.6016593653283264,-2.0489911986783187,1.4473318333499923,train
2018-08-13,-1.1908304152032412,-1.5685192206130036,0.37768880540976246,train
2018-08-14,-1.4840987614036305,-1.5997150064760524,0.11561624507242185,train
2018-08-15,-1.3395447388121735,-1.574467172888186,0.23492243407601254,train
2018-08-16,-1.321679895413463,-1.466750886544982,0.1450709911315191,train
2018-08-17,-1.6134719629444751,-1.3749817173654657,-0.23849024557900944,train
2018-08-20,-1.984143316906669,-1.5379242604007637,-0.4462190565059052,train
2018-08-21,-1.21582667160128,-1.7037984807220419,0.4879718091207619,train
2018-08-22,-1.497400798242827,-1.5026218184454834,0.005221020202656357,train
2018-08-23,-1.4027206860389507,-1.5799562990125484,0.1772356129735977,train
2018-08-24,-1.2908363322458858,-1.5558880362460215,0.26505170400013567,train
2018-08-27,-1.9084075461940335,-1.5085419763920178,-0.3998655698020157,train
2018-08-28,-1.8076158154468565,-1.6359234871821198,-0.17169232826473668,train
2018-08-29,-1.8190719976673704,-1.6616128213200922,-0.15745917634727813,train
2018-08-30,-1.5381518804971095,-1.6879455043992766,0.1497936239021671,train
2018-08-31,-1.3540424235033146,-1.6326722487087895,0.27862982520547486,train
2018-09-03,-1.998918412409481,-1.5871067988081848,-0.41181161360129614,train
2018-09-04,-1.746871859642295,-1.7492082148045636,0.0023363551622685996,train
2018-09-05,-1.2420363923701951,-1.680813284827558,0.43877689245736295,train
2018-09-06,-1.6464797350470033,-1.5021484162489949,-0.14433131879800842,train
2018-09-07,-1.3900623934454033,-1.593617734980121,0.20355534153471777,train
2018-09-10,-2.0555305643475217,-1.535556313774282,-0.5199742505732396,train
2018-09-11,-1.8336425801838248,-1.69004435862376,-0.14359822156006485,train
2018-09-12,-1.5779794213649978,-1.6573801198865699,0.07940069852157206,train
2018-09-13,-1.4731447462210303,-1.638399719730454,0.16525497350942375,train
2018-09-14,-1.8049386243745649,-1.5997327249503501,-0.20520589942421474,train
2018-09-17,-2.294953560981269,-1.7154518022847918,-0.5795017586964772,train
2018-09-18,-1.6106672466828862,-1.8615217769351333,0.25085453025224713,train
2018-09-19,-1.7343841045598387,-1.6807297888386035,-0.053654315721235246,train
2018-09-20,-1.5233139626739431,-1.7230921109612387,0.19977814828729556,train
2018-09-21,-1.93239829382622,-1.6822546922257549,-0.2501436016004652,train
2018-09-24,-1.4389159472133377,-1.7931021378216765,0.3541861906083388,train
2018-09-25,-1.863626712326322,-1.6062826602046307,-0.2573440521216912,train
2018-09-26,-1.4938334978627017,-1.729656938141455,0.23582344027875335,train
2018-09-27,-1.2670229320638864,-1.6216782703410377,0.35465533827715134,train
2018-09-28,-1.8908919731511076,-1.532928618590848,-0.35796335456025963,train
2018-10-01,-1.9181149955739525,-1.6739387857264063,-0.24417620984754618,train
2018-10-02,-1.759824203666423,-1.7291351371393784,-0.030689066527044506,train
2018-10-03,-1.2476325560667263,-1.6866255854626662,0.43899302939593987,train
2018-10-04,-1.4999011646801386,-1.5416570319050118,0.04175586722487323,train
2018-10-05,-1.5199317081724548,-1.6178520262270464,0.09792031805459156,train
2018-10-08,-2.0015306919754705,-1.5934321017875894,-0.4080985901878811,train
2018-10-09,-1.6747543335538309,-1.7114076021602127,0.03665326860638185,train
2018-10-10,-1.894753558877163,-1.6326661597929482,-0.26208739908421474,train
2018-10-11,-1.245488920352058,-1.739747807920714,0.494258887568656,train
2018-10-12,-1.806247354611313,-1.5633098751369943,-0.24293747947431865,train
2018-10-15,-2.075476446796681,-1.7180526557219071,-0.35742379107477396,train
2018-10-16,-1.940792118252353,-1.795080165723856,-0.1457119525284971,train
2018-10-17,-1.8303675921426688,-1.7917475521904658,-0.03862003995220298,train
2018-10-18,-1.7724576430254002,-1.7524246364588147,-0.020033006566585465,train
2018-10-19,-1.4546813799031102,-1.7898831992956252,0.33520181939251503,train
2018-10-22,-1.836924518731816,-1.681984331506265,-0.15494018722555092,train
2018-10-23,-1.6912599463185765,-1.7509833841232476,0.05972343780467115,train
2018-10-24,-1.702132781235043,-1.6918158804205188,-0.010316900814524299,train
2018-10-25,-1.7250089015477317,-1.6844688009677682,-0.04054010057996349,train
2018-10-26,-1.6105945050379322,-1.6849365378678194,0.07434203282988716,train
2018-10-29,-1.4024164023852226,-1.6724458241898268,0.2700294218046042,train
2018-10-30,-2.0112280528086117,-1.5864533908581937,-0.424774661950418,train
2018-10-31,-1.722414696977257,-1.758443824797678,0.036029127820421,train
2018-11-01,-1.820398673787326,-1.6910993424441003,-0.12929933134322558,train
2018-11-02,-1.418084110518418,-1.7223162352354544,0.3042321247170363,train
2018-11-05,-2.176739807832293,-1.61622177155157,-0.5605180362807229,train
2018-11-06,-2.106289226796896,-1.869249719835818,-0.23703950696107778,train
2018-11-07,-0.7202660463572217,-1.8687995845915664,1.1485335382343447,train
2018-11-08,-1.5858663569032985,-1.4401105791015132,-0.14575577780178528,train
2018-11-09,-1.862731885098442,-1.6188595959288803,-0.24387228916956172,train
2018-11-12,-1.4705219225066215,-1.7214846197744365,0.25096269726781495,train
2018-11-13,-1.4097014000504655,-1.5749163217987443,0.1652149217482788,train
2018-11-14,-0.894557582900377,-1.4847219112047276,0.5901643283043506,train
2018-11-15,-0.8671281335973317,-1.371944725529112,0.5048165919317803,train
2018-11-16,-1.4800814849342354,-1.2841390961774013,-0.19594238875683412,train
2018-11-19,-1.8104435796751808,-1.388248221365526,-0.4221953583096547,train
2018-11-20,-1.8052439540149183,-1.4962188054026486,-0.3090251486122697,train
2018-11-21,-1.3884144416304711,-1.5354078395071136,0.14699339787664245,train
2018-11-22,-2.088276772314895,-1.4803143342414666,-0.6079624380734285,train
2018-11-23,-1.6935705200644573,-1.7602795213010487,0.0667090012365914,train
2018-11-26,-2.009301735098082,-1.69570082971242,-0.3136009053856621,train
2018-11-27,-1.6226165047448846,-1.7815127167707547,0.15889621202587012,train
2018-11-28,-0.7708030013006811,-1.6770301249938324,0.9062271236931513,train
2018-11-29,-1.6238054801914632,-1.429447714129993,-0.19435776606147015,train
2018-11-30,-2.0713224856953807,-1.5634102249424597,-0.507912260752921,train
2018-12-03,-1.458057736733555,-1.7066039747919994,0.24854623805844445,train
2018-12-04,-1.695278772167744,-1.5087556517969076,-0.1865231203708364,train
2018-12-05,-1.9075669599882596,-1.5741629166728084,-0.33340404331545126,train
2018-12-06,-1.511216246216927,-1.726353143484495,0.21513689726756802,train
2018-12-07,-0.922810139851042,-1.6175334092801663,0.6947232694291243,train
2018-12-10,-1.4188617535422574,-1.3885822371338594,-0.03027951640839799,train
2018-12-11,-1.7193677466116404,-1.4885255488518716,-0.23084219775976877,train
2018-12-12,-1.440927921253322,-1.5557778889550855,0.11484996770176359,train
2018-12-13,-1.4490777980947096,-1.4525436032995858,0.00346580520487616,train
2018-12-14,-1.7879974312771214,-1.4549916046540736,-0.3330058266230478,train
2018-12-17,-2.152059234336428,-1.6154329526884732,-0.5366262816479548,train
2018-12-18,-2.0113528499641102,-1.7810032279607206,-0.2303496220033896,train
2018-12-19,-1.1086551941132992,-1.779804557045299,0.6711493629319998,train
2018-12-20,-1.2322109381097943,-1.542075573361836,0.3098646352520418,train
2018-12-21,-1.2334389544260584,-1.5357452146392965,0.30230626021323803,train
2018-12-24,-1.7112729470470558,-1.482921778062971,-0.2283511689840847,train
2018-12-26,-1.887706988666395,-1.5477002477546502,-0.3400067409117449,train
2018-12-27,-1.1521332011710923,-1.5801482131791058,0.4280150120080135,train
2018-12-28,-1.4399363181569291,-1.4062768593383759,-0.033659458818553256,train
2018-12-31,-1.8298923851113185,-1.4887669432936477,-0.3411254418176708,train
2019-01-02,-1.386113260583676,-1.6459443528907762,0.25983109230710033,train
2019-01-03,-0.9396984942211004,-1.5106736829901317,0.5709751887690313,train
2019-01-04,-1.1808857965840702,-1.3080913202894695,0.12720552370539928,train
2019-01-07,-1.935203049059348,-1.3673994892710375,-0.5678035597883104,train
2019-01-08,-1.755685527989438,-1.5837205491249722,-0.17196497886446593,train
2019-01-09,-1.3432944776377458,-1.5334320621405324,0.19013758450278662,train
2019-01-10,-1.5740377565793782,-1.4379338610571644,-0.1361038955222138,train
2019-01-11,-1.5036657145815289,-1.5516379284285025,0.04797221384697359,train
2019-01-14,-1.9411534112711677,-1.5703956126902443,-0.3707577985809234,train
2019-01-15,-1.3996463774035557,-1.6717075761986413,0.2720611987950856,train
2019-01-16,-2.0257419080319363,-1.5156347990431327,-0.5101071089888036,train
2019-01-17,-2.179775344440961,-1.7263047227816088,-0.45347062165935204,train
2019-01-18,-2.407182123523448,-1.8242656464758285,-0.5829164770476196,train
2019-01-21,-2.9577658893925918,-1.9629887983763,-0.9947770910162919,train
2019-01-22,-2.568482285146301,-2.1947589150574953,-0.37372337008880585,train
2019-01-23,-2.4523399802686345,-2.228443356093306,-0.22389662417532863,train
2019-01-24,-1.4384675007986114,-2.2556641570020086,0.8171966562033972,train
2019-01-25,-1.894413551459252,-1.9555604188173064,0.06114686735805441,train
2019-01-28,-2.297972726063394,-2.013587576832335,-0.28438514923105895,train
2019-01-29,-2.417543326540139,-2.050421610485574,-0.367121716054565,train
2019-01-30,-1.050593902175025,-2.0784127200532554,1.0278188178782304,train
2019-01-31,-1.9317399277994507,-1.6497631984313201,-0.28197672936813056,train
2019-02-01,-1.8082373622378136,-1.8780063391766864,0.06976897693887274,train
2019-02-04,-2.5742263811476667,-1.8514499814841663,-0.7227763996635004,train
2019-02-05,-2.7092619058619203,-2.0690764417734693,-0.640185464088451,train
2019-02-06,-2.9235142006827397,-2.1436055395141227,-0.779908661168617,train
2019-02-07,-2.482358401579386,-2.3778997876773142,-0.10445861390207156,train
2019-02-08,-2.853705538675607,-2.335219190785174,-0.5184863478904331,train
2019-02-11,-2.2288146270546845,-2.535052529741331,0.30623790268664663,train
2019-02-12,-2.2253163829725677,-2.3693511667558136,0.14403478378324586,train
2019-02-13,-1.984135473537529,-2.3316334397500187,0.34749796621248974,train
2019-02-14,-1.450081029150392,-2.1879343176373993,0.7378532884870073,train
2019-02-15,-2.155768075075636,-1.9756177578007876,-0.18015031727484843,train
2019-02-18,-2.5223415249306456,-2.0665149481444547,-0.4558265767861909,train
2019-02-19,-1.95870286295634,-2.1828627067699595,0.22415984381361942,train
2019-02-20,-2.10954145806618,-2.022983347784786,-0.08655811028139437,train
2019-02-21,-1.9488636809101565,-2.0587163943744353,0.10985271346427883,train
2019-02-22,-2.284425982385678,-2.0625150764959086,-0.22191090588976925,train
2019-02-25,-2.5236181531240334,-2.1493187847081137,-0.3742993684159197,train
2019-02-26,-2.2885903595017028,-2.2163263651912803,-0.07226399431042241,train
2019-02-27,-2.176444318492801,-2.197652175834482,0.021207857341680736,train
2019-02-28,-2.019681571854194,-2.1760380618377555,0.15635648998356144,train
2019-03-01,-2.4531989085068004,-2.1422649145280213,-0.3109339939787792,train
2019-03-04,-2.6891731819242235,-2.2731809386980517,-0.4159922432261718,train
2019-03-05,-2.101442846589125,-2.352643213073939,0.2512003664848139,train
2019-03-06,-2.7159163257347583,-2.2054084970437113,-0.5105078286910469,train
2019-03-07,-1.832109175519463,-2.396074289539535,0.5639651140200721,train
2019-03-08,-2.209073802867114,-2.167174295468783,-0.04189950739833126,train
2019-03-11,-2.507047751337838,-2.2213122517689503,-0.2857354995688879,train
2019-03-12,-1.828930113800234,-2.2724724622419763,0.44354234844174223,train
2019-03-13,-2.2121987894461235,-2.079425090506847,-0.13277369893927649,train
2019-03-14,-2.4500349857276675,-2.1218292089629545,-0.3282057767647131,train
2019-03-15,-2.434699984686716,-2.2358626595422177,-0.19883732514449814,train
2019-03-18,-2.781775370908892,-2.2582592583282435,-0.5235161125806487,train
2019-03-19,-2.696060711810824,-2.37907870842162,-0.31698200338920435,train
2019-03-20,-1.0539349054500635,-2.4467834330136724,1.3928485275636089,train
2019-03-21,-1.9991490815944772,-1.9635831627200497,-0.035565918874427505,train
2019-03-22,-0.9605471738147876,-2.1185896889358644,1.158042515121077,train
2019-03-25,-2.339296121959689,-1.7465231797805343,-0.5927729421791548,train
2019-03-26,-2.505323448314613,-2.0116927482419014,-0.4936307000727118,train
2019-03-27,-1.9252407808312744,-2.0350352144730754,0.10979443364180108,train
2019-03-28,-1.7502605256428545,-1.9738804751690666,0.22361994952621211,train
2019-03-29,-1.927754599337824,-1.9047187879877516,-0.023035811350072377,train
2019-04-01,-2.414148709910786,-2.033570546675819,-0.3805781632349672,train
2019-04-02,-2.343784164197314,-2.157606001533392,-0.18617816266392184,train
2019-04-03,-2.4343856668205834,-2.1249594352831145,-0.30942623153746895,train
2019-04-04,-2.7786923768588485,-2.1904460034997255,-0.588246373359123,train
2019-04-05,-2.5675737362851203,-2.3739910157343385,-0.19358272055078185,train
2019-04-08,-2.718933503903394,-2.383567363448029,-0.3353661404553647,train
2019-04-09,-2.527867608610192,-2.4572638345275846,-0.07060377408260754,train
2019-04-10,-2.31931694527402,-2.4306356695892517,0.1113187243152316,train
2019-04-11,-2.629213386229928,-2.3718020770143293,-0.25741130921559874,train
2019-04-12,-2.329898652430572,-2.437032297946571,0.10713364551599902,train
2019-04-15,-2.9753817900552737,-2.3467468195841716,-0.6286349704711021,train
2019-04-16,-2.335095531373342,-2.5260234474424883,0.19092791606914616,train
2019-04-17,-2.5608465894959567,-2.362097276484426,-0.19874931301153076,train
2019-04-18,-1.868475425811368,-2.431433552319165,0.5629581265077968,train
2019-04-19,-4.070282846757014,-2.204983232437219,-1.8652996143197944,train
2019-04-22,-3.8189917949282464,-2.898953205386501,-0.9200385895417456,train
2019-04-23,-2.465673722664826,-2.9378682979159327,0.47219457525110675,train
2019-04-24,-2.047238589010647,-2.6522043336636743,0.6049657446530272,train
2019-04-25,-2.180975406193559,-2.5048128577806126,0.3238374515870537,train
2019-04-26,-2.2470757813723914,-2.5594478719712885,0.31237209059889715,train
2019-04-29,-2.732551511550087,-2.410452623748922,-0.322098887801165,train
2019-04-30,-2.5002537118153376,-2.4328984780604523,-0.06735523375488528,train
2019-05-01,-1.4406654145500768,-2.388924189758917,0.94825877520884,train
2019-05-02,-2.6310800764232645,-2.0894199359778245,-0.54166014044544,train
2019-05-03,-2.189702860917273,-2.3974085448646605,0.20770568394738742,train
2019-05-06,-2.4615960692941248,-2.2891613544134595,-0.1724347148806653,train
2019-05-07,-2.2778785503900765,-2.3206628443922654,0.04278429400218897,train
2019-05-08,-2.243051382247918,-2.254405909306023,0.011354527058105024,train
2019-05-09,-2.008174651446854,-2.3169995945827395,0.3088249431358854,train
2019-05-10,-2.584123632023996,-2.199234448730991,-0.38488918329300503,train
2019-05-13,-2.5993160940523747,-2.369793127170042,-0.22952296688233265,train
2019-05-14,-2.4688141038936986,-2.3860743316129462,-0.08273977228075236,train
2019-05-15,-1.9910860243209805,-2.3760585009201742,0.38497247659919376,train
2019-05-16,-2.6859164170974354,-2.245210805445034,-0.4407056116524015,train
2019-05-17,-2.9106516350368925,-2.4593827563806725,-0.45126887865622,train
2019-05-20,-3.1169165100956984,-2.5441557504272905,-0.5727607596684079,train
2019-05-21,-2.288854745793336,-2.6548171720900515,0.3659624262967154,train
2019-05-22,-3.12827950220282,-2.436246541031423,-0.6920329611713969,train
2019-05-23,-2.088392853281229,-2.7178287922224333,0.6294359389412043,train
2019-05-24,-2.384460612512511,-2.4181095181212386,0.033648905608727464,train
2019-05-28,-2.607344044468969,-2.4420538947907975,-0.16529014967817135,train
2019-05-29,-2.7159958629062064,-2.450045660090842,-0.26595020281536463,train
2019-05-30,-2.8964347537450017,-2.520746297881792,-0.37568845586320965,train
2019-05-31,-2.0487854485183927,-2.5425756801327335,0.49379023161434077,train
2019-06-03,-2.287823652207205,-2.3381225956934406,0.05029894348623554,train
2019-06-04,-1.664091107317197,-2.392130087176048,0.7280389798588511,train
2019-06-05,-1.7013639560746756,-2.1513248863459147,0.44996093027123907,train
2019-06-06,-1.3006523995363664,-2.0621028854535406,0.7614504859171742,train
2019-06-07,-1.6026402695954935,-1.8122852811487007,0.20964501155320714,train
2019-06-10,-2.550825307149272,-1.8414208723462004,-0.7094044348030715,train
2019-06-11,-2.3235001601466805,-2.074161049504191,-0.24933911064248937,train
2019-06-12,-2.227394018554001,-2.087795468930514,-0.13959854962348706,train
2019-06-13,-2.7396863180694697,-2.109773257311678,-0.6299130607577919,train
2019-06-14,-2.0322354485614427,-2.363419917111308,0.3311844685498655,train
2019-06-17,-2.535958795469239,-2.2363533968915013,-0.2996053985777376,train
2019-06-18,-1.6041865701568734,-2.3565061598741655,0.7523195897172921,train
2019-06-19,-1.9206288412381043,-2.0693516436185306,0.14872280238042634,train
2019-06-20,-1.938467338276828,-2.10359089145719,0.16512355318036187,train
2019-06-21,-1.7022013472109667,-2.0094217901537035,0.30722044294273676,train
2019-06-24,-2.41667434679166,-1.9209544514739714,-0.49571989531768845,train
2019-06-25,-1.5167660191661432,-2.0644262991621716,0.5476602799960284,train
2019-06-26,-2.1567277139632126,-1.8489655669730203,-0.30776214699019233,train
2019-06-27,-2.510359174283138,-2.0092973536509224,-0.5010618206322155,train
2019-06-28,-2.5188906648944,-2.1431455264615313,-0.3757451384328685,train
2019-07-01,-2.169813565993861,-2.2191918474995505,0.04937828150568935,train
2019-07-02,-2.19620608386278,-2.1074917149372494,-0.08871436892553053,train
2019-07-03,-2.283484269489321,-2.1794467620562097,-0.10403750743311146,train
2019-07-04,-3.594499527843233,-2.2126559532429364,-1.3818435746002966,train
2019-07-05,-2.199411495191653,-2.6369809176110888,0.43756942241943575,train
2019-07-08,-3.000415929832822,-2.291129731504967,-0.7092861983278551,train
2019-07-09,-2.992203298102749,-2.5702027739170243,-0.42200052418572476,train
2019-07-10,-1.823760197391429,-2.6574808297202104,0.8337206323287814,train
2019-07-11,-2.0509710777920853,-2.3468613900906874,0.2958903122986021,train
2019-07-12,-2.754055127786707,-2.2437261934836297,-0.5103289343030775,train
2019-07-15,-2.8235610010342693,-2.462480725655027,-0.36108027537924237,train
2019-07-16,-2.6029745918357663,-2.4634880666769514,-0.13948652515881488,train
2019-07-17,-2.938577671089463,-2.3827236537777443,-0.5558540173117188,train
2019-07-18,-2.143831378552719,-2.5681155494978127,0.42428417094509374,train
2019-07-19,-1.8312208373365555,-2.4047282917075945,0.573507454371039,train
2019-07-22,-2.9375561476194934,-2.24369151766872,-0.6938646299507734,train
2019-07-23,-2.8350055099221594,-2.5173439918610097,-0.31766151806114973,train
2019-07-24,-2.51226492052279,-2.527891957955698,0.015627037432908164,train
2019-07-25,-1.6885361457929962,-2.4162432834297105,0.7277071376367144,train
2019-07-26,-2.5227388535395296,-2.185752308549909,-0.33698654498962055,train
2019-07-29,-2.911539128330555,-2.445230737174344,-0.46630839115621114,train
2019-07-30,-2.576361290544904,-2.537396851094038,-0.03896443945086592,train
2019-07-31,-1.4142042942618496,-2.4363786489978185,1.022174354735969,train
2019-08-01,-1.7597158545086515,-2.065685015621096,0.30596916111244465,train
2019-08-02,-1.9970467867797537,-2.1369180334936266,0.13987124671387297,train
2019-08-05,-1.783674537201085,-2.1428575762143454,0.35918303901326043,train
2019-08-06,-1.7047229866302034,-1.9663063321962957,0.2615833455660923,train
2019-08-07,-1.7657414052625673,-1.8621899910914217,0.0964485858288544,train
2019-08-08,-1.7233579721680778,-1.8945420731035234,0.17118410093544556,train
2019-08-09,-2.198578125185428,-1.8716484599498489,-0.3269296652355793,train
2019-08-12,-2.4072108931248795,-2.000973718502486,-0.4062371746223934,train
2019-08-13,-1.790718737548918,-2.112664527603297,0.3219457900543792,train
2019-08-14,-2.089853744976885,-1.966976979747113,-0.12287676522977176,train
2019-08-15,-1.8878953655209736,-2.05801235871607,0.17011699319509632,train
2019-08-16,-2.1166566980540416,-2.0179874804298112,-0.09866921762423031,train
2019-08-19,-2.802331286811404,-2.060777970585464,-0.7415533162259402,train
2019-08-20,-2.6908043449217933,-2.2567963102767834,-0.4340080346450099,train
2019-08-21,-2.80162400351392,-2.3243222162168857,-0.47730178729703443,train
2019-08-22,-2.142149440575093,-2.4139251034290052,0.2717756628539121,train
2019-08-23,-1.632684483338919,-2.278722537921651,0.646038054582732,train
2019-08-26,-1.972890623064932,-2.1057147360338657,0.13282411296893382,train
2019-08-27,-2.7489439065339543,-2.1100249472243457,-0.6389189593096085,train
2019-08-28,-2.751228606484033,-2.2972413983990165,-0.45398720808501647,train
2019-08-29,-2.2841445588350653,-2.291856546153602,0.007711987318536728,train
2019-08-30,-2.0714066432673537,-2.1969091369211515,0.12550249365379784,train
2019-09-02,-2.5710231814304287,-2.197350675365306,-0.3736725060651227,train
2019-09-03,-1.5114282913365658,-2.3720915391813486,0.8606632478447829,train
2019-09-04,-2.1506100907318366,-2.0118957227636916,-0.13871436796814507,train
2019-09-05,-2.2687349543919133,-2.1043090665838307,-0.16442588780808265,train
2019-09-06,-2.43452262578352,-2.1347793509728348,-0.2997432748106852,train
2019-09-09,-2.1257656146826327,-2.215748127573149,0.08998251289051629,train
2019-09-10,-2.648577430289192,-2.1118306910331297,-0.5367467392560621,train
2019-09-11,-2.7717856231437388,-2.3387915058631683,-0.43299411728057047,train
2019-09-12,-0.6660921334149623,-2.4275939904398265,1.7615018570248642,train
2019-09-13,-1.9229402557425732,-1.7830387218643593,-0.1399015338782139,train
2019-09-16,-2.262337292762564,-2.02077923442597,-0.24155805833659416,train
2019-09-17,-2.120293407143949,-2.1162806189775107,-0.004012788166438241,train
2019-09-18,-1.8246840530873571,-2.033833255888509,0.2091492028011519,train
2019-09-19,-2.344578542360229,-1.8703634214783795,-0.4742151208818495,train
2019-09-20,-2.290160228573354,-2.1394239822027172,-0.15073624637063698,train
2019-09-23,-2.0588432565901376,-2.154652782975541,0.0958095263854033,train
2019-09-24,-2.4259319904273475,-2.0888693167810066,-0.3370626736463409,train
2019-09-25,-2.635042632225252,-2.2064570727560335,-0.4285855594692185,train
2019-09-26,-2.138085209711983,-2.334241010741263,0.19615580102927987,train
2019-09-27,-2.2554111644984824,-2.19583346395976,-0.05957770053872258,train
2019-09-30,-2.0891658048254125,-2.212286488642076,0.12312068381666341,train
2019-10-01,-1.7454538273954905,-2.179875332173596,0.4344215047781057,train
2019-10-02,-2.450791406985592,-2.0436047367627816,-0.4071866702228104,train
2019-10-03,-1.3891030223862677,-2.1723941779791627,0.783291155592895,train
2019-10-04,-2.0557131565035656,-1.8697367369830387,-0.1859764195205269,train
2019-10-07,-2.6511060391667307,-1.994312695260577,-0.6567933439061537,train
2019-10-08,-2.5706476504126985,-2.1858128926115072,-0.38483475780119125,train
2019-10-09,-2.5254626542643157,-2.2444506466198693,-0.28101200764444645,train
2019-10-10,-2.351143994334492,-2.245442251501663,-0.10570174283282885,train
2019-10-11,-1.8698362268461723,-2.2905671116256405,0.4207308847794682,train
2019-10-14,-2.862274381073016,-2.1517276327282504,-0.7105467483447656,train
2019-10-15,-1.5601676520407088,-2.4266106138473127,0.8664429618066039,train
2019-10-16,-1.7857765237189225,-2.0345547361595497,0.24877821244062726,train
2019-10-17,-1.68426067617587,-2.0080600210611106,0.32379934488524054,train
2019-10-18,-2.448446888862691,-1.918091966511894,-0.5303549223507971,train
2019-10-21,-2.587342311874417,-2.1529332258710916,-0.4344090860033254,train
2019-10-22,-2.1190227301418134,-2.1618809266455146,0.04285819650370115,train
2019-10-23,-2.8135255135149446,-2.1085858139338454,-0.7049396995810993,train
2019-10-24,-1.7893364835501258,-2.3678127143766976,0.5784762308265718,train
2019-10-25,-3.0324710744469585,-2.1390305978916215,-0.893440476555337,train
2019-10-28,-3.237284370211639,-2.4803678810993475,-0.7569164891122915,train
2019-10-29,-2.8027293310731216,-2.600735121473865,-0.20199420959925662,train
2019-10-30,-1.7963978989598717,-2.56993448736611,0.7735365884062384,train
2019-10-31,-2.2282266376165007,-2.2417676085837575,0.013540970967256705,train
2019-11-01,-2.274332948311612,-2.3834760380891513,0.10914308977753917,train
2019-11-04,-2.614871697804933,-2.3277504448526054,-0.2871212529523275,train
2019-11-05,-2.2200614934138505,-2.359198333051517,0.13913683963766665,train
2019-11-06,-3.148042183430074,-2.2153547262356845,-0.9326874571943895,train
2019-11-07,-2.5437417043617607,-2.5600754234245198,0.016333719062759045,train
2019-11-08,-3.039738883578214,-2.4486305723130553,-0.5911083112651587,train
2019-11-11,-3.4013156208023347,-2.6408859057791423,-0.7604297150231925,train
2019-11-12,-3.0025658949525886,-2.8099162465975285,-0.19264964835506015,train
2019-11-13,-2.93696181443665,-2.802348085146558,-0.13461372929009174,train
2019-11-14,-2.964207927802355,-2.7675290796119847,-0.1966788481903703,train
2019-11-15,-3.210816688963302,-2.828784208757658,-0.38203248020564384,train
2019-11-18,-3.127975019453612,-2.9177562876329413,-0.21021873182067052,train
2019-11-19,-3.2965809361090903,-2.8895185930071694,-0.4070623431019209,train
2019-11-20,-2.869901969901828,-2.9654724390113203,0.09557046910949207,train
2019-11-21,-3.0183776289506823,-2.86328966920001,-0.15508795975067224,train
2019-11-22,-2.4419702433453265,-2.914001772648522,0.47203152930319536,train
2019-11-25,-3.1367702343279795,-2.7065820138484527,-0.4301882204795269,train
2019-11-26,-3.292502579046571,-2.8805846462007056,-0.4119179328458653,train
2019-11-27,-3.1029092367566,-2.919547198866025,-0.18336203789057492,train
2019-11-28,-3.710945094983032,-2.8964298205139105,-0.8145152744691213,train
2019-11-29,-2.58459151407299,-3.11165600291217,0.52706448883918,train
2019-12-02,-2.4339472697258464,-2.8738750057784967,0.43992773605265034,train
2019-12-03,-2.8167375380752784,-2.775579534008975,-0.041158004066303544,train
2019-12-04,-2.5519535337508894,-2.825116935890639,0.27316340213974977,train
2019-12-05,-2.9240406431480577,-2.7125802662206073,-0.21146037692745034,train
2019-12-06,-2.2304454353349668,-2.732236840206817,0.5017914048718501,train
2019-12-09,-3.5132625617890803,-2.538173033949087,-0.9750895278399931,train
2019-12-10,-3.110774437058665,-2.937477001303842,-0.17329743575482315,train
2019-12-11,-2.32216511751559,-2.8720662227946,0.5499011052790097,train
2019-12-12,-2.198723417806731,-2.6589442526461684,0.4602208348394372,train
2019-12-13,-1.2308867452113434,-2.551674898454252,1.3207881532429087,train
2019-12-16,-2.636863621230982,-2.2243186157869,-0.41254500544408224,train
2019-12-17,-2.623196202482208,-2.457064174490091,-0.1661320279921168,train
2019-12-18,-2.760548281603365,-2.4012863121509977,-0.3592619694523673,train
2019-12-19,-2.5463352780861084,-2.4690338171284782,-0.07730146095763013,train
2019-12-20,-2.8899407610985635,-2.443239417956432,-0.4467013431421316,train
2019-12-23,-3.2341767004385518,-2.6780504313091904,-0.5561262691293614,train
2019-12-24,-3.3673339475851787,-2.8145313166077477,-0.552802630977431,train
2019-12-26,-3.605784150863236,-2.9249182269819394,-0.6808659238812966,train
2019-12-27,-2.4544027153291217,-3.0642453270279866,0.6098426116988649,train
2019-12-30,-2.4757947266244167,-2.778793311346157,0.30299858472174046,train
2019-12-31,-2.883684958937466,-2.737969278172741,-0.14571568076472508,train
2020-01-02,-2.285358477775889,-2.790999364530724,0.505640886754835,train
2020-01-03,-2.5910880808586847,-2.552699646296331,-0.038388434562353524,train
2020-01-06,-2.714420559056116,-2.5269078847007105,-0.18751267435540564,train
2020-01-07,-2.3817225224050054,-2.578080138246526,0.19635761584152078,train
2020-01-08,-2.121200495175044,-2.490823951528812,0.3696234563537679,train
2020-01-09,-2.636971047513679,-2.350771076897057,-0.28619997061662206,train
2020-01-10,-2.306509559240714,-2.5074734987082716,0.20096393946755775,train
2020-01-13,-2.9467717636788056,-2.39780414927467,-0.5489676144041358,train
2020-01-14,-2.973942901924453,-2.559241680825886,-0.414701221098567,train
2020-01-15,-2.751124020316591,-2.6275900889904324,-0.12353393132615853,train
2020-01-16,-2.6316288735307176,-2.641912179062955,0.010283305532237552,train
2020-01-17,-3.127692302969437,-2.62898604049021,-0.49870626247922667,train
2020-01-20,-3.4227108640341948,-2.8250283601337403,-0.5976825039004545,train
2020-01-21,-2.964783952597981,-2.9467988714299103,-0.01798508116807085,train
2020-01-22,-2.906935372491797,-2.8413729719026577,-0.06556240058913909,train
2020-01-23,-1.9400476745123767,-2.848046559215282,0.9079988847029055,train
2020-01-24,-3.055523370380804,-2.552579996957718,-0.5029433734230859,train
2020-01-27,-2.85039854065127,-2.797831875880695,-0.052566664770575144,train
2020-01-28,-3.170301534463881,-2.691799408941695,-0.4785021255221862,train
2020-01-29,-2.821968535441907,-2.779724070306253,-0.04224446513565372,train
2020-01-30,-2.9650135937737825,-2.695293764245573,-0.2697198295282095,train
2020-01-31,-2.617743254587776,-2.8286807995341943,0.21093754494641814,train
2020-02-03,-2.7881272341761623,-2.707177107335199,-0.08095012684096314,train
2020-02-04,-2.9795564760801003,-2.7433215296519147,-0.23623494642818565,train
2020-02-05,-2.9114767549004106,-2.775309932805362,-0.1361668220950487,train
2020-02-06,-2.516766859635323,-2.770139089103034,0.2533722294677112,train
2020-02-07,-2.292602821304976,-2.6396063440448714,0.3470035227398953,train
2020-02-10,-2.9999090946902505,-2.5594364179049043,-0.4404726767853462,train
2020-02-11,-2.779545388021496,-2.745799033219578,-0.0337463548019179,train
2020-02-12,-2.529453751894861,-2.6813170529709662,0.15186330107610502,train
2020-02-13,-2.526507643879173,-2.584029572372421,0.057521928493248,train
2020-02-14,-2.577221422822319,-2.579588150460346,0.002366727638027033,train
2020-02-17,-3.5626332523885766,-2.61527097159565,-0.9473622807929267,train
2020-02-18,-2.2352471758732846,-2.9064226960300665,0.671175520156782,train
2020-02-19,-2.691557932050036,-2.540193518395508,-0.15136441365452757,train
2020-02-20,-2.1932653182739994,-2.649572125328836,0.4563068070548364,train
2020-02-21,-1.7413276026986062,-2.4947839661870668,0.7534563634884606,train
2020-02-24,-1.821612719306291,-2.311979376196764,0.490366656890473,train
2020-02-25,-2.019482526119048,-2.1564123837654927,0.13692985764644483,train
2020-02-26,-1.619024180193203,-2.1700867967238024,0.5510626165305994,train
2020-02-27,-1.498005513904738,-1.9631236021576406,0.4651180882529027,train
2020-02-28,-0.7327799077660648,-1.8527716188359884,1.1199917110699236,train
2020-03-02,-0.6360338960081707,-1.5569180580351543,0.9208841620269835,train
2020-03-03,-0.3260001380802087,-1.3967201440040333,1.0707200059238247,train
2020-03-04,-1.1632351592724743,-1.146671526139497,-0.016563633132977262,train
2020-03-05,-1.3140586668255552,-1.2784208537125834,-0.03563781311297176,train
2020-03-06,-0.6446653513093179,-1.27701757511151,0.6323522238021921,train
2020-03-09,0.7357301965957312,-1.0862935984787994,1.8220237950745306,train
2020-03-10,-0.2223782552767572,-0.547484705725235,0.3251064504484778,train
2020-03-11,-0.6697240366540171,-0.7881361522030349,0.11841211554901776,train
2020-03-12,0.8689986490770469,-0.8249565153497875,1.6939551644268345,train
2020-03-13,0.2694548503486114,-0.1559874862104762,0.4254423365590876,train
2020-03-16,0.4509029751013536,-0.22987773935173847,0.6807807144530921,train
2020-03-17,-0.2284339781893885,-0.1767886446705278,-0.05164533351886069,train
2020-03-18,0.0697386596562472,-0.326763247631359,0.3965019072876062,train
2020-03-19,1.032072218483202,-0.14270431647481513,1.1747765349580173,train
2020-03-20,0.5326708225179198,0.1906578758687386,0.34201294664918114,train
2020-03-23,0.5777313912310829,0.09311672669420304,0.48461466453687985,train
2020-03-24,0.3341857441167165,0.15367181266468838,0.1805139314520281,train
2020-03-25,-0.4128675156978393,0.15952960416766676,-0.572397119865506,train
2020-03-26,-0.1083290103948926,-0.0650756252123614,-0.04325338518253119,train
2020-03-27,-0.3198264409665176,-0.07156687730494259,-0.24825956366157498,train
2020-03-30,-0.5238998181516173,-0.18770110376325458,-0.3361987143883628,train
2020-03-31,-0.1474555099843346,-0.32887898536133836,0.18142347537700376,train
2020-04-01,-0.8251410876551998,-0.2765224570424737,-0.5486186306127261,train
2020-04-02,-0.4398458117935752,-0.4787875403920802,0.03894172859850503,train
2020-04-03,-0.8830166443811733,-0.4192618800259304,-0.46375476435524293,train
2020-04-06,-1.112980275903539,-0.5745140822460549,-0.538466193657484,train
2020-04-07,-1.1544935154305414,-0.6817439697768805,-0.4727495456536609,train
2020-04-08,-0.9014828433892136,-0.7886027962398138,-0.11288004714939981,train
2020-04-09,-0.9661495243485334,-0.7654440887777869,-0.2007054355707465,train
2020-04-10,-2.555999837313954,-0.8281088753505661,-1.727890961963388,train
2020-04-13,-1.6296541057389595,-1.374413720604886,-0.25524038513407343,train
2020-04-14,-1.480605514795603,-1.237626970261589,-0.24297854453401402,train
2020-04-15,-1.3277612942120762,-1.2487597187082697,-0.07900157550380649,train
2020-04-16,-1.034018303460774,-1.2737557194141806,0.2397374159534067,train
2020-04-17,-1.183314032538609,-1.219119642192575,0.035805609653966064,train
2020-04-20,-1.5594408518092295,-1.141090122779837,-0.41835072902939263,train
2020-04-21,-1.1076721734814885,-1.251163039446969,0.14349086596548055,train
2020-04-22,-1.7479136996419804,-1.1354736311899478,-0.6124400684520326,train
2020-04-23,-0.7757036235873009,-1.343495475525772,0.567791851938471,train
2020-04-24,-1.0777630024755054,-1.1086040600219293,0.030841057546423967,train
2020-04-27,-1.5648019812431817,-1.1753154664345948,-0.38948651480858687,train
2020-04-28,-1.4352889931720725,-1.303437255520367,-0.13185173765170544,train
2020-04-29,-1.464665337340338,-1.3179526343302341,-0.14671270301010386,train
2020-04-30,-0.6543143953942895,-1.308334325140483,0.6540199297461936,train
2020-05-01,-1.4852546693851028,-1.1166473965675379,-0.3686072728175649,train
2020-05-04,-1.6467853024093662,-1.3551602479826776,-0.2916250544266885,train
2020-05-05,-1.0898547101083471,-1.4132493418435774,0.3233946317352303,train
2020-05-06,-1.553530698635073,-1.252580815214527,-0.30094988342054596,train
2020-05-07,-1.5315054072107257,-1.3728013031676278,-0.15870410404309787,train
2020-05-08,-1.7276949842181089,-1.453064896765659,-0.2746300874524499,train
2020-05-11,-1.7385851417746403,-1.5339959344435885,-0.2045892073310518,train
2020-05-12,-1.6027347675231771,-1.5499805456293565,-0.05275422189382062,train
2020-05-13,-1.50752569089616,-1.559490583670354,0.05196489277419403,train
2020-05-14,-1.6437368058854205,-1.5285420198959403,-0.11519478598948019,train
2020-05-15,-1.705964766483263,-1.5738940110403534,-0.13207075544290947,train
2020-05-18,-1.105200358730518,-1.5899081756495477,0.48470781691902975,train
2020-05-19,-1.663157232636732,-1.393068357254944,-0.27008887538178805,train
2020-05-20,-1.926254562910392,-1.5307924966447495,-0.3954620662656425,train
2020-05-21,-1.5920887850011622,-1.6355851782138684,0.04349639321270615,train
2020-05-22,-2.143141712241753,-1.559455952830671,-0.583685759411082,train
2020-05-25,-2.684661245238813,-1.730995172889998,-0.9536660723488151,train
2020-05-26,-1.7678210081962664,-2.025098590333749,0.2572775821374824,train
2020-05-27,-0.7613605055507735,-1.8292561009000734,1.0678955953493,train
2020-05-28,-1.5317031195668964,-1.4798549043281106,-0.0518482152387858,train
2020-05-29,-1.0232572220458405,-1.6528085576139144,0.629551335568074,train
2020-06-01,-1.597518478038422,-1.42585889969907,-0.17165957833935197,train
2020-06-02,-1.3725592969230718,-1.4687642183887428,0.09620492146567106,train
2020-06-03,-1.270218187811956,-1.3794486010491362,0.10923041323718019,train
2020-06-04,-0.6789889664200945,-1.3972022442833507,0.7182132778632562,train
2020-06-05,-0.793404257383149,-1.1815152682872758,0.3881110109041268,train
2020-06-08,-1.4473280769073034,-1.177557184261746,-0.2697708926455573,train
2020-06-09,-1.3407025024074235,-1.3103982007633206,-0.030304301644102916,train
2020-06-10,-0.8195591223848697,-1.2796779863606003,0.46011886397573054,train
2020-06-11,-0.7871693346556158,-1.1075885443970508,0.320419209741435,train
2020-06-12,-0.8518385612250248,-1.096887189405119,0.24504862818009432,train
2020-06-15,-1.1516012885088331,-1.1104460407871861,-0.041155247721647026,train
2020-06-16,-1.0692240235946229,-1.1498326740030147,0.08060865040839182,train
2020-06-17,-1.14702698175417,-1.0984630007779161,-0.04856398097625392,train
2020-06-18,-1.3317107860764776,-1.1490412033381963,-0.18266958273828138,train
2020-06-19,-1.177239378584504,-1.2374505719927555,0.06021119340825165,train
2020-06-22,-1.8350128580278997,-1.2297137944407321,-0.6052990635871676,train
2020-06-23,-1.4635645327724724,-1.4428587173263585,-0.02070581544611394,train
2020-06-24,-1.490295976388912,-1.3841861135516615,-0.10610986283725055,train
2020-06-25,-1.741852155167656,-1.409582804027533,-0.3322693511401229,train
2020-06-26,-1.9989962371548904,-1.5045905090831235,-0.49440572807176686,train
2020-06-29,-1.8615633769741105,-1.6543136607261437,-0.20724971624796673,train
2020-06-30,-1.5106654870043186,-1.6283726508996197,0.11770716389530111,train
2020-07-01,-1.9401656059369876,-1.5562215737394032,-0.38394403219758444,train
2020-07-02,-1.4760295469499294,-1.7024774940416374,0.226447947091708,train
2020-07-03,-2.308424190515055,-1.57371538965648,-0.7347088008585749,train
2020-07-06,-1.7842018214414763,-1.805175313440155,0.020973491998678595,train
2020-07-07,-1.7073697166325004,-1.6888176504964034,-0.018552066136096945,train
2020-07-08,-1.831813294509606,-1.6993545833888695,-0.13245871112073648,train
2020-07-09,-1.2850779617557375,-1.7214502857880436,0.4363723240323061,train
2020-07-10,-2.038617466876339,-1.5782183257826938,-0.460399141093645,train
2020-07-13,-1.795880572870342,-1.7402155673054853,-0.05566500556485665,train
2020-07-14,-1.956043840529724,-1.694988875080461,-0.2610549654492631,train
2020-07-15,-1.7485628434993643,-1.769057600216461,0.020494756717096774,train
2020-07-16,-1.597292810268207,-1.7214160897017619,0.12412327943355494,train
2020-07-17,-1.9993392606534028,-1.7194567625804436,-0.2798824980729593,train
2020-07-20,-1.249433033513903,-1.8180531022273574,0.5686200687134544,train
2020-07-21,-1.1210445199462389,-1.592450710250255,0.4714061903040161,train
2020-07-22,-1.1959507639728262,-1.4853396016730047,0.28938883770017854,train
2020-07-23,-1.5435992458277823,-1.4431789124920138,-0.1004203333357685,train
2020-07-24,-1.5750012453499316,-1.5197036138901734,-0.05529763145975819,train
2020-07-27,-1.1301744436832848,-1.488786021465624,0.3586115777823393,train
2020-07-28,-1.3855213335636822,-1.3683943060528831,-0.017127027510799087,train
2020-07-29,-1.2815700520884603,-1.443890680297959,0.16232062820949866,train
2020-07-30,-1.2461658211751274,-1.4240318063478754,0.177865985172748,train
2020-07-31,-0.8470715236535952,-1.3847963279941937,0.5377248043405986,train
2020-08-03,-1.2995448212560106,-1.2101231188237387,-0.08942170243227188,train
2020-08-04,-1.409843904943034,-1.3297438883462698,-0.08010001659676425,train
2020-08-05,-1.2890183939162698,-1.3474831376023184,0.05846474368604859,train
2020-08-06,-1.0452065328344544,-1.314496135499006,0.2692896026645515,train
2020-08-07,-1.1156085082714329,-1.2331027509348678,0.11749424266343489,train
2020-08-10,-1.8569272139604305,-1.267743672425786,-0.5891835415346445,train
2020-08-11,-1.2325420500787871,-1.4959963628834845,0.26345431280469733,train
2020-08-12,-1.3540171000192045,-1.3250416820500246,-0.028975417969179906,train
2020-08-13,-1.5311147755022505,-1.3548580162809083,-0.1762567592213422,train
2020-08-14,-1.7176158623955295,-1.4364370132896043,-0.2811788491059253,train
2020-08-17,-1.810613304046605,-1.5356142515850446,-0.2749990524615604,train
2020-08-18,-1.4327503297765232,-1.5546104502565776,0.12186012048005446,train
2020-08-19,-1.115896208510102,-1.4827443988930147,0.3668481903829126,train
2020-08-20,-1.230514503512193,-1.3911238847011909,0.16060938118899792,train
2020-08-21,-1.3026240491762822,-1.3806711275575325,0.07804707838125036,train
2020-08-24,-1.9224022840791208,-1.3631219286189897,-0.5592803554601311,train
2020-08-25,-1.7472764362040083,-1.519354185699912,-0.2279222505040963,train
2020-08-26,-1.869770664852805,-1.5100286476094715,-0.35974201724333343,train
2020-08-27,-0.6261625143504853,-1.6164877697984714,0.9903252554479861,train
2020-08-28,-1.170606760099722,-1.2652184383189253,0.09461167821920324,train
2020-08-31,-1.6672514116729371,-1.3762484480604495,-0.29100296361248756,train
2020-09-01,-0.8655322977033343,-1.4723430387557563,0.606810741052422,train
2020-09-02,-1.2780941454717725,-1.2084940310702814,-0.06960011440149105,train
2020-09-03,-1.3427532204634671,-1.2451288531322713,-0.09762436733119584,train
2020-09-04,-1.2535539609022677,-1.326335909959313,0.07278194905704538,train
2020-09-07,-2.551977444408257,-1.3175915880828915,-1.2343858563253653,train
2020-09-08,-1.3798489596236034,-1.713689800238257,0.3338408406146536,train
2020-09-09,-1.6104336398975163,-1.4913559995391115,-0.11907764035840485,train
2020-09-10,-0.989553039210072,-1.5770754941652223,0.5875224549551503,train
2020-09-11,-1.8980342543659177,-1.4000001225354133,-0.4980341318305044,train
2020-09-14,-2.254079497305353,-1.6703753203597271,-0.5837041769456257,train
2020-09-15,-1.9117236304925485,-1.7336578683799626,-0.17806576211258585,train
2020-09-16,-1.095615077786909,-1.7058762028643568,0.6102611250774479,train
2020-09-17,-1.438979874464703,-1.4635323191718592,0.024552444707156118,train
2020-09-18,-2.0548046276193195,-1.5832692512695925,-0.471535376349727,train
2020-09-21,-1.4267937085579985,-1.7491295118634131,0.32233580330541467,train
2020-09-22,-1.3666021620029438,-1.5297620171131605,0.1631598551102167,train
2020-09-23,-1.4704811849280408,-1.4651671394952168,-0.005314045432823988,train
2020-09-24,-1.402465891979069,-1.520103335158994,0.1176374431799252,train
2020-09-25,-1.8542517917013828,-1.4958640277954742,-0.35838776390590854,train
2020-09-28,-1.848021809035604,-1.582572841137151,-0.26544896789845307,train
2020-09-29,-1.66439596561703,-1.6333271604195145,-0.031068805197515426,train
2020-09-30,-1.436290316115485,-1.6265645400970787,0.19027422398159377,train
2020-10-01,-1.5645924654388823,-1.5649829881174881,0.00039052267860584244,train
2020-10-02,-1.7430666001352175,-1.6193129843303362,-0.12375361580488131,train
2020-10-05,-2.317782871960396,-1.6541073593657378,-0.6636755125946583,train
2020-10-06,-1.5347139116886044,-1.844049944399162,0.30933603271055765,train
2020-10-07,-2.0824950741318973,-1.6605131561001563,-0.421981918031741,train
2020-10-08,-2.3224894700008334,-1.8333231643608523,-0.4891663056399811,train
2020-10-09,-2.1757682731330577,-1.970700005425302,-0.20506826770775555,train
2020-10-12,-2.3924786001649747,-1.9869735919258957,-0.405505008239079,train
2020-10-13,-2.053666437073896,-2.055236182980808,0.0015697459069121678,train
2020-10-14,-2.231524993353933,-2.0287752961874617,-0.2027496971664715,train
2020-10-15,-2.089933023942496,-2.0812571073253747,-0.008675916617121082,train
2020-10-16,-2.24507934201928,-2.0286622448429257,-0.21641709717635438,train
2020-10-19,-2.1755165184170657,-2.084784673169457,-0.09073184524760869,train
2020-10-20,-2.173665275175377,-2.0573488911595326,-0.11631638401584432,train
2020-10-21,-2.049993341241556,-2.0683211439130567,0.01832780267150058,train
2020-10-22,-2.1405938702837424,-2.030331930222035,-0.11026194006170753,train
2020-10-23,-2.0733811457066524,-2.0638555357913555,-0.00952560991529694,train
2020-10-26,-2.2222025588027177,-2.0396495368295215,-0.18255302197319612,train
2020-10-27,-2.074467854091413,-2.08719181171776,0.012723957626346927,train
2020-10-28,-1.890885866999656,-2.0464241644793684,0.15553829747971237,train
2020-10-29,-1.590914531316403,-1.9891583787643257,0.3982438474479226,train
2020-10-30,-1.8573398493139717,-1.8680063171036023,0.010666467789630651,train
2020-11-02,-2.355917834967763,-1.9139149234713142,-0.442002911496449,train
2020-11-03,-2.034054577039404,-2.051221186138875,0.017166609099470875,train
2020-11-04,-0.113604432961204,-1.9764386602880641,1.86283422732686,train
2020-11-05,-1.042870421987084,-1.3324845839861672,0.2896141619990833,train
2020-11-06,-1.0371793440087764,-1.498078717571397,0.46089937356262056,train
2020-11-09,-0.8382581711734451,-1.4142476195180258,0.5759894483445807,train
2020-11-10,-1.201471514447565,-1.2074700017716609,0.0059984873240959136,train
2020-11-11,-1.822158152879599,-1.2046907764136427,-0.6174673764659562,train
2020-11-12,-1.9202191197490792,-1.5005936129962918,-0.4196255067527874,train
2020-11-13,-2.328359949224086,-1.6032952023315312,-0.7250647468925546,train
2020-11-16,-1.9625414848545264,-1.8189574075636,-0.14358407729092648,train
2020-11-17,-2.322183469977196,-1.8371282405910412,-0.485055229386155,train
2020-11-18,-2.4114339809836247,-2.0244802554694985,-0.3869537255141262,train
2020-11-19,-2.2524197079956383,-2.102712009882918,-0.14970769811272033,train
2020-11-20,-2.568748828223326,-2.0972468504024544,-0.4715019778208718,train
2020-11-23,-1.7041708641638416,-2.199857891034028,0.4956870268701865,train
2020-11-24,-1.6934450351212538,-1.9740043039188158,0.280559268797562,train
2020-11-25,-1.700881389195819,-1.9066922643174955,0.2058108751216765,train
2020-11-26,-2.4418284687756606,-1.8347888139178021,-0.6070396548578585,train
2020-11-27,-2.654778489460697,-2.0284567614364946,-0.6263217280242026,train
2020-12-01,-1.7233828415748609,-2.0938646333807465,0.3704817918058856,train
2020-12-02,-1.529443631819172,-1.8836465991804667,0.35420296736129475,train
2020-12-03,-1.7874059666476452,-1.8175682146720553,0.030162248024410143,train
2020-12-04,-1.7709067264842808,-1.8795012049723638,0.10859447848808301,train
2020-12-07,-1.7803620960469246,-1.8104655934111902,0.03010349736426554,train
2020-12-08,-2.0790787824875574,-1.7500478960812247,-0.3290308864063327,train
2020-12-09,-2.003055432013255,-1.8636820747341907,-0.13937335727906452,train
2020-12-10,-1.4386865588103874,-1.8999857113484035,0.4612991525380161,train
2020-12-11,-1.8966170176530917,-1.7469400382659017,-0.14967697938718993,train
2020-12-14,-1.8811761667528069,-1.8691773431008656,-0.01199882365194127,train
2020-12-15,-1.752366426864505,-1.8759326234334717,0.12356619656896672,train
2020-12-16,-1.0588723420734456,-1.8175254366624847,0.7586530945890391,train
2020-12-17,-1.9385289152145424,-1.5583807818653037,-0.3801481333492387,train
2020-12-18,-2.208964266458229,-1.8030925826119575,-0.4058716838462717,train
2020-12-21,-1.0949537925405566,-1.8920036959360478,0.7970499033954912,train
2020-12-22,-1.7229201775651737,-1.5446014989669672,-0.1783186785982065,train
2020-12-23,-1.60090407869652,-1.6833555311146142,0.08245145241809415,train
2020-12-24,-2.4409437525553863,-1.6942927347211276,-0.7466510178342587,train
2020-12-28,-1.7276705230952627,-1.9437219078533259,0.21605138475806318,train
2020-12-29,-1.882356512716869,-1.7344085214496552,-0.14794799126721392,train
2020-12-30,-1.6604365749871903,-1.8451951576577212,0.1847585826705309,train
2020-12-31,-1.609303512004037,-1.7792805742010411,0.16997706219700404,train
2021-01-04,-1.6439230878639408,-1.7559933612208323,0.11207027335689146,train
2021-01-05,-2.0943676192248506,-1.6880847495400446,-0.406282869684806,train
2021-01-06,-1.0932566039695024,-1.8333119330733862,0.7400553291038838,train
2021-01-07,-1.6310103732882713,-1.5202827007288109,-0.11072767255946037,train
2021-01-08,-0.9284499985511542,-1.6410702195800482,0.712620221028894,train
2021-01-11,-1.5160069655119175,-1.4052087041650791,-0.11079826134683834,train
2021-01-12,-1.6659416668175633,-1.5234697223230291,-0.14247194449453415,train
2021-01-13,-1.5917178949057391,-1.514768645981072,-0.07694924892466704,train
2021-01-14,-1.561525626273084,-1.546604730186271,-0.014920896086813018,train
2021-01-15,-1.9371990370662493,-1.5289096360079075,-0.40828940105834177,train
2021-01-18,-2.5955061758189517,-1.7098694504582175,-0.8856367253607342,train
2021-01-19,-2.18172719724708,-1.9720688823430652,-0.20965831490401476,train
2021-01-20,-1.7936527179388622,-1.9372297448344207,0.1435770268955585,train
2021-01-21,-1.865520163965886,-1.866432789335633,0.0009126253697469,train
2021-01-22,-2.082197046288049,-1.9051360891802143,-0.17706095710783454,train
2021-01-25,-2.152311091269202,-1.9802690353419017,-0.17204205592730037,train
2021-01-26,-2.151330405415208,-1.960729433101763,-0.19060097231344475,train
2021-01-27,-1.5496322601015693,-1.9629800661207915,0.41334780601922216,train
2021-01-28,-1.6587268509660862,-1.7934137688252043,0.13468691785911813,train
2021-01-29,-1.6885946835033252,-1.7951708676845588,0.1065761841812336,train
2021-02-01,-1.873854586904462,-1.7638847829120787,-0.10996980399238332,train
2021-02-02,-1.742585837690119,-1.7836795067272229,0.041093669037103764,train
2021-02-03,-2.1379253837961887,-1.7183266994985729,-0.4195986842976158,train
2021-02-04,-2.156532399349975,-1.868645620662585,-0.2878867786873902,train
2021-02-05,-2.0524122070264403,-1.9196348482790226,-0.1327773587474177,train
2021-02-08,-2.1852098721052635,-1.9433063793682923,-0.2419034927369712,train
2021-02-09,-2.2812665137987427,-2.005674263899664,-0.2755922498990788,train
2021-02-10,-2.3926560120243883,-2.093629989627515,-0.29902602239687326,train
2021-02-11,-2.676914935999702,-2.1527810721824325,-0.5241338638172697,train
2021-02-12,-2.475602132276505,-2.2785432981641174,-0.19705883411238778,train
2021-02-15,-3.0043283485265837,-2.2799072651885517,-0.724421083338032,train
2021-02-16,-2.105659813692119,-2.4950596143458412,0.38939980065372204,train
2021-02-17,-2.063679956267704,-2.273384375336672,0.20970441906896786,train
2021-02-18,-2.475959330164307,-2.225642730136746,-0.2503166000275612,train
2021-02-19,-2.3429161415544084,-2.3064379898618275,-0.03647815169258095,train
2021-02-22,-2.016160271910308,-2.2686524162393304,0.25249214432902223,train
2021-02-23,-2.3873590642319678,-2.1030078334411395,-0.28435123079082825,train
2021-02-24,-1.7420280946182116,-2.218690932973039,0.47666283835482726,train
2021-02-25,-1.3697344661892372,-2.0355961591896006,0.6658616930003634,train
2021-02-26,-1.1033589562168054,-1.8390299387545448,0.7356709825377394,train
2021-03-01,-1.904024729737012,-1.654413666601869,-0.24961106313514314,train
2021-03-02,-1.7808837332714609,-1.8328124234355083,0.05192869016404744,train
2021-03-03,-1.781880997000861,-1.7507899108703753,-0.031091086130485834,train
2021-03-04,-1.6708078595178957,-1.7554808213770403,0.08467296185914464,train
2021-03-05,-1.3185826260294249,-1.755004983229396,0.436422357199971,train
2021-03-08,-2.0903331879044176,-1.6881554422217653,-0.4021777456826523,train
2021-03-09,-1.9619189065828229,-1.8781903737744838,-0.08372853280833903,train
2021-03-10,-1.7485622789888775,-1.8646936843159274,0.11613140532704991,train
2021-03-11,-1.5213963966697337,-1.8117694839918759,0.2903730873221422,train
2021-03-12,-2.018756176825967,-1.7348250769720266,-0.2839310998539404,train
2021-03-15,-2.033090357884803,-1.907996557699463,-0.1250938001853401,train
2021-03-16,-2.1671979063496667,-1.8992902766384088,-0.2679076297112579,train
2021-03-17,-1.6561736131087348,-1.9465640212294635,0.2903904081207287,train
2021-03-18,-1.7908396223485477,-1.8109974905243116,0.020157868175763927,train
2021-03-19,-2.4319563554373858,-1.8571062760440773,-0.5748500793933085,train
2021-03-22,-2.129866367520511,-2.047918833944872,-0.08194753357563922,train
2021-03-23,-2.0803424809138606,-1.9834684005321561,-0.09687408038170453,train
2021-03-24,-2.069949014508792,-1.9612105978878727,-0.10873841662091954,train
2021-03-25,-2.0006274214573674,-1.996699261711504,-0.003928159745863358,train
2021-03-26,-2.417206017826352,-1.9959143356858229,-0.42129168214052926,train
2021-03-29,-2.1917377573617456,-2.0990950896741376,-0.09264266768760798,train
2021-03-30,-2.3962602234778507,-2.061212700110648,-0.3350475233672028,train
2021-03-31,-2.126218414307138,-2.152339076526959,0.0261206622198209,train
2021-04-01,-2.137740040582237,-2.0974643767304744,-0.04027566385176273,train
2021-04-02,-2.7069890061886595,-2.117160887592325,-0.5898281185963343,train
2021-04-05,-2.505181687445881,-2.2881193087219645,-0.21706237872391654,train
2021-04-06,-2.291662215821737,-2.279513026640276,-0.012149189181461129,train
2021-04-07,-1.98342716525369,-2.22975132594917,0.24632416069548024,train
2021-04-08,-2.265970147562137,-2.143158669203399,-0.12281147835873796,train
2021-04-09,-2.359360565861291,-2.2253888167891143,-0.13397174907217657,train
2021-04-12,-2.3546304974308865,-2.221179211849731,-0.1334512855811556,train
2021-04-13,-2.115541517223837,-2.2144619635375005,0.09892044631366348,train
2021-04-14,-2.451695661447052,-2.1451850737150657,-0.3065105877319865,train
2021-04-15,-2.1604344730202403,-2.269888488139994,0.10945401511975383,train
2021-04-16,-2.4006201423483544,-2.1939113342431336,-0.20670880810522085,train
2021-04-19,-1.912343720304592,-2.2606166087626005,0.3482728884580084,train
2021-04-20,-2.21594313693029,-2.1099464156005414,-0.10599672132974858,train
2021-04-21,-2.247027098379597,-2.184624526498751,-0.06240257188084586,train
2021-04-22,-2.041695571980092,-2.1745065953000258,0.13281102331993377,train
2021-04-23,-2.509736938905869,-2.1171533177035924,-0.3925836212022764,train
2021-04-26,-2.14303110989434,-2.2387703232752494,0.0957392133809094,train
2021-04-27,-2.4692234268950557,-2.1770517225460972,-0.29217170434895845,train
2021-04-28,-1.828801367465052,-2.276668184498357,0.4478668170333049,train
2021-04-29,-2.3683060109735306,-2.088878925343275,-0.2794270856302554,train
2021-04-30,-1.9260455297967969,-2.240186618369281,0.31414108857248424,train
2021-05-03,-2.280691133877473,-2.0890460786700435,-0.19164505520742958,train
2021-05-04,-1.969381177129294,-2.1820789626550003,0.2126977855257064,train
2021-05-05,-2.7606052260271063,-2.0606084153991877,-0.6999968106279186,train
2021-05-06,-2.3956642054176798,-2.3242801003087186,-0.0713841051089612,train
2021-05-07,-0.8704540413656229,-2.2432963158368517,1.3728422744712288,train
2021-05-10,-1.8933547160066195,-1.8020512383174294,-0.09130347768919012,train
2021-05-11,-2.071158052235465,-1.9760301802925637,-0.09512787194290118,train
2021-05-12,-1.0089785842750405,-2.0236335720144205,1.01465498773938,train
2021-05-13,-1.901764411156569,-1.6078014184619254,-0.29396299269464365,train
2021-05-14,-2.5563412830833045,-1.7604570107927906,-0.795884272290514,train
2021-05-17,-2.5060227953763423,-2.0678846944105227,-0.4381381009658196,train
2021-05-18,-2.492605088413256,-2.1166184087860023,-0.37598667962725374,train
2021-05-19,-1.8171105494612685,-2.153882765874186,0.33677221641291766,train
2021-05-20,-2.367425675649767,-2.0730725648369197,-0.29435311081284743,train
2021-05-21,-1.883980465636868,-2.2433881767197774,0.3594077110829095,train
2021-05-24,-2.185323671531474,-2.067986154635202,-0.11733751689627203,train
2021-05-25,-2.143154876036774,-2.108694880842707,-0.03445999519406673,train
2021-05-26,-2.2084595355297743,-2.06210648120084,-0.1463530543289342,train
2021-05-27,-2.064277474275376,-2.114733077564738,0.05045560328936194,train
2021-05-28,-2.1123648999274227,-2.0462692474115163,-0.06609565251590643,train
2021-06-01,-2.4560220267723216,-2.0831923627266544,-0.3728296640456672,train
2021-06-02,-2.405531451222562,-2.1880076300333546,-0.2175238211892072,train
2021-06-03,-2.174636102792217,-2.2073538881845085,0.03271778539229153,train
2021-06-04,-1.5895056865280996,-2.1504331953136484,0.5609275087855488,train
2021-06-07,-2.5578617427478303,-1.9837313600325297,-0.5741303827153006,train
2021-06-08,-2.7206934862998557,-2.2281551128022072,-0.4925383734976485,train
2021-06-09,-2.903969625519814,-2.294363050957794,-0.60960657456202,train
2021-06-10,-1.9623816848132083,-2.405865857390072,0.4434841725768639,train
2021-06-11,-2.553342851887684,-2.169905748117564,-0.3834371037701203,train
2021-06-14,-2.670960725608372,-2.400410086127583,-0.27055063948078883,train
2021-06-15,-2.670527152163124,-2.455869107906326,-0.21465804425679824,train
2021-06-16,-0.8672232853178407,-2.460143135286086,1.5929198499682453,train
2021-06-17,-1.4777300828591635,-1.8594317184275204,0.3817016355683569,train
2021-06-18,-1.597642207129267,-1.9182596881639657,0.32061748103469867,train
2021-06-21,-1.8674504213744088,-1.8484829415573647,-0.018967479817044053,train
2021-06-22,-2.05441725975164,-1.8362487707492066,-0.21816848900243357,train
2021-06-23,-2.298190308886035,-1.8198777582597798,-0.4783125506262551,train
2021-06-24,-2.330315044667769,-2.013430429967725,-0.31688461470004414,train
2021-06-25,-2.4994134413085995,-2.1015418226014937,-0.39787161870710586,train
2021-06-28,-2.160094385570198,-2.228968570442637,0.06887418487243924,train
2021-06-29,-2.4283642143842226,-2.177019411660634,-0.2513448027235885,train
2021-06-30,-2.0513905415190834,-2.277033955022393,0.22564341350330963,train
2021-07-01,-2.1983932178897634,-2.1664249033941583,-0.03196831449560511,train
2021-07-02,-1.724960937866242,-2.1862084293793944,0.46124749151315236,train
2021-07-05,-2.825677052586174,-2.0047375662429845,-0.8209394863431894,train
2021-07-06,-2.099809040764147,-2.321021514122764,0.2212124733586167,train
2021-07-07,-1.959683242232491,-2.127307811809434,0.16762456957694294,train
2021-07-08,-1.978787614673192,-2.0806346465776104,0.10184703190441846,train
2021-07-09,-2.5029846240008005,-2.0557579780851887,-0.4472266459156118,train
2021-07-12,-2.369101386547762,-2.245020077850384,-0.12408130869737777,train
2021-07-13,-1.6463013720077917,-2.1762040812452805,0.5299027092374888,train
2021-07-14,-2.395514410391884,-1.965298659092079,-0.43021575129980505,train
2021-07-15,-2.4499878790505902,-2.169912804983041,-0.28007507406754906,train
2021-07-16,-2.528215438413507,-2.2206697233802046,-0.3075457150333025,train
2021-07-19,-2.256080581871537,-2.259859778635208,0.003779196763670889,train
2021-07-20,-2.091851537256491,-2.1955583585941336,0.10370682133764264,train
2021-07-21,-2.521489775045624,-2.2045817446462523,-0.31690803039937165,train
2021-07-22,-1.6756684893322014,-2.322367560935554,0.6466990716033525,train
2021-07-23,-2.5237870541298117,-2.053706449059397,-0.47008060507041494,train
2021-07-26,-2.377574685288418,-2.249330203499715,-0.12824448178870318,train
2021-07-27,-2.2568432483207235,-2.228891174005636,-0.027952074315087394,train
2021-07-28,-1.8229487593106333,-2.2121130456922202,0.38916428638158695,train
2021-07-29,-2.5567077233951614,-2.044560690543559,-0.5121470328516025,train
2021-07-30,-2.4742312258227237,-2.296853637975192,-0.17737758784753188,train
2021-08-02,-2.257823947203421,-2.2768865627446537,0.019062615541232564,train
2021-08-03,-2.67862481194849,-2.21934951139674,-0.45927530055175003,train
2021-08-04,-2.057725596550027,-2.3637514906791934,0.30602589412916625,train
2021-08-05,-2.396759088235565,-2.2376586853467297,-0.1591004028888352,train
2021-08-06,-2.4550045876320232,-2.30042829775397,-0.15457628987805316,train
2021-08-09,-2.612397311220992,-2.3199288906255098,-0.2924684205954824,train
2021-08-10,-2.818090366015471,-2.392956297288709,-0.42513406872676196,train
2021-08-11,-2.364537037924826,-2.4579221636871815,0.09338512576235569,train
2021-08-12,-2.8473213100940096,-2.3859823499078447,-0.4613389601861648,train
2021-08-13,-2.935965988795871,-2.548238074367309,-0.3877279144285617,train
2021-08-16,-2.913195665210583,-2.6205960944593567,-0.29259957075122633,train
2021-08-17,-2.376350012916689,-2.6466639404730983,0.27031392755640926,train
2021-08-18,-1.8359499698003132,-2.4813021482510864,0.6453521784507732,train
2021-08-19,-2.3538243422249447,-2.3175780275480222,-0.03624631467692252,train
2021-08-20,-2.6288831923482934,-2.377631681946189,-0.25125151040210447,train
2021-08-23,-2.408529065062803,-2.415958874175148,0.007429809112345254,train
2021-08-24,-2.538695725686042,-2.324515058287277,-0.21418066739876496,train
2021-08-25,-2.3559560863929017,-2.3716782845800517,0.015722198187150038,train
2021-08-26,-2.4704403167490185,-2.3770140911007114,-0.09342622564830716,train
2021-08-27,-1.838879546216521,-2.415748468519621,0.5768689223031,train
2021-08-30,-3.038700876154992,-2.200605009523807,-0.8380958666311851,train
2021-08-31,-2.437065429988109,-2.5387791042262506,0.10171367423814148,train
2021-09-01,-2.5240271225286617,-2.3917596624789494,-0.13226746004971224,train
2021-09-02,-2.956785314522872,-2.42903808714369,-0.5277472273791823,train
2021-09-03,-1.7121176579358264,-2.576210112541646,0.8640924546058195,train
2021-09-06,-3.4420433412272238,-2.279833447001981,-1.1622098942252426,train
2021-09-07,-2.4333852478702616,-2.7229690233310557,0.28958377546079417,train
2021-09-08,-2.6516121819956333,-2.487443623477714,-0.16416855851791912,train
2021-09-09,-2.0754542007777697,-2.5502854301097955,0.4748312293320258,train
2021-09-10,-2.768544348819691,-2.3306680638867525,-0.4378762849329383,train
2021-09-13,-2.765173570284761,-2.590663080916564,-0.17451048936819724,train
2021-09-14,-2.1348636502129663,-2.5252856185814747,0.3904219683685084,train
2021-09-15,-2.422179562035711,-2.354554339797198,-0.06762522223851297,train
2021-09-16,-2.456094069408339,-2.3830125192254563,-0.07308155018288254,train
2021-09-17,-2.5979221824059398,-2.426438697140086,-0.17148348526585355,train
2021-09-20,-2.734014861962175,-2.4522533095544663,-0.28176155240770884,train
2021-09-21,-2.4349346330852137,-2.4848703151640383,0.049935682078824595,train
2021-09-22,-1.354132666445973,-2.4419537445561716,1.0878210781101987,train
2021-09-23,-2.353520274812633,-2.090866985603985,-0.26265328920864794,train
2021-09-24,-2.579934282536205,-2.300029272352357,-0.27990501018384784,train
2021-09-27,-2.524823139606009,-2.3536667481121727,-0.17115639149383632,train
2021-09-28,-2.1564148106606926,-2.3218384817974025,0.16542367113670986,train
2021-09-29,-2.1071455366189475,-2.2140911192203396,0.10694558260139209,train
2021-09-30,-1.992652870334264,-2.262128247153448,0.269475376819184,train
2021-10-01,-2.146838128505401,-2.196826429406757,0.0499883009013562,train
2021-10-04,-2.505716814584907,-2.1925739800500077,-0.31314283453489944,train
2021-10-05,-2.4556633868471147,-2.2656769954137173,-0.18998639143339746,train
2021-10-06,-2.228596599048077,-2.2917490966963943,0.06315249764831732,train
2021-10-07,-2.72060254678218,-2.2343593325281614,-0.4862432142540185,train
2021-10-08,-2.489997093710599,-2.4195554481428503,-0.07044164556774879,train
2021-10-11,-2.87204236990751,-2.396256248053999,-0.4757861218535111,train
2021-10-12,-2.6553170304484284,-2.5275837050630585,-0.12773332538536986,train
2021-10-13,-2.317236543802257,-2.4944714737730296,0.17723492997077273,train
2021-10-14,-2.756891994751859,-2.420537388384974,-0.3363546063668852,train
2021-10-15,-2.7250475437441537,-2.5310523409927423,-0.19399520275141136,train
2021-10-18,-2.4942829707047083,-2.5493091758432276,0.0550262051385193,train
2021-10-19,-2.460065901161113,-2.460449091181261,0.0003831900201478611,train
2021-10-20,-2.7483435977812043,-2.432983835627918,-0.3153597621532862,train
2021-10-21,-2.678858079893856,-2.5402645606172576,-0.13859351927659835,train
2021-10-22,-2.5665803315340474,-2.51972020340378,-0.04686012813026741,train
2021-10-25,-2.5378636312728715,-2.493538007700568,-0.044325623572303297,train
2021-10-26,-2.674860148923354,-2.4918823690362695,-0.1829777798870844,train
2021-10-27,-2.344505784486778,-2.5451402141620987,0.20063442967532064,train
2021-10-28,-1.5654473888153453,-2.428689278933906,0.8632418901185608,train
2021-10-29,-1.7853690974285474,-2.143894939252756,0.35852584182420855,train
2021-11-01,-2.332424165488304,-2.116857796829631,-0.21556636865867285,train
2021-11-02,-2.4776570716842445,-2.22724527706714,-0.2504117946171047,train
2021-11-03,-1.8206059843659337,-2.2438648945786803,0.42325891021274664,train
2021-11-04,-2.399502231557449,-2.0389482155259504,-0.3605540160314984,train
2021-11-05,-1.9870008278299451,-2.2467538494614487,0.2597530216315036,train
2021-11-08,-2.2801302875835643,-2.168726477113183,-0.11140381047038117,train
2021-11-09,-2.105195712891124,-2.224862484657034,0.1196667717659099,train
2021-11-10,-1.5314679934982809,-2.1454843352095634,0.6140163417112825,train
2021-11-11,-2.1407512499932664,-1.9719173252099726,-0.16883392478329373,train
2021-11-12,-2.3507994475220126,-2.0811121176377343,-0.26968732988427835,train
2021-11-15,-1.83649685927432,-2.164829176720787,0.32833231744646696,train
2021-11-16,-1.690438143235948,-2.004117966023488,0.3136798227875397,train
2021-11-17,-1.444916320784633,-1.9120671825166418,0.4671508617320088,train
2021-11-18,-2.054339500697167,-1.8416407292029908,-0.21269877149417615,train
2021-11-19,-1.260117841637865,-1.9636755336285105,0.7035576919906454,train
2021-11-22,-1.3571071124514895,-1.6626558758946355,0.30554876344314597,train
2021-11-23,-2.0937605654481057,-1.6293498619815687,-0.464410703466537,train
2021-11-24,-1.5496838885758126,-1.8272136217416255,0.27752973316581286,train
2021-11-25,-2.798704426198813,-1.7026268614356743,-1.0960775647631387,train
2021-11-26,-1.264802746425786,-2.059387596351798,0.7945848499260117,train
2021-11-29,-1.996631097939638,-1.6927445390331584,-0.30388655890647964,train
2021-11-30,-0.8931920427352517,-1.9256226675346562,1.0324306247994044,train
2021-12-01,-1.394222840856434,-1.5527764554917034,0.1585536146352693,train
2021-12-02,-2.1612356488100684,-1.64236684148388,-0.5188688073261885,train
2021-12-03,-1.4613070131613788,-1.7546443074379057,0.2933372942765269,train
2021-12-06,-2.2292031631052907,-1.6086226773118348,-0.6205804857934558,train
2021-12-07,-1.953205172022944,-1.8042970997117913,-0.14890807231115266,train
2021-12-08,-1.9970795766652996,-1.8403073042882272,-0.15677227237707236,train
2021-12-09,-2.219148836933967,-1.9018715569856328,-0.3172772799483343,train
2021-12-10,-1.3068709843541964,-1.9598415830238443,0.6529705986696479,train
2021-12-13,-2.0950102328955342,-1.74672326463218,-0.34828696826335426,train
2021-12-14,-2.3429125206668644,-1.9008812547136213,-0.44203126595324305,train
2021-12-15,-1.525420716476818,-1.9952045951271333,0.46978387865031523,train
2021-12-16,-1.525915128165726,-1.7615765596321253,0.2356614314663994,train
2021-12-17,-2.000807691970615,-1.6984431536839053,-0.3023645382867097,train
2021-12-20,-2.0509059866741133,-1.8724741893948011,-0.17843179727931213,train
2021-12-21,-2.281242483488672,-1.8797824949611333,-0.4014599885275387,train
2021-12-22,-1.945025022686453,-1.9392775459936156,-0.005747476692837372,train
2021-12-23,-2.189455386801841,-1.9077513691727723,-0.2817040176290686,train
2021-12-24,-2.489846347421072,-2.026765127383436,-0.46308122003763597,train
2021-12-27,-2.309271196478074,-2.153048792612957,-0.156222403865117,train
2021-12-28,-2.351896275956076,-2.1290250530911834,-0.2228712228648928,train
2021-12-29,-2.0989779460576816,-2.158144548485065,0.059166602427383364,train
2021-12-30,-1.7340326577891796,-2.115078268597058,0.38104561080787835,train
2021-12-31,-1.5832376439148643,-1.9981750196400534,0.4149373757251891,train
2022-01-03,-1.730754856677093,-1.8797725466336697,0.14901768995657672,train
2022-01-04,-1.9967763837333623,-1.854770113492825,-0.14200627024053736,train
2022-01-05,-1.8453187941544809,-1.888864220940266,0.0435454267857851,train
2022-01-06,-1.678831734122419,-1.8293216100981051,0.15048987597568608,train
2022-01-07,-2.025760664928325,-1.7815278336759712,-0.24423283125235362,train
2022-01-10,-2.017467114834426,-1.9048860880023049,-0.11258102683212101,train
2022-01-11,-2.2053507876866822,-1.9259582112655391,-0.2793925764211431,train
2022-01-12,-1.9451826961196792,-1.997082745905499,0.051900049785819746,train
2022-01-13,-1.867309719232935,-1.9500899016793567,0.0827801824464216,train
2022-01-14,-1.9871447957262047,-1.9382233201479908,-0.04892147557821391,train
2022-01-17,-2.3369679711098965,-1.9700111120025194,-0.3669568591073771,train
2022-01-18,-1.846998173507664,-2.087549481953883,0.2405513084462192,train
2022-01-19,-2.279690446338612,-1.9394479256061978,-0.340242520732414,train
2022-01-20,-2.1189954714219077,-2.0721456643518263,-0.04684980707008135,train
2022-01-21,-2.2905249395918763,-2.0573131348650158,-0.23321180472686054,train
2022-01-24,-2.003222088185436,-2.1287957971252602,0.12557370893982434,train
2022-01-25,-2.320276548430084,-2.0297627570179455,-0.2905137914121383,train
2022-01-26,-1.9200405339554985,-2.144676771708647,0.22463623775314834,train
2022-01-27,-1.6012256768140751,-2.01856506310442,0.41733938629034495,train
2022-01-28,-1.607412966913744,-1.8864705467729137,0.2790575798591697,train
2022-01-31,-1.7913384134827317,-1.8178027054116204,0.02646429192888866,train
2022-02-01,-1.6797206552861916,-1.84068439963727,0.1609637443510783,train
2022-02-02,-2.146532797998187,-1.7560687073515104,-0.39046409064667675,train
2022-02-03,-0.7113731728322814,-1.8900640954266967,1.1786909225944153,train
2022-02-04,-1.0864971851511156,-1.4638591662570657,0.3773619811059501,train
2022-02-07,-1.7412586906541176,-1.4947555651189548,-0.24650312553516285,train
2022-02-08,-1.902199364441512,-1.6392159307891672,-0.2629834336523449,train
2022-02-09,-2.159995121995136,-1.6957556905203628,-0.4642394314747733,train
2022-02-10,-0.65963896634131,-1.7569946335185953,1.0973556671772853,train
2022-02-11,-1.041201071916031,-1.3957624954986874,0.3545614235826564,train
2022-02-14,-1.2614317770851582,-1.4647818269263464,0.2033500498411882,train
2022-02-15,-1.5490536237104653,-1.4634104346062164,-0.08564318910424884,train
2022-02-16,-2.0510876844769106,-1.4935847030466762,-0.5575029814302344,train
2022-02-17,-0.9666135561284324,-1.5933629180012794,0.626749361872847,train
2022-02-18,-1.9996504208860413,-1.365077350943661,-0.6345730699423804,train
2022-02-21,-1.759689722635923,-1.688034760367297,-0.071654962268626,train
2022-02-22,-1.3665990719382426,-1.6730171573910986,0.306418085452856,train
2022-02-23,-2.017732537733556,-1.5536107237296441,-0.46412181400391184,train
2022-02-24,-0.2634689140546142,-1.7038869015421794,1.440417987487565,train
2022-02-25,-0.9229464961954936,-1.2005386983347974,0.2775922021393038,train
2022-02-28,-0.5357039206093386,-1.2483116146421662,0.7126076940328276,train
2022-03-01,-0.988678062016555,-1.0317840905565197,0.0431060285399647,train
2022-03-02,-0.5072926973173009,-1.0961008371708145,0.5888081398535137,train
2022-03-03,-1.2711435170376846,-0.8308088106981383,-0.4403347063395463,train
2022-03-04,-0.7495694918043823,-1.0989369040183439,0.3493674122139616,train
2022-03-07,-0.0764648468085138,-0.9431294679945814,0.8666646211860676,train
2022-03-08,-0.2243768750557318,-0.7294165364726268,0.505039661416895,train
2022-03-09,-0.5741025511919041,-0.6879693179494655,0.11386676675756136,train
2022-03-10,-0.1380035252378309,-0.76689525174983,0.6288917265119991,train
2022-03-11,-0.8931944789431203,-0.5364432072006428,-0.35675127174247756,train
2022-03-14,-1.2153142235507404,-0.7165396460763861,-0.4987745774743543,train
2022-03-15,-0.8610178038778761,-0.9003782637326989,0.03936045985482284,train
2022-03-16,-0.3799894192469908,-0.8790073424228697,0.4990179231758789,train
2022-03-17,-1.1878351172945092,-0.7363137031859348,-0.4515214141085744,train
2022-03-18,-1.5254879253338036,-1.0205217918717062,-0.5049661334620974,train
2022-03-21,-1.5866001322376864,-1.149376186695231,-0.43722394554245536,train
2022-03-22,-1.4924864311649224,-1.205192803559421,-0.28729362760550137,train
2022-03-23,-1.61182926570221,-1.2353315037957295,-0.37649776190648043,train
2022-03-24,-1.501925417780475,-1.3759897871458078,-0.12593563063466728,train
2022-03-25,-1.5636736561162277,-1.3847933168158408,-0.17888033930038683,train
2022-03-28,-1.2781534990878054,-1.3941502590066521,0.11599675991884673,train
2022-03-29,-0.3093529518207192,-1.3131643065487832,1.003811354728064,train
2022-03-30,-1.2502582693157869,-0.9666686398599879,-0.283589629455799,train
2022-03-31,-0.9684952632744276,-1.1622491413734606,0.193753878099033,train
2022-04-01,-1.4064599620396236,-1.0497828236534026,-0.35667713838622106,train
2022-04-04,-1.9548728397371864,-1.145203222887987,-0.8096696168491995,train
2022-04-05,-1.8996194576290972,-1.3414790920187372,-0.5581403656103601,train
2022-04-06,-1.486109151418311,-1.489836816046182,0.003727664627870997,train
2022-04-07,-1.419627844040754,-1.4318612062733027,0.012233362232548783,train
2022-04-08,-1.656565659842245,-1.4704886172036087,-0.18607704263863623,train
2022-04-11,-1.5586344489727364,-1.5613618997585759,0.002727450785839469,train
2022-04-12,-1.3640701773471984,-1.5163614387702573,0.15229126142305893,train
2022-04-13,-1.7138412503060725,-1.4289330887819516,-0.2849081615241209,train
2022-04-14,-0.4807418461263581,-1.5350545667091955,1.0543127205828373,train
2022-04-15,-2.8034651722070425,-1.161255297564147,-1.6422098746428955,train
2022-04-18,-2.005121884963657,-1.8343914311011769,-0.1707304538624801,train
2022-04-19,-1.5497622334076842,-1.6946055212412385,0.14484328783355438,train
2022-04-20,-1.3607922532931596,-1.6068461626645352,0.2460539093713756,train
2022-04-21,-1.1903744556310325,-1.5287303984165026,0.3383559427854701,train
2022-04-22,-1.3613803953780257,-1.552390761027852,0.19101036564982632,train
2022-04-25,-0.9273643256388856,-1.4539459856591512,0.5265816600202656,train
2022-04-26,-1.3941472030186182,-1.2514083134983105,-0.14273888952030767,train
2022-04-27,-0.8759807889088661,-1.3395453942442364,0.46356460533537025,train
2022-04-28,-0.358869485007836,-1.1679037617292554,0.8090342767214194,train
2022-04-29,-0.8336994948715485,-0.9694524905791642,0.13575299570761568,train
2022-05-02,-1.0773192695187552,-1.0275803740935723,-0.04973889542518295,train
2022-05-03,-1.102270057573717,-1.1008200515195539,-0.0014500060541631221,train
2022-05-04,-0.2867777635124771,-1.0765022247315719,0.7897244612190948,train
2022-05-05,-0.701687872491856,-0.8127050753368785,0.11101720284502248,train
2022-05-06,-0.2487072852569879,-0.9258133613581963,0.6771060761012083,train
2022-05-09,-0.898505687080154,-0.7502980755277002,-0.14820761155245377,train
2022-05-10,-1.193635444077121,-0.8825763787851215,-0.31105906529199956,train
2022-05-11,-1.017136955591503,-0.9551865293156648,-0.061950426275838244,train
2022-05-12,-0.5194485931893209,-0.9763482203771279,0.45689962718780697,train
2022-05-13,-1.1824260219015426,-0.8330248498660497,-0.3494011720354928,train
2022-05-16,-1.2669138879558353,-1.0683785529274434,-0.19853533502839182,train
2022-05-17,-0.8275541317367671,-1.1309552267405623,0.3034010950037952,train
2022-05-18,-1.2377256477280951,-0.9779651125261082,-0.25976053520198694,train
2022-05-19,-0.9023667097682048,-1.0807861679388582,0.1784194581706534,train
2022-05-20,-1.3331154409849488,-1.0305611010207933,-0.3025543399641555,train
2022-05-23,-0.8910714687087159,-1.1442421745094715,0.2531707058007556,train
2022-05-24,-0.716908869425075,-1.0044209675924085,0.2875120981673335,train
2022-05-25,-1.21357428189622,-0.9503451519895894,-0.2632291299066307,train
2022-05-26,-1.3685131722397894,-1.061869941729947,-0.3066432305098423,train
2022-05-27,-1.1903338680329605,-1.1414178141324032,-0.04891605390055731,train
2022-05-30,-1.639048399838815,-1.0907391126478763,-0.5483092871909387,train
2022-05-31,-0.8585032304273374,-1.277730085056159,0.4192268546288216,train
2022-06-01,-1.162392181904663,-1.1128366784017176,-0.04955550350294535,train
2022-06-02,-1.5580563420035116,-1.1790172062396274,-0.37903913576388426,train
2022-06-03,-1.649914894644736,-1.292008683739566,-0.35790621090517005,train
2022-06-06,-1.6448933025048973,-1.3749209996016118,-0.26997230290328544,train
2022-06-07,-1.532532701918893,-1.3806884710709881,-0.15184423084790488,train
2022-06-08,-1.5467651016739958,-1.4316272706642055,-0.11513783100979036,train
2022-06-09,-0.2722273165812215,-1.4780486654365346,1.2058213488553131,train
2022-06-10,-0.72275783076415,-1.0488412659326676,0.32608343516851757,train
2022-06-13,-0.7818102166545201,-1.0737511901761065,0.29194097352158643,train
2022-06-14,-0.9587146962388566,-1.002575345584875,0.0438606493460183,train
2022-06-15,0.0924082756787179,-0.9877981573182099,1.0802064329969276,train
2022-06-16,-0.2190571885125198,-0.5637235006385788,0.344666312126059,train
2022-06-17,-0.6715408748238011,-0.6319083719144788,-0.0396325029093223,train
2022-06-20,-1.4687576216964715,-0.7300082760142663,-0.7387493456822052,train
2022-06-21,-1.2884672216962243,-0.9871530336990428,-0.30131418799718146,train
2022-06-22,-1.0856803395674954,-0.9751737670274745,-0.11050657254002094,train
2022-06-23,-0.585597802617269,-1.0417732141177447,0.4561754115004757,train
2022-06-24,-1.0593622014815418,-0.9556335018271482,-0.10372869965439357,train
2022-06-27,-1.4648800471228114,-1.104416856184787,-0.3604631909380245,train
2022-06-28,-1.2940408254126388,-1.1954091785175458,-0.09863164689509296,train
2022-06-29,-1.181463988521359,-1.158265084153424,-0.023198904367934814,train
2022-06-30,-0.9247780634162356,-1.1362475412953081,0.21146947787907255,train
2022-07-01,-1.0346822674238974,-1.1100766806648625,0.07539441324096519,train
2022-07-04,-1.684537531773262,-1.1286500518953733,-0.5558874798778888,train
2022-07-05,-0.7152641028862818,-1.3043912703056484,0.5891271674193665,train
2022-07-06,-0.6904320379308104,-1.0132362861460287,0.32280424821521825,train
2022-07-07,-0.8894727192554757,-0.9491655780305194,0.05969285877504371,train
2022-07-08,-0.4247529704735009,-0.9864089506251897,0.5616559801516888,train
2022-07-11,-1.0029816596209828,-0.806986792426199,-0.19599486719478387,train
2022-07-12,-0.8535072978098691,-0.8883615497748436,0.03485425196497449,train
2022-07-13,0.0953423992065498,-0.8687306613217953,0.9640730605283452,train
2022-07-14,-0.3362104729578128,-0.5493393438228809,0.21312887086506804,train
2022-07-15,-0.7614152529339483,-0.605422840274081,-0.1559924126598673,train
2022-07-18,-1.0270260353139569,-0.7511652217912514,-0.2758608135227054,train
2022-07-19,-0.4767232142631967,-0.8210071408080397,0.344283926544843,train
2022-07-20,-0.6081531295269385,-0.6526489557707046,0.044495826243766134,train
2022-07-21,-0.0256631804198614,-0.7416596972720282,0.7159965168521668,train
2022-07-22,-0.41360112157446,-0.5539288077805872,0.14032768620612718,train
2022-07-25,-0.9123174096398782,-0.6148031395987337,-0.2975142700411445,train
2022-07-26,-0.8583256062769526,-0.7253761351940431,-0.13294947108290955,train
2022-07-27,-0.2968752617724277,-0.7418318068698448,0.44495654509741717,train
2022-07-28,-0.4084595249020565,-0.57014478059799,0.1616852556959335,train
2022-07-29,-0.4947460471570543,-0.6189301273086278,0.12418408015157356,train
2022-08-01,-0.9921198546345252,-0.6394461906519394,-0.3526736639825858,train
2022-08-02,-0.7021677837196364,-0.7656190677490917,0.06345128402945532,train
2022-08-03,-0.8738063819672028,-0.6793050710347133,-0.19450131093248957,train
2022-08-04,-1.1073962310352945,-0.7655618553381741,-0.3418343756971204,train
2022-08-05,-0.6886951190568922,-0.8883335831921406,0.19963846413524844,train
2022-08-08,-1.4095600712532368,-0.826075771173743,-0.5834843000794938,train
2022-08-09,-1.6995650569632976,-1.0210036337298094,-0.6785614232334882,train
2022-08-10,-0.2991779701365116,-1.1967562624717571,0.8975782923352456,train
2022-08-11,-1.237407939287569,-0.8161247080402716,-0.4212832312472974,train
2022-08-12,-1.3335858253452997,-1.0427157852160094,-0.2908700401292903,train
2022-08-15,-1.493469423088768,-1.1452651478270792,-0.34820427526168873,train
2022-08-16,-1.2725277254036012,-1.1983125869332958,-0.07421513847030536,train
2022-08-17,-1.1479081827064928,-1.1138498097431613,-0.034058372963331474,train
2022-08-18,-1.274673268746598,-1.1661884944988394,-0.1084847742477586,train
2022-08-19,-1.5219830589841388,-1.2063269678887327,-0.31565609109540604,train
2022-08-22,-1.2758586268590828,-1.2916524959547284,0.01579386909564562,train
2022-08-23,-0.630099543322749,-1.2288224538206618,0.5987229104979128,train
2022-08-24,-0.8682878867099965,-1.0227000155990535,0.1544121288890571,train
2022-08-25,-0.8318602919172295,-1.055695142194809,0.22383485027757954,train
2022-08-26,-0.1868839256255972,-1.0001450181914002,0.813261092565803,train
2022-08-29,-0.8071168314609225,-0.7221309987832761,-0.08498583267764637,train
2022-08-30,-0.638970590005665,-0.8300887188000174,0.19111812879435242,train
2022-08-31,-0.6839452249844207,-0.7929773560700734,0.10903213108565268,train
2022-09-01,-0.7235329197912502,-0.7825544081396902,0.05902148834844001,train
2022-09-02,-0.6994035082057655,-0.7874315589291112,0.08802805072334574,train
2022-09-05,-0.9836770724635158,-0.8255649524715581,-0.15811211999195762,train
2022-09-06,-0.8086632320586525,-0.9047830622338201,0.09611983017516756,train
2022-09-07,-0.7757379676027331,-0.8796898689740804,0.10395190137134735,train
2022-09-08,-0.3352150862532455,-0.8730801187459364,0.5378650324926909,train
2022-09-09,-0.6257238608981557,-0.7178429253845919,0.09211906448643625,train
2022-09-12,-0.5033744835547246,-0.7840538929589336,0.280679409404209,train
2022-09-13,0.2043306125972821,-0.702464680115382,0.9067952927126641,train
2022-09-14,-0.9219789725692074,-0.3951359363570093,-0.5268430362121981,train
2022-09-15,-1.3536861780151788,-0.6967581715415265,-0.6569280064736522,train
2022-09-16,-0.7860303927843595,-0.8935155143951969,0.10748512161083745,train
2022-09-19,-1.3436928019068863,-0.7722493489928146,-0.5714434529140717,train
2022-09-20,-1.0848300526292962,-0.9804858376593788,-0.10434421496991741,train
2022-09-21,-0.006963960808788,-1.0335775902587307,1.0266136294499428,train
2022-09-22,-0.4873699526283219,-0.6748213515156385,0.1874513988873166,train
2022-09-23,-0.3361951999753844,-0.712117088500295,0.3759218885249106,train
2022-09-26,0.8504574035278203,-0.6289335682504321,1.4793909717782525,train
2022-09-27,-0.3011418695692767,-0.008375568025706048,-0.29276630154357064,train
2022-09-28,0.1880448349805287,-0.3260334576611249,0.5140782926416536,train
2022-09-29,0.0621074544856902,-0.17215555170934294,0.23426300619503315,train
2022-09-30,-0.162445789111242,-0.1459661134608141,-0.016479675650427905,train
2022-10-03,-0.2422337604641707,-0.1811094143681072,-0.06112434609606349,train
2022-10-04,-0.5671643593621231,-0.29770683607852083,-0.26945752328360223,train
2022-10-05,-0.5818134030441396,-0.3989297471984543,-0.18288365584568533,train
2022-10-06,-0.6783557923464953,-0.47222178504174583,-0.2061340073047495,train
2022-10-07,-0.49995958159535,-0.5592532334475767,0.059293651852226736,train
2022-10-10,-0.6154267626317608,-0.5469409255045212,-0.06848583712723955,train
2022-10-11,-0.6199880639207289,-0.6131839549054803,-0.006804109015248638,train
2022-10-12,-0.4466793827782446,-0.6167319679702402,0.17005258519199562,train
2022-10-13,0.5344005011237605,-0.5652033782775708,1.0996038794013314,train
2022-10-14,-0.2993103047256805,-0.13273478700201233,-0.16657551772366816,train
2022-10-17,-0.5804891464814967,-0.38468008409085236,-0.19580906239064438,train
2022-10-18,-0.6360778704636998,-0.4407638205747743,-0.19531404988892548,train
2022-10-19,-0.8426924017020274,-0.4528007921930763,-0.38989160950895113,train
2022-10-20,-0.5845555356287769,-0.5332973961735124,-0.051258139455264584,train
2022-10-21,0.119050712757039,-0.5704482507949616,0.6894989635520007,train
2022-10-24,-0.088895716154714,-0.35505179449090774,0.2661560783361937,train
2022-10-25,-0.7729784425734926,-0.35946781729979926,-0.4135106252736933,train
2022-10-26,-0.71068942332483,-0.543836938189247,-0.16685248513558293,train
2022-10-27,-0.4413481163704855,-0.5332279038693883,0.09187978749890285,train
2022-10-28,-0.7692177610434073,-0.4571200732150084,-0.3120976878283989,train
2022-10-31,-1.0366469727179006,-0.629558039762622,-0.4070889329552786,train
2022-11-01,-0.9088992241439918,-0.7912813523036069,-0.11761787184038497,train
2022-11-02,0.0934981110664256,-0.7860993126918233,0.8795974237582489,train
2022-11-03,-0.862340792546814,-0.4546233173643208,-0.4077174751824931,train
2022-11-04,-0.2934148396456517,-0.7350649742723045,0.44165013462665287,train
2022-11-07,-0.5415547579803506,-0.5524355301232402,0.010880772142889628,train
2022-11-08,-0.9036780772353104,-0.5648835606448018,-0.3387945165905085,train
2022-11-09,-0.5948450649683243,-0.6560656043922007,0.0612205394238764,train
2022-11-10,0.8916616450068034,-0.6476920523749291,1.5393536973817326,train
2022-11-11,-0.5327186256276574,0.1046253568956383,-0.6373439825232957,train
2022-11-14,-0.5159395293966612,-0.4725171309531344,-0.0434223984435268,train
2022-11-15,0.5039910392094907,-0.47828120121600265,0.9822722404254933,train
2022-11-16,-0.3988024005315261,-0.05683537840533057,-0.34196702212619556,train
2022-11-17,-0.6850634487019273,-0.2905374890858491,-0.39452595961607817,train
2022-11-18,-0.9893869676126752,-0.5073389406755164,-0.48204802693715876,train
2022-11-21,-1.0662307406309064,-0.6211881260796848,-0.4450426145512216,train
2022-11-22,-1.2771233148952523,-0.6958407232536301,-0.5812825916416222,train
2022-11-23,-0.7435988740263964,-0.9266090582187183,0.18301018419232196,train
2022-11-24,-1.261707648106207,-0.8446534780328536,-0.41705417007335344,train
2022-11-25,-1.2807278380519942,-1.0213362868101785,-0.2593915512418157,train
2022-11-28,-0.6960698577569631,-1.058454751211224,0.36238489345426084,train
2022-11-29,-0.5908789213605501,-0.8894773720130691,0.298598450652519,train
2022-11-30,-0.3222076284489222,-0.8008552770318458,0.4786476485829236,train
2022-12-01,-0.3017793604088981,-0.6889966663166643,0.38721730590776626,train
2022-12-02,0.0478935296583522,-0.5867679773940088,0.634661507052361,train
2022-12-05,-0.6203187512375087,-0.37234004775559604,-0.24797870348191264,train
2022-12-06,-1.033580184944373,-0.5334507067377123,-0.5001294782066608,train
2022-12-07,-0.8766793322242739,-0.6775873562005215,-0.1990919760237524,train
2022-12-08,-1.3269474241000787,-0.6962852122488153,-0.6306622118512634,train
2022-12-09,-1.1477708543948577,-0.9016915329215291,-0.24607932147332856,train
2022-12-12,-1.3399542483947784,-0.9785754596413432,-0.3613787887534352,train
2022-12-13,-0.2540227528291551,-1.113626996569573,0.859604243740418,train
2022-12-14,-0.4928113516025123,-0.7876294969571261,0.2948181453546138,train
2022-12-15,-0.3259934227032188,-0.8066803533575667,0.4806869306543479,train
2022-12-16,-1.0619609301315047,-0.682596650862408,-0.37936427926909677,train
2022-12-19,-1.1957641456782246,-0.8537048479964305,-0.3420592976817941,train
2022-12-20,-0.6670360649134264,-0.8775744613481795,0.21053839643475314,train
2022-12-21,-1.371607087748195,-0.7888410487712352,-0.5827660389769598,train
2022-12-22,-1.1856878117572518,-1.0368049898413911,-0.14888282191586066,train
2022-12-23,-1.4775470549663432,-1.074978667818993,-0.4025683871473502,train
2022-12-26,-2.542914338792232,-1.1886942526953592,-1.354220086096873,train
2022-12-27,-1.6029142296199044,-1.5762199683042875,-0.02669426131561692,train
2022-12-28,-1.7486611296266807,-1.4452955539181165,-0.30336557570856426,train
2022-12-29,-1.6024481791297016,-1.52628954936481,-0.07615862976489152,train
2022-12-30,-1.0263678383364427,-1.544202891285366,0.5178350529489233,train
2023-01-02,-1.4599182527982917,-1.3741267485080526,-0.08579150429023907,train
2023-01-03,-0.6770417678050435,-1.3897425889089052,0.7127008211038617,train
2023-01-04,-0.8765773316229277,-1.1266285895257702,0.25005125790284244,train
2023-01-05,-0.9552039829936628,-1.0993431496705643,0.14413916667690152,train
2023-01-06,-0.4345700455566802,-1.0541142512252324,0.6195442056685522,train
2023-01-09,-1.2643932041157468,-0.8731931827123124,-0.39120002140343446,train
2023-01-10,-1.430888672068298,-1.0461904813715863,-0.38469819069671174,train
2023-01-11,-1.4222555961400882,-1.1601707261278826,-0.2620848700122056,train
2023-01-12,-0.3447687784243877,-1.20942635654771,0.8646575781233222,train
2023-01-13,-1.2054092458520738,-0.9017822279118075,-0.30362701794026625,train
2023-01-16,-1.783744743413025,-1.182094503104104,-0.601650240308921,train
2023-01-17,-0.8793761897996284,-1.3797321585532862,0.5003559687536578,train
2023-01-18,-0.7335750357813101,-1.1184120725632543,0.38483703678194414,train
2023-01-19,-1.335576879070832,-1.0129264273949152,-0.32265045167591677,train
2023-01-20,-1.547351822404167,-1.252685002598584,-0.29466681980558285,train
2023-01-23,-1.316778484125759,-1.3357828664887452,0.019004382362986183,train
2023-01-24,-1.4499515231835949,-1.2413242317126316,-0.20862729147096326,train
2023-01-25,-1.2694825188155088,-1.3266894471730228,0.057206928357514064,train
2023-01-26,-1.473580791514861,-1.3198590649608932,-0.15372172655396787,train
2023-01-27,-1.4789982291407373,-1.3773353707808416,-0.10166285835989575,train
2023-01-30,-1.6491616466545718,-1.3699836009053716,-0.27917804574920013,train
2023-01-31,-1.4344275471442445,-1.440188899854623,0.005761352710378587,train
2023-02-01,-0.966530029265008,-1.3948011626649968,0.4282711333999888,train
2023-02-02,-0.5092361797966205,-1.262423930879351,0.7531877510827305,train
2023-02-03,-0.209962427036692,-1.0522186703021725,0.8422562432654805,train
2023-02-06,-1.4938075736859713,-0.8595107984947276,-0.6342967751912437,train
2023-02-07,-0.7821711488177817,-1.148249225651481,0.3660780768336992,train
2023-02-08,-1.4067494012203277,-0.9272077552619231,-0.47954164595840454,train
2023-02-09,-1.5157975723542876,-1.1142838351113988,-0.40151373724288875,train
2023-02-10,-1.4434815758893895,-1.2335359567676667,-0.20994561912172283,train
2023-02-13,-1.6816697323342098,-1.3331866988501315,-0.3484830334840783,train
2023-02-14,-0.5352515475110267,-1.4192384646540168,0.8839869171429902,train
2023-02-15,-1.3106897614805209,-1.124168599717897,-0.1865211617626239,train
2023-02-16,-1.519044836022741,-1.2900903560553214,-0.2289544799674197,train
2023-02-17,-1.3239366083819102,-1.3453062710985437,0.021369662716633542,train
2023-02-20,-2.504897869531943,-1.2952769018086392,-1.2096209677233039,train
2023-02-21,-1.2366317306841328,-1.6591101494317517,0.42247841874761893,train
2023-02-22,-1.6396131377141283,-1.430899700988305,-0.2087134367258232,train
2023-02-23,-2.0143689551487016,-1.5581705766341631,-0.4561983785145385,train
2023-02-24,-1.6174728841165915,-1.6931624000085648,0.07568951589197326,train
2023-02-27,-1.6889145816458602,-1.6354504408560029,-0.053464140789857284,train
2023-02-28,-1.2871268600438517,-1.582271314850515,0.2951444548066633,train
2023-03-01,-1.2720642842943235,-1.4887525568005364,0.21668827250621292,train
2023-03-02,-1.6196234440097852,-1.4446606276152167,-0.17496281639456845,train
2023-03-03,-1.8358005754420752,-1.4918308064519792,-0.343969768990096,train
2023-03-06,-1.4304450172041416,-1.5710621844196626,0.14061716721552098,train
2023-03-07,-0.4885389042725017,-1.4720098853270907,0.983470981054589,train
2023-03-08,-2.1413962053174576,-1.1923717641630114,-0.9490244411544462,train
2023-03-09,-1.7307175009464628,-1.6422698773995152,-0.08844762354694757,train
2023-03-10,-0.9681838980233586,-1.5689113901908354,0.6007274921674768,train
2023-03-14,-1.2135132716016237,-1.3132067123051205,0.09969344070349684,train
2023-03-15,0.0076129263857781,-1.3409019097887822,1.3485148361745602,train
2023-03-16,-0.9472802700427796,-0.9815242231513926,0.03424395310861306,train
2023-03-17,-1.5530009376334857,-1.1000382550100507,-0.452962682623435,train
2023-03-20,-1.1254610580569706,-1.23241769526813,0.10695663721115944,train
2023-03-21,-1.8624741050348936,-1.1454446475433135,-0.7170294574915801,train
2023-03-22,-0.6863631829282836,-1.3815316443676484,0.6951684614393648,train
2023-03-23,-1.3543781920623852,-1.183511721598194,-0.17086647046419112,train
2023-03-27,-1.6854037516091196,-1.3451650710196565,-0.34023868058946305,train
2023-03-28,-2.194777632691722,-1.438745100722861,-0.7560325319688608,train
2023-03-29,-2.0867484984838884,-1.662291401576975,-0.42445709690691347,train
2023-03-30,-1.3190627588743438,-1.6585166169674395,0.3394538580930957,train
2023-03-31,-1.5307626440885478,-1.547411484688872,0.016648840600324233,train
2023-04-03,-1.822896774017646,-1.6015763657348083,-0.22132040828283772,train
2023-04-04,-0.5309501207121478,-1.6889167572377697,1.157966636525622,train
2023-04-05,-1.786587926209385,-1.2418805287467203,-0.5447073974626646,train
2023-04-06,-2.1718247243438378,-1.4894262161567688,-0.6823985081870689,train
2023-04-10,-2.031655609779276,-1.6609419358288564,-0.37071367395041976,train
2023-04-11,-1.971321441472201,-1.6835051082837524,-0.28781633318844846,train
2023-04-12,-0.8649700245640488,-1.6991871656232396,0.8342171410591908,train
2023-04-14,-1.453790776827481,-1.4839778432128468,0.030187066385365835,train
2023-04-18,-2.2798979649462265,-1.569486459013181,-0.7104115059330456,train
2023-04-19,-1.84780755530552,-1.7766062819490007,-0.07120127335651927,train
2023-04-20,-1.910400227679947,-1.6686539775541942,-0.2417462501257528,train
2023-04-21,-1.358020051341841,-1.7030462938107453,0.34502624246890434,train
2023-04-25,-1.71177950191897,-1.6253415699798852,-0.08643793193908489,train
2023-04-26,-1.5180725444516006,-1.731127247732173,0.21305470328057252,train
2023-04-27,-1.7138498173936367,-1.6204752124213802,-0.09337460497225658,train
2023-05-02,-1.1996369881558466,-1.6486673765991602,0.44903038844331356,train
2023-05-03,-1.5403720440210271,-1.481815242512584,-0.058556801508443224,train
2023-05-05,-1.3081941975174884,-1.571447816295969,0.26325361877848064,train
2023-05-08,-2.1113398374694654,-1.4741125864785076,-0.6372272509909578,train
2023-05-09,-2.089892683416069,-1.716603592036607,-0.373289091379462,train
2023-05-10,-1.577789782827269,-1.7434287817543983,0.1656389989271294,train
2023-05-12,-2.0013516951326875,-1.6705535435707262,-0.33079815156196135,train
2023-05-15,-2.680548113360119,-1.813944985045541,-0.8666031283145781,train
2023-05-16,-2.2459271412753528,-2.101032272019701,-0.14489486925565176,train
2023-05-17,-2.164290898817276,-2.0311486316385565,-0.13314226717871946,train
2023-05-18,-2.0667768059992837,-2.025806495962251,-0.040970310037032664,train
2023-05-19,-1.3629360939645758,-2.0479809323151406,0.6850448383505647,train
2023-05-23,-1.7672564178683206,-1.8270839617780086,0.05982754390968803,train
2023-05-24,-1.4158400818034738,-1.8259415882502263,0.4101015064467526,train
2023-05-25,-2.0155783566366368,-1.6819807335278434,-0.3335976231087934,train
2023-05-30,-1.725897575800121,-1.802219382125422,0.07632180632530106,train
2023-06-01,-1.7181355287917044,-1.696546217757305,-0.021589311034399428,train
2023-06-02,-1.9297061006210976,-1.730544531856796,-0.19916156876430158,train
2023-06-05,-1.6868278287983618,-1.79291329053951,0.10608546174114819,train
2023-06-06,-1.8720188132488824,-1.7743718421392023,-0.09764697110968013,train
2023-06-07,-2.1453972683581557,-1.7987372788149,-0.3466599895432556,train
2023-06-08,-2.092193855018626,-1.9053830947967194,-0.18681076022190668,train
2023-06-09,-2.6532670807917684,-1.936392422197439,-0.7168746585943295,train
2023-06-13,-1.5869097867978537,-2.1435241401074383,0.5566143533095846,train
2023-06-14,-1.1748322154764292,-1.895379416850532,0.7205472013741028,train
2023-06-15,-0.8288856258993583,-1.745229375546872,0.9163437496475136,train
2023-06-20,-1.8807319246364385,-1.5165257797154352,-0.3642061449210032,train
2023-06-21,-2.5819310992448163,-1.7351886847388787,-0.8467424145059377,train
2023-06-23,-1.486120701479782,-1.8979738509450224,0.41185314946524043,train
2023-06-26,-2.456452550401797,-1.6425509833394758,-0.8139015670623213,train
2023-06-28,-2.140299488876254,-1.9708794851769307,-0.1694200036993232,train
2023-06-30,-1.2831730103370018,-2.018592274909571,0.7354192645725692,train
2023-07-03,-2.272106197411116,-1.7751993654430132,-0.4969068319681027,train
2023-07-05,-2.0790965376597765,-1.9571654427575367,-0.12193109490223986,train
2023-07-06,-1.5146972185230203,-1.9752111968837176,0.4605139783606973,train
2023-07-07,-1.3736898078115136,-1.757154322471003,0.3834645146594893,train
2023-07-10,-1.88800014638468,-1.6613665602231782,-0.22663358616150187,train
2023-07-12,-1.1368793151531993,-1.833708237497572,0.6968289223443727,train
2023-07-13,-2.101760307567682,-1.5470143287201195,-0.5547459788475626,train
2023-07-18,-1.5518536177942026,-1.7671401930131136,0.21528657521891104,train
2023-07-20,-1.8987006495880825,-1.6400569421798619,-0.2586437074082206,train
2023-07-24,-1.246533008756376,-1.7735057553448779,0.5269727465885019,train
2023-07-25,-2.2558870175150005,-1.5692434857273307,-0.6866435317876698,train
2023-07-26,-1.5287558857450518,-1.89351143724341,0.36475555149835825,train
2023-07-27,-0.0278508592920968,-1.671432929487772,1.6435820701956751,train
2023-07-28,-1.1588525825116998,-1.1360126418455934,-0.022839940666106395,train
2023-07-31,-1.903906003765071,-1.3352308458441795,-0.5686751579208915,train
2023-08-01,-1.8055637082653364,-1.5756145357195737,-0.22994917254576275,train
2023-08-02,-1.5162431978739948,-1.5224285106698585,0.006185312795863762,train
2023-08-03,-1.402928314089648,-1.449766609459532,0.04683829536988404,train
2023-08-04,-1.408155642250623,-1.538469017247935,0.130313374997312,train
2023-08-07,-2.212776732077638,-1.5634410076332503,-0.6493357244443876,train
2023-08-08,-2.1037211770073143,-1.7732758872093077,-0.3304452897980066,train
2023-08-09,-2.044044913475219,-1.775910384392689,-0.2681345290825301,train
2023-08-10,-1.541736126511791,-1.8195466927418884,0.27781056623009737,train
2023-08-11,-1.6890713004408104,-1.709269830340692,0.020198529899881468,train
2023-08-14,-1.869411063581559,-1.7698840161749665,-0.09952704740659257,train
2023-08-15,-1.550993668825775,-1.7778936091201816,0.22689994029440652,train
2023-08-16,-2.003597400102684,-1.6559641672566854,-0.34763323284599856,train
2023-08-17,-2.053930324074357,-1.7560580241296606,-0.29787229994469633,train
2023-08-18,-2.1116500000055094,-1.8261266590913365,-0.28552334091417286,train
2023-08-21,-2.336497768019058,-1.8780815224063874,-0.4584162456126708,train
2023-08-22,-2.054830574979361,-1.9826831184668985,-0.07214745651246246,train
2023-08-23,-1.0709850571727566,-1.9658972897430296,0.894912232570273,train
2023-08-24,-2.1384469386132365,-1.6717322571798343,-0.4667146814334022,train
2023-08-25,-1.119291169987263,-1.9036446238595344,0.7843534538722714,train
2023-08-28,-2.460453719729019,-1.576386184896422,-0.8840675348325968,train
2023-08-29,-1.117364870254034,-1.919936266362467,0.8025713961084331,train
2023-08-30,-1.6699762601068735,-1.5397622744702155,-0.13021398563665798,train
2023-08-31,-1.650500446894566,-1.7046647697632704,0.05416432286870432,train
2023-09-01,-1.035514670963199,-1.6519324352787113,0.6164177643155122,train
2023-09-04,-2.7470344310298267,-1.5060352463943918,-1.240999184635435,train
2023-09-05,-1.9226182101464184,-1.9344602572720204,0.011842047125601995,train
2023-09-06,-1.6861626505236025,-1.8229665914076774,0.13680394088407488,train
2023-09-07,-2.12975964299778,-1.7752827301196747,-0.3544769128781051,train
2023-09-08,-2.297606877386426,-1.9125372442951376,-0.3850696330912886,train
2023-09-11,-2.126640103871917,-2.070601215167207,-0.056038888704709855,train
2023-09-12,-2.0246453454504785,-1.9793598582498158,-0.04528548720066272,train
2023-09-13,-1.7143974287420574,-1.9691521907036893,0.25475476196163194,train
2023-09-14,-1.1115654714254035,-1.900089197141376,0.7885237257159725,train
2023-09-15,-1.88545575882185,-1.668791659040152,-0.21666409978169798,train
2023-09-18,-2.500367919361321,-1.803926284093926,-0.696441635267395,train
2023-09-19,-2.393122883583267,-1.9807464670554005,-0.4123764165278665,train
2023-09-20,-1.2296633271058397,-1.9943632333910388,0.7646999062851991,train
2023-09-21,-1.6543734218515789,-1.6868672382720835,0.03249381642050464,train
2023-09-22,-1.1919162630451516,-1.8102500104822195,0.6183337474370678,train
2023-09-25,-2.261409775915354,-1.6572629752024324,-0.6041468007129218,train
2023-09-26,-2.1275047449061084,-1.868421607330804,-0.25908313757530443,train
2023-09-27,-1.7161463325116135,-1.822600949882794,0.10645461737118045,train
2023-09-28,-1.2962467285114845,-1.7644129227225032,0.4681661942110187,train
2023-09-29,-1.664261200757871,-1.6376541500649973,-0.026607050692873724,train
2023-10-02,-1.6963254897114752,-1.7663163135442104,0.06999082383273514,train
2023-10-03,-1.2620972864371165,-1.7212222082302493,0.4591249217931328,train
2023-10-04,-1.5293385161092656,-1.5492792766125487,0.019940760503283084,train
2023-10-05,-1.7504868091938588,-1.573960979078242,-0.17652583011561673,train
2023-10-06,-0.6172517468596801,-1.6645964744454822,1.047344727585802,train
2023-10-09,-1.8242485788557048,-1.3064208535480848,-0.51782772530762,train
2023-10-10,-1.7519966396299946,-1.5823359714904643,-0.1696606681395303,train
2023-10-11,-1.623904422624579,-1.6030825336760797,-0.020821888948499234,train
2023-10-12,-1.3895234266720182,-1.5784693998731627,0.18894597320114448,train
2023-10-13,-1.843311519672431,-1.497308357675474,-0.346003161996957,train
2023-10-16,-1.9288791319526304,-1.7025675768466695,-0.2263115551059609,train
2023-10-17,-1.4672489948655725,-1.7409446112542835,0.273695616388711,train
2023-10-18,-1.8088391727589803,-1.6113516715490594,-0.19748750120992087,train
2023-10-19,-1.0805861777739287,-1.6926996199733813,0.6121134421994525,train
2023-10-20,-1.7009939351557024,-1.4899946590482829,-0.21099927610741953,train
2023-10-23,-1.820596882584416,-1.6165739777143,-0.2040229048701161,train
2023-10-24,-1.5838598132478348,-1.634809475204307,0.050949661956472214,train
2023-10-25,-2.1767095127305267,-1.5962227149597417,-0.580486797770785,train
2023-10-26,-1.7864204118838745,-1.766230252740189,-0.020190159143685493,train
2023-10-27,-1.473745704715998,-1.7374993741233646,0.26375366940736655,train
2023-10-30,-1.8942134392316443,-1.6430968978498437,-0.2511165413818006,train
2023-10-31,-1.2804991591855364,-1.7528609287056478,0.47236176952011144,train
2023-11-01,-1.574993882656159,-1.5831722127616077,0.008178330105448772,train
2023-11-02,-1.8091637345824212,-1.5889828940983004,-0.2201808404841208,train
2023-11-03,-1.2268626042657431,-1.6509979012312261,0.424135296965483,train
2023-11-06,-2.21562745923888,-1.5053816914481046,-0.7102457677907752,train
2023-11-07,-2.097578727027236,-1.753709635313585,-0.3438690917136511,train
2023-11-08,-2.128762380138705,-1.8185276477993322,-0.3102347323393728,train
2023-11-09,-1.5270787423900871,-1.8809837881882345,0.3539050457981474,train
2023-11-10,-1.912436539045241,-1.719580490704436,-0.19285604834080483,train
2023-11-13,-2.261509445678436,-1.8685960334468898,-0.3929134122315463,train
2023-11-14,-0.612724672281664,-1.9634662088939923,1.350741536612328,train
2023-11-15,-1.7896605675892303,-1.4522064590065684,-0.3374541085826619,train
2023-11-16,-1.7193972122679593,-1.6707421056316667,-0.04865510663629258,train
2023-11-17,-1.7891288144608024,-1.6775660419162899,-0.11156277254451252,train
2023-11-20,-1.9193076641855091,-1.6789799042360305,-0.24032775994947864,train
2023-11-21,-2.0374337173447867,-1.6874029473434944,-0.35003077000129235,train
2023-11-22,-1.6009994415528046,-1.849603824930594,0.24860438337778934,train
2023-11-23,-2.461147389098292,-1.729922974307052,-0.7312244147912397,train
2023-11-24,-2.2610787872757268,-2.0103764427942377,-0.2507023444814891,train
2023-11-27,-2.2478747201790643,-2.0057535048598853,-0.24212121531917896,train
2023-11-28,-1.7114031668332517,-2.037344647430973,0.3259414805977212,train
2023-11-29,-1.693111004009836,-1.886733765710416,0.1936227617005799,train
2023-11-30,-1.3881638954751114,-1.8903385699325186,0.5021746744574072,train
2023-12-01,-1.5225901888522433,-1.7185795781413127,0.1959893892890694,train
2023-12-04,-1.7106213907666925,-1.6807993328669721,-0.029822057899720367,train
2023-12-05,-1.5572910915868294,-1.6733988189626476,0.1161077273758182,train
2023-12-06,-1.959322490593114,-1.6352004365849957,-0.3241220540081182,train
2023-12-07,-1.7542701199666073,-1.7419812670885613,-0.012288852878046042,train
2023-12-08,-1.1807663440704343,-1.725185409052155,0.5444190649817207,train
2023-12-11,-2.103619592517957,-1.5580884701142557,-0.5455311224037014,train
2023-12-12,-1.7363515155371427,-1.8063101308408531,0.06995861530371039,train
2023-12-13,-0.888983096551001,-1.737730226227706,0.8487471296767048,train
2023-12-14,-1.0722375060094207,-1.443989704503755,0.3717521984943344,train
2023-12-15,-1.3063151586299089,-1.410545857107488,0.10423069847757915,train
2023-12-18,-2.255077396092152,-1.4767363542053928,-0.7783410418867591,train
2023-12-19,-2.0031615084599825,-1.709693368551393,-0.29346813990858944,train
2023-12-20,-2.087845630357476,-1.680848453012128,-0.40699717734534824,train
2023-12-21,-1.951165842163567,-1.8119054628008957,-0.13926037936267122,train
2023-12-22,-1.8506885530554749,-1.8612072487723763,0.01051869571690145,train
2023-12-26,-2.554261753649642,-1.8896244786803669,-0.6646372749692753,train
2023-12-27,-2.0286057932480186,-2.0833030018620673,0.0546972086140487,train
2023-12-28,-1.514018965241693,-1.9624159169725048,0.44839695173081173,train
2023-12-29,-1.8421107326428932,-1.783934633800414,-0.058176098842479096,train
2024-01-02,-1.8138621173372056,-1.8474070033479597,0.033544886010754116,test
2024-01-03,-1.660627919254919,-1.838403110931882,0.17777519167696298,test
2024-01-04,-2.116584570233878,-1.724666601816495,-0.391917968417383,test
2024-01-05,-0.977305834977685,-1.8440447127214155,0.8667388777437305,test
2024-01-08,-2.2165587921550376,-1.5321843434031759,-0.6843744487518617,test
2024-01-09,-1.9650362237732084,-1.8500962261246512,-0.11493999764855722,test
2024-01-10,-2.2201324013677746,-1.8055297334024094,-0.41460266796536516,test
2024-01-11,-1.326648328452275,-1.92383898318058,0.597190654728305,test
2024-01-12,-1.835269445954572,-1.6467260114557551,-0.18854343449881683,test
2024-01-15,-2.6237440438105866,-1.839766289192542,-0.7839777546180446,test
2024-01-16,-1.5934719048734394,-2.0687434861737777,0.4752715813003383,test
2024-01-17,-1.9362482853556624,-1.8051242662166151,-0.13112401913904725,test
2024-01-18,-1.9157813362405536,-1.8661099097565854,-0.04967142648396816,test
2024-01-19,-2.268230389217509,-1.9229397210762107,-0.34529066814129816,test
2024-01-22,-2.219978989595345,-2.044435019179682,-0.17554397041566316,test
2024-01-23,-2.1032285556333585,-1.9983285996273572,-0.10489995600600133,test
2024-01-24,-1.6237785731815155,-2.0190165305682655,0.39523795738674994,test
2024-01-25,-1.610297931609079,-1.8773157521615662,0.26701782055248713,test
2024-01-26,-1.9101990321556956,-1.8448700039070796,-0.06532902824861608,test
2024-01-29,-2.2477349774243267,-1.8706218805490042,-0.37711309687532246,test
2024-01-30,-2.2082179559123483,-1.9542238393332774,-0.2539941165790709,test
2024-01-31,-1.0328161312773168,-1.9622156703263829,0.9293995390490661,test
2024-02-01,-1.7941069946303618,-1.6358248906122923,-0.15828210401806952,test
2024-02-02,-0.7173430471540683,-1.8176458298126885,1.1003027826586202,test
2024-02-05,-2.062141680088363,-1.473144130715791,-0.5889975493725719,test
2024-02-06,-2.279385447393915,-1.7437261667750223,-0.5356592806188925,test
2024-02-07,-2.3930788084798373,-1.8134068787415805,-0.5796719297382569,test
2024-02-08,-2.512110346870262,-1.9685415480755104,-0.5435687987947517,test
2024-02-09,-2.289285729457,-2.0688421455313386,-0.22044358392566155,test
2024-02-12,-2.5653846413001324,-2.164838163875848,-0.4005464774242844,test
2024-02-13,-0.7899282893598744,-2.287597448757144,1.4976691593972697,test
2024-02-14,-2.45719220889285,-1.7554382510583781,-0.701753957834472,test
2024-02-15,-2.340031101158566,-2.116949207826519,-0.2230818933320471,test
2024-02-16,-2.0544773283701603,-2.085338096269292,0.030860767899131503,test
2024-02-19,-3.2196369794538557,-2.005228766653619,-1.2144082128002367,test
2024-02-20,-2.397402057610837,-2.3412982510934066,-0.05610380651743041,test
2024-02-21,-2.604987964910066,-2.3002747649248607,-0.3047131999852053,test
2024-02-22,-1.788198196366812,-2.366751980953715,0.5785537845869029,test
2024-02-23,-2.568057561617725,-2.1285379762993957,-0.43951958531832913,test
2024-02-26,-2.7072116001180957,-2.361702917126374,-0.34550868299172155,test
2024-02-27,-2.688470783137677,-2.3590314774425236,-0.32943930569515345,test
2024-02-28,-2.6515338129985,-2.3907430096846127,-0.2607908033138875,test
2024-02-29,-2.2089943307219984,-2.390462095259188,0.1814677645371896,test
2024-03-01,-2.328056269577009,-2.3269285998667586,-0.0011276697102502453,test
2024-03-04,-2.823782591789831,-2.34708633227747,-0.47669625951236094,test
2024-03-05,-2.463617710063996,-2.483892290189807,0.020274580125810626,test
2024-03-06,-2.785721373977104,-2.4066608369051528,-0.3790605370719513,test
2024-03-07,-2.0430974178798147,-2.494138463317888,0.45104104543807333,test
2024-03-08,-1.908379262467642,-2.3050110339008465,0.3966317714332046,test
2024-03-11,-2.8545116901411838,-2.232472529490979,-0.6220391606502047,test
2024-03-12,-2.4321731500600348,-2.454558204752515,0.0223850546924802,test
2024-03-13,-2.9920878515250484,-2.3582338386806803,-0.6338540128443682,test
2024-03-14,-2.5371939254670663,-2.5087889925488223,-0.028404932918244086,test
2024-03-15,-2.926375976546214,-2.46867159333579,-0.45770438321042395,test
2024-03-18,-3.227711576978124,-2.658560302958154,-0.56915127401997,test
2024-03-19,-3.058371393344875,-2.773222568455235,-0.2851488248896401,test
2024-03-20,-1.6906904894866062,-2.8029251511139712,1.112234661627365,test
2024-03-21,-2.301341069941998,-2.3554326085407964,0.05409153859879856,test
2024-03-22,-2.7178758284055653,-2.4674851411401644,-0.2503906872654009,test
2024-03-25,-2.820727920552754,-2.544982064144185,-0.27574585640856863,test
2024-03-26,-2.828120127834138,-2.5436265669813594,-0.28449356085277877,test
2024-03-27,-3.060299154729955,-2.5259484597208894,-0.5343506950090657,test
2024-03-28,-2.2977856642698087,-2.7111662763551383,0.4133806120853296,test
2024-03-29,-3.0405760083894093,-2.530048114973919,-0.5105278934154902,test
2024-04-01,-2.34295099147472,-2.7381640934386247,0.39521310196390447,test
2024-04-02,-2.376476502029949,-2.541229178562313,0.16475267653236392,test
2024-04-03,-2.376039156329417,-2.4992421025856144,0.12320294625619743,test
2024-04-04,-2.6873056746417445,-2.432903843829875,-0.2544018308118696,test
2024-04-05,-1.509330256508758,-2.539425198690806,1.030094942182048,test
2024-04-08,-2.7680511096021725,-2.1266223193564517,-0.6414287902457207,test
2024-04-09,-2.824478624935878,-2.450102214913877,-0.37437641002200106,test
2024-04-10,-0.5136282686098731,-2.5146072556184365,2.0009789870085632,test
2024-04-11,-1.6378589998951003,-1.803457161990039,0.16559816209493872,test
2024-04-12,-2.0029443453739395,-1.9385798338097493,-0.06436451156419021,test
2024-04-15,-1.777920627050907,-2.0546162732382585,0.27669564618735154,test
2024-04-16,-1.6427338559981248,-1.9067349328811256,0.2640010768830008,test
2024-04-17,-1.8703384521512445,-1.7456821563066625,-0.12465629584458204,test
2024-04-18,-2.3453564859477214,-1.9086628646870536,-0.4366936212606678,test
2024-04-19,-1.8120296764017048,-2.077693850370956,0.2656641739692511,test
2024-04-22,-2.4098428347858167,-1.9366268652137424,-0.47321596957207435,test
2024-04-23,-1.4580636646873089,-2.1357857683720005,0.6777221036846917,test
2024-04-24,-2.382299667049137,-1.8927112016093566,-0.4895884654397804,test
2024-04-25,-1.9507775422487417,-2.1411639598327517,0.19038641758400998,test
2024-04-26,-2.1646785432542064,-1.9963079348446295,-0.16837060840957685,test
2024-04-29,-2.1342683570150283,-2.0677438298960418,-0.06652452711898649,test
2024-04-30,-1.725205936273272,-2.0324984494541014,0.3072925131808295,test
2024-05-01,-1.6430019624403696,-1.952660950801439,0.3096589883610694,test
2024-05-02,-1.8920975688924748,-1.856169369769655,-0.03592819912281975,test
2024-05-03,-1.138564218095997,-1.8992866525754921,0.7607224344794952,test
2024-05-06,-3.0732787249775124,-1.6401673846308054,-1.433111340346707,test
2024-05-07,-2.698911401385176,-2.155602487004062,-0.5433089143811141,test
2024-05-08,-3.0945467708411885,-2.1721509699494725,-0.9223958008917159,test
2024-05-09,-2.491424375670532,-2.4025966320728442,-0.08882774359768764,test
2024-05-10,-2.7414722389473622,-2.321720596628027,-0.41975164231933526,test
2024-05-13,-3.006039470251283,-2.546528527747531,-0.45951094250375224,test
2024-05-14,-2.453928960603898,-2.6187001797245175,0.16477121912061943,test
2024-05-15,-1.876262360654512,-2.4730394592634264,0.5967770986089145,test
2024-05-16,-2.805858472504587,-2.237545128366653,-0.568313344137934,test
2024-05-17,-2.82954140109956,-2.4824819579978317,-0.3470594431017284,test
2024-05-20,-3.1610946697351245,-2.5067862133436742,-0.6543084563914503,test
2024-05-21,-2.833934297307722,-2.607069300287967,-0.22686499701975515,test
2024-05-22,-2.7113387478920816,-2.5790614572937267,-0.1322772905983549,test
2024-05-23,-2.1038930130593063,-2.6298881168579773,0.525995103798671,test
2024-05-24,-3.125469107706012,-2.438362259073106,-0.6871068486329057,test
2024-05-27,-2.959941699450773,-2.7040969975806277,-0.2558447018701453,test
2024-05-28,-3.005628799798194,-2.660062529167483,-0.345566270630711,test
2024-05-29,-2.325914544141728,-2.694604273052952,0.36868972891122365,test
2024-05-30,-2.652741481658407,-2.504540683118344,-0.14820079854006307,test
2024-05-31,-2.3404139123499497,-2.6411382210142156,0.3007243086642659,test
2024-06-03,-2.358173473808867,-2.504003146310711,0.14582967250184398,test
2024-06-04,-2.587196673120069,-2.461695616211478,-0.12550105690859104,test
2024-06-05,-2.4240074131235505,-2.486705136506408,0.06269772338285762,test
2024-06-06,-2.3941482345615968,-2.4576472851148328,0.06349905055323601,test
2024-06-07,-1.0423788848167497,-2.421408877965275,1.3790299931485255,test
2024-06-10,-2.426808945294164,-1.990905770562439,-0.43590317473172524,test
2024-06-11,-2.2873077911368696,-2.285505576902923,-0.001802214233946664,test
2024-06-12,-1.0091356090877428,-2.22202933487453,1.2128937257867871,test
2024-06-13,-1.9376681988407485,-1.7955818993562567,-0.1420862994844918,test
2024-06-14,-1.9451513334283488,-1.9444453938296453,-0.0007059395987034645,test
2024-06-17,-2.4722386580381475,-2.0242006035513116,-0.44803805448683587,test
2024-06-18,-2.240139890368866,-2.147492672848706,-0.09264721752016003,test
2024-06-19,-2.944633022192221,-2.085122927057701,-0.85951009513452,test
2024-06-20,-2.467495112445968,-2.4236782447855343,-0.0438168676604338,test
2024-06-21,-1.88692533063642,-2.357105814180562,0.4701804835441419,test
2024-06-24,-2.733880046164724,-2.215494028611762,-0.5183860175529622,test
2024-06-25,-2.8508159118335783,-2.43562363452586,-0.41519227730771835,test
2024-06-26,-2.359027240524618,-2.516462724412815,0.15743548388819661,test
2024-06-27,-2.473887395244481,-2.3414357391802527,-0.13245165606422837,test
2024-06-28,-2.221575369067937,-2.365293640708842,0.14371827164090467,test
2024-07-01,-2.1154368462414337,-2.3347648903575187,0.21932804411608497,test
2024-07-02,-2.597581269078728,-2.2457757395043756,-0.3518055295743525,test
2024-07-03,-2.274933148161246,-2.3376003316588356,0.06266718349758982,test
2024-07-04,-3.325550887608879,-2.255944538721063,-1.0696063488878162,test
2024-07-05,-2.350686646918031,-2.585332526062128,0.23464587914409663,test
2024-07-08,-2.461842132930715,-2.373453165667875,-0.08838896726284018,test
2024-07-09,-2.921312409766522,-2.4307709953514975,-0.4905414144150244,test
2024-07-10,-3.3768168555545564,-2.5861403575415607,-0.7906764980129957,test
2024-07-11,-1.4330471516067371,-2.8050160126841033,1.3719688610773662,test
2024-07-12,-2.792975746251868,-2.1897130729774625,-0.6032626732744055,test
2024-07-15,-2.6777368608852683,-2.5448513818039276,-0.13288547908134074,test
2024-07-16,-2.7382568193210237,-2.5458472297303842,-0.19240958959063947,test
2024-07-17,-2.599733116180695,-2.5539313588097228,-0.04580175737097214,test
2024-07-18,-2.912722523729348,-2.449506537390285,-0.4632159863390628,test
2024-07-19,-2.907353520044062,-2.6668233195472344,-0.24053020049682772,test
2024-07-22,-2.910088741065776,-2.675709380226282,-0.23437936083949396,test
2024-07-23,-2.860247045537932,-2.7023302426905307,-0.15791680284740117,test
2024-07-24,-2.673810396091399,-2.7132525472861833,0.03944215119478445,test
2024-07-25,-2.321814944475933,-2.6779757860433806,0.35616084156744776,test
2024-07-26,-2.9089448858866005,-2.5357640555478347,-0.3731808303387658,test
2024-07-29,-2.8431764739581418,-2.677077363473284,-0.1660991104848577,test
2024-07-30,-2.730389899884518,-2.659629078103288,-0.07076082178123011,test
2024-07-31,-2.039110184229418,-2.6276732381321395,0.5885630539027216,test
2024-08-01,-2.00384720149181,-2.4063510874679337,0.40250388597612385,test
2024-08-02,-1.4983089383829458,-2.3643377801643615,0.8660288417814157,test
2024-08-05,-0.8998655526047304,-2.1129542771452487,1.2130887245405182,test
2024-08-06,-2.170097443866349,-1.7589257090575623,-0.4111717348087869,test
2024-08-07,-2.480295051366712,-1.9996121762107228,-0.4806828751559893,test
2024-08-08,-2.108750564698952,-2.1123555145289763,0.003604949830024129,test
2024-08-09,-3.062041407802222,-2.0306530337051507,-1.0313883740970713,test
2024-08-12,-2.873125725130022,-2.390488113440205,-0.482637611689817,test
2024-08-13,-2.476829853227076,-2.5455649303156838,0.06873507708860771,test
2024-08-14,-2.173873080034644,-2.480752342879685,0.30687926284504075,test
2024-08-15,-1.6890814261199036,-2.37661111803582,0.6875296919159162,test
2024-08-16,-3.069673992857569,-2.23320400616805,-0.8364699866895191,test
2024-08-19,-2.502063819189229,-2.537581498717987,0.03551767952875817,test
2024-08-20,-2.5303321571218773,-2.367338825324894,-0.1629933317969834,test
2024-08-21,-1.957998935723658,-2.37393007691153,0.4159311411878721,test
2024-08-22,-2.02071184490973,-2.2132193636883546,0.1925075187786245,test
2024-08-23,-1.354747117391082,-2.250417831096582,0.8956707137055,test
2024-08-26,-2.5169465953712384,-1.934951079021336,-0.5819955163499024,test
2024-08-27,-2.4757738680183823,-2.1913257523090746,-0.2844481157093077,test
2024-08-28,-2.001029827457172,-2.171840676725009,0.17081084926783685,test
2024-08-29,-1.3759463631647346,-2.0555672086248777,0.6796208454601431,test
2024-08-30,-2.060207600070602,-1.8508259604575623,-0.2093816396130399,test
2024-09-02,-2.721332613928293,-2.0610104395698885,-0.6603221743584045,test
2024-09-03,-2.227797277569928,-2.2411603867897574,0.013363109219829195,test
2024-09-04,-2.064230681790056,-2.1124971675503685,0.04826648576031234,test
2024-09-05,-2.042132183669528,-2.097334977055914,0.055202793386385896,test
2024-09-06,-1.2278426505505893,-2.151064871997493,0.9232222214469039,test
2024-09-09,-2.453005794805785,-1.8734642682849052,-0.5795415265208796,test
2024-09-10,-2.78416120204685,-2.1310771428939774,-0.6530840591528726,test
2024-09-11,-1.9906226642917155,-2.2569157649466303,0.26629310065491474,test
2024-09-12,-2.08983484010253,-2.058834220765511,-0.031000619337019142,test
2024-09-13,-2.82168147621258,-2.079574974024749,-0.742106502187831,test
2024-09-16,-2.6067072569761103,-2.403374368509524,-0.20333288846658615,test
2024-09-17,-2.409235559546771,-2.3785918728070423,-0.030643686739728615,test
2024-09-18,-1.0268083428487194,-2.291497166353368,1.2646888235046487,test
2024-09-19,-1.6665673611739844,-1.8723203682376135,0.2057530070636291,test
2024-09-20,-2.277133667923897,-1.9627327288802947,-0.31440093904360245,test
2024-09-23,-1.773391199181602,-2.05754037780324,0.28414917862163813,test
2024-09-24,-2.359132123709728,-1.8657315549205904,-0.49340056878913763,test
2024-09-25,-2.0410582031974256,-2.003564975219836,-0.037493227977589694,test
2024-09-26,-1.4033917215813156,-2.0193357876230915,0.6159440660417759,test
2024-09-27,-1.6160505100393203,-1.8362661906608362,0.22021568062151586,test
2024-09-30,-1.4966811019252464,-1.8195335320371633,0.3228524301119169,test
2024-10-01,-1.8044235342172004,-1.7671754644121318,-0.03724806980506856,test
2024-10-02,-2.209504789844712,-1.78395218358678,-0.42555260625793223,test
2024-10-03,-2.3539584078790368,-1.886540699305288,-0.46741770857374876,test
2024-10-04,-1.0894568181453488,-2.0101431365973434,0.9206863184519947,test
2024-10-07,-2.221667219185705,-1.6863632383335947,-0.5353039808521105,test
2024-10-08,-2.519698515658367,-1.9886499202004042,-0.5310485954579629,test
2024-10-09,-2.4984199365115263,-2.1383795303825277,-0.36004040612899857,test
2024-10-10,-1.8122356319634256,-2.161367929975772,0.3491322980123466,test
2024-10-11,-2.2520960555434955,-1.9457541250153019,-0.3063419305281936,test
2024-10-14,-2.604694643743843,-2.1611413587396013,-0.4435532850042416,test
2024-10-15,-2.64400227029998,-2.2771995391157263,-0.3668027311842539,test
2024-10-16,-2.720311205261885,-2.295196391758371,-0.4251148135035141,test
2024-10-17,-1.7321853433097516,-2.3349021729343047,0.6027168296245531,test
2024-10-18,-2.8229613446451616,-2.0967764719862365,-0.7261848726589251,test
2024-10-21,-3.011778659615816,-2.417341287956026,-0.5944373716597897,test
2024-10-22,-2.6657398857233106,-2.5131124871392068,-0.1526273985841038,test
2024-10-23,-2.605619546602844,-2.4396691429727992,-0.16595040363004454,test
2024-10-24,-2.125016438699124,-2.424261254147874,0.2992448154487497,test
2024-10-25,-2.7456102800887265,-2.353934647859231,-0.39167563222949564,test
2024-10-28,-2.720373097200916,-2.491752102260434,-0.22862099494048227,test
2024-10-29,-2.012805099859698,-2.4720828133314585,0.4592777134717605,test
2024-10-30,-1.7103406279171811,-2.253231601922435,0.5428909740052539,test
2024-10-31,-2.0826465067577984,-2.1087715616958675,0.02612505493806916,test
2024-11-01,-1.651674226057548,-2.188516170999784,0.5368419449422359,test
2024-11-04,-2.147249430782293,-1.9925502966093962,-0.1546991341728967,test
2024-11-05,-2.8019927556142585,-2.038488694918996,-0.7635040606952623,test
2024-11-06,0.0003827795809855,-2.283991723845008,2.2843745034259935,test
2024-11-07,-0.9959566813635796,-1.4380950096605243,0.44213832829694466,test
2024-11-08,-1.5970236272505132,-1.564105912479571,-0.032917714770942075,test
2024-11-11,-1.6542363915313596,-1.686609981281712,0.032373589750352316,test
2024-11-12,-1.9254352985072156,-1.6530652626930236,-0.27237003581419206,test
2024-11-13,-1.137236367197137,-1.6302488641875286,0.4930124969903915,test
2024-11-14,-1.1801466156600635,-1.5389517696130364,0.35880515395297286,test
2024-11-15,-1.271232211787166,-1.5489919007898203,0.27775968900265435,test
2024-11-18,-1.8983553736495369,-1.525951506362887,-0.37240386728664987,test
2024-11-19,-1.2029781429376845,-1.692621697008248,0.4896435540705635,test
2024-11-20,-1.741995388338316,-1.4535378200714089,-0.28845756826690705,test
2024-11-21,-1.3477545886955575,-1.6134996017555197,0.2657450130599621,test
2024-11-22,0.1655808397557359,-1.5246419669047808,1.6902228066605167,test
2024-11-25,-0.9604178339248212,-0.9809238631295358,0.02050602920471467,test
2024-11-26,-0.7217000955645657,-1.1680043754199687,0.446304279855403,test
2024-11-27,-1.0069721650033203,-1.044557166227343,0.03758500122402264,test
2024-11-28,-1.8703895126922456,-1.0257986463221702,-0.8445908663700754,test
2024-11-29,-1.3879917673138271,-1.2729926303234247,-0.11499913699040243,test
2024-12-02,-0.9671654995891018,-1.3003277961437774,0.33316229655467555,test
2024-12-03,-1.5313576452006297,-1.1931775359609966,-0.33818010923963304,test
2024-12-04,-1.3772698626590103,-1.3956247673019737,0.01835490464296341,test
2024-12-05,-1.5109064887262018,-1.3858980099074565,-0.12500847881874533,test
2024-12-06,-1.0643074651291635,-1.3696532787865534,0.3053458136573899,test
2024-12-09,-1.8037344232043304,-1.2549524987729388,-0.5487819244313916,test
2024-12-10,-1.9503449381336204,-1.5057638464955267,-0.4445810916380937,test
2024-12-11,-1.484823475443367,-1.5821022086032723,0.09727873315990543,test
2024-12-12,-1.424564524550315,-1.4837891328327557,0.059224608282440805,test
2024-12-13,-1.7598001742475606,-1.4551893585869213,-0.3046108156606393,test
2024-12-16,-1.6207843417623782,-1.6062499269611983,-0.014534414801179896,test
2024-12-17,-2.03123912447132,-1.5599012015212295,-0.4713379229500907,test
2024-12-18,-0.4826834762891603,-1.673052291185759,1.1903688148965987,test
2024-12-19,-1.1610536501918365,-1.212338940850075,0.051285290658238614,test
2024-12-20,-1.3180169184372983,-1.3345028191175845,0.016485900680286214,test
2024-12-23,-1.7423166040037166,-1.3267195001569936,-0.415597103846723,test
2024-12-24,-2.1677852294868063,-1.4404029659550908,-0.7273822635317155,test
2024-12-26,-2.65428014610052,-1.5777061322074137,-1.0765740138931064,test
2024-12-27,-2.1820336421610858,-1.9126135317199868,-0.2694201104410989,test
2024-12-30,-1.4076074025871146,-1.912572096776774,0.5049646941896595,test
2024-12-31,-1.9443111774237407,-1.749075304022607,-0.19523587340113369,test
2025-01-02,-0.828413095454152,-1.8891790542800673,1.0607659588259153,test
2025-01-03,-1.9371563206787796,-1.5076402126065311,-0.4295161080722485,test
2025-01-06,-0.3329904155270171,-1.7014584670729405,1.3684680515459233,test
2025-01-07,-1.202580281594121,-1.1472739075073959,-0.05530637408672501,test
2025-01-08,-1.4130357288291802,-1.3305373152451985,-0.08249841358398169,test
2025-01-09,-2.1460356918087347,-1.3251124096935902,-0.8209232821151444,test
2025-01-10,-0.0918193244951979,-1.6284386937380417,1.5366193692428438,test
2025-01-13,-1.2348859042371805,-0.9591882400431992,-0.27569766419398123,test
2025-01-14,-1.2546986546974015,-1.3066359673907897,0.05193731269338819,test
2025-01-15,-0.9952268832645532,-1.3084050494129826,0.3131781661484294,test
2025-01-16,-1.2808761029100697,-1.2180375753206867,-0.06283852758938302,test
2025-01-17,-1.462718638247507,-1.1907618476041857,-0.27195679064332134,test
2025-01-20,0.1668949154763523,-1.3547771300701368,1.5216720455464892,test
2025-01-21,-0.7686433976296073,-0.7931054253182772,0.024462027688669896,test
2025-01-22,-1.5062920169228122,-1.0077392779873013,-0.4985527389355109,test
2025-01-23,-1.836544698588368,-1.2235267011142552,-0.6130179974741128,test
2025-01-24,-1.35788035179769,-1.3539198061181803,-0.003960545679509764,test
2025-01-27,-1.5475521791672162,-1.2273882676059178,-0.3201639115612984,test
2025-01-28,-1.412263292155667,-1.4228388308410485,0.010575538685381414,test
2025-01-29,-1.4752683393177983,-1.438955854071781,-0.03631248524601727,test
2025-01-30,-0.7344268699264961,-1.4438776141908125,0.7094507442643164,test
2025-01-31,-0.8784292877787652,-1.169742402454233,0.29131311467546794,test
2025-02-03,0.1319691977830217,-1.1398760523603002,1.271845250143322,test
2025-02-04,-1.3286179250731185,-0.7186838881812858,-0.6099340368918327,test
2025-02-05,-1.6432505952144711,-1.0617751089158909,-0.5814754862985803,test
2025-02-06,-1.87123355569482,-1.1643795836131319,-0.7068539720816882,test
2025-02-07,-0.7505146295596858,-1.3298912018432667,0.5793765722835809,test
2025-02-10,-1.816780537296301,-1.0595768572124618,-0.7572036800838393,test
2025-02-11,-2.288057448167956,-1.477434638056708,-0.8106228101112478,test
2025-02-12,-0.8306212475663816,-1.6999566713692331,0.8693354238028516,test
2025-02-13,-0.9297208810662868,-1.2927134187350058,0.362992537668719,test
2025-02-14,-1.8754018929752705,-1.2157128850435168,-0.6596890079317537,test
2025-02-17,-2.538873461048222,-1.5448310049626277,-0.9940424560855943,test
2025-02-18,-2.124033160438198,-1.780146704783539,-0.34388645565465903,test
2025-02-19,-2.156964133785075,-1.6760920434303428,-0.4808720903547321,test
2025-02-20,-1.971472587633197,-1.8328604291115762,-0.1386121585216209,test
2025-02-21,-1.7597152573526202,-1.8989927063473955,0.13927744899477523,test
2025-02-24,-1.5427883728861065,-1.8458300917045039,0.30304171881839737,test
2025-02-25,-1.855592192809806,-1.6972132499397097,-0.15837894287009635,test
2025-02-26,-1.5083345015930814,-1.74981502104144,0.2414805194483587,test
2025-02-27,-1.562192990797422,-1.6151457085536627,0.052952717756240775,test
2025-02-28,-1.5436874411415231,-1.5876898852315604,0.044002444090037285,test
2025-03-03,-1.3886930376046136,-1.5635631953923663,0.17487015778775272,test
2025-03-04,-0.8990110085218086,-1.5184935551681777,0.6194825466463691,test
2025-03-05,-0.4526750528190718,-1.31524107923567,0.8625660264165982,test
2025-03-06,-0.5513043837809499,-1.1168432540923112,0.5655388703113613,test
2025-03-07,-0.6824923412856304,-1.0413549888494433,0.3588626475638129,test
2025-03-10,-0.7871948775091197,-0.984488408827215,0.19729353131809535,test
2025-03-11,-1.037716837686339,-0.9409753852017673,-0.09674145248457178,test
2025-03-12,-1.4854989167821926,-1.012524551995644,-0.47297436478654853,test
2025-03-13,-1.3863510839958142,-1.2093196902455563,-0.1770313937502579,test
2025-03-14,-1.2879816021119443,-1.253109075591465,-0.03487252652047945,test
2025-03-17,-1.9849221345502177,-1.2913643236500025,-0.6935578109002152,test
2025-03-18,-1.6822847512796149,-1.5751350569176736,-0.10714969436194122,test
2025-03-19,-1.2315682330039412,-1.564282250342215,0.33271401733827366,test
2025-03-20,-1.4867465760055565,-1.4250095903435416,-0.06173698566201491,test
2025-03-21,-1.688723394298161,-1.481344449497369,-0.2073789448007919,test
2025-03-24,-1.4119709673731462,-1.5607523491242776,0.14878138175113143,test
2025-03-25,-1.9613470773785875,-1.4370487694426213,-0.5242983079359662,test
2025-03-26,-1.833315978714994,-1.5924432897188041,-0.24087268899618985,test
2025-03-27,-1.4835820575268317,-1.6240512859929508,0.1404692284661191,test
2025-03-28,-1.6332874823206682,-1.536212067798516,-0.09707541452215218,test
2025-03-31,-1.372167776031122,-1.5677195266331512,0.19555175060202923,test
2025-04-01,-1.5393211718710498,-1.5023183322458156,-0.03700283962523421,test
2025-04-02,-0.7142722404721332,-1.5031764357488537,0.7889041952767205,test
2025-04-03,0.2832620143880356,-1.207128320243125,1.4903903346311607,test
2025-04-04,0.1052848772074796,-0.7676603676969177,0.8729452449043973,test
2025-04-07,0.1680380196973864,-0.6496446253630797,0.8176826450604661,test
2025-04-08,-0.5222659967930072,-0.4830737784838064,-0.03919221830920083,test
2025-04-09,0.5535321828184618,-0.5583667650629774,1.1118989478814392,test
2025-04-10,0.0751135089784068,-0.13529992611664415,0.21041343509505095,test
2025-04-11,1.0410182394504202,-0.2852242816882006,1.3262425211386208,test
2025-04-14,-0.1846696798055948,0.12742965621294172,-0.3120993360185365,test
2025-04-15,-0.6269576880974168,-0.2545344816017147,-0.3724232064957021,test
2025-04-16,-0.6520205960234797,-0.36475461771434736,-0.28726597830913236,test
2025-04-17,-0.9982094597930574,-0.4675746895741952,-0.5306347702188623,test
2025-04-18,-2.301494649762613,-0.64138125061815,-1.660113399144463,test
2025-04-21,-0.5009200340395286,-1.2700787790605563,0.7691587450210278,test
2025-04-22,-0.7267431976696936,-0.8646381855172123,0.13789498784751864,test
2025-04-23,-0.0112640834268729,-0.9155157766938825,0.9042516932670096,test
2025-04-24,-1.1655878340831365,-0.6662417249640642,-0.4993461091190723,test
2025-04-25,-1.291519264855281,-0.9501341782202214,-0.3413850866350595,test
2025-04-28,-1.1036270998656417,-0.880021353739811,-0.22360574612583062,test
2025-04-29,-1.048400927814454,-0.888346816411957,-0.16005411140249692,test
2025-04-30,-1.1129752346013555,-0.8993282443924617,-0.21364699020889377,test
2025-05-01,-1.1229753529631683,-1.012378567431096,-0.1105967855320722,test
2025-05-02,-0.8939080131542209,-1.0069353548929203,0.11302734173869944,test
2025-05-05,-1.4115555088196283,-0.9200590990414695,-0.4914964097781588,test
2025-05-06,-1.19791632836503,-1.086165735997292,-0.11175059236773799,test
2025-05-07,-0.8204310581195265,-1.0642164130360356,0.2437853549165091,test
2025-05-08,-0.9592483216933104,-0.9613990403715971,0.002150718678286645,test
2025-05-09,-1.7027094596471193,-0.9834020254728448,-0.7193074341742745,test
2025-05-12,-0.3889806460292715,-1.2558914943959796,0.8669108483667081,test
2025-05-13,-1.4740135830839178,-0.8603118936830629,-0.6137016894008549,test
2025-05-14,-0.893558227384904,-1.1671990434887067,0.27364081610380275,test
2025-05-15,-1.3026366999486252,-1.046647522993714,-0.2559891769549112,test
2025-05-16,-1.7006651727663389,-1.1820321985123494,-0.5186329742539895,test
2025-05-19,-1.3120412359566396,-1.2860770419799228,-0.025964193976716787,test
2025-05-20,-1.6256950290285872,-1.2846758247889563,-0.34101920423963095,test
2025-05-21,-1.23651993607542,-1.3640289311637028,0.12750899508828284,test
2025-05-22,-1.204312537558865,-1.3129370777860283,0.10862454022716328,test
2025-05-23,-0.7547537120930671,-1.3029843634472273,0.5482306513541603,test
2025-05-26,-1.8840043591037832,-1.123312261959156,-0.7606920971446272,test
2025-05-27,-1.6712694273800934,-1.4418409165528407,-0.22942851082725269,test
2025-05-28,-1.5400977051434928,-1.400541898939387,-0.1395558062041058,test
2025-05-29,-0.6701297894005459,-1.4038935027556523,0.7337637133551064,test
2025-05-30,-1.3225025058869715,-1.1503964610898803,-0.17210604479709124,test
2025-06-02,-1.6400399183416423,-1.354767322754589,-0.2852725955870532,test
2025-06-03,-1.7558781942369492,-1.4117238715933726,-0.3441543226435766,test
2025-06-04,-1.5388035717675548,-1.4561606516555978,-0.08264292011195695,test
2025-06-05,-1.2544962981915102,-1.410564086626286,0.15606778843477587,test
2025-06-06,-1.5484426208469628,-1.3971344606202112,-0.15130816022675164,test
2025-06-09,-2.0895896767778157,-1.494048153120025,-0.5955415236577908,test
2025-06-10,-1.6150914377220107,-1.6719467340288574,0.056855296306846714,test
2025-06-11,-1.2826544365223904,-1.5491026470987175,0.26644821057632706,test
2025-06-12,-1.0681176340337075,-1.4773707082352705,0.409253074201563,test
2025-06-13,-0.5782606391352639,-1.3873341099976377,0.8090734708623738,test
2025-06-16,-1.6050768031701672,-1.1774543948037235,-0.4276224083664437,test
2025-06-17,-1.4642955244673934,-1.3748840706170946,-0.0894114538502988,test
2025-06-18,-1.1397118768384595,-1.3260946108825473,0.18638273404408778,test
2025-06-19,-1.7902188150518172,-1.2417441265042282,-0.5484746885475891,test
2025-06-20,-1.8729558976728773,-1.4546526428531046,-0.4183032548197727,test
2025-06-23,-1.0645736240360977,-1.6017210745622337,0.537147450526136,test
2025-06-24,-1.376784107282621,-1.3637665757833193,-0.013017531499301738,test
2025-06-25,-2.071900487506308,-1.4337242980988472,-0.6381761894074609,test
2025-06-26,-1.3690436912258168,-1.6832409787144638,0.31419728748864695,test
2025-06-27,-1.451751622297999,-1.4766541837549654,0.024902561456966454,test
2025-06-30,-1.6794076334309145,-1.4572428117560345,-0.22216482167487994,test
2025-07-01,-1.500444780408242,-1.5776442347583766,0.07719945435013464,test
2025-07-02,-1.5485512928066452,-1.551350807813324,0.0027995150066788543,test
2025-07-03,-0.7489749397394282,-1.5151977736166924,0.7662228338772642,test
2025-07-04,-2.4484968232314657,-1.2804335774843858,-1.1680632457470799,test
