date,Y_h,fitted,residual,split
2010-02-03,0.8968282195406267,0.49441056930943733,0.4024176502311894,train
2010-02-04,1.0172141215965445,0.4150123028851218,0.6022018187114226,train
2010-02-05,1.072673943930095,0.47633647373040694,0.596337470199688,train
2010-02-08,1.0171699135801657,0.6829086477905856,0.33426126578958015,train
2010-02-09,0.9394941397656071,0.6004194120972977,0.3390747276683095,train
2010-02-10,0.7927186808350348,0.7950969524243736,-0.0023782715893387874,train
2010-02-11,0.7248076761161628,0.8299758591161646,-0.10516818300000175,train
2010-02-12,0.8155901116232412,0.8602598493243755,-0.04466973770113425,train
2010-02-15,0.8017177400611584,0.8897450478033692,-0.08802730774221079,train
2010-02-16,0.884034113541173,0.6202722977307491,0.2637618158104239,train
2010-02-17,0.9380958091106046,0.6774050767879154,0.26069073232268924,train
2010-02-18,0.9594662840669961,0.6638395325602737,0.29562675150672235,train
2010-02-19,0.8801549301260441,0.795320571639782,0.08483435848626208,train
2010-02-22,0.8219476139961763,0.7768375288504401,0.04511008514573622,train
2010-02-23,0.9817157864823675,0.7554460340486953,0.2262697524336722,train
2010-02-24,1.0553197252453805,0.8341784931641771,0.2211412320812034,train
2010-02-25,1.078210430373977,0.8263575323891839,0.25185289798479316,train
2010-02-26,1.0593234415036858,0.8233240347574424,0.23599940674624342,train
2010-03-01,1.0053574554816003,0.80114596022001,0.20421149526159033,train
2010-03-02,0.7992820824119229,0.942570473046568,-0.14328839063464516,train
2010-03-03,0.576671787833774,0.9736773740884128,-0.3970055862546388,train
2010-03-04,0.4330847554101013,0.9406861541620983,-0.5076013987519971,train
2010-03-05,0.3435358823687383,0.9188378479025178,-0.5753019655337794,train
2010-03-08,0.32065923322201884,0.8507235042637691,-0.5300642710417502,train
2010-03-09,0.3050977298172588,0.7105764647374408,-0.40547873492018205,train
2010-03-10,0.35365006536105376,0.6218114700671579,-0.2681614047061041,train
2010-03-11,0.32895506561127913,0.5541662829075649,-0.22521121729628574,train
2010-03-12,0.3654780945813414,0.5309758170240443,-0.1654977224427029,train
2010-03-15,0.3172393649476768,0.5127274469682568,-0.19548808202058,train
2010-03-16,0.3615233669787705,0.4550716987169496,-0.09354833173817906,train
2010-03-17,0.3684886538032563,0.519506350378516,-0.1510176965752597,train
2010-03-18,0.5647673114154205,0.4536195759442823,0.11114773547113815,train
2010-03-19,0.6435968440920041,0.5341951809735077,0.10940166311849642,train
2010-03-22,0.7246894101248822,0.43994180861532967,0.28474760150955253,train
2010-03-23,0.7502899000788786,0.4820465284452662,0.26824337163361245,train
2010-03-24,0.7278176352907274,0.5029971239005191,0.2248205113902083,train
2010-03-25,0.6197010612906777,0.6482685350828239,-0.028567473792146192,train
2010-03-26,0.5565570054977751,0.667927730445991,-0.11137072494821587,train
2010-03-29,0.42649492013748547,0.6761157874653693,-0.2496208673278838,train
2010-03-30,0.36982185209753676,0.6658243466003284,-0.29600249450279165,train
2010-03-31,0.3573561349671322,0.627555543031645,-0.27019940806451276,train
2010-04-01,0.2982550412180677,0.5837555557820019,-0.2855005145639342,train
2010-04-02,0.18551349118408303,0.5767441039562349,-0.3912306127721519,train
2010-04-05,0.3832475320208588,0.37886036607290663,0.004387165947952187,train
2010-04-06,0.5066335692975579,0.40225921481959076,0.10437435447796711,train
2010-04-07,0.5312528468985859,0.40797324760270803,0.12327959929587784,train
2010-04-08,0.5661851636456972,0.36100640168948506,0.2051787619562121,train
2010-04-09,0.5747963622216757,0.32026278775162675,0.254533574470049,train
2010-04-12,0.5262871145127354,0.4923378124608036,0.03394930205193175,train
2010-04-13,0.39722038120138814,0.5510659185129005,-0.1538455373115124,train
2010-04-14,0.3415457062342772,0.515232953036298,-0.1736872468020208,train
2010-04-15,0.2862714085153099,0.5293729049805558,-0.24310149646524587,train
2010-04-16,0.32242337564311463,0.5080346316139807,-0.18561125597086603,train
2010-04-19,0.529715746296904,0.5419085341407588,-0.012192787843854802,train
2010-04-20,0.5989626835582813,0.4307261959950201,0.1682364875632612,train
2010-04-21,0.7709333811731237,0.40453472445641836,0.36639865671670535,train
2010-04-22,1.0682903043320682,0.36708993278406,0.7012003715480082,train
2010-04-23,1.1128185395080687,0.4242722288843431,0.6885463106237256,train
2010-04-26,1.0404348129561545,0.597318976871846,0.4431158360843085,train
2010-04-27,1.0471151191140289,0.5394859548219157,0.5076291642921131,train
2010-04-28,0.9813553526410423,0.6893840311594217,0.29197132148162064,train
2010-04-29,0.8865051427745643,0.9095785056848229,-0.023073362910258632,train
2010-04-30,1.233800045350929,0.8264698698424633,0.40733017550846573,train
2010-05-03,1.6976716812410921,0.8044735931305393,0.8931980881105528,train
2010-05-04,2.0162829425637496,0.7832029653565676,1.2330799772071819,train
2010-05-05,2.123194370428905,0.769911230693135,1.35328313973577,train
2010-05-06,2.139539157526561,0.8501094502281212,1.28942970729844,train
2010-05-07,2.0390055421505,1.0836205834094503,0.9553849587410497,train
2010-05-10,1.822179836821889,1.3564547895335295,0.4657250472883596,train
2010-05-11,1.6337636158047693,1.5475213367652099,0.08624227903955939,train
2010-05-12,1.6600331232629055,1.5462867800742839,0.11374634318862165,train
2010-05-13,1.861048324447365,1.514803441971983,0.3462448824753821,train
2010-05-14,2.0401745023081785,1.4051748123825765,0.6349996899256021,train
2010-05-17,2.151686908749796,1.4101103904515337,0.7415765182982623,train
2010-05-18,2.096481496824646,1.4366646202906321,0.659816876534014,train
2010-05-19,2.051991570771907,1.4671385188590067,0.5848530519129005,train
2010-05-20,1.8986890776274032,1.6424064699810044,0.2562826076463989,train
2010-05-21,1.7869375354294537,1.7491502273295019,0.03778730809995179,train
2010-05-24,1.6565021669412516,1.8376744308105042,-0.18117226386925256,train
2010-05-25,1.548521230594575,1.697910386933128,-0.149389156338553,train
2010-05-26,1.5199282242425451,1.6979921749490328,-0.17806395070648762,train
2010-05-27,1.511761573284486,1.6291448280422773,-0.11738325475779132,train
2010-05-28,1.3777911022367106,1.6368065397524363,-0.25901543751572564,train
2010-05-31,1.373630506529624,1.595459085250249,-0.2218285787206251,train
2010-06-01,1.4791848747482024,1.343021024244782,0.1361638505034204,train
2010-06-02,1.4342242753881609,1.471349560095733,-0.03712528470757204,train
2010-06-03,1.3419195917038862,1.4807852687995033,-0.13886567709561715,train
2010-06-04,1.4018577721636527,1.3746399762030188,0.027217795960633895,train
2010-06-07,1.2427720191885776,1.4754851982007822,-0.23271317901220456,train
2010-06-08,1.1992438861381804,1.479695946622488,-0.2804520604843075,train
2010-06-09,1.1576125703478164,1.418807028715708,-0.26119445836789157,train
2010-06-10,1.1333505497052132,1.3079300551272517,-0.17457950542203848,train
2010-06-11,1.0240024350283998,1.4028772210308191,-0.3788747860024193,train
2010-06-14,0.9361969495787724,1.2661869344971894,-0.329989984918417,train
2010-06-15,0.928563764184639,1.2760505881017232,-0.3474868239170842,train
2010-06-16,0.9102075367696275,1.2269639955841378,-0.3167564588145103,train
2010-06-17,0.9163456904225536,1.1644721292234324,-0.2481264388008787,train
2010-06-18,0.9121165800416743,1.133906845533942,-0.22179026549226777,train
2010-06-21,0.9462817480184222,0.9833430519111265,-0.037061303892704234,train
2010-06-22,0.8206910739944138,1.0683020996151062,-0.24761102562069248,train
2010-06-23,0.7916834063776562,1.0117307339544994,-0.2200473275768432,train
2010-06-24,0.8457912298578915,0.9879082453394088,-0.14211701548151734,train
2010-06-25,0.9411816615298042,0.9912121112676546,-0.050030449737850424,train
2010-06-28,0.9698719583911015,0.964065322849463,0.005806635541638516,train
2010-06-29,0.899032074409283,0.8665228956221084,0.03250917878717463,train
2010-06-30,0.9354406290704489,0.8835198066571146,0.05192082241333429,train
2010-07-01,0.8662452912416385,0.9476025655871356,-0.08135727434549711,train
2010-07-02,0.7123696749758356,1.0156066848080152,-0.3032370098321796,train
2010-07-05,0.6217122452413449,0.9516164216747325,-0.32990417643338754,train
2010-07-06,0.6702239576538707,0.7103816702255334,-0.040157712571662785,train
2010-07-07,0.6347516500453718,0.8918290676250724,-0.2570774175797006,train
2010-07-08,0.6519955382971111,0.8153996328186681,-0.16340409452155702,train
2010-07-09,0.7022913215469828,0.7537234845432461,-0.0514321629962633,train
2010-07-12,0.7779087105316668,0.6597084490807097,0.11820026145095708,train
2010-07-13,0.8558882053059332,0.6564279145165717,0.19946029078936156,train
2010-07-14,0.8440869149277616,0.7350537911789917,0.10903312374876983,train
2010-07-15,0.8874019457310647,0.7273722456686079,0.16002970006245676,train
2010-07-16,0.8597612991709849,0.7646147573564935,0.09514654181449134,train
2010-07-19,1.0111256224909115,0.7840352026699985,0.22709041982091305,train
2010-07-20,1.0428860870463523,0.8160257817621603,0.226860305284192,train
2010-07-21,1.066913462446137,0.8246337928529781,0.24227966959315883,train
2010-07-22,0.9761247246449297,0.868447553480935,0.10767717116399467,train
2010-07-23,0.9243644653788182,0.8252674781770042,0.09909698720181404,train
2010-07-26,0.7341696487655917,0.9805113296655935,-0.24634168090000186,train
2010-07-27,0.6361332311078565,0.9222357137575821,-0.2861024826497256,train
2010-07-28,0.5031660131799534,0.9399457465153238,-0.43677973333537046,train
2010-07-29,0.5153146671801754,0.806797159159035,-0.29148249197885967,train
2010-07-30,0.5377516897614392,0.7768534263145497,-0.2391017365531105,train
2010-08-02,0.5229791304640196,0.7469608204499893,-0.2239816899859698,train
2010-08-03,0.437626381827877,0.6585946025103884,-0.22096822068251137,train
2010-08-04,0.661741577716791,0.5831862492201854,0.07855532849660563,train
2010-08-05,0.8242979364323721,0.6158096914119529,0.2084882450204193,train
2010-08-06,0.9821247608799443,0.6327382073852742,0.34938655349467007,train
2010-08-09,1.0586729578077847,0.6365835307930022,0.42208942701478247,train
2010-08-10,1.1696960845964315,0.47310317433794363,0.6965929102584878,train
2010-08-11,1.084684563166324,0.744536397870734,0.34014816529559,train
2010-08-12,0.9961895141679777,0.8210341294577471,0.17515538471023062,train
2010-08-13,0.9353076412959371,0.9090380055612757,0.026269635734661456,train
2010-08-16,0.8908593133889894,0.9157827072615877,-0.024923393872598343,train
2010-08-17,0.8110412625499798,0.9877255106165562,-0.17668424806657645,train
2010-08-18,0.866218037054846,0.909085283405521,-0.04286724635067496,train
2010-08-19,0.8947641319912556,0.8681214309721363,0.026642701019119253,train
2010-08-20,0.8950863392572834,0.9017231351503372,-0.006636795893053771,train
2010-08-23,0.8624401820562497,0.8536828253163458,0.008757356739903965,train
2010-08-24,0.8267826396363348,0.7593359438657479,0.06744669577058693,train
2010-08-25,0.7438213305551021,0.8438987944357826,-0.1000774638806805,train
2010-08-26,0.7132302442797065,0.8399925840307123,-0.12676233975100581,train
2010-08-27,0.5903308126332728,0.8705310846060349,-0.2802002719727621,train
2010-08-30,0.4888940260457269,0.8056866830154484,-0.31679265696972153,train
2010-08-31,0.4200820517423776,0.710555041973087,-0.29047299023070944,train
2010-09-01,0.44265069495326287,0.7232444099100268,-0.28059371495676394,train
2010-09-02,0.3870699647038571,0.7364087633635581,-0.349338798659701,train
2010-09-03,0.3817599418124345,0.6682697112007814,-0.2865097693883469,train
2010-09-06,0.4785626394575977,0.5573152140623936,-0.0787525746047959,train
2010-09-07,0.5876314601420373,0.4295721048186962,0.1580593553233411,train
2010-09-08,0.6336190011877935,0.5821367772843817,0.05148222390341173,train
2010-09-09,0.705691358903289,0.5482196940129906,0.1574716648902984,train
2010-09-10,0.7583203827266133,0.5382977705277243,0.22002261219888897,train
2010-09-13,0.8034458313835773,0.5893434096483641,0.2141024217352132,train
2010-09-14,0.775108744277597,0.6279466028807618,0.14716214139683526,train
2010-09-15,0.89868909700932,0.6936071248346345,0.2050819721746855,train
2010-09-16,0.8966359807920125,0.7228953344767435,0.17374064631526898,train
2010-09-17,0.9037965268942332,0.7375817447899589,0.16621478210427432,train
2010-09-20,0.9543468899781217,0.77072313292822,0.18362375704990164,train
2010-09-21,0.9903523653560423,0.6567748852118405,0.33357748014420185,train
2010-09-22,0.9532729262757125,0.8539111568916776,0.09936176938403485,train
2010-09-23,0.929539009606833,0.7898380894546582,0.13970092015217483,train
2010-09-24,0.9901671083527146,0.7909711104818449,0.19919599787086972,train
2010-09-27,0.8854811663803769,0.8512887688434716,0.034192397536905283,train
2010-09-28,0.8636999514584335,0.7958312394319745,0.06786871202645894,train
2010-09-29,0.8166705097870826,0.8800139122014692,-0.06334340241438663,train
2010-09-30,0.8145895753228111,0.8037877770592294,0.01080179826358163,train
2010-10-01,0.750332293273053,0.8989638459072798,-0.1486315526342269,train
2010-10-04,0.983300665626361,0.7567719656209316,0.22652870000542935,train
2010-10-05,1.0138755973993754,0.7297110486089173,0.28416454879045805,train
2010-10-06,1.0124451013242832,0.8110359829094005,0.20140911841488274,train
2010-10-07,1.0141404429780303,0.7787121606808118,0.23542828229721846,train
2010-10-08,1.0482307550360777,0.7869374551838306,0.26129329985224703,train
2010-10-11,1.0632805113260118,0.9753088421599555,0.08797166916605625,train
2010-10-12,1.1156516899859776,0.8761700047326673,0.23948168525331037,train
2010-10-13,1.1864882023535992,0.9300492230902745,0.2564389792633247,train
2010-10-14,1.265225422411866,0.8903090132641237,0.37491640914774227,train
2010-10-15,1.354668486225843,0.9587488314856907,0.3959196547401522,train
2010-10-18,1.2802179628995412,1.0466495658029187,0.23356839709662247,train
2010-10-19,1.2505082201722308,0.9982273811330642,0.25228083903916665,train
2010-10-20,1.1671073945422539,1.0853058702515006,0.08180152429075327,train
2010-10-21,1.1281198270457244,1.1215828352252097,0.006536991820514704,train
2010-10-22,0.9338856726908408,1.208681403699346,-0.2747957310085053,train
2010-10-25,0.8367803575074374,1.1333661629527825,-0.2965858054453451,train
2010-10-26,0.8168036851653686,1.0572485146353614,-0.2404448294699928,train
2010-10-27,0.7332915303558563,1.0319086497643772,-0.298617119408521,train
2010-10-28,0.8044125706592915,1.0371740597267154,-0.2327614890674239,train
2010-10-29,0.8632091652664007,0.8897319295134819,-0.02652276424708122,train
2010-11-01,0.9773796772390756,0.8736843507917018,0.10369532644737378,train
2010-11-02,1.0936315235637948,0.8479265273874856,0.24570499617630914,train
2010-11-03,1.2146901446957372,0.7744743410158437,0.44021580367989355,train
2010-11-04,1.2729019090325933,0.9226103614977507,0.3502915475348426,train
2010-11-05,1.3019068052303142,0.9007142910195907,0.40119251421072355,train
2010-11-08,1.3926976588217659,1.0038249929104706,0.3888726659112953,train
2010-11-09,1.3562348622480038,1.0651530154059745,0.2910818468420293,train
2010-11-10,1.3336775533977636,1.124322311251766,0.20935524214599766,train
2010-11-11,1.2095032112191366,1.1985145457053532,0.010988665513783413,train
2010-11-12,1.1613509937334419,1.1554309459750514,0.005920047758390501,train
2010-11-15,0.9442411662256383,1.2883079490274905,-0.3440667828018522,train
2010-11-16,0.8952624593934445,1.1783552633692325,-0.28309280397578795,train
2010-11-17,0.9895731869437214,1.1682228867230386,-0.17864969977931722,train
2010-11-18,1.1129670716129392,1.068391483131638,0.044575588481301276,train
2010-11-19,1.0818801424717703,1.0289066994225362,0.052973443049234126,train
2010-11-22,1.1191700645026383,0.9417448966490948,0.17742516785354356,train
2010-11-23,1.1930861046252952,0.9191390583582028,0.27394704626709243,train
2010-11-24,1.1758301182633348,1.0441397329069608,0.131690385356374,train
2010-11-25,1.224204993934375,1.0952952336757575,0.12890976025861756,train
2010-11-26,1.3303307166027247,0.9475908227658101,0.38273989383691465,train
2010-11-29,1.3720922563495563,1.0302130214266254,0.34187923492293093,train
2010-11-30,1.3628884571564077,1.1098435063655359,0.25304495079087186,train
2010-12-01,1.3245364867873815,1.1340122365854113,0.19052425020197017,train
2010-12-02,1.2168440989768923,1.1940105466747237,0.022833552302168547,train
2010-12-03,1.1476243755174549,1.2250745432285264,-0.0774501677110715,train
2010-12-06,1.021486310764304,1.2404761961589943,-0.21898988539469033,train
2010-12-07,0.928488948572775,1.2297456033495962,-0.3012566547768212,train
2010-12-08,0.9088533583576899,1.2094183748126268,-0.30056501645493694,train
2010-12-09,0.9047097555867544,1.1510597531501061,-0.24634999756335174,train
2010-12-10,0.8413855725368763,1.091641506053137,-0.25025593351626074,train
2010-12-13,0.9240127015479892,0.9526182275455926,-0.028605525997603354,train
2010-12-14,0.9225499780224282,0.9349758277142954,-0.012425849691867219,train
2010-12-15,0.8365055975551896,0.9759452969102916,-0.13943969935510203,train
2010-12-16,0.703179838317535,0.970735922297443,-0.26755608397990793,train
2010-12-17,0.7838701578208213,0.8619860375821539,-0.07811587976133261,train
2010-12-20,0.5927902166122639,0.9619333408280747,-0.36914312421581075,train
2010-12-21,0.5000970727000472,0.9198231814301655,-0.4197261087301183,train
2010-12-22,0.5500951101053454,0.8763024909173909,-0.3262073808120455,train
2010-12-23,0.5779141822731574,0.7721198770907611,-0.19420569481760375,train
2010-12-24,0.4135371935570559,0.8749318060723319,-0.46139461251527597,train
2010-12-27,0.6072823314699513,0.575983561725297,0.03129876974465429,train
2010-12-28,0.7218262989047168,0.5936239802196168,0.12820231868510001,train
2010-12-29,0.7487741647488747,0.7035633404551476,0.045210824293727137,train
2010-12-30,0.872200481253093,0.6597168870511293,0.21248359420196372,train
2010-12-31,0.945283334487946,0.5417850941145709,0.4034982403733751,train
2011-01-03,1.0111986959873642,0.7144168860010562,0.296781809986308,train
2011-01-04,1.0250068071847949,0.76104223704956,0.2639645701352349,train
2011-01-05,1.0467446114608026,0.7863155139012192,0.2604290975595833,train
2011-01-06,1.049173640464581,0.8578717930806867,0.19130184738389433,train
2011-01-07,1.1353371598081645,0.8454505317893524,0.28988662801881215,train
2011-01-10,1.1481648167125145,0.9331532577736975,0.21501155893881696,train
2011-01-11,1.1056838387913985,0.9028180662555716,0.20286577253582694,train
2011-01-12,1.1389913581937319,0.9419711190683828,0.19702023912534905,train
2011-01-13,1.145526312020125,0.9596239148779114,0.18590239714221346,train
2011-01-14,1.1068140490023743,1.0153750313589636,0.09143901764341078,train
2011-01-17,1.073299616780453,1.0224671865984212,0.05083243018203176,train
2011-01-18,1.104283081102763,0.9076226457741263,0.19666043532863675,train
2011-01-19,1.1015590952429202,1.0154900631214103,0.08606903212150985,train
2011-01-20,1.0894746523353493,1.0152941360088845,0.07418051632646483,train
2011-01-21,1.0833580973315198,0.9870392278587401,0.09631886947277968,train
2011-01-24,1.0474818494185767,0.9882577817737678,0.05922406764480892,train
2011-01-25,1.055784111821619,0.9697573859562213,0.08602672586539761,train
2011-01-26,0.9737183534869548,1.0473921337426528,-0.07367378025569804,train
2011-01-27,0.8482368255937737,1.037250424396969,-0.18901359880319524,train
2011-01-28,0.7957197398845923,1.0221033082523778,-0.2263835683677855,train
2011-01-31,0.7594429874906429,0.9926070508206097,-0.23316406332996686,train
2011-02-01,0.6844387216949562,1.0072978692700114,-0.3228591475750552,train
2011-02-02,0.6840984701065722,0.9633358885622672,-0.27923741845569494,train
2011-02-03,0.7178147291517453,0.8352648767296753,-0.11745014757793004,train
2011-02-04,0.665808030017865,0.8639986539925216,-0.1981906239746566,train
2011-02-07,0.6065563507946243,0.8306821936571013,-0.22412584286247694,train
2011-02-08,0.6264896636440606,0.7700568772879606,-0.14356721364390002,train
2011-02-09,0.5795808229395135,0.8104975947486721,-0.2309167718091586,train
2011-02-10,0.6221135201839454,0.7895485802919887,-0.16743506010804332,train
2011-02-11,0.6336816692283506,0.7457112545105581,-0.11202958528220752,train
2011-02-14,0.6612182697864462,0.6918785751788069,-0.030660305392360754,train
2011-02-15,0.5570192477750239,0.7234044718649347,-0.16638522408991085,train
2011-02-16,0.6711637477372671,0.6984875357684023,-0.02732378803113522,train
2011-02-17,0.6094402182512181,0.7411118905759886,-0.1316716723247705,train
2011-02-18,0.6522089330357093,0.7048997587321373,-0.05269082569642802,train
2011-02-21,0.6122657234964303,0.7074705598452994,-0.09520483634886912,train
2011-02-22,0.6803700265402945,0.5370197351420247,0.14335029139826982,train
2011-02-23,0.49458518317674105,0.7422930874007494,-0.24770790422400835,train
2011-02-24,0.4498117721980856,0.628900118402033,-0.17908834620394737,train
2011-02-25,0.5197100904910813,0.6792348389632673,-0.159524748472186,train
2011-02-28,0.4762939087141244,0.5813065052617814,-0.10501259654765699,train
2011-03-01,0.4040739575049788,0.6363754446041889,-0.2323014870992101,train
2011-03-02,0.3923852007187494,0.5243204645622456,-0.1319352638434962,train
2011-03-03,0.3954640056717308,0.4974554599921024,-0.1019914543203716,train
2011-03-04,0.20505506563413506,0.6223501682901426,-0.4172951026560075,train
2011-03-07,0.30125204991398613,0.45306911142618506,-0.15181706151219893,train
2011-03-08,0.41846491687085247,0.4038274879772172,0.014637428893635285,train
2011-03-09,0.6249794260371494,0.4127603795535013,0.2122190464836481,train
2011-03-10,0.6950703539048934,0.4264940673750645,0.26857628652982884,train
2011-03-11,0.9255804956875137,0.3808337598519181,0.5447467358355955,train
2011-03-14,1.008634361133614,0.43626755965017705,0.5723668014834369,train
2011-03-15,0.981610167984632,0.5057221318320632,0.4758880361525688,train
2011-03-16,0.8141864486156536,0.6603711855725577,0.1538152630430959,train
2011-03-17,0.8019578239802241,0.6405770281398978,0.16138079584032627,train
2011-03-18,0.5463362704273347,0.8438134662789898,-0.2974771958516551,train
2011-03-21,0.42034903335032364,0.829577410974108,-0.40922837762378433,train
2011-03-22,0.3858037005594435,0.7179591046585139,-0.33215540409907035,train
2011-03-23,0.4451824381929186,0.5301695496816168,-0.0849871114886982,train
2011-03-24,0.4106846778042879,0.6439764873373971,-0.23329180953310918,train
2011-03-25,0.3969435441944365,0.5261057637011199,-0.12916221950668344,train
2011-03-28,0.46393120647459174,0.5007642466912327,-0.03683304021664091,train
2011-03-29,0.4607483678522104,0.4273895709364687,0.03335879691574173,train
2011-03-30,0.47645031049068537,0.47282891728509013,0.003621393205595236,train
2011-03-31,0.4082294393867679,0.48766918494884043,-0.0794397455620725,train
2011-04-01,0.4231954582546394,0.47090682530558986,-0.04771136705095047,train
2011-04-04,0.2932141863722979,0.5615928673764903,-0.2683786810041924,train
2011-04-05,0.2656771283921749,0.45884152957146873,-0.19316440117929384,train
2011-04-06,0.31795767978485534,0.4985798948382947,-0.18062221505343934,train
2011-04-07,0.3816774507647639,0.4219525276588804,-0.040275076894116524,train
2011-04-08,0.4482364037961914,0.48681835976313703,-0.038581955966945636,train
2011-04-11,0.5005287978962959,0.41318685203283817,0.08734194586345773,train
2011-04-12,0.8326089427212482,0.3596845245326757,0.4729244181885725,train
2011-04-13,0.8238677807753345,0.4603323235217626,0.3635354572535719,train
2011-04-14,0.8698840684902267,0.4644614549432133,0.4054226135470134,train
2011-04-15,0.8657834176185372,0.5280827914433427,0.3377006261751945,train
2011-04-18,0.7534999105725665,0.522448718189291,0.23105119238327554,train
2011-04-19,0.4312863352586975,0.7795363734775496,-0.3482500382188521,train
2011-04-20,0.46644164577227476,0.632197001945866,-0.16575535617359127,train
2011-04-21,0.5200846557735525,0.690002342794767,-0.16991768702121457,train
2011-04-22,0.5169393008255985,0.6983207710557444,-0.18138147023014595,train
2011-04-25,0.587548674055622,0.35774639258095564,0.2298022814746663,train
2011-04-26,0.7333963879239237,0.40630190051976045,0.32709448740416325,train
2011-04-27,0.7535898854237378,0.47662990675309025,0.2769599786706476,train
2011-04-28,0.7368528364359659,0.5379966811110204,0.1988561553249455,train
2011-04-29,0.9530646081762455,0.510801878889123,0.4422627292871225,train
2011-05-02,1.285835678915207,0.48677071726724114,0.7990649616479659,train
2011-05-03,1.3338254239048655,0.6935310661606661,0.6402943577441994,train
2011-05-04,1.3930994307897424,0.6678942980472367,0.7252051327425058,train
2011-05-05,1.413860282697781,0.6806454753374664,0.7332148073603146,train
2011-05-06,1.3605587110001665,0.8647100292745884,0.49584868172557806,train
2011-05-09,1.2209303531857794,1.0926128457923383,0.12831750739344105,train
2011-05-10,1.1561002518263406,1.0460404354643542,0.11005981636198636,train
2011-05-11,1.1693152836090281,1.0829911339544085,0.08632414965461965,train
2011-05-12,1.12144579945528,1.0828561589248014,0.03858964053047864,train
2011-05-13,1.0149435576163865,1.103224481394654,-0.08828092377826735,train
2011-05-16,0.9227720325129303,1.0787748871548843,-0.15600285464195407,train
2011-05-17,0.943893906233355,1.0000802864395733,-0.056186380206218245,train
2011-05-18,0.8487709225284973,1.0632851323081742,-0.21451420977967695,train
2011-05-19,0.9333534799045801,0.9392828854779118,-0.00592940557333177,train
2011-05-20,0.9913669577008124,0.8836153033528746,0.10775165434793776,train
2011-05-23,1.0221917580368538,0.887744038141477,0.13444771989537685,train
2011-05-24,0.8614151957458509,0.9239558783166174,-0.0625406825707665,train
2011-05-25,0.8096239363507444,0.8866965014405901,-0.07707256508984572,train
2011-05-26,0.7570324719509387,0.9690532875228858,-0.21202081557194707,train
2011-05-27,0.7120058186328098,0.9835918745552985,-0.27158605592248874,train
2011-05-30,0.6449032542546825,1.0102928071758697,-0.36538955292118713,train
2011-05-31,0.6964686521246364,0.6990608721598639,-0.0025922200352275215,train
2011-06-01,0.6298098887669391,0.7998669394281975,-0.17005705066125842,train
2011-06-02,0.5422949822890485,0.8256983360441538,-0.2834033537551053,train
2011-06-03,0.5121632849714844,0.791547728894057,-0.27938444392257256,train
2011-06-06,0.4678036327374628,0.7670889801750584,-0.29928534743759566,train
2011-06-07,0.5052138371702664,0.717034058848288,-0.21182022167802161,train
2011-06-08,0.5235777685937404,0.6367368450920506,-0.11315907649831025,train
2011-06-09,0.5898274481940492,0.6462622871072958,-0.05643483891324663,train
2011-06-10,0.8408220083189537,0.6476859240090586,0.19313608430989515,train
2011-06-13,1.001995769146176,0.6212237987546746,0.38077197039150146,train
2011-06-14,1.0566790802996886,0.60734621028112,0.4493328700185686,train
2011-06-15,1.1164582365467937,0.5730063500169089,0.5434518865298847,train
2011-06-16,1.1249673703935237,0.6763467601848936,0.4486206102086301,train
2011-06-17,1.0431746974515979,0.856688720595224,0.1864859768563738,train
2011-06-20,0.9593840749562836,0.906810676848248,0.05257339810803563,train
2011-06-21,0.9798864822666236,0.8697104612509436,0.11017602101567991,train
2011-06-22,1.0069420116387446,0.9009225016227449,0.10601951001599974,train
2011-06-23,1.0157249788384826,0.9156327739236184,0.10009220491486415,train
2011-06-24,0.9110611437057231,0.9414658665203649,-0.030404722814641794,train
2011-06-27,0.8517136081891127,0.8828469408542825,-0.03113333266516982,train
2011-06-28,0.7140022253938013,0.886508114701801,-0.1725058893079997,train
2011-06-29,0.6206952201576141,0.8933173765633045,-0.2726221564056903,train
2011-06-30,0.525195878531582,0.910939494538904,-0.385743616007322,train
2011-07-01,0.5565896245757356,0.8286136410313498,-0.27202401645561425,train
2011-07-04,0.6326856954380878,0.8055440241416019,-0.17285832870351403,train
2011-07-05,0.7948619930789543,0.6365708664822101,0.15829112659674427,train
2011-07-06,1.1230041131883342,0.6510145563476655,0.4719895568406687,train
2011-07-07,1.2753270274371553,0.6194781987813716,0.6558488286557838,train
2011-07-08,1.3912313704168455,0.681779565976483,0.7094518044403625,train
2011-07-11,1.408776520695688,0.7444919881625423,0.6642845325331457,train
2011-07-12,1.4108677511945744,0.832435827103479,0.5784319240910955,train
2011-07-13,1.249913231816486,1.0758785381614993,0.1740346936549868,train
2011-07-14,1.1201568122412393,1.1149382606783949,0.005218551562844453,train
2011-07-15,1.0782200203904115,1.2004786317963383,-0.12225861140592675,train
2011-07-18,0.9799734761963187,1.1601440686432294,-0.1801705924469107,train
2011-07-19,0.9073753489163762,1.143610140905715,-0.23623479198933872,train
2011-07-20,0.8224780594443544,1.0803681559837148,-0.25789009653936046,train
2011-07-21,0.8326133035056381,0.967098634674125,-0.13448533116848693,train
2011-07-22,0.688621385199226,1.0511363333861075,-0.36251494818688146,train
2011-07-25,0.8389096401460967,0.87672038975344,-0.03781074960734332,train
2011-07-26,0.9632517077192547,0.8510322136244628,0.11221949409479193,train
2011-07-27,1.0706370887867633,0.8060747894919567,0.2645622992948067,train
2011-07-28,1.1751236978010893,0.8296899452727217,0.3454337525283676,train
2011-07-29,1.3317978094334009,0.7864405543859972,0.5453572550474036,train
2011-08-01,1.4736240674649645,0.9065896271788217,0.5670344402861428,train
2011-08-02,1.6101995290283364,0.9703254333473329,0.6398740956810035,train
2011-08-03,1.7605542654526694,1.0269525052925697,0.7336017601600997,train
2011-08-04,1.7637767517481198,1.1082395796279252,0.6555371721201946,train
2011-08-05,1.7863975759216333,1.2370995387301014,0.5492980371915319,train
2011-08-08,1.668914003095925,1.3448368943518512,0.3240771087440739,train
2011-08-09,1.4953908154321753,1.4281456366752672,0.06724517875690816,train
2011-08-10,1.2612469955931946,1.5309874869228457,-0.26974049132965106,train
2011-08-11,1.1760817707723366,1.4350926296316562,-0.2590108588593196,train
2011-08-12,0.9995050950621616,1.503421343872368,-0.5039162488102065,train
2011-08-15,0.9829615235789945,1.3292759276146706,-0.34631440403567615,train
2011-08-16,0.8888691802359401,1.2044748600626245,-0.3156056798266844,train
2011-08-17,0.8396330429831562,1.138783983551648,-0.2991509405684918,train
2011-08-18,0.7913823614827676,1.0782578965551415,-0.28687553507237384,train
2011-08-19,0.7080781609787636,1.0567025916736283,-0.3486244306948647,train
2011-08-22,0.6570791517207714,1.0351533277487457,-0.37807417602797433,train
2011-08-23,0.6811294836035197,0.8415711285549847,-0.16044164495146507,train
2011-08-24,0.6271382420714694,0.9123565561178987,-0.2852183140464293,train
2011-08-25,0.6004095298342268,0.8691039353625241,-0.26869440552829726,train
2011-08-26,0.6172931100662659,0.8575605828982383,-0.24026747283197247,train
2011-08-29,0.6459496974398972,0.8405090107316359,-0.1945593132917387,train
2011-08-30,0.6763650506294603,0.7907121667124414,-0.11434711608298109,train
2011-08-31,1.0098011092956911,0.7809626073360549,0.22883850195963618,train
2011-09-01,1.1077952751694782,0.7553411257546553,0.3524541494148229,train
2011-09-02,1.174449714258459,0.8033329659532124,0.37111674830524655,train
2011-09-05,1.3291622699947316,0.8162847530071294,0.5128775169876022,train
2011-09-06,1.5898569940058842,0.7666626098629752,0.823194384142909,train
2011-09-07,1.5849143686638376,1.047053112878979,0.5378612557848585,train
2011-09-08,1.68044442553512,0.9963485585839168,0.6840958669512033,train
2011-09-09,1.7193717716021502,1.0301151903510317,0.6892565812511184,train
2011-09-12,1.6419166070397282,1.1651753117573718,0.4767412952823564,train
2011-09-13,1.4551917160406547,1.3521034974960855,0.10308821854456918,train
2011-09-14,1.3776400735316414,1.3108062818933448,0.06683379163829661,train
2011-09-15,1.3336272987655136,1.3757392859535564,-0.042111987188042876,train
2011-09-16,1.4310308125602065,1.3708368574485532,0.06019395511165326,train
2011-09-19,1.5236984582450663,1.274366194407735,0.24933226383733142,train
2011-09-20,1.6195893802538894,1.1900111459137583,0.4295782343401311,train
2011-09-21,1.6453387422176888,1.2038236500974484,0.4415150921202404,train
2011-09-22,1.597446228326755,1.2388815833220765,0.35856464500467844,train
2011-09-23,1.4777338620972296,1.3358568034495322,0.1418770586476974,train
2011-09-26,1.3962243641651233,1.358699319673886,0.03752504449123739,train
2011-09-27,1.3131275990678823,1.4269897175386235,-0.11386211847074112,train
2011-09-28,1.3597933422084636,1.4274589979747525,-0.06766565576628891,train
2011-09-29,1.3980587464918512,1.3728533183586025,0.025205428133248775,train
2011-09-30,1.4335048850401082,1.3392900997479178,0.0942147852921904,train
2011-10-03,1.4495073474201265,1.305622180186134,0.14388516723399247,train
2011-10-04,1.3999191507450275,1.29306314227415,0.1068560084708774,train
2011-10-05,1.2476865153861179,1.3803837584809395,-0.13269724309482167,train
2011-10-06,1.1794822473825541,1.3713974747540143,-0.19191522737146016,train
2011-10-07,1.08138156778204,1.38683409958722,-0.30545253180517995,train
2011-10-10,1.0455653060644317,1.375309602346866,-0.3297442962824344,train
2011-10-11,1.056228198160659,1.2917302025563444,-0.23550200439568547,train
2011-10-12,1.1500078313737383,1.2113114440223045,-0.06130361264856621,train
2011-10-13,1.166070702388144,1.1974003377217104,-0.031329635333566364,train
2011-10-14,1.2962284450756354,1.136643408325587,0.15958503675004843,train
2011-10-17,1.3030430830332973,1.1352220367576753,0.167821046275622,train
2011-10-18,1.2953510465062987,1.1139324840963387,0.18141856240996002,train
2011-10-19,1.2646283876083473,1.2083343372516373,0.05629405035670998,train
2011-10-20,1.2539085480311862,1.1904291978408272,0.063479350190359,train
2011-10-21,1.162007241933464,1.3086484613889897,-0.14664121945552577,train
2011-10-24,1.076998949532146,1.2440900264080754,-0.1670910768759295,train
2011-10-25,1.198120619026065,1.1924271648782567,0.005693454147808197,train
2011-10-26,1.3622814081445755,1.2114317156036,0.15084969254097547,train
2011-10-27,1.4086439407036384,1.1853150438038722,0.2233288968997662,train
2011-10-28,1.5562477125286032,1.1664101093649983,0.38983760316360483,train
2011-10-31,1.6110010275634246,1.0349394373868284,0.5760615901765962,train
2011-11-01,1.5516320444281007,1.2061360922452786,0.34549595218282203,train
2011-11-02,1.3753775171241436,1.3231705905560684,0.05220692656807513,train
2011-11-03,1.358821857506027,1.2764230600171247,0.08239879748890222,train
2011-11-04,1.2260205194804563,1.4165910403124673,-0.19057052083201098,train
2011-11-07,1.2011639250848367,1.3479554525912523,-0.14679152750641555,train
2011-11-08,1.18274965113261,1.2980596785482714,-0.11531002741566132,train
2011-11-09,1.213418640783717,1.1841524003050232,0.02926624047869386,train
2011-11-10,1.1958194512830331,1.2395047679269344,-0.043685316643901295,train
2011-11-11,1.1559774298822143,1.2307787229888982,-0.07480129310668393,train
2011-11-14,1.150387231675228,1.1602515648338738,-0.009864333158645877,train
2011-11-15,1.153552417234481,1.1441088277637395,0.009443589470741642,train
2011-11-16,1.0889310274775126,1.173019967978592,-0.0840889405010794,train
2011-11-17,1.0572544417762466,1.186296090826894,-0.1290416490506474,train
2011-11-18,0.8963692873211436,1.1809821093818136,-0.28461282206066996,train
2011-11-21,0.8140371018344,1.1381117261138582,-0.3240746242794582,train
2011-11-22,0.8027147614338671,1.1292178043598595,-0.3265030429259924,train
2011-11-23,0.8706890722617487,1.0423147365397827,-0.17162566427803394,train
2011-11-24,1.3121349279182137,1.085389089183426,0.22674583873478782,train
2011-11-25,1.3764937538862039,0.899907458309748,0.4765862955764558,train
2011-11-28,1.3826145287375502,0.886759517445591,0.4958550112919592,train
2011-11-29,1.3410190305768113,0.932769139472504,0.4082498911043073,train
2011-11-30,1.2569908032025985,0.9731010611463735,0.28388974205622497,train
2011-12-01,0.6210516588082439,1.3221460274121066,-0.7010943686038628,train
2011-12-02,0.6070204397081167,1.1204713327830402,-0.5134508930749235,train
2011-12-05,0.6406015885950281,1.0683366462929682,-0.42773505769794007,train
2011-12-06,0.6864903804398355,1.0090720312300754,-0.3225816507902399,train
2011-12-07,0.8594596284899657,0.8757601135292644,-0.016300485039298707,train
2011-12-08,0.9608940118817765,0.6934810906024038,0.26741292127937266,train
2011-12-09,0.9078937712794962,0.7895681034345334,0.11832566784496279,train
2011-12-12,0.8258478339537411,0.7775749677656942,0.048272866188046826,train
2011-12-13,0.7032607021735785,0.7879481511295718,-0.08468744895599334,train
2011-12-14,0.483128157337152,0.9122119416438212,-0.42908378430666927,train
2011-12-15,0.47476270875174825,0.9383956727489752,-0.4636329639972269,train
2011-12-16,0.47463323814705705,0.8652908635304225,-0.39065762538336546,train
2011-12-19,0.41415473422623184,0.7482112016446281,-0.33405646741839623,train
2011-12-20,0.3257395470141133,0.6196922830498486,-0.2939527360357353,train
2011-12-21,0.33834336717720925,0.5411724074386507,-0.20282904026144144,train
2011-12-22,0.2577316287464197,0.6482336978740078,-0.39050206912758806,train
2011-12-23,0.1715171916740188,0.6076913654658083,-0.43617417379178947,train
2011-12-27,0.28017433274799347,0.4348751531038781,-0.15470082035588462,train
2011-12-28,0.4448139929492343,0.2133904035866207,0.2314235893626136,train
2011-12-29,0.5726352057266862,0.3864823371403838,0.18615286858630242,train
2011-12-30,0.5682308188804305,0.4246031331893578,0.1436276856910727,train
2012-01-03,0.6086135179718254,0.3400545156405128,0.2685590023313126,train
2012-01-04,0.6214782023442451,0.3766464704900013,0.24483173185424384,train
2012-01-05,0.6731883092565274,0.4914730003041356,0.1817153089523918,train
2012-01-06,0.6331063669935393,0.6042741977777999,0.02883216921573939,train
2012-01-09,0.7855150549236819,0.5762428628965559,0.209272192027126,train
2012-01-10,0.7458765562936702,0.5883807515938513,0.15749580469981894,train
2012-01-11,0.7776892901694795,0.5883611617014947,0.18932812846798486,train
2012-01-12,0.8709721531836003,0.6384836245888006,0.23248852859479974,train
2012-01-13,0.8741681888639788,0.6133115382641245,0.2608566505998543,train
2012-01-16,0.7270945227232839,0.7551133220646603,-0.02801879934137641,train
2012-01-17,0.7786595074424543,0.5805763718848,0.19808313555765422,train
2012-01-18,0.8094900021424501,0.6491843966289044,0.16030560551354578,train
2012-01-19,0.7756256945330664,0.7583345003169234,0.017291194216143002,train
2012-01-20,0.7557022422049311,0.699974002761298,0.05572823944363314,train
2012-01-23,0.8519858318385776,0.6424742341329414,0.2095115977056362,train
2012-01-24,0.8212477939611612,0.683001542804627,0.13824625115653422,train
2012-01-25,0.7927202666353483,0.7249716199930138,0.06774864664233449,train
2012-01-26,0.8141729917524141,0.742928229218946,0.07124476253346812,train
2012-01-27,0.9056271399455755,0.6802264083010701,0.22540073164450547,train
2012-01-30,0.887139945300858,0.8226921392084547,0.0644478060924033,train
2012-01-31,0.9451212790087381,0.7141489580595166,0.2309723209492215,train
2012-02-01,0.9866770144984346,0.7414104561652274,0.2452665583332072,train
2012-02-02,0.8944170272591598,0.8167270707399589,0.07768995651920096,train
2012-02-03,0.8774172320676773,0.8583649136545478,0.019052318413129488,train
2012-02-06,0.7805154386125852,0.8509821798987743,-0.07046674128618913,train
2012-02-07,0.7104141516427024,0.8599854979874011,-0.1495713463446987,train
2012-02-08,0.6462742413705058,0.9031161536880339,-0.25684191231752806,train
2012-02-09,0.7059267805419412,0.8083252742044489,-0.10239849366250764,train
2012-02-10,0.6956722253297557,0.8646337420896946,-0.16896151675993887,train
2012-02-13,0.6863704629717166,0.7390968034698848,-0.05272634049816827,train
2012-02-14,0.6691673986721466,0.6968485505760261,-0.02768115190387954,train
2012-02-15,0.840417479177382,0.6990697456343848,0.14134773354299712,train
2012-02-16,0.7568337718603726,0.7619256464310311,-0.005091874570658517,train
2012-02-17,0.6598077945693301,0.7708496048139524,-0.11104181024462223,train
2012-02-20,0.6292995581507781,0.6766049242680461,-0.04730536611726799,train
2012-02-21,0.653092105580142,0.6476906513977889,0.005401454182353049,train
2012-02-22,0.38686618595077166,0.8632474784463512,-0.47638129249557953,train
2012-02-23,0.4534837987502766,0.6802192521088956,-0.22673545335861894,train
2012-02-24,0.45477166590031504,0.6401013847213088,-0.1853297188209938,train
2012-02-27,0.4675048660372177,0.5718615320422336,-0.10435666600501586,train
2012-02-28,0.4856193186987826,0.6246410693571075,-0.1390217506583249,train
2012-02-29,0.4388330338778347,0.5282285321112687,-0.08939549823343407,train
2012-03-01,0.33200624332442163,0.5961418701661975,-0.26413562684177583,train
2012-03-02,0.34723315425384815,0.5611565492924153,-0.21392339503856717,train
2012-03-05,0.38327929257623117,0.5284955568100888,-0.14521626423385758,train
2012-03-06,0.3175533047177191,0.5701904061165929,-0.2526371013988738,train
2012-03-07,0.3677592195584923,0.4736474955384084,-0.10588827597991612,train
2012-03-08,0.42228034308200857,0.4245680597517105,-0.0022877166697019558,train
2012-03-09,0.37116200983315967,0.4727157763592662,-0.10155376652610654,train
2012-03-12,0.37545040076233593,0.4780142467122913,-0.10256384594995538,train
2012-03-13,0.34317822076674953,0.409638220751022,-0.06645999998427249,train
2012-03-14,0.30074170336595424,0.45643124941570007,-0.15568954604974583,train
2012-03-15,0.24212144237684885,0.49149750591387653,-0.24937606353702768,train
2012-03-16,0.261299465292272,0.43395962315696435,-0.17266015786469235,train
2012-03-19,0.2530769143951338,0.45744472873271746,-0.20436781433758366,train
2012-03-20,0.34857618216137404,0.36504256599837287,-0.016466383836998832,train
2012-03-21,0.3326819378961418,0.36503516344587766,-0.03235322554973585,train
2012-03-22,0.3501109917003488,0.34008792571376406,0.010023065986584756,train
2012-03-23,0.33663554572924664,0.3577659920534963,-0.021130446324249652,train
2012-03-26,0.34987912728713544,0.36624898219206037,-0.01636985490492493,train
2012-03-27,0.24630335976379633,0.42120185905280483,-0.1748984992890085,train
2012-03-28,0.36924319058465105,0.35096953099625217,0.018273659588398883,train
2012-03-29,0.3994970082990626,0.38413646603881074,0.015360542260251853,train
2012-03-30,0.34529801328114307,0.37707995317650217,-0.0317819398953591,train
2012-04-02,0.23906744412927505,0.4097254104754196,-0.17065796634614455,train
2012-04-03,0.25638033677234806,0.2829060664313453,-0.026525729658997244,train
2012-04-04,0.21939380520034438,0.43167608015175196,-0.21228227495140758,train
2012-04-05,0.19045578668905672,0.41477052057950803,-0.2243147338904513,train
2012-04-06,0.2325579372383763,0.3077746345069673,-0.07521669726859098,train
2012-04-09,0.2414505426560672,0.24941156457455815,-0.007961021918490963,train
2012-04-10,0.3593976729480501,0.2792918718936651,0.08010580105438497,train
2012-04-11,0.27224452578904923,0.33549940413731405,-0.06325487834826482,train
2012-04-12,0.31305887950938893,0.29492978630269345,0.01812909320669548,train
2012-04-13,0.32801760021690185,0.29203697295568487,0.03598062726121698,train
2012-04-16,0.3487781692741419,0.2614726339475782,0.08730553532656371,train
2012-04-17,0.1867548023153312,0.4099418007786101,-0.22318699846327889,train
2012-04-18,0.13218677442537027,0.2884544882138496,-0.15626771378847934,train
2012-04-19,0.1154171802756055,0.3678948294798773,-0.2524776492042718,train
2012-04-20,0.05538190132168707,0.34242387433213306,-0.287041973010446,train
2012-04-23,0.07304937422229206,0.332135537092538,-0.25908616287024594,train
2012-04-24,0.007686962808039826,0.21038448587427877,-0.20269752306623895,train
2012-04-25,0.03787864788994601,0.1610384155634031,-0.12315976767345709,train
2012-04-26,0.007629054602519314,0.2528986632785856,-0.24526960867606631,train
2012-04-27,-0.032660068113321485,0.1593011146763202,-0.19196118278964167,train
2012-04-30,-0.13421541852139235,0.19887244484025113,-0.3330878633616435,train
2012-05-01,0.08466451653824289,0.008010066050846698,0.07665445048739619,train
2012-05-02,0.12014534623734584,0.10390017998399342,0.016245166253352414,train
2012-05-03,0.10470073979650638,0.15783991300005995,-0.053139173203553575,train
2012-05-04,0.13655694966375923,0.041828813398020026,0.0947281362657392,train
2012-05-07,0.1709609139111497,-0.013497579043363406,0.1844584929545131,train
2012-05-08,0.06639988455639899,0.20056704832666322,-0.13416716377026422,train
2012-05-09,0.11105554800188829,0.17351242703303194,-0.06245687903114365,train
2012-05-10,0.2064541018471371,0.19138777816866204,0.015066323678475074,train
2012-05-11,0.326135500969958,0.15485269811269875,0.17128280285725928,train
2012-05-14,0.4610104773215853,0.1696232967319748,0.2913871805896105,train
2012-05-15,0.5033667837814624,0.1292848374349092,0.3740819463465532,train
2012-05-16,0.5278464306555813,0.19804199104083686,0.3298044396147445,train
2012-05-17,0.5539456851409758,0.2763942008591251,0.27755148428185067,train
2012-05-18,0.61582596679891,0.3221934546024917,0.2936325121964183,train
2012-05-21,0.5833283926247371,0.4048088079757159,0.17851958464902123,train
2012-05-22,0.5587521663618495,0.37528412978642445,0.1834680365754251,train
2012-05-23,0.5529064634667791,0.4183052649045426,0.13460119856223646,train
2012-05-24,0.5179749356096447,0.48324157513664673,0.034733360472997965,train
2012-05-25,0.47217576977494713,0.5353869798787196,-0.06321121010377251,train
2012-05-28,0.6930413427750346,0.4741086849474302,0.2189326578276044,train
2012-05-29,0.749105292280194,0.40089751099756604,0.3482077812826279,train
2012-05-30,0.786152185245206,0.450041749139589,0.336110436105617,train
2012-05-31,0.7988240555427548,0.4784860649733141,0.32033799056944073,train
2012-06-01,0.8359613237399661,0.48235112532857966,0.35361019841138647,train
2012-06-04,0.6491142527461944,0.6594369660681103,-0.010322713321915922,train
2012-06-05,0.6890253720387497,0.5934555969743855,0.09556977506436415,train
2012-06-06,0.7203969932940667,0.6473813350190375,0.0730156582750292,train
2012-06-07,0.7060193703437985,0.6581144461200219,0.04790492422377657,train
2012-06-08,0.6335554105604193,0.71287415829827,-0.07931874773785075,train
2012-06-11,0.5869162342715593,0.6004162674958592,-0.013500033224299934,train
2012-06-12,0.6239374642175509,0.6611902458479042,-0.03725278163035328,train
2012-06-13,0.5456525150815843,0.6987852531419793,-0.15313273806039496,train
2012-06-14,0.6513502752184297,0.6677375053775996,-0.016387230159169874,train
2012-06-15,0.7078060402862291,0.624960002126836,0.08284603815939307,train
2012-06-18,0.7196081548727105,0.5538165752740025,0.16579157959870794,train
2012-06-19,0.5632586824848468,0.668764138475921,-0.10550545599107419,train
2012-06-20,0.5700053320101608,0.5674063192078331,0.0025990128023276604,train
2012-06-21,0.33001307235988175,0.6978315168960325,-0.36781844453615076,train
2012-06-22,0.2251030309113509,0.6963514425159989,-0.47124841160464803,train
2012-06-25,0.6958423080761997,0.6292234405561629,0.06661886752003687,train
2012-06-26,0.716457858944299,0.474812530552875,0.24164532839142405,train
2012-06-27,0.6415098073470998,0.558423423417412,0.08308638392968781,train
2012-06-28,0.6360519631858542,0.36592758003051473,0.2701243831553395,train
2012-06-29,0.6950547884013311,0.4084786039715235,0.28657618442980753,train
2012-07-02,0.18221389961226897,0.7270194174288823,-0.5448055178166133,train
2012-07-03,0.18996970469587698,0.5106311798355805,-0.3206614751397035,train
2012-07-04,0.2054621331574771,0.39812939253804175,-0.19266725938056464,train
2012-07-05,0.27419362603942626,0.37197428220119294,-0.09778065616176668,train
2012-07-06,0.11591703329083981,0.5335090011888299,-0.41759196789799014,train
2012-07-09,0.19235451529150852,0.3071134573712071,-0.11475894207969858,train
2012-07-10,0.1988371095483965,0.3091328612203822,-0.11029575167198569,train
2012-07-11,0.3383684432378187,0.2803062937789792,0.058062149458839474,train
2012-07-12,0.3744802987868853,0.3469898467177858,0.027490452069099502,train
2012-07-13,0.43664740671867097,0.2651653428218994,0.17148206389677156,train
2012-07-16,0.4475926363798187,0.34100601151937643,0.10658662486044229,train
2012-07-17,0.48519548294983916,0.3044486665789016,0.18074681637093754,train
2012-07-18,0.40889703669607946,0.42901763033351853,-0.020120593637439066,train
2012-07-19,0.4875138958609606,0.40946082081565355,0.07805307504530706,train
2012-07-20,0.6255362826577048,0.4443758998117996,0.1811603828459052,train
2012-07-23,0.8709045673138139,0.44735060545650107,0.42355396185731287,train
2012-07-24,0.8441223256972925,0.45235809211564276,0.39176423358164975,train
2012-07-25,0.8803245135486347,0.39361654480901254,0.4867079687396222,train
2012-07-26,0.8734220788938722,0.5087199249317917,0.3647021539620805,train
2012-07-27,1.088124711047567,0.604963641464807,0.48316106958275995,train
2012-07-30,0.9547310103859427,0.7749971572448076,0.1797338531411351,train
2012-07-31,0.9983308056072803,0.5649406574265263,0.43339014818075394,train
2012-08-01,0.9353829829993796,0.6245787853679021,0.3108041976314775,train
2012-08-02,0.8385522060462995,0.6533660821743569,0.18518612387194266,train
2012-08-03,0.3606112571476025,0.9014214979131467,-0.5408102407655442,train
2012-08-06,0.14571322147265847,0.7338282990100132,-0.5881150775373547,train
2012-08-07,-0.01070728236902577,0.7233506542611867,-0.7340579366302125,train
2012-08-08,-0.02763810507509014,0.5598842955527916,-0.5875224006278817,train
2012-08-09,-0.06872599271576778,0.4793175859096643,-0.5480435786254321,train
2012-08-10,-0.1797125568044597,0.4039149538276347,-0.5836275106320944,train
2012-08-13,-0.18556228296498523,0.2941646639021658,-0.479726946867151,train
2012-08-14,-0.17422853783537104,0.2278385500434862,-0.40206708787885725,train
2012-08-15,-0.04686997905136962,0.18501769202073665,-0.23188767107210628,train
2012-08-16,0.10226180601011076,0.12976774094058469,-0.02750593493047393,train
2012-08-17,0.16276804665687927,0.09077028424564282,0.07199776241123645,train
2012-08-20,0.23290067952302554,0.1187621046003342,0.11413857492269133,train
2012-08-21,0.16663476199358307,0.11778661340474322,0.048848148588839846,train
2012-08-22,0.07632204862463987,0.20402640086098828,-0.1277043522363484,train
2012-08-23,-0.05759232267115607,0.278390986743874,-0.3359833094150301,train
2012-08-24,-0.13348730763574515,0.27363485571386487,-0.40712216334961004,train
2012-08-27,0.057557798965121525,0.33033000120062994,-0.2727722022355084,train
2012-08-28,0.055728273078379936,0.13858173086384074,-0.0828534577854608,train
2012-08-29,0.07817750385167672,0.1304273766042302,-0.05224987275255348,train
2012-08-30,0.21782461726249924,0.05130736197374863,0.1665172552887506,train
2012-08-31,0.3669709010747703,0.006192595727492478,0.36077830534727784,train
2012-09-03,0.23969182663707972,0.21311651105264473,0.02657531558443499,train
2012-09-04,0.2643728963388579,-0.02362949169462708,0.288002388033485,train
2012-09-05,0.26613236816272845,0.05221009268656862,0.21392227547615983,train
2012-09-06,0.2910502275637516,0.17905980760234796,0.11199041996140363,train
2012-09-07,0.3622018534304578,0.28099032643009136,0.08121152700036643,train
2012-09-10,0.35235074106330005,0.22173050522651327,0.13062023583678678,train
2012-09-11,0.4407406527241565,0.13564801551953654,0.30509263720462,train
2012-09-12,0.4813979326242477,0.17962016265328573,0.30177776997096195,train
2012-09-13,0.41247218621445086,0.27885232696649054,0.13361985924796033,train
2012-09-14,0.30726057057662276,0.35250851460901095,-0.04524794403238819,train
2012-09-17,0.44187964272908076,0.2908270808828465,0.15105256184623428,train
2012-09-18,0.444094625951285,0.35400061839116226,0.09009400756012276,train
2012-09-19,0.4388244982578419,0.37451315196619256,0.06431134629164936,train
2012-09-20,0.4266370838191946,0.33167128251739864,0.09496580130179594,train
2012-09-21,0.4054932623349578,0.3310447622957919,0.07444850003916592,train
2012-09-24,0.2494496545458148,0.4508685207753321,-0.20141886622951732,train
2012-09-25,0.24884441991278694,0.3791507988732971,-0.13030637896051017,train
2012-09-26,0.21853979754601258,0.3606869157081514,-0.14214711816213885,train
2012-09-27,0.2137905080218942,0.3426991415963944,-0.12890863357450022,train
2012-09-28,0.20655736971326324,0.36676449872889577,-0.16020712901563253,train
2012-10-01,0.13340332442937566,0.3162227103312128,-0.18281938590183713,train
2012-10-02,0.01364737667729402,0.3373505231387035,-0.32370314646140946,train
2012-10-03,0.04668049922965841,0.274337108121751,-0.22765660889209258,train
2012-10-04,0.057586833903819974,0.27966616344573275,-0.22207932954191278,train
2012-10-05,0.04707906247398714,0.30750789227024067,-0.26042882979625354,train
2012-10-08,0.09911898101443344,0.2032911128976328,-0.10417213188319936,train
2012-10-09,0.11312952007467016,0.12081205362290665,-0.007682533548236489,train
2012-10-10,0.04021385042806874,0.20310745313036715,-0.1628936027022984,train
2012-10-11,0.04761777349816949,0.20033079358449535,-0.15271302008632587,train
2012-10-12,-0.015314155325607811,0.2125245164482666,-0.2278386717738744,train
2012-10-15,-0.07553434679147562,0.2177171369165008,-0.29325148370797643,train
2012-10-16,-0.08514726900168156,0.1679329233783035,-0.2530801923799851,train
2012-10-17,-0.10818641375133696,0.1305196247678761,-0.23870603851921307,train
2012-10-18,-0.11376648408048437,0.17699168618760552,-0.2907581702680899,train
2012-10-19,-0.10146074713988891,0.11020792523717582,-0.21166867237706471,train
2012-10-22,-0.04789224473300165,0.0686991038008154,-0.11659134853381706,train
2012-10-23,-0.0664590083624111,0.04511785192556117,-0.11157686028797227,train
2012-10-24,-0.09141315436677168,0.008458639122602474,-0.09987179348937415,train
2012-10-25,-0.19456010400666887,0.0649343124023456,-0.2594944164090145,train
2012-10-26,-0.25506184836978807,0.04319027584810109,-0.29825212421788916,train
2012-10-29,-0.21721481572494136,0.08255710125225402,-0.2997719169771954,train
2012-10-30,-0.17594552104966485,-0.0009085648247071365,-0.1750369562249577,train
2012-10-31,-0.12215138270301067,-0.041301301758438824,-0.08085008094457184,train
2012-11-01,0.07507057684358401,-0.07956580569939897,0.15463638254298298,train
2012-11-02,0.16368382009314492,-0.10435699824902372,0.26804081834216864,train
2012-11-05,0.11183053121821857,-0.014055025329105186,0.12588555654732375,train
2012-11-06,0.07835494705909625,-0.05206133365474369,0.13041628071383993,train
2012-11-07,0.09829019645744001,-0.026053700398780966,0.12434389685622098,train
2012-11-08,-0.04432241162084281,0.15557379443403674,-0.19989620605487954,train
2012-11-09,-0.13784450388080777,0.1558787819144929,-0.29372328579530066,train
2012-11-12,-0.1401642385265454,0.0925885298571818,-0.2327527683837272,train
2012-11-13,-0.115039326806198,0.016421301152245493,-0.1314606279584435,train
2012-11-14,-0.004759252713129,0.07403103817279277,-0.07879029088592178,train
2012-11-15,0.018765966825671842,0.01994585477537525,-0.0011798879497034072,train
2012-11-16,0.015375624015832827,-0.03907697265962684,0.054452596675459666,train
2012-11-19,0.012397139415552651,-0.021297679888578003,0.03369481930413065,train
2012-11-20,-0.00994772429694257,-0.03353124105198635,0.02358351675504378,train
2012-11-21,-0.10848112330714578,0.10159228854197566,-0.21007341184912143,train
2012-11-22,-0.16144114410398067,0.06435595702756591,-0.22579710113154658,train
2012-11-23,-0.1603756911627267,0.022510289299536357,-0.18288598046226306,train
2012-11-26,-0.1369537430723052,0.041194877640786,-0.1781486207130912,train
2012-11-27,-0.12026710122502556,-0.018832982553732447,-0.10143411867129311,train
2012-11-28,-0.21833063717107243,0.005315983244237987,-0.22364662041531042,train
2012-11-29,-0.2959369861415794,-0.046350565972825775,-0.2495864201687536,train
2012-11-30,-0.25421758408768497,-0.05037888013071434,-0.20383870395697062,train
2012-12-03,-0.23321697989337384,0.003055430803945436,-0.23627241069731927,train
2012-12-04,-0.256879329547735,-0.029324859236783185,-0.22755447031095183,train
2012-12-05,-0.23030767782649034,-0.11465112728612475,-0.11565655054036558,train
2012-12-06,-0.21131874711899978,-0.18662212144282864,-0.024696625676171147,train
2012-12-07,-0.22398356608930833,-0.08363642934783622,-0.14034713674147212,train
2012-12-10,-0.2183095928146062,-0.06005556698647746,-0.15825402582812875,train
2012-12-11,-0.18935069710694366,-0.15209414144165745,-0.03725655566528621,train
2012-12-12,-0.2596056235135923,-0.13198649958864117,-0.12761912392495112,train
2012-12-13,-0.22295550017307067,-0.1508643468399105,-0.07209115333316016,train
2012-12-14,-0.13994745594209548,-0.09666498106262983,-0.043282474879465654,train
2012-12-17,-0.10006164841885212,-0.06009981964933864,-0.039961828769513486,train
2012-12-18,-0.1796212681322317,-0.09713518432729501,-0.08248608380493669,train
2012-12-19,-0.029139501199550954,-0.23515800941620224,0.2060185082166513,train
2012-12-20,0.02155139178586869,-0.14229181678346825,0.16384320856933693,train
2012-12-21,0.09368108879498084,-0.041641792972295644,0.13532288176727647,train
2012-12-24,0.25029378308036065,-0.01808005360219911,0.26837383668255976,train
2012-12-27,0.4187535412780211,-0.23425744294660322,0.6530109842246243,train
2012-12-28,0.4479014357248706,-0.016358544179283285,0.4642599799041539,train
2012-12-31,0.45952879391841406,-0.003794730876692576,0.46332352479510663,train
2013-01-02,0.39000925132052877,0.09649106111428152,0.29351819020624725,train
2013-01-03,0.16867548981547034,0.20823742680429402,-0.03956193698882368,train
2013-01-04,0.13771275709430483,0.2810967948367342,-0.1433840377424294,train
2013-01-07,0.17788498844285172,0.27572858652359233,-0.09784359808074061,train
2013-01-08,0.18680020553864896,0.2574551125143678,-0.07065490697571886,train
2013-01-09,0.30752456416408264,0.23169658358020118,0.07582798058388146,train
2013-01-10,0.4111488707929738,0.09550823546871345,0.31564063532426034,train
2013-01-11,0.3913367019252167,0.18018804481427542,0.21114865711094127,train
2013-01-14,0.41711794439719846,0.21343088288890089,0.20368706150829757,train
2013-01-15,0.3512264476300285,0.1785742247105766,0.17265222291945193,train
2013-01-16,0.36159907789882434,0.3107137223861349,0.05088535551268941,train
2013-01-17,0.3518775227386236,0.3523573269043258,-0.0004798041657022023,train
2013-01-18,0.40122233655630823,0.32562770760590903,0.0755946289503992,train
2013-01-21,0.3681153427161697,0.3876202758622961,-0.01950493314612639,train
2013-01-22,0.4253699823557877,0.19205077803855053,0.23331920431723718,train
2013-01-23,0.28111307658953344,0.3740930003445442,-0.09297992375501074,train
2013-01-24,0.1898241596629625,0.33721488597182514,-0.14739072630886263,train
2013-01-25,0.029394746842320477,0.38173850617363736,-0.3523437593313169,train
2013-01-28,0.08092574719637821,0.3606726530541607,-0.2797469058577825,train
2013-01-29,0.11513019030154151,0.36669766533449105,-0.2515674750329495,train
2013-01-30,0.3211802112200278,0.2746253541825873,0.0465548570374405,train
2013-01-31,0.39944419921358965,0.2204704436314882,0.17897375558210143,train
2013-02-01,0.5509019288081979,0.1215997817043421,0.4293021471038558,train
2013-02-04,0.4979028474693178,0.25942782497433886,0.23847502249497893,train
2013-02-05,0.4806065902299723,0.21798619584769058,0.26262039438228174,train
2013-02-06,0.3830688910141486,0.3809070414819927,0.0021618495321558684,train
2013-02-07,0.3457125230683517,0.3658726048744667,-0.020160081806115004,train
2013-02-08,0.25238626618602966,0.5049831092765867,-0.2525968430905571,train
2013-02-11,0.29332033418511994,0.4343957011640913,-0.14107536697897138,train
2013-02-12,0.23642324772117002,0.38854986306736217,-0.15212661534619215,train
2013-02-13,0.13247891631102554,0.3919194091693921,-0.25944049285836657,train
2013-02-14,0.2394050087599529,0.34170633037985,-0.10230132161989708,train
2013-02-15,0.2894882178046312,0.3245642084183316,-0.035075990613700425,train
2013-02-18,0.23920000216447765,0.3668545147162956,-0.12765451255181795,train
2013-02-19,0.5493921638355354,0.21409734531493063,0.3352948185206047,train
2013-02-20,0.7894842877906514,0.16723595541092678,0.6222483323797245,train
2013-02-21,0.7976906880491448,0.3306486027538732,0.4670420852952716,train
2013-02-22,0.7705180141361068,0.3398897166902646,0.4306282974458422,train
2013-02-25,0.8070386597511032,0.2814077001854209,0.5256309595656823,train
2013-02-26,0.6194864118935713,0.539787296571826,0.07969911532174534,train
2013-02-27,0.33890318675081493,0.6735285508267985,-0.3346253640759836,train
2013-02-28,0.14376372803784157,0.6092747156329431,-0.46551098759510157,train
2013-03-01,0.1425679461988387,0.5509936910034048,-0.40842574480456606,train
2013-03-04,0.25798940028540485,0.614763798050441,-0.35677439776503617,train
2013-03-05,0.1888571489722329,0.4790582573822086,-0.2902011084099757,train
2013-03-06,0.18225284463073912,0.32357406931560206,-0.14132122468486294,train
2013-03-07,0.29792618975934226,0.17474141224680195,0.12318477751254031,train
2013-03-08,0.25943763780386264,0.27422275533432144,-0.014785117530458802,train
2013-03-11,0.12153056648135668,0.3895891760330641,-0.2680586095517074,train
2013-03-12,0.3962677765010415,0.16326609120508778,0.23300168529595372,train
2013-03-13,0.6788191270207729,0.17855071133709072,0.5002684156836821,train
2013-03-14,0.7264732766258449,0.31300289031361456,0.4134703863122304,train
2013-03-15,0.7769525158392447,0.263791081483476,0.5131614343557687,train
2013-03-18,0.7670361588232686,0.27866915401784886,0.4883670048054197,train
2013-03-19,0.8237775250863701,0.466907809546047,0.35686971554032315,train
2013-03-20,0.6467236509418208,0.6327059673944518,0.014017683547368986,train
2013-03-21,0.5684518204901616,0.5895760560647452,-0.02112423557458354,train
2013-03-22,0.5188251834793618,0.6142797452591268,-0.09545456177976497,train
2013-03-25,0.40532713446082136,0.587071280779895,-0.18174414631907365,train
2013-03-26,-0.004122904681131553,0.7274508654469826,-0.7315737701281141,train
2013-03-27,-0.11357717305276788,0.5434905907108774,-0.6570677637636453,train
2013-03-28,-0.2155639669159935,0.4557168260618507,-0.6712807929778442,train
2013-03-29,0.19794475086798097,0.42417501567816607,-0.2262302648101851,train
2013-04-01,0.4835334009277428,0.2052540207336197,0.27827938019412307,train
2013-04-02,0.5237066039647313,0.06869207813345257,0.45501452583127877,train
2013-04-03,0.5862037076328847,0.0811158256933831,0.5050878819395015,train
2013-04-04,0.617310905660468,-0.003384750962731886,0.6206956566231998,train
2013-04-05,0.30952191776254034,0.3193350973390852,-0.009813179576544873,train
2013-04-08,0.0780463868619818,0.4347043593997738,-0.356657972537792,train
2013-04-09,0.14007672177556155,0.32684653729289087,-0.18676981551732932,train
2013-04-10,0.21445363110691926,0.42192619602781645,-0.2074725649208972,train
2013-04-11,0.36428828388209394,0.40115351990439396,-0.03686523602230002,train
2013-04-12,0.45791128292789307,0.2548980679987761,0.20301321492911695,train
2013-04-15,0.4818141638648102,0.23339666875005077,0.2484174951147594,train
2013-04-16,0.4209414692945154,0.27669099579528533,0.1442504734992301,train
2013-04-17,0.39934041187272784,0.3591883722904172,0.04015203958231062,train
2013-04-18,0.26056063001223967,0.4233749415874299,-0.16281431157519022,train
2013-04-19,0.18986026060819422,0.4257093610657051,-0.2358491004575109,train
2013-04-22,0.151243388709036,0.4175546926740222,-0.26631130396498615,train
2013-04-23,0.13611641811911301,0.29283288413060615,-0.15671646601149314,train
2013-04-24,0.02987593882434144,0.39353122895953274,-0.3636552901351913,train
2013-04-25,0.08518626801414146,0.24811153926529278,-0.1629252712511513,train
2013-04-26,0.48627668696209375,0.2237553645352759,0.26252132242681786,train
2013-04-29,0.7873655634910902,0.21269785088296,0.5746677126081302,train
2013-04-30,0.7860058433982493,0.1302997930648302,0.6557060503334191,train
2013-05-01,0.7450460292282999,0.1756243528848207,0.5694216763434792,train
2013-05-02,0.706180800258525,0.22519029671717777,0.48099050354134726,train
2013-05-03,0.41457665831656376,0.5065618634562419,-0.09198520513967812,train
2013-05-06,0.08519341053112423,0.6493900011713526,-0.5641965906402284,train
2013-05-07,0.17893204477426636,0.37121731770525634,-0.19228527293099,train
2013-05-08,0.306729142963597,0.3171563569941131,-0.010427214030516108,train
2013-05-09,0.3874829041005244,0.32223187465525455,0.06525102944526984,train
2013-05-10,0.42464031052790724,0.2613002054202185,0.16334010510768876,train
2013-05-13,0.3260642599972151,0.2666414315946684,0.0594228284025467,train
2013-05-14,0.2673640134698887,0.2617732011652198,0.005590812304668902,train
2013-05-15,0.21410550032558234,0.36309362880347207,-0.14898812847788973,train
2013-05-16,0.38606789643378014,0.40136396674350056,-0.015296070309720411,train
2013-05-17,0.4050207833325026,0.4153610462104037,-0.01034026287790113,train
2013-05-20,0.44521168623072094,0.3249139176216487,0.12029776860907226,train
2013-05-21,0.371932837796919,0.24240903821946935,0.12952379957744964,train
2013-05-22,0.3896800076688067,0.2680301954910731,0.12164981217773363,train
2013-05-23,0.24786921345847104,0.4518937121051225,-0.20402449864665148,train
2013-05-24,0.24398215486299535,0.3879556912023214,-0.14397353633932602,train
2013-05-27,0.26018775876742106,0.39570546873031975,-0.1355177099628987,train
2013-05-28,0.5038041122045228,0.05638713951436619,0.4474169726901566,train
2013-05-29,0.4757062638113959,0.2853618081072768,0.19034445570411912,train
2013-05-30,0.4664675873770815,0.2916624661742631,0.17480512120281838,train
2013-05-31,0.6268681870957947,0.28926367210196174,0.337604514993833,train
2013-06-03,0.6918126798235282,0.29231739225924475,0.3994952875642835,train
2013-06-04,0.5667126412350404,0.4930438167486415,0.07366882448639889,train
2013-06-05,0.6151789104532118,0.36752149413004037,0.24765741632317145,train
2013-06-06,0.5568821625792213,0.42619516721780354,0.13068699536141776,train
2013-06-07,0.40985606656393136,0.5936767028416992,-0.1838206362777678,train
2013-06-10,0.1849134145976882,0.5900441779823014,-0.4051307633846132,train
2013-06-11,0.15647009274037468,0.3887195081700414,-0.23224941542966673,train
2013-06-12,0.12654159696596715,0.49020087843311033,-0.3636592814671432,train
2013-06-13,0.23409036055079083,0.40407479309796374,-0.1699844325471729,train
2013-06-14,0.3429898667574152,0.4358175737518839,-0.09282770699446868,train
2013-06-17,0.4464632046889381,0.17649360705047673,0.26996959763846134,train
2013-06-18,0.5570345412437133,0.16176323315894536,0.39527130808476796,train
2013-06-19,0.5228403039147844,0.24413166449973583,0.2787086394150486,train
2013-06-20,0.45944728084400765,0.3217856585990291,0.13766162224497858,train
2013-06-21,0.2296294640459852,0.426419115750291,-0.19678965170430582,train
2013-06-24,0.17069593521545154,0.40095868283688657,-0.23026274762143503,train
2013-06-25,-0.0037196763165363664,0.49179989227461784,-0.4955195685911542,train
2013-06-26,-0.03248608888859865,0.4030868386788207,-0.4355729275674194,train
2013-06-27,0.028241180429562557,0.40984068458980294,-0.38159950416024035,train
2013-06-28,0.222795079878578,0.27306404608164936,-0.050268966203071364,train
2013-07-01,0.2777866679490997,0.2663421126762582,0.011444555272841495,train
2013-07-02,0.25462853106180927,0.11999890475684721,0.13462962630496206,train
2013-07-03,0.31041662800206665,0.13934623835599502,0.17107038964607163,train
2013-07-04,0.6142607409264462,0.22266272781119972,0.3915980131152465,train
2013-07-05,1.0052434135694934,0.33818579023790357,0.6670576233315899,train
2013-07-08,1.024872018098152,0.3083935314974786,0.7164784866006735,train
2013-07-09,1.0855234393952597,0.13529776552793027,0.9502256738673295,train
2013-07-10,1.0941086061805259,0.27988589388875035,0.8142227122917756,train
2013-07-11,0.9393283975182204,0.5463816102695279,0.3929467872486925,train
2013-07-12,0.36122663194226245,0.7499601743729725,-0.38873354243071,train
2013-07-15,0.2393364405986546,0.5658225934835761,-0.3264861528849215,train
2013-07-16,0.1174272701149322,0.6167422657666961,-0.4993149956517639,train
2013-07-17,-0.03903754561336233,0.6395288730356636,-0.678566418649026,train
2013-07-18,-0.09490278719147446,0.6158554370847723,-0.7107582242762468,train
2013-07-19,-0.0009240312328940533,0.31583865580092335,-0.3167626870338174,train
2013-07-22,-0.02592381056669989,0.2580852919644573,-0.2840091025311572,train
2013-07-23,-0.05863835414046048,0.1449600940610728,-0.20359844820153328,train
2013-07-24,-0.05713504064148955,0.0417602857391266,-0.09889532638061616,train
2013-07-25,0.03340789237684786,0.1572781334508887,-0.12387024107404085,train
2013-07-26,0.04981686644368414,0.1699596968497356,-0.12014283040605148,train
2013-07-29,0.25401674276685804,0.07580919904823752,0.17820754371862052,train
2013-07-30,0.27836137942434586,-0.0009382214309271442,0.279299600855273,train
2013-07-31,0.2763263089869929,0.01179950162303356,0.26452680736395934,train
2013-08-01,0.06925959852682638,0.21696913685782376,-0.14770953833099737,train
2013-08-02,-0.08016532975808241,0.17168144110316258,-0.25184677086124496,train
2013-08-05,-0.4897570098107675,0.30425320847052717,-0.7940102182812947,train
2013-08-06,-0.566982484362267,0.1702025190718544,-0.7371850034341214,train
2013-08-07,-0.49366193260911106,0.13620184677475222,-0.6298637793838633,train
2013-08-08,-0.6086194351608532,0.08578992617986675,-0.6944093613407198,train
2013-08-09,-0.032048959987517646,-0.02552056534486774,-0.006528394642649905,train
2013-08-12,0.024265766763385235,-0.26284298051600974,0.28710874727939495,train
2013-08-13,0.024987213392911062,-0.3065470074889201,0.33153422088183115,train
2013-08-14,0.039458940216259626,-0.21241479905812427,0.2518737392743839,train
2013-08-15,0.1768562777001195,-0.377666450361293,0.5545227280614125,train
2013-08-16,-0.10997514044288728,0.027298256541386512,-0.1372733969842738,train
2013-08-19,-0.0797014533436251,-0.13692608449172616,0.05722463114810106,train
2013-08-20,-0.10008816524262078,-0.19492838525038975,0.09484022000776897,train
2013-08-21,-0.11777515678766588,-0.09284927816139749,-0.024925878626268397,train
2013-08-22,-0.21499474794340082,0.04295332569170951,-0.2579480736351103,train
2013-08-23,-0.28022943159579555,-0.006847003565791598,-0.27338242803000395,train
2013-08-26,-0.34175324924361045,-0.06336643446437729,-0.27838681477923316,train
2013-08-27,-0.3494819779836427,-0.20851203738109292,-0.1409699406025498,train
2013-08-28,-0.3687945746194985,-0.10353784693653756,-0.26525672768296094,train
2013-08-29,-0.44894436859713,-0.14374607402955009,-0.3051982945675799,train
2013-08-30,-0.38668537261401514,-0.12228759831122121,-0.26439777430279393,train
2013-09-02,-0.18085012774188472,-0.2437907555597053,0.06294062781782059,train
2013-09-03,-0.10253837759659454,-0.34059082238777566,0.23805244479118112,train
2013-09-04,-0.1512368554076483,-0.2538995868430318,0.10266273143538351,train
2013-09-05,-0.11076312477333165,-0.35331794670828676,0.2425548219349551,train
2013-09-06,-0.23435518736869487,-0.2040753174540545,-0.030279869914640378,train
2013-09-09,-0.40769921834229766,-0.10780626693045803,-0.29989295141183964,train
2013-09-10,-0.4259066657856002,-0.13933014138913857,-0.28657652439646164,train
2013-09-11,-0.4808341068904068,-0.19872790698104625,-0.28210619990936053,train
2013-09-12,-0.0044071153960742165,-0.1345317653754443,0.1301246499793701,train
2013-09-13,0.055868607464817435,-0.18912582552400492,0.24499443298882234,train
2013-09-16,0.059784656742086315,-0.22322951016302012,0.28301416690510645,train
2013-09-17,0.10700880126132305,-0.2710936014812105,0.37810240274253354,train
2013-09-18,0.1344032408891876,-0.39421728739024287,0.5286205282794305,train
2013-09-19,-0.32802825398799296,0.018347804306208193,-0.34637605829420115,train
2013-09-20,-0.4518636133712612,-0.07746445347523556,-0.3743991598960256,train
2013-09-23,-0.5259433551945814,-0.12060997637105508,-0.40533337882352627,train
2013-09-24,-0.6339266134049502,-0.07152857928030909,-0.5623980341246411,train
2013-09-25,-0.5277775977165398,-0.12578346857545197,-0.4019941291410878,train
2013-09-26,-0.3724369422725271,-0.2942563335163411,-0.07818060875618599,train
2013-09-27,-0.2687632531791204,-0.31778588828085974,0.04902263510173932,train
2013-09-30,-0.2566932066657877,-0.36443330553051084,0.10774009886472313,train
2013-10-01,-0.295657968411691,-0.3890638127871193,0.09340584437542832,train
2013-10-02,-0.40554959683146014,-0.29786849422344935,-0.10768110260801078,train
2013-10-03,-0.4414736456737534,-0.20067503579548035,-0.24079860987827306,train
2013-10-04,-0.564415267267744,-0.15402323992703948,-0.41039202734070457,train
2013-10-07,-0.5561737683346805,-0.21654273352576253,-0.33963103480891793,train
2013-10-08,-0.5761903913260465,-0.29158020333196477,-0.2846101879940818,train
2013-10-09,-0.4350247875770107,-0.36748248908174197,-0.06754229849526872,train
2013-10-10,-0.40153394317118235,-0.2827136059978629,-0.11882033717331947,train
2013-10-11,-0.2633063669795059,-0.3801077982582703,0.11680143127876441,train
2013-10-14,-0.3085159035083651,-0.3728819459914599,0.0643660424830948,train
2013-10-15,-0.3123687608236213,-0.45425856452176744,0.14188980369814613,train
2013-10-16,-0.19850318757964172,-0.27800982182837164,0.07950663424872992,train
2013-10-17,-0.3275579597805119,-0.24743827310946487,-0.08011968667104702,train
2013-10-18,-0.40326827986513086,-0.15935776039610272,-0.24391051946902814,train
2013-10-21,-0.32899095289147057,-0.34804284695486687,0.019051894063396302,train
2013-10-22,-0.3197785456442351,-0.38496338964885246,0.06518484400461738,train
2013-10-23,-0.46126143651809476,-0.17148830394285858,-0.2897731325752362,train
2013-10-24,-0.3906321138076638,-0.3897191374045173,-0.000912976403146526,train
2013-10-25,-0.3243872295893094,-0.3239961695571092,-0.0003910600322001856,train
2013-10-28,-0.2877047655904923,-0.2986489840814987,0.010944218491006408,train
2013-10-29,-0.17257274734497297,-0.3719127519086881,0.19934000456371515,train
2013-10-30,-0.2124852405203678,-0.303430742156237,0.0909455016358692,train
2013-10-31,-0.1737471590355488,-0.29405677909064193,0.12030962005509313,train
2013-11-01,0.7113864242956698,-0.20579847385142563,0.9171848981470954,train
2013-11-04,0.7945166837670421,-0.22598355966807765,1.0205002434351198,train
2013-11-05,0.7543084771715799,-0.15735898484239025,0.9116674620139702,train
2013-11-06,0.7982338487698096,-0.2117653822042651,1.0099992309740746,train
2013-11-07,0.8274109537165045,-0.1492157708543247,0.9766267245708292,train
2013-11-08,0.07320878920760683,0.398118878277377,-0.3249100890697702,train
2013-11-11,-0.15590657804936786,0.23443615084740932,-0.3903427288967772,train
2013-11-12,-0.13189196966788205,-0.0296432634902406,-0.10224870617764145,train
2013-11-13,-0.18645289100402798,0.1685006033540566,-0.35495349435808454,train
2013-11-14,0.1003801938258934,0.2162865558820648,-0.1159063620561714,train
2013-11-15,0.19260650069839097,0.01663888488216314,0.17596761581622783,train
2013-11-18,0.18872584964239444,-0.14777606560049694,0.3365019152428914,train
2013-11-19,0.1958448522089474,-0.15593778329061214,0.35178263549955957,train
2013-11-20,0.18272357845275355,-0.08948684872101348,0.27221042717376703,train
2013-11-21,-0.1859802303924357,0.15270456902562213,-0.33868479941805785,train
2013-11-22,-0.4598215595278322,0.11767206337526348,-0.5774936229030957,train
2013-11-25,-0.4712111653030131,-0.018144255349989313,-0.4530669099530238,train
2013-11-26,-0.38920451767005065,-0.015731133783350892,-0.37347338388669976,train
2013-11-27,-0.4935221328107352,0.030449345991059973,-0.5239714788017952,train
2013-11-28,-0.4990732312935242,-0.09998447778483821,-0.399088753508686,train
2013-11-29,-0.17818832525815195,-0.25322472295352655,0.0750363976953746,train
2013-12-02,-0.06514728705613014,-0.24849775272455538,0.18335046566842522,train
2013-12-03,-0.180895571721382,-0.15222524084100048,-0.02867033088038151,train
2013-12-04,-0.171029671506455,-0.28528871587402094,0.11425904436756593,train
2013-12-05,-0.15935598982406732,-0.2431140957644965,0.08375810594042918,train
2013-12-06,-0.37686860670339056,0.002462089277217805,-0.37933069598060837,train
2013-12-09,-0.5251277614275304,-0.005626762004326213,-0.5195009994232042,train
2013-12-10,-0.44874920732304385,-0.2959988684340259,-0.15275033888901796,train
2013-12-11,-0.4336762127377953,-0.23806907584061837,-0.1956071368971769,train
2013-12-12,-0.022637339305161368,-0.17887517269421493,0.15623783338905356,train
2013-12-13,-0.019098639369824377,-0.22859377036317874,0.20949513099335437,train
2013-12-16,0.012601329179280422,-0.34194307982779104,0.35454440900707146,train
2013-12-17,-0.033745938675317465,-0.30377084466504545,0.270024905989728,train
2013-12-18,-0.0987701397675043,-0.2945053420968377,0.1957352023293334,train
2013-12-19,-0.22097009423079528,0.03317123365798513,-0.2541413278887804,train
2013-12-20,-0.2513933741904675,-0.11570790092879485,-0.13568547326167263,train
2013-12-23,-0.21506797782947978,-0.13247205228665332,-0.08259592554282646,train
2013-12-24,0.021159617830986487,-0.3111674651918457,0.33232708302283215,train
2013-12-27,0.11384460341350915,-0.4185074003354314,0.5323520037489405,train
2013-12-30,-0.10990275405781988,-0.14486550185686026,0.03496274779904038,train
2013-12-31,-0.10537502013680602,-0.29895639547650893,0.1935813753397029,train
2014-01-02,-0.1098627027892007,-0.25050536589365635,0.14064266310445567,train
2014-01-03,-0.173846759413468,-0.039727266029824904,-0.1341194933836431,train
2014-01-06,0.18387943450913002,-0.03286637698603412,0.21674581149516414,train
2014-01-07,0.14674549223778893,-0.12404484228099039,0.2707903345187793,train
2014-01-08,0.10380170852145319,-0.11602600641416771,0.21982771493562092,train
2014-01-09,0.08326853234072737,-0.09275669302971923,0.1760252253704466,train
2014-01-10,0.024131790677799483,-0.07704559511295817,0.10117738579075765,train
2014-01-13,-0.46971196167477786,0.15116934578551122,-0.620881307460289,train
2014-01-14,-0.5021346152772681,-0.09678015361652342,-0.4053544616607447,train
2014-01-15,-0.48304137355124355,-0.14115769858576166,-0.3418836749654819,train
2014-01-16,-0.5488698265160775,-0.09348931646581993,-0.4553805100502576,train
2014-01-17,-0.4616799812011116,-0.10514643778316746,-0.35653354341794413,train
2014-01-20,-0.2838606139070515,-0.2846183608435445,0.0007577469364930534,train
2014-01-21,-0.22143472951335263,-0.3583334136371572,0.13689868412380457,train
2014-01-22,-0.2217491277869432,-0.3081907183377678,0.08644159055082459,train
2014-01-23,-0.07857152151410553,-0.3577074533680992,0.2791359318539937,train
2014-01-24,-0.12605562232637613,-0.22906529263672493,0.1030096703103488,train
2014-01-27,-0.17792467436199674,-0.14880154185170513,-0.02912313251029161,train
2014-01-28,-0.14733220997093766,-0.18195297218104756,0.0346207622101099,train
2014-01-29,-0.1191299965990783,-0.20190130745968793,0.08277131086060963,train
2014-01-30,-0.2317389814818302,-0.02963302717834526,-0.20210595430348494,train
2014-01-31,-0.044688320286388805,-0.08863736526160271,0.0439490449752139,train
2014-02-03,-0.04329500338707557,-0.08855987037174529,0.045264866984669715,train
2014-02-04,-0.14822325698321578,-0.11303017767178186,-0.03519307931143392,train
2014-02-05,-0.13855574765048362,-0.12114312727888454,-0.017412620371599075,train
2014-02-06,-0.12231036659890115,-0.1624650947038157,0.04015472810491455,train
2014-02-07,-0.3200140856579693,0.029859466759020625,-0.3498735524169899,train
2014-02-10,-0.4799769283270936,-0.041737886240942546,-0.43823904208615105,train
2014-02-11,-0.4419492317327689,-0.30856589617814273,-0.13338333555462617,train
2014-02-12,-0.5188349519974486,-0.20150681089770117,-0.3173281410997474,train
2014-02-13,-0.6821880999414148,-0.17787407580774123,-0.5043140241336737,train
2014-02-14,-0.8377089310574628,-0.203578143846185,-0.6341307872112778,train
2014-02-17,-0.8381201544369435,-0.37879807533830234,-0.4593220790986412,train
2014-02-18,-0.8512723688190167,-0.363612210797605,-0.4876601580214117,train
2014-02-19,-0.8656799244488899,-0.38814354571648724,-0.4775363787324026,train
2014-02-20,-0.7938775591463084,-0.5324521530915213,-0.26142540605478715,train
2014-02-21,-0.7610778980995766,-0.5004868323874773,-0.26059106571209933,train
2014-02-24,-0.3210273511725227,-0.5305892619643058,0.2095619107917831,train
2014-02-25,-0.22979690755458188,-0.5648514530859645,0.33505454553138264,train
2014-02-26,-0.1792870271558947,-0.5719371778934813,0.3926501507375866,train
2014-02-27,-0.1243757174168689,-0.5327737605460146,0.4083980431291456,train
2014-02-28,-0.06293825348826539,-0.4807059236481541,0.41776767015988875,train
2014-03-03,-0.32266255896023277,-0.21207334453046423,-0.11058921442976855,train
2014-03-04,-0.44224377468480136,-0.27385631578719494,-0.16838745889760642,train
2014-03-05,-0.5364037714725128,-0.26869619549063467,-0.26770757598187817,train
2014-03-06,-0.6410929578334561,-0.22118054376511814,-0.41991241406833796,train
2014-03-07,-0.48773959362463754,-0.15264287641910235,-0.3350967172055352,train
2014-03-10,-0.48031427678440664,-0.27852376339025353,-0.2017905133941531,train
2014-03-11,-0.43000323480242525,-0.46757201051933595,0.037568775716910696,train
2014-03-12,-0.3112794281640416,-0.5251152391002321,0.21383581093619047,train
2014-03-13,-0.17730643969078688,-0.5477557808528486,0.37044934116206174,train
2014-03-14,-0.3398092050404254,-0.339542469529503,-0.0002667355109223779,train
2014-03-17,-0.37441661216372546,-0.4278274874855185,0.05341087532179306,train
2014-03-18,-0.17524795935448848,-0.4486900665633288,0.2734421072088403,train
2014-03-19,-0.15533143085152534,-0.31177655388199776,0.15644512303047242,train
2014-03-20,-0.217128176463717,-0.20546076551763076,-0.011667410946086226,train
2014-03-21,-0.20678834624977227,-0.2920738984100822,0.08528555216030992,train
2014-03-24,-0.1713915775418136,-0.33226238168724287,0.16087080414542926,train
2014-03-25,-0.2945791553530543,-0.12603260071685907,-0.16854655463619522,train
2014-03-26,-0.43405115766394176,-0.16045753224570064,-0.2735936254182411,train
2014-03-27,-0.5353060813793736,-0.2130058628282981,-0.32230021855107555,train
2014-03-28,-0.39523236405870077,-0.18759307025360844,-0.20763929380509233,train
2014-03-31,-0.3494111832638095,-0.17132724734960852,-0.17808393591420096,train
2014-04-01,-0.511267053947562,-0.19511836314252246,-0.31614869080503955,train
2014-04-02,-0.497379507238445,-0.3982901546006654,-0.09908935263777957,train
2014-04-03,-0.3943701128152132,-0.4622838351393235,0.06791372232411025,train
2014-04-04,-0.6795269864783477,-0.24701742718948733,-0.4325095592888604,train
2014-04-07,-0.9501526259544248,-0.2687637990916537,-0.6813888268627711,train
2014-04-08,-0.8556865062003465,-0.576219595177581,-0.27946691102276544,train
2014-04-09,-0.8567738829363056,-0.49494605004787223,-0.3618278328884334,train
2014-04-10,-0.9858497249929885,-0.35615011333361113,-0.6296996116593774,train
2014-04-11,-1.0161379627331903,-0.5650710825187595,-0.45106688021443087,train
2014-04-14,-1.1288984507912905,-0.7128328799211405,-0.41606557087014995,train
2014-04-15,-1.3354706524962638,-0.6050501300338654,-0.7304205224623984,train
2014-04-16,-1.4448383358719088,-0.6213612322972563,-0.8234771035746525,train
2014-04-17,-1.3605756356465382,-0.65245259529982,-0.7081230403467181,train
2014-04-18,-1.2517007100346158,-0.7470662661768211,-0.5046344438577947,train
2014-04-21,-1.1670080600584598,-1.1119363837301688,-0.05507167632829102,train
2014-04-22,-1.0350958754409532,-1.150148450891077,0.11505257545012393,train
2014-04-23,-0.926648464157399,-1.0866239126028168,0.15997544844541778,train
2014-04-24,-0.8961746158409388,-0.9787930741652292,0.08261845832429038,train
2014-04-25,-1.0475032270485463,-0.9886201848144732,-0.058883042234073035,train
2014-04-28,-0.7956813475050915,-1.0284836805027142,0.23280233299762276,train
2014-04-29,-0.8871165241781365,-0.8672222827108159,-0.01989424146732055,train
2014-04-30,-0.9410034069947301,-0.7820422233318364,-0.1589611836628937,train
2014-05-01,-1.1143537451307466,-0.7389198364077822,-0.37543390872296434,train
2014-05-02,-0.39707114304398167,-1.0586451068903453,0.6615739638463636,train
2014-05-05,-0.4753152572303835,-0.711295416814693,0.2359801595843095,train
2014-05-06,-0.45524806290781766,-1.0338887938032162,0.5786407308953985,train
2014-05-07,-0.37478803881453987,-0.940606013611151,0.5658179747966112,train
2014-05-08,-0.35362446182666313,-1.0312864049906714,0.6776619431640083,train
2014-05-09,-0.7664727467432316,-0.5238534709748803,-0.2426192757683513,train
2014-05-12,-0.7977044550609202,-0.7693777045988621,-0.028326750462058126,train
2014-05-13,-0.7892825628229195,-0.8530382906000675,0.063755727777148,train
2014-05-14,-0.9732460893688324,-0.6354384285871337,-0.33780766078169866,train
2014-05-15,-0.9102596567124711,-0.6957748122054312,-0.21448484450703986,train
2014-05-16,-1.078895606381481,-0.6880878511269762,-0.39080775525450473,train
2014-05-19,-1.1760127261583726,-0.7915993709434683,-0.3844133552149043,train
2014-05-20,-1.2213582733055994,-0.8561574521848666,-0.3652008211207328,train
2014-05-21,-1.219767976361364,-0.9079801213804143,-0.31178785498094974,train
2014-05-22,-1.3188356770036458,-0.7649907655833575,-0.5538449114202882,train
2014-05-23,-1.378818471578901,-0.8570743035562524,-0.5217441680226486,train
2014-05-26,-1.3022810863697802,-0.9949730861064837,-0.3073080002632965,train
2014-05-27,-1.1434057326105105,-1.0805723098236555,-0.062833422786855,train
2014-05-28,-1.0898568985795134,-1.0127178065589135,-0.07713909202059988,train
2014-05-29,-0.2770426578429107,-0.994421385883902,0.7173787280409913,train
2014-05-30,-0.16184575294831924,-1.0511848553740386,0.8893391024257193,train
2014-06-03,-0.16973777667594567,-1.0131218327187423,0.8433840560427966,train
2014-06-04,-0.17394849005165888,-0.8883264954129212,0.7143780053612623,train
2014-06-05,-0.177871555468521,-0.8947450865967351,0.7168735311282142,train
2014-06-06,-0.8214739896875054,-0.39927391811115537,-0.42220007157635003,train
2014-06-09,-1.0345848766720493,-0.47635402346181394,-0.5582308532102354,train
2014-06-10,-0.9422349195197219,-0.6268436432173379,-0.31539127630238406,train
2014-06-11,-0.9730853399503416,-0.61108730359347,-0.36199803635687167,train
2014-06-12,-0.9005914635015492,-0.6434501513009997,-0.2571413122005495,train
2014-06-13,-0.9452465421054899,-0.7190951594215798,-0.2261513826839101,train
2014-06-16,-0.9692292930381802,-0.8550949512370449,-0.11413434180113524,train
2014-06-17,-1.063106286961497,-0.7636415435611733,-0.2994647434003236,train
2014-06-18,-1.0852916060739737,-0.8394068763157666,-0.24588472975820708,train
2014-06-19,-1.1804982233723096,-0.7509349492794621,-0.42956327409284745,train
2014-06-20,-1.0955508578308457,-0.7891120765168318,-0.3064387813140139,train
2014-06-23,-1.1479545991178282,-0.8455751221666356,-0.3023794769511926,train
2014-06-24,-1.1273627451061008,-0.8930644224579907,-0.23429832264811012,train
2014-06-25,-1.178649088333063,-0.9088487674759145,-0.26980032085714845,train
2014-06-26,-1.2512336910761432,-0.9264985023013456,-0.3247351887747977,train
2014-06-27,-1.2944766670228256,-0.8073881285449248,-0.4870885384779008,train
2014-06-30,-1.3737071768260967,-0.9837039990320413,-0.39000317779405536,train
2014-07-01,-1.5016871236047746,-0.9045556129970747,-0.5971315106077,train
2014-07-02,-1.5622986730518333,-1.0054808733955805,-0.5568177996562529,train
2014-07-03,-1.5065188065957367,-1.0477342896473956,-0.4587845169483411,train
2014-07-04,-1.7020397534299627,-0.9412830737322263,-0.7607566796977364,train
2014-07-07,-1.6066904863643001,-1.262195349733401,-0.34449513663089903,train
2014-07-08,-1.5686943650630631,-1.270208073051317,-0.29848629201174615,train
2014-07-09,-1.305741946993873,-1.357583201041737,0.051841254047864105,train
2014-07-10,-1.3326621851643201,-1.2401155810647153,-0.0925466040996048,train
2014-07-11,-1.3787928369213895,-1.2942509726767364,-0.08454186424465315,train
2014-07-14,-1.217213944546423,-1.295292737125547,0.07807879257912398,train
2014-07-15,-1.2360252126784914,-1.272407331611066,0.03638211893257459,train
2014-07-16,-1.2751181282116166,-1.048495547549296,-0.22662258066232055,train
2014-07-17,-1.2927944553085424,-1.170099194564117,-0.12269526074442538,train
2014-07-18,-1.2223318939628454,-1.2157558457137463,-0.006576048249099076,train
2014-07-21,-1.3330988371164978,-1.0519536004824905,-0.28114523663400726,train
2014-07-22,-1.3955553424109954,-1.1935835902867866,-0.20197175212420881,train
2014-07-23,-1.626189069520041,-1.0837150092519319,-0.5424740602681091,train
2014-07-24,-1.3033418550563962,-1.1942702937115552,-0.10907156134484097,train
2014-07-25,-1.320767173489433,-1.1007341386069212,-0.2200330348825119,train
2014-07-28,-1.1162153840306412,-1.1759541371873798,0.0597387531567386,train
2014-07-29,-1.1024839673245084,-1.3909648970025625,0.28848092967805417,train
2014-07-30,-1.0581128084154898,-1.4334848727578158,0.37537206434232595,train
2014-07-31,-1.167132326101303,-1.1304025103463926,-0.0367298157549103,train
2014-08-01,-1.059646424696667,-1.2329636593922837,0.17331723469561666,train
2014-08-04,-1.1257753458513997,-1.050150033946367,-0.07562531190503274,train
2014-08-05,-1.1020066244736786,-1.2754467960869211,0.17344017161324254,train
2014-08-06,-1.093877010657654,-1.1387293828678042,0.04485237221015015,train
2014-08-07,-0.9875382129743502,-1.0671935833173423,0.07965537034299208,train
2014-08-08,-1.0029883322837916,-0.9871244795008617,-0.0158638527829299,train
2014-08-11,-0.9682162547665651,-1.0037042783277614,0.03548802356119629,train
2014-08-12,-0.9510786301299772,-1.1367758217131916,0.1856971915832144,train
2014-08-13,-0.837018661008964,-1.0748844942836933,0.2378658332747292,train
2014-08-14,-0.9269121527593888,-0.8900507159866218,-0.03686143677276699,train
2014-08-15,-0.9787183811999365,-0.9395487108957341,-0.039169670304202375,train
2014-08-18,-0.9749333573212476,-0.8922038661576478,-0.08272949116359984,train
2014-08-19,-0.9154943043987767,-1.0184403469427183,0.10294604254394168,train
2014-08-20,-0.9357605076045383,-0.8301462870940777,-0.10561422051046065,train
2014-08-21,-0.9023875524231546,-0.868767678150605,-0.033619874272549644,train
2014-08-22,-0.8014145564730311,-0.923707164482446,0.122292608009415,train
2014-08-25,-0.840647403558924,-0.842978070769195,0.002330667210270976,train
2014-08-26,-0.9146549072117512,-0.8761293308078176,-0.038525576403933615,train
2014-08-27,-1.0105103595471885,-0.8303896492061311,-0.18012071034105737,train
2014-08-28,-0.9584384033159479,-0.7791116775931458,-0.17932672572280206,train
2014-08-29,0.10147227360469928,-0.6925897174575651,0.7940619910622644,train
2014-09-01,0.153719563285277,-0.7484173296033448,0.9021368928886219,train
2014-09-02,0.2198969817584242,-0.9685156454615342,1.1884126272199584,train
2014-09-03,0.3314189541563185,-0.9652941365377175,1.2967130906940358,train
2014-09-04,0.39596688079824405,-0.802528922521376,1.19849580331962,train
2014-09-05,-0.22676180541497745,-0.2895423800730874,0.06278057465810996,train
2014-09-08,-0.2402940570371678,-0.49230497770249265,0.2520109206653248,train
2014-09-09,-0.2449241901715493,-0.41506048573680593,0.17013629556525664,train
2014-09-10,-0.3032731896493429,-0.19713573655918537,-0.10613745309015754,train
2014-09-11,-0.04660958880760767,-0.11035031025655395,0.06374072144894628,train
2014-09-12,0.029617709322333916,-0.2970398171370571,0.32665752645939106,train
2014-09-15,0.07549648800227517,-0.31214361082371406,0.3876400988259892,train
2014-09-16,0.08829811403654553,-0.3448244565111925,0.433122570547738,train
2014-09-17,0.05299764127721621,-0.31259521341708146,0.3655928546942977,train
2014-09-18,-0.2709127336703245,-0.07060906360041674,-0.20030367006990774,train
2014-09-19,-0.2702397850116888,-0.11080667361625918,-0.15943311139542965,train
2014-09-22,-0.37774293975533835,-0.09673850783673754,-0.2810044319186008,train
2014-09-23,-0.3596746668353569,-0.13802130348686958,-0.22165336334848734,train
2014-09-24,-0.1830347548747128,-0.17263454160441893,-0.010400213270293862,train
2014-09-25,-0.07033370978730884,-0.2422929565162258,0.17195924672891694,train
2014-09-26,0.08907378036211135,-0.15282708586858962,0.24190086623070095,train
2014-09-29,0.33683799863910663,-0.3067666936698515,0.6436046923089581,train
2014-09-30,0.3921230953641434,-0.2596933112569579,0.6518164066211013,train
2014-10-01,0.4202089463746691,-0.08780924524203182,0.5080181916167009,train
2014-10-02,0.6022527475704839,-0.01864010045390385,0.6208928480243877,train
2014-10-03,0.61119524968877,0.13394509116929343,0.4772501585194766,train
2014-10-06,0.49603068141961343,0.27193737373648397,0.22409330768312946,train
2014-10-07,0.5352891269658173,0.2065443338812304,0.32874479308458693,train
2014-10-08,0.4960386172294313,0.27798718773748066,0.21805142949195067,train
2014-10-09,0.669807607329691,0.45833227038599134,0.2114753369436997,train
2014-10-10,0.8405693440642921,0.43473790122224787,0.4058314428420442,train
2014-10-13,0.8923549387329093,0.28489104089839534,0.6074638978345139,train
2014-10-14,0.8575166544376065,0.35792526341478426,0.49959139102282224,train
2014-10-15,0.8880067975449452,0.31133235822623595,0.5766744393187092,train
2014-10-16,0.6176051927001728,0.5781790690175557,0.03942612368261711,train
2014-10-17,0.2961635409769314,0.64155162192015,-0.3453880809432186,train
2014-10-20,0.13509385711728952,0.556409129618961,-0.42131527250167156,train
2014-10-21,0.0769357080364942,0.445277114077773,-0.3683414060412788,train
2014-10-22,-0.02441733831272582,0.5352106063205404,-0.5596279446332663,train
2014-10-23,0.017111047775060954,0.4343201316694023,-0.41720908389434136,train
2014-10-24,-0.016717998257626654,0.33852703171498144,-0.3552450299726081,train
2014-10-27,0.2797508538213538,0.17184975468775604,0.10790109913359774,train
2014-10-28,0.38518620930799036,0.12367700418735489,0.26150920512063547,train
2014-10-29,0.36176788786270464,0.1478055487815868,0.21396233908111784,train
2014-10-30,0.2991411798971025,0.23953810531330744,0.059603074583795046,train
2014-10-31,0.5516602847499985,0.18068825845335323,0.3709720262966453,train
2014-11-03,0.49739536113882465,0.4145426061312379,0.08285275500758676,train
2014-11-04,0.4431224864020876,0.3950060761963947,0.048116410205692905,train
2014-11-05,0.4629602551792247,0.28487112029618034,0.17808913488304434,train
2014-11-06,0.5121912755813001,0.30696600412248926,0.2052252714588108,train
2014-11-07,0.20319399022906437,0.5482296965734959,-0.3450357063444315,train
2014-11-10,0.22925591970996406,0.4601045241184817,-0.23084860440851762,train
2014-11-11,0.2761777745406147,0.31674331412403256,-0.04056553958341785,train
2014-11-12,0.25600648095188455,0.33040197004257127,-0.07439548909068672,train
2014-11-13,0.184400273929917,0.42659169746992026,-0.24219142354000325,train
2014-11-14,0.33816555121885894,0.21467901900087344,0.1234865322179855,train
2014-11-17,0.25782651099414694,0.34682173912526537,-0.08899522813111843,train
2014-11-18,0.21510059588402142,0.2830794888309722,-0.06797889294695081,train
2014-11-19,0.23065906956358062,0.1972649251252082,0.03339414443837241,train
2014-11-20,0.2562387019968856,0.20812783634617704,0.048110865650708545,train
2014-11-21,0.06716215606739356,0.3560591336362836,-0.28889697756889005,train
2014-11-24,-0.053760603762192834,0.30814791326190427,-0.3619085170240971,train
2014-11-25,-0.006538075693248588,0.21884126470343257,-0.22537934039668117,train
2014-11-26,-0.05761301210660115,0.22195209378181036,-0.2795651058884115,train
2014-11-27,-0.11685915829401998,0.28811044808020186,-0.40496960637422186,train
2014-11-28,0.3580515292991868,0.11418453935291623,0.2438669899462706,train
2014-12-01,0.5353117214078698,0.1060806537814436,0.42923106762642615,train
2014-12-02,0.5008698743603416,0.16573559823833395,0.33513427612200763,train
2014-12-03,0.6164073928314764,0.03245524383342857,0.5839521489980478,train
2014-12-04,0.6356722094659759,0.05963316631242366,0.5760390431535523,train
2014-12-05,0.5161440421385407,0.4025059208631104,0.11363812127543033,train
2014-12-08,0.4069816565203427,0.42767532930826296,-0.02069367278792028,train
2014-12-09,0.4632267438368853,0.26239121514046243,0.20083552869642285,train
2014-12-10,0.5291861086684485,0.42725808262749987,0.10192802604094864,train
2014-12-11,0.7385060959297743,0.38933734133035036,0.349168754599424,train
2014-12-12,0.684435814970956,0.47383779631104417,0.2105980186599118,train
2014-12-15,0.642508455750377,0.3616193530159887,0.2808891027343883,train
2014-12-16,0.5670892879497624,0.39381057287042265,0.17327871507933978,train
2014-12-17,0.3695829298141014,0.49176709323235357,-0.12218416341825217,train
2014-12-18,-0.09508547486760338,0.6417306900487797,-0.7368161649163831,train
2014-12-19,-0.48295389219538143,0.5483260964443641,-1.0312799886397457,train
2014-12-22,-0.5325383968119295,0.4384067219836527,-0.9709451187955822,train
2014-12-23,-0.4634853517055631,0.2989947325325877,-0.7624800842381507,train
2014-12-24,-0.4831575486938924,0.17193120156800046,-0.6550887502618928,train
2014-12-26,-0.2744183409085471,-0.0705018436527643,-0.2039164972557828,train
2014-12-29,0.12311102505598931,-0.27957109191575236,0.40268211697174167,train
2014-12-30,0.2541744417175919,-0.15060603947560086,0.40478048119319276,train
2014-12-31,0.39909738972012937,-0.12261108589186875,0.5217084756119981,train
2015-01-02,0.4914057532453935,-0.20011085681892132,0.6915166100643149,train
2015-01-05,0.5386376238428434,-0.01430196238844994,0.5529395862312934,train
2015-01-06,0.4257959130315076,0.26301210597732383,0.16278380705418377,train
2015-01-07,0.3967250714442876,0.28922394356181125,0.10750112788247634,train
2015-01-08,0.46901682347036017,0.36265902987644666,0.10635779359391351,train
2015-01-09,1.2878581937286089,0.3711491381169471,0.9167090556116617,train
2015-01-12,1.3763517196058879,0.42813757015315695,0.948214149452731,train
2015-01-13,1.3995040661389744,0.3476502011439864,1.051853864994988,train
2015-01-14,1.398856785019103,0.36176622901558303,1.03709055600352,train
2015-01-15,1.5047421872366549,0.45685660829807995,1.0478855789385748,train
2015-01-16,1.3368887342651106,0.9591973280876813,0.37769140617742925,train
2015-01-19,1.6181429879619948,0.7973946735454279,0.8207483144165669,train
2015-01-20,1.7085615626850343,0.7281924545308746,0.9803691081541598,train
2015-01-21,1.811143230285737,0.6910546454518363,1.1200885848339008,train
2015-01-22,1.7490653217947998,0.9371112543753921,0.8119540674194077,train
2015-01-23,1.5236641581560342,1.0300385362535485,0.4936256219024857,train
2015-01-26,1.1746764883967864,1.18550118740482,-0.010824699008033623,train
2015-01-27,1.0238068374213094,1.1495369496701373,-0.1257301122488279,train
2015-01-28,0.8797746661569849,1.2923308531802977,-0.41255618702331287,train
2015-01-29,0.8414993391366682,1.2141446989505447,-0.3726453598138765,train
2015-01-30,0.9328477286612377,1.0724282741398579,-0.1395805454786202,train
2015-02-02,1.110277314489651,1.0084654212848514,0.10181189320479955,train
2015-02-03,1.0888827316746867,0.9027463309811524,0.18613640069353432,train
2015-02-04,1.065110235848287,0.914840044642226,0.1502701912060609,train
2015-02-05,1.0088066043821895,0.893165715676831,0.11564088870535849,train
2015-02-06,0.9418959462714328,0.9838654967064081,-0.0419695504349753,train
2015-02-09,0.5953429138684544,1.1255966757313365,-0.5302537618628821,train
2015-02-10,0.5698883055439392,0.9287104588600378,-0.35882215331609857,train
2015-02-11,0.507339923787252,0.9741432894570312,-0.4668033656697792,train
2015-02-12,0.5921928033152277,0.8967589725072063,-0.30456616919197854,train
2015-02-13,0.49321105684418837,0.9338413885219897,-0.44063033167780136,train
2015-02-16,0.6966972920826868,0.7285400172601733,-0.03184272517748643,train
2015-02-17,0.7095078807245091,0.6756711118425122,0.03383676888199694,train
2015-02-18,0.6871521705465485,0.6797603468872173,0.00739182365933122,train
2015-02-19,0.536288620887428,0.7618265241150052,-0.22553790322757716,train
2015-02-20,0.5230279742092739,0.664727047291682,-0.14169907308240803,train
2015-02-23,0.3384653029455267,0.843791953493811,-0.5053266505482843,train
2015-02-24,0.24080611107089092,0.7075290819946144,-0.4667229709237235,train
2015-02-25,0.15553853220807448,0.6705431840851696,-0.5150046518770951,train
2015-02-26,0.24814778152511763,0.5102862602266123,-0.26213847870149465,train
2015-02-27,0.36524383563826174,0.5425148432417285,-0.17727100760346676,train
2015-03-02,0.7565861362254682,0.5195021573882117,0.23708397883725651,train
2015-03-03,0.8051602132428113,0.3297943698094403,0.47536584343337096,train
2015-03-04,1.0124489612332603,0.30338094740845883,0.7090680138248016,train
2015-03-05,1.1941190634364671,0.412177640968165,0.7819414224683021,train
2015-03-06,1.435333950808799,0.5016625627085942,0.9336713881002048,train
2015-03-09,1.3695077242182063,0.7418708504990532,0.6276368737191531,train
2015-03-10,1.442841516221189,0.5639347984988546,0.8789067177223343,train
2015-03-11,1.3688068480164313,0.8190192724219307,0.5497875755945005,train
2015-03-12,2.1868335819320253,0.9545118088729081,1.2323217730591172,train
2015-03-13,2.2216763639003245,1.1413553497263131,1.0803210141740114,train
2015-03-16,2.2362272572964614,1.0401913910418341,1.1960358662546273,train
2015-03-17,2.2979644251271782,1.0597399812946713,1.238224443832507,train
2015-03-18,2.3684558599307364,0.9662971970095621,1.4021586629211744,train
2015-03-19,1.6775703474647978,2.0155092584089926,-0.3379389109441948,train
2015-03-20,1.4588422482976324,1.4405971306157486,0.01824511768188386,train
2015-03-23,1.416158146517074,1.368086494782873,0.048071651734201026,train
2015-03-24,1.2521196105639456,1.4878297757142478,-0.2357101651503022,train
2015-03-25,1.0481951011162465,1.5823231732349374,-0.534128072118691,train
2015-03-26,1.0691280567158998,1.2533926567995446,-0.18426460008364476,train
2015-03-27,1.0615668283929631,1.20449462915924,-0.14292780076627687,train
2015-03-30,1.26134711337854,1.2339797536846193,0.02736735969392079,train
2015-03-31,1.2286974333549752,1.126714063768736,0.1019833695862391,train
2015-04-01,1.2422760576327962,1.0444698434497355,0.19780621418306077,train
2015-04-02,1.2629468740645815,1.0949028058523305,0.16804406821225104,train
2015-04-03,1.2162049325640474,1.1133829946508995,0.10282193791314787,train
2015-04-06,0.91282959319388,1.3412581881168355,-0.4284285949229555,train
2015-04-07,0.9444852538834876,1.1167645022132344,-0.17227924832974684,train
2015-04-08,1.07640314537852,1.152532217095342,-0.07612907171682193,train
2015-04-09,1.1339458383983372,1.2003730417902745,-0.0664272033919373,train
2015-04-10,1.3345161237999759,1.1072551241948214,0.22726099960515445,train
2015-04-13,1.406226974369238,1.0319768366716302,0.37425013769760773,train
2015-04-14,1.3951913216370997,1.0354601470663127,0.35973117457078696,train
2015-04-15,1.2938632718377683,1.1692669225396402,0.12459634929812813,train
2015-04-16,1.207253403749964,1.1819293479876298,0.025324055762334208,train
2015-04-17,1.0817169984499495,1.331360245544918,-0.24964324709496855,train
2015-04-20,1.0687382777986374,1.2839053961244091,-0.21516711832577173,train
2015-04-21,1.0672290513198792,1.177655260938157,-0.11042620961827776,train
2015-04-22,1.0586338240634163,1.1331642546482932,-0.07453043058487685,train
2015-04-23,1.2486746881113198,1.0800646772214237,0.16861001088989602,train
2015-04-24,1.4547252601208174,1.0898508467895875,0.36487441333122983,train
2015-04-27,1.4545081786593799,1.094214469287267,0.3602937093721128,train
2015-04-28,1.436223838775956,1.015633909947276,0.42058992882868007,train
2015-04-29,1.5263261377448651,1.013491505898059,0.5128346318468062,train
2015-04-30,1.4485620632625942,1.2217972289249734,0.22676483433762074,train
2015-05-01,1.2350139993023275,1.35516375369376,-0.1201497543914325,train
2015-05-04,1.4387164302446602,1.241286167083756,0.19743026316090417,train
2015-05-05,1.4701810473805357,1.1182970348881691,0.35188401249236656,train
2015-05-06,1.372706523408972,1.2914913569055075,0.08121516650346439,train
2015-05-07,1.366968442309684,1.247753907727695,0.11921453458198905,train
2015-05-08,1.3340488516388798,1.1709434575912638,0.16310539404761593,train
2015-05-11,1.0640566257276471,1.3746545793514373,-0.31059795362379017,train
2015-05-12,1.0499619720209659,1.2277650629734551,-0.17780309095248925,train
2015-05-13,1.2525474373006593,1.1608648177727379,0.09168261952792145,train
2015-05-14,1.2772607782083025,1.2325047012398018,0.0447560769685007,train
2015-05-15,1.2864776167323724,1.1705271218667226,0.11595049486564979,train
2015-05-18,1.3533998371219393,1.0981433589143075,0.25525647820763187,train
2015-05-19,1.2922741568991092,1.0376186262076967,0.25465553069141245,train
2015-05-20,1.1221820477701374,1.2521553716682485,-0.12997332389811111,train
2015-05-21,1.0838369184309253,1.222993809600464,-0.13915689116953867,train
2015-05-22,1.0949393278795918,1.1824101357228867,-0.08747080784329486,train
2015-05-25,0.9622794076905152,1.272134745669778,-0.3098553379792628,train
2015-05-26,1.0918860133478643,1.0069488403660716,0.08493717298179271,train
2015-05-27,1.205492822433259,1.0623813462357279,0.14311147619753117,train
2015-05-28,1.3448711940380178,1.0964085794924392,0.2484626145455786,train
2015-05-29,1.3943622562430344,1.0889169870360362,0.3054452692069982,train
2015-06-01,1.6181248268869102,0.9897582565926761,0.628366570294234,train
2015-06-02,1.6568104047678467,1.0844912672933327,0.572319137474514,train
2015-06-03,1.6205797334368295,1.1950306928722099,0.4255490405646196,train
2015-06-04,1.5601789351290603,1.307815360943465,0.2523635741855952,train
2015-06-05,1.5030696885637975,1.2683746221912515,0.234695066372546,train
2015-06-08,1.320754030295248,1.4835106294344165,-0.1627565991391684,train
2015-06-09,1.2463540856180968,1.395141146100431,-0.14878706048233425,train
2015-06-10,1.1489160820653201,1.3475508020805798,-0.1986347200152596,train
2015-06-11,0.9802284717865796,1.3706040527452688,-0.3903755809586892,train
2015-06-12,1.0510153271482279,1.2669183943570725,-0.21590306720884467,train
2015-06-15,0.9120919519000352,1.248719256646591,-0.3366273047465558,train
2015-06-16,0.8967185538355092,1.1601699657528732,-0.263451411917364,train
2015-06-17,0.9294427301148288,1.0557059770697403,-0.12626324695491153,train
2015-06-18,0.9218647674851471,1.0014097459280575,-0.07954497844291042,train
2015-06-19,0.7479905468634074,1.1081158412460093,-0.3601252943826019,train
2015-06-22,0.7503022978620696,0.9347259200634748,-0.18442362220140518,train
2015-06-23,1.2392170202544228,0.963484907272547,0.27573211298187583,train
2015-06-24,1.3069192911863345,0.9655631482470638,0.34135614293927075,train
2015-06-25,1.3439997446938032,0.9477424366772619,0.39625730801654135,train
2015-06-26,1.4265361436813053,0.8581757615017785,0.5683603821795268,train
2015-06-29,1.3948589745360471,0.8601399257237349,0.5347190488123122,train
2015-06-30,1.0709380817969456,1.2352241238397725,-0.16428604204282693,train
2015-07-01,1.03001425986779,1.1215721060163064,-0.09155784614851648,train
2015-07-02,1.0502108823696874,1.1051845726043912,-0.054973690234703776,train
2015-07-03,0.980666553804805,1.1882701269155773,-0.20760357311077227,train
2015-07-06,1.1541864264267718,0.9887873566187171,0.16539906980805474,train
2015-07-07,1.2235445927004613,1.0566516543783948,0.16689293832206653,train
2015-07-08,1.1597581252656455,1.0012660312506216,0.15849209401502384,train
2015-07-09,1.0964798553566881,1.008604941914678,0.08787491344201004,train
2015-07-10,1.1023738839522474,0.9461231194672323,0.15625076448501518,train
2015-07-13,0.9124057284161482,1.1012830401670306,-0.1888773117508824,train
2015-07-14,0.5743284238195482,1.164494420530076,-0.5901659967105278,train
2015-07-15,0.5590329621718815,0.9842360681203054,-0.4252031059484239,train
2015-07-16,0.5253883423364317,0.9528740929530909,-0.42748575061665917,train
2015-07-17,0.5088414127132226,0.9957423238722815,-0.48690091115905887,train
2015-07-20,0.6043040743541757,0.775670534923295,-0.1713664605691193,train
2015-07-21,0.7215301177882554,0.6229702523544496,0.0985598654338058,train
2015-07-22,0.6527513559108878,0.6836698426655348,-0.030918486754646923,train
2015-07-23,0.6840405579502024,0.6634943667743411,0.020546191175861206,train
2015-07-24,0.5922147388782641,0.7067597064847883,-0.1145449676065241,train
2015-07-27,0.8947673109985158,0.7252387043199182,0.1695286066785976,train
2015-07-28,0.8048073928016581,0.8049413591963955,-0.0001339663947373948,train
2015-07-29,0.8244700453664262,0.6527968702295679,0.1716731751368583,train
2015-07-30,0.8028088022508166,0.7344139545778658,0.06839484767295079,train
2015-07-31,0.7612028237115562,0.6457849580095719,0.11541786570198431,train
2015-08-03,0.6425810484321517,0.9181831222177061,-0.27560207378555446,train
2015-08-04,0.6866467290659453,0.6276160878450648,0.05903064122088042,train
2015-08-05,0.8047777775263742,0.6588098380518469,0.14596793947452735,train
2015-08-06,0.8562869133106848,0.6813102837048313,0.17497662960585358,train
2015-08-07,0.9460830088551468,0.5686484756174234,0.37743453323772347,train
2015-08-10,0.7222807313587787,0.7354608683369919,-0.013180136978213186,train
2015-08-11,0.7065910761200066,0.6228018765586776,0.08378919956132902,train
2015-08-12,0.5374377217217666,0.7445488435631104,-0.20711112184134373,train
2015-08-13,0.5068150809898465,0.749219669585373,-0.2424045885955265,train
2015-08-14,0.477122172734416,0.7983399881895701,-0.3212178154551541,train
2015-08-17,0.5489402158730902,0.6426200447071141,-0.09367982883402393,train
2015-08-18,1.3472072406123754,0.6266808800311225,0.7205263605812529,train
2015-08-19,1.5968407033566259,0.48688862031812913,1.1099520830384968,train
2015-08-20,1.7228400505741042,0.5954419388548914,1.127398111719213,train
2015-08-21,1.7671756981154554,0.5774504059928034,1.189725292122652,train
2015-08-24,1.7931440974847477,0.6155992686074663,1.1775448288772814,train
2015-08-25,1.393947460443027,1.108961129270463,0.284986331172564,train
2015-08-26,1.2323176702983154,1.1740260223143333,0.05829164798398212,train
2015-08-27,1.0164613529638018,1.241583254862519,-0.22512190189871717,train
2015-08-28,1.0105454129475644,1.2201090872114062,-0.20956367426384181,train
2015-08-31,1.034622144494858,1.2294784201614282,-0.19485627566657016,train
2015-09-01,0.957444120085051,1.0473554098742397,-0.08991128978918872,train
2015-09-02,0.7975921159542179,1.0559295759272682,-0.25833745997305035,train
2015-09-03,0.7285012235400209,0.9121654149147064,-0.18366419137468548,train
2015-09-04,0.6348975349861602,0.9771966453201102,-0.34229911033395,train
2015-09-07,0.4852120134884351,0.9930465369349024,-0.5078345234464673,train
2015-09-08,0.4946696045583367,0.7871219236658868,-0.29245231910755015,train
2015-09-09,0.4431885791123828,0.7474239043731726,-0.30423532526078984,train
2015-09-10,0.4683329734372455,0.6961135637351973,-0.22778059029795178,train
2015-09-11,0.6414079372553954,0.7330323716057984,-0.09162443435040302,train
2015-09-14,0.6871867879711506,0.6539308078628362,0.03325598010831443,train
2015-09-15,0.7199740633439647,0.5864062716771259,0.13356779166683885,train
2015-09-16,0.752528555477603,0.5460277069129558,0.20650084856464723,train
2015-09-17,0.8658644323378514,0.6084017323612148,0.2574626999766366,train
2015-09-18,0.7118527431578714,0.8003128971611495,-0.08846015400327811,train
2015-09-21,0.7353739090828193,0.7483217804237812,-0.01294787134096187,train
2015-09-22,0.751490090928132,0.7051842289546053,0.04630586197352671,train
2015-09-23,0.8079001791272029,0.7160196375495278,0.09188054157767511,train
2015-09-24,0.6760296418186661,0.8458790366841912,-0.16984939486552508,train
2015-09-25,0.5711599531720335,0.7283403568055413,-0.15718040363350783,train
2015-09-28,0.9970307195463909,0.7574166053067415,0.2396141142396494,train
2015-09-29,0.9965641287078557,0.6969594172629741,0.29960471144488166,train
2015-09-30,0.9317369217899113,0.752583730938042,0.17915319085186932,train
2015-10-01,0.9232576429905343,0.6405622315790949,0.2826954114114394,train
2015-10-02,0.9774987547590361,0.521518712706976,0.4559800420520601,train
2015-10-05,0.42670059097577173,0.9384633690678561,-0.5117627780920844,train
2015-10-06,0.2864722777544241,0.6855034114006848,-0.39903113364626075,train
2015-10-07,0.27242064732909943,0.5782879798638624,-0.30586733253476295,train
2015-10-08,0.2759204102392893,0.5927153527707973,-0.31679494253150803,train
2015-10-09,0.3667941888507456,0.673743686987673,-0.30694949813692735,train
2015-10-12,0.37724244380660144,0.5319805078181261,-0.15473806401152468,train
2015-10-13,0.41739150552727833,0.31206170464089705,0.10532980088638128,train
2015-10-14,0.3687792478543743,0.3708386653532283,-0.002059417498853966,train
2015-10-15,0.2910791720417887,0.4038681063081992,-0.11278893426641051,train
2015-10-16,0.44257475337206864,0.5217609137881338,-0.07918616041606519,train
2015-10-19,0.6091915233809367,0.4745816700338022,0.13460985334713454,train
2015-10-20,0.6182856193602906,0.40920139551266743,0.20908422384762315,train
2015-10-21,0.6654581580943798,0.3236087232442959,0.3418494348500839,train
2015-10-22,1.0282825985038548,0.2882027832351946,0.7400798152686603,train
2015-10-23,0.9100385625911112,0.5359270338641874,0.37411152872692377,train
2015-10-26,0.8171498071235448,0.5768280027595609,0.24032180436398387,train
2015-10-27,0.829501826720078,0.41739945989429433,0.41210236682578366,train
2015-10-28,0.8304198516373373,0.4658121223237466,0.36460772931359076,train
2015-10-29,0.46893398451756285,0.8521809220015477,-0.38324693748398486,train
2015-10-30,0.3981512400048149,0.6535598602419528,-0.2554086202371379,train
2015-11-02,0.8328568689716498,0.6234992983952912,0.20935757057635862,train
2015-11-03,0.8553084729535828,0.562589725826573,0.29271874712700985,train
2015-11-04,0.8795465003433636,0.5392281745866019,0.3403183257567617,train
2015-11-05,0.8538693555861411,0.47998531474499373,0.37388404084114735,train
2015-11-06,1.0234521287735934,0.43149542313373646,0.5919567056398569,train
2015-11-09,0.69623713866576,0.7817591887640316,-0.08552205009827163,train
2015-11-10,0.7107957900500239,0.571751993277879,0.13904379677214496,train
2015-11-11,0.6852496563660263,0.5938426464476678,0.09140700991835848,train
2015-11-12,0.6656510706014781,0.5660180826827144,0.09963298791876374,train
2015-11-13,0.47384964495430715,0.8092839381507895,-0.3354342931964823,train
2015-11-16,0.36243667113481254,0.6502108302493322,-0.2877741591145197,train
2015-11-17,0.31788352592990776,0.6120957436492627,-0.2942122177193549,train
2015-11-18,0.31264881846511255,0.5558677407149313,-0.24321892224981873,train
2015-11-19,0.3872728582875115,0.5270345823728175,-0.13976172408530602,train
2015-11-20,0.1716629145572567,0.5593107191539266,-0.3876478045966699,train
2015-11-23,0.07696211433888611,0.47080390510880116,-0.39384179076991505,train
2015-11-24,-0.020760777958376588,0.4364766500349018,-0.45723742799327843,train
2015-11-25,-0.07296824274905638,0.41078982021788807,-0.48375806296694446,train
2015-11-26,-0.10584411538993059,0.4956870565607838,-0.6015311719507144,train
2015-11-27,1.4806851380611425,0.1608480969671563,1.3198370410939861,train
2015-11-30,1.639936594289648,0.17112611504146458,1.4688104792481833,train
2015-12-01,1.655181405701518,0.11991582311183852,1.5352655825896795,train
2015-12-02,1.6630406874944046,0.11872360427474737,1.5443170832196573,train
2015-12-03,1.6674244036317418,0.1764024470320022,1.4910219565997396,train
2015-12-04,0.6971821175968974,1.0490156405574667,-0.35183352296056924,train
2015-12-07,0.43748017925413046,0.8723942098591477,-0.43491403060501727,train
2015-12-08,0.4708627999387921,0.7062075221517878,-0.23534472221299574,train
2015-12-09,0.5056596058099723,0.6969251587459686,-0.19126555293599634,train
2015-12-10,0.7919464994165821,0.7518870822965229,0.040059417120059226,train
2015-12-11,0.8521030183471439,0.519508250317319,0.3325947680298249,train
2015-12-14,0.8194310706937754,0.5294645425837287,0.28996652811004675,train
2015-12-15,0.7911784371293237,0.469887070037468,0.3212913670918557,train
2015-12-16,0.7390921341193813,0.4832089731728972,0.25588316094648417,train
2015-12-17,0.37070120888916835,0.7459606334840732,-0.3752594245949048,train
2015-12-18,0.18197052544172915,0.6810340766920782,-0.499063551250349,train
2015-12-21,-0.02927612349418867,0.6543233862747608,-0.6835995097689495,train
2015-12-22,-0.033927683312220666,0.5520873457572452,-0.5860150290694658,train
2015-12-23,-0.046048246472823365,0.4704763712712182,-0.5165246177440416,train
2015-12-24,-0.004331793703784831,0.3860474114784853,-0.39037920518227015,train
2015-12-28,0.2605976354079572,0.2739338732556563,-0.013336237847699106,train
2015-12-29,0.3516148238440553,0.15583795619724178,0.1957768676468135,train
2015-12-30,0.47364839377417806,0.22244430319843128,0.2512040905757468,train
2015-12-31,0.6971282768654086,0.17988193504084443,0.5172463418245641,train
2016-01-04,0.9387520841473245,0.26865647403933673,0.6700956101079878,train
2016-01-05,0.9647805488866434,0.4533705847396084,0.5114099641470351,train
2016-01-06,0.981961349929117,0.4214742224889964,0.5604871274401206,train
2016-01-07,0.9629254525085889,0.49836241317899893,0.4645630393295899,train
2016-01-08,0.935754824038566,0.648444496084559,0.287310327954007,train
2016-01-11,0.8465407029537294,0.8155705275270272,0.030970175426702218,train
2016-01-12,0.6776642446457458,0.7810222182256489,-0.10335797357990306,train
2016-01-13,0.6701787499237006,0.7134686839262387,-0.04328993400253811,train
2016-01-14,0.6885629320012836,0.7216434758118965,-0.03308054381061287,train
2016-01-15,0.9248581272766181,0.7603481303473919,0.1645099969292262,train
2016-01-18,0.8149907073167333,0.7718986103753032,0.043092096941430125,train
2016-01-19,0.8021260227117748,0.5024844180458713,0.2996416046659035,train
2016-01-20,0.7584580102316405,0.5541016939741132,0.20435631625752726,train
2016-01-21,0.7298254228929417,0.5979486169137056,0.13187680597923612,train
2016-01-22,0.26209091711210974,0.8207725119768456,-0.5586815948647359,train
2016-01-25,0.3814484920221414,0.6092563862637657,-0.22780789424162423,train
2016-01-26,0.40772333545301354,0.48321354324216925,-0.07549020778915572,train
2016-01-27,0.3926095677544859,0.4898842730850909,-0.097274705330605,train
2016-01-28,0.6072014445778883,0.5498862348677246,0.057315209710163684,train
2016-01-29,0.81043653571169,0.39916863419222115,0.4112679015194689,train
2016-02-01,0.8313557028379873,0.5446376538840558,0.2867180489539315,train
2016-02-02,0.9515487420466362,0.43002804463563304,0.5215206974110032,train
2016-02-03,1.120732353929952,0.40692638995811087,0.7138059639718413,train
2016-02-04,1.0716538743919146,0.6646770982944445,0.40697677609747007,train
2016-02-05,1.1089294467050261,0.7580153900518308,0.3509140566531953,train
2016-02-08,1.0768584190472037,0.7385336028571365,0.33832481619006716,train
2016-02-09,0.9905423820371918,0.7993499898287136,0.19119239220847817,train
2016-02-10,0.8183797457943531,0.9523899201374275,-0.13401017434307438,train
2016-02-11,0.7020421007493517,0.8999681271730814,-0.1979260264237297,train
2016-02-12,0.4363215000148293,0.981967787725958,-0.5456462877111288,train
2016-02-15,0.3350305650460664,0.884851773824586,-0.5498212087785197,train
2016-02-16,0.33076751166137025,0.7303170724811747,-0.3995495608198045,train
2016-02-17,0.3543040734967211,0.6221361278186646,-0.26783205432194346,train
2016-02-18,0.3873998200162206,0.6051488133011744,-0.21774899328495384,train
2016-02-19,0.36189838593381746,0.5337471930052252,-0.17184880707140776,train
2016-02-22,0.39300862316514884,0.49350301007831054,-0.1004943869131617,train
2016-02-23,0.3927856568143309,0.43664510797450146,-0.04385945116017054,train
2016-02-24,0.4396952363158197,0.4611863498471084,-0.021491113531288686,train
2016-02-25,0.346885546405957,0.5173722971562118,-0.17048675075025482,train
2016-02-26,0.3563275692942989,0.4780326920048369,-0.12170512271053802,train
2016-02-29,0.6504238450853974,0.5274174780071658,0.12300636707823165,train
2016-03-01,0.6237484779932564,0.4735128088305788,0.1502356691626776,train
2016-03-02,0.577317097393591,0.5373218270639464,0.03999527032964467,train
2016-03-03,0.5959005225755355,0.41585621420915475,0.18004430836638075,train
2016-03-04,1.5861037716298023,0.4777164436444349,1.1083873279853673,train
2016-03-07,1.5135994871342258,0.7136964975801308,0.799902989554095,train
2016-03-08,1.5263282266974179,0.45951231219529226,1.0668159145021257,train
2016-03-09,1.5154766458384241,0.46782265517656063,1.0476539906618636,train
2016-03-10,1.603662463397617,0.4558561492072338,1.1478063141903834,train
2016-03-11,0.7192523199918107,1.1993462439817697,-0.480093923989959,train
2016-03-14,0.571767861161961,0.7571422865260309,-0.1853744253640699,train
2016-03-15,0.5359987662134542,0.6621981024496453,-0.12619933623619106,train
2016-03-16,0.6082978155538438,0.6061297083727838,0.002168107181059975,train
2016-03-17,0.30146611649024874,0.8720605095637699,-0.5705943930735211,train
2016-03-18,0.12215626139399827,0.6484248417479528,-0.5262685803539545,train
2016-03-21,-0.036103266760420395,0.46987602731581185,-0.5059792940762322,train
2016-03-22,-0.13266392577057953,0.4170583079212106,-0.5497222336917902,train
2016-03-23,0.05080713170108829,0.5412831652957699,-0.4904760335946816,train
2016-03-24,0.1379282731435289,0.3230747260583015,-0.1851464529147726,train
2016-03-25,0.1584848497492885,0.29280737407910135,-0.13432252432981284,train
2016-03-28,0.43924618722832426,-0.06736624077979814,0.5066124280081223,train
2016-03-29,0.4798286026390146,-0.041993308273697294,0.5218219109127119,train
2016-03-30,0.30293032901375744,0.2310827185906678,0.07184761042308963,train
2016-03-31,0.34412399187232406,0.18261855000701277,0.1615054418653113,train
2016-04-01,0.4715281596448146,0.1714123477202683,0.3001158119245463,train
2016-04-04,0.3312089837333166,0.45088927552220653,-0.11968029178888995,train
2016-04-05,0.35822232076314064,0.3463788046963419,0.011843516066798732,train
2016-04-06,0.3928130488767841,0.32903942652436446,0.06377362235241962,train
2016-04-07,0.3506923729164778,0.3898389653675996,-0.03914659245112179,train
2016-04-08,0.19704826783949908,0.49158783411313217,-0.2945395662736331,train
2016-04-11,0.1824463014132495,0.33523025704626086,-0.15278395563301136,train
2016-04-12,0.17381577873921525,0.2988254745574636,-0.12500969581824836,train
2016-04-13,0.046536336932872804,0.36538152323774253,-0.31884518630486974,train
2016-04-14,-0.017828828086236172,0.3277732227921499,-0.345602050878386,train
2016-04-15,0.2791608911624609,0.25400920798671445,0.025151683175746453,train
2016-04-18,0.28204071259430846,0.2126597253354966,0.06938098725881187,train
2016-04-19,0.266107568076482,0.18763689029636776,0.07847067778011424,train
2016-04-20,0.2992920762144009,0.10227134880875582,0.19702072740564508,train
2016-04-21,0.33919111471934155,0.10761209292328744,0.2315790217960541,train
2016-04-22,0.13954718910867564,0.3452967201912253,-0.20574953108254967,train
2016-04-25,0.23174608730634685,0.20654196701542676,0.02520412029092009,train
2016-04-26,0.2996398723266463,0.16484866453826486,0.13479120778838144,train
2016-04-27,0.3635314364387967,0.2304331458523835,0.1330982905864132,train
2016-04-28,0.4718515367906481,0.2956275346454141,0.17622400214523404,train
2016-04-29,0.3995402370977942,0.27116611630683557,0.1283741207909586,train
2016-05-02,0.37780604061092915,0.31177808121600864,0.06602795939492051,train
2016-05-03,0.33676055536086613,0.3162190145532081,0.02054154080765802,train
2016-05-04,0.2697485867024403,0.36410182330279384,-0.09435323660035355,train
2016-05-05,0.007681260941528448,0.47068980539751104,-0.4630085444559826,train
2016-05-06,-0.07197144678979688,0.32538482975930705,-0.39735627654910394,train
2016-05-09,-0.11147129660016787,0.3630276708263685,-0.47449896742653636,train
2016-05-10,-0.19686737785941988,0.2800048631895708,-0.4768722410489907,train
2016-05-11,-0.3129884027079712,0.2469553631153953,-0.5599437658233665,train
2016-05-12,-0.07560820503058789,0.04471592162546523,-0.12032412665605312,train
2016-05-13,-0.003338459190923195,0.004907872719050632,-0.008246331909973828,train
2016-05-16,-0.15795930237918335,0.09010906268052277,-0.24806836505970611,train
2016-05-17,-0.15780195334431674,-0.053994747347591576,-0.10380720599672516,train
2016-05-18,-0.10278935782599413,-0.13200135136073687,0.029211993534742742,train
2016-05-19,-0.35550845416702304,0.102745872508956,-0.45825432667597904,train
2016-05-20,-0.4277750564777056,0.08272904622925442,-0.51050410270696,train
2016-05-23,-0.3719370614255532,-0.08487834720585224,-0.28705871421970097,train
2016-05-24,-0.4731324157480192,-0.08238653801526369,-0.3907458777327555,train
2016-05-25,-0.4242319690979142,-0.021456409206943305,-0.4027755598909709,train
2016-05-26,-0.23603344048221533,-0.1765062646043798,-0.05952717587783554,train
2016-05-27,-0.01601220298452402,-0.16244960643420636,0.14643740344968234,train
2016-05-30,0.6739459378938143,-0.14756480208945572,0.82151073998327,train
2016-05-31,0.7416652129005452,-0.359697293992412,1.1013625068929573,train
2016-06-01,0.7158055550397513,-0.18564581856190743,0.9014513736016587,train
2016-06-02,0.6517998854723871,-0.08152805611235509,0.7333279415847422,train
2016-06-03,0.5980524024587907,0.038235550440081756,0.5598168520187089,train
2016-06-06,-0.11403444050991703,0.4210209299609302,-0.5350553704708473,train
2016-06-07,-0.13296645425242304,0.2583013854000962,-0.3912678396525192,train
2016-06-08,-0.07325977096623734,0.1664920270960898,-0.23975179806232713,train
2016-06-09,0.10044622376469609,0.07143109584150586,0.02901512792319022,train
2016-06-10,0.4120308487622156,0.14619087882692605,0.2658399699352895,train
2016-06-13,0.5194703235516015,-0.024725109601332562,0.5441954331529341,train
2016-06-14,0.5620398554778476,-0.03764608469267228,0.5996859401705199,train
2016-06-15,0.6228482728162001,-0.005113417093971062,0.6279616899101712,train
2016-06-16,0.6112194134435243,0.1460953704095178,0.46512404303400645,train
2016-06-17,0.634154421432342,0.3722097025998544,0.2619447188324876,train
2016-06-20,2.13151661994995,0.34749869937035094,1.7840179205795992,train
2016-06-21,2.198817244497317,0.32904816919665225,1.8697690753006648,train
2016-06-22,2.2141927665582086,0.4056165042017819,1.8085762623564268,train
2016-06-23,2.236511864066217,0.39648753692358846,1.8400243271426284,train
2016-06-24,2.2606043368453816,0.5603387839241534,1.7002655529212283,train
2016-06-27,1.1182525143166877,1.3520158405614635,-0.2337633262447758,train
2016-06-28,0.8632119512653573,1.0359072170261245,-0.1726952657607672,train
2016-06-29,0.8242184414758236,0.988629072213446,-0.1644106307376224,train
2016-06-30,0.7835541924726998,1.0791513306537337,-0.29559713818103395,train
2016-07-01,0.4458481484760851,1.2233064219217822,-0.7774582734456971,train
2016-07-04,0.6554142648267102,0.8484385053871397,-0.19302424056042955,train
2016-07-05,0.653678765571945,0.5529191340184407,0.10075963155350431,train
2016-07-06,0.5995149277371274,0.6377969364933641,-0.03828200875623666,train
2016-07-07,0.4721134716081659,0.6462591067578823,-0.17414563514971643,train
2016-07-08,0.5042755579489745,0.5132168223876115,-0.008941264438636964,train
2016-07-11,0.16370305901193555,0.7352895122976522,-0.5715864532857167,train
2016-07-12,0.1540306323820378,0.493527541171669,-0.33949690878963124,train
2016-07-13,0.0651876867149667,0.5419701964943815,-0.4767825097794148,train
2016-07-14,0.11613715290210896,0.4130628607838901,-0.29692570788178113,train
2016-07-15,0.06187698579275156,0.5343244135914073,-0.4724474277986557,train
2016-07-18,0.006733833507726012,0.4111413970196492,-0.4044075635119232,train
2016-07-19,-0.03286071961327478,0.2866917312702783,-0.3195524508835531,train
2016-07-20,-0.0766566550447176,0.24209141786195282,-0.3187480729066704,train
2016-07-21,-0.02352081529465634,0.3231734775539284,-0.3466942928485847,train
2016-07-22,-0.13559558100354446,0.33776033456185117,-0.47335591556539564,train
2016-07-25,-0.11291294644000942,0.2705958033449572,-0.38350874978496663,train
2016-07-26,-0.11584529445830305,0.10458189632957704,-0.2204271907878801,train
2016-07-27,-0.12038047492658585,0.029893039458562032,-0.15027351438514788,train
2016-07-28,-0.33322315363623234,0.1631928155436408,-0.49641596917987313,train
2016-07-29,-0.433605219324037,0.04868077190112763,-0.48228599122516463,train
2016-08-01,-0.25200963474589066,0.0830300611343821,-0.33503969588027277,train
2016-08-02,-0.27506534838156266,-0.07721133301171301,-0.19785401536984965,train
2016-08-03,-0.29636931381601955,-0.0871261508016879,-0.20924316301433166,train
2016-08-04,-0.2613390914245457,-0.1746805955416953,-0.0866584958828504,train
2016-08-05,-0.2563968170122353,-0.22866826666728557,-0.027728550344949754,train
2016-08-08,-0.4295154235241201,-0.029823178290868002,-0.3996922452332521,train
2016-08-09,-0.43407118610728845,-0.2749612333942363,-0.15910995271305217,train
2016-08-10,-0.1575182653224643,-0.303853891826554,0.14633562650408968,train
2016-08-11,-0.06090087836778346,-0.22761609122014892,0.16671521285236546,train
2016-08-12,0.05475169766977338,-0.2586948162594099,0.31344651392918327,train
2016-08-15,-0.025740992533915517,-0.18855511853490248,0.16281412600098696,train
2016-08-16,0.021455217340260724,-0.37419885553165266,0.3956540728719134,train
2016-08-17,-0.1825413724370889,-0.07193920743699089,-0.11060216500009801,train
2016-08-18,-0.2838595875881217,-0.06702973560281023,-0.21682985198531146,train
2016-08-19,-0.5107541017767979,0.009715887853710137,-0.5204699896305081,train
2016-08-22,-0.16911192160984462,-0.09008346034067494,-0.07902846126916968,train
2016-08-23,-0.18782634942262744,-0.09343853299984606,-0.09438781642278138,train
2016-08-24,-0.18343191671656228,-0.2116753371670933,0.02824342045053102,train
2016-08-25,-0.1855936129183928,-0.20878715381996693,0.023193540901574133,train
2016-08-26,-0.032520489015296104,-0.39723147472611986,0.3647109857108238,train
2016-08-29,0.18746756358989977,-0.07031501677628582,0.2577825803661856,train
2016-08-30,0.16440376585985192,-0.27803705560048186,0.4424408214603338,train
2016-08-31,0.3341037020193475,-0.281520631387527,0.6156243334068745,train
2016-09-01,0.3327812041472067,-0.24660763368683453,0.5793888378340413,train
2016-09-02,0.37816142827825994,-0.08687620414827169,0.4650376324265316,train
2016-09-05,0.0364850564096163,0.13567000024597975,-0.09918494383636345,train
2016-09-06,0.1534599697783711,-0.18888785206553516,0.3423478218439062,train
2016-09-07,0.03144473221460279,0.09915110416530792,-0.06770637195070514,train
2016-09-08,0.059854649520301076,-0.012008947428061356,0.07186359694836243,train
2016-09-09,-0.057036658533586755,0.13116987382800205,-0.1882065323615888,train
2016-09-12,-0.10854902108712279,0.005722905069853623,-0.11427192615697641,train
2016-09-13,-0.25797745116029963,0.09475138006930062,-0.35272883122960025,train
2016-09-14,-0.3675486409260314,0.03656778486815204,-0.40411642579418344,train
2016-09-15,-0.17527154277902965,0.04029216580419004,-0.2155637085832197,train
2016-09-16,-0.19359367985512047,-0.018334659439698475,-0.175259020415422,train
2016-09-19,-0.24033884301890415,-0.039650772195046646,-0.2006880708238575,train
2016-09-20,-0.2088251096621786,-0.23214549252876593,0.02332038286658733,train
2016-09-21,-0.20758114559559462,-0.23864801981817096,0.03106687422257634,train
2016-09-22,-0.482429969765343,-0.026691737332544818,-0.4557382324327982,train
2016-09-23,-0.4830380265192799,-0.1382316167979692,-0.3448064097213107,train
2016-09-26,-0.26566281944530096,-0.1785438468778635,-0.08711897256743745,train
2016-09-27,-0.2994905229346971,-0.17535263314586608,-0.124137889788831,train
2016-09-28,-0.00988372438370404,-0.18387195966310316,0.1739882352793991,train
2016-09-29,0.02262020470016363,-0.26644884532435054,0.28906905002451416,train
2016-09-30,0.02482856541973898,-0.231234401587393,0.256062967007132,train
2016-10-03,0.0828924442077848,-0.05909968004427113,0.14199212425205593,train
2016-10-04,0.08435321493241961,-0.27105351149191204,0.35540672642433163,train
2016-10-05,-0.10790567959683622,0.029253198469541886,-0.1371588780663781,train
2016-10-06,0.00394770786859623,-0.06625025979761345,0.07019796766620968,train
2016-10-07,0.10321448661569864,-0.07886809696899189,0.18208258358469054,train
2016-10-10,-0.036025889640493435,0.07421513042078498,-0.11024102006127842,train
2016-10-11,-0.020519984712552918,-0.14125199991820736,0.12073201520565444,train
2016-10-12,-0.0483432884824501,-0.10420163918735914,0.05585835070490904,train
2016-10-13,-0.17549759602792453,0.0010264917324649403,-0.17652408776038947,train
2016-10-14,0.08470340228421587,0.0490231684822976,0.035680233801918274,train
2016-10-17,0.018233640016987195,-0.033198422135633066,0.051432062152620264,train
2016-10-18,0.012406393574589948,-0.12273046862055836,0.1351368621951483,train
2016-10-19,-0.00969485079032798,-0.08360534144430876,0.07391049065398078,train
2016-10-20,-0.004349079120142145,-0.1323623699272934,0.12801329080715124,train
2016-10-21,-0.4110237723396167,0.12696980362963672,-0.5379935759692533,train
2016-10-24,-0.26825393612733106,-0.11926886373478329,-0.14898507239254777,train
2016-10-25,-0.2122308575182566,-0.17300811416180684,-0.03922274335644976,train
2016-10-26,-0.2316100052598248,-0.1468542948986596,-0.08475571036116522,train
2016-10-27,-0.16373867947880483,-0.11570485369337868,-0.04803382578542614,train
2016-10-28,-0.12189754516123477,-0.18540881008469162,0.06351126492345685,train
2016-10-31,-0.221377308042189,-0.07991012594648256,-0.14146718209570644,train
2016-11-01,-0.20769226792950396,-0.1223164005827827,-0.08537586734672126,train
2016-11-02,-0.20610446918889858,-0.17905479514785339,-0.02704967404104519,train
2016-11-03,1.2579146670863135,-0.04918514503417093,1.3070998121204844,train
2016-11-04,1.3180747487389048,-0.038307780204817066,1.356382528943722,train
2016-11-07,1.3714857012431798,-0.1304518664073565,1.5019375676505362,train
2016-11-08,1.4526424802110076,-0.11778397864197909,1.5704264588529866,train
2016-11-09,1.504486298722806,-0.17656753481344695,1.681053833536253,train
2016-11-10,0.6767898343518631,0.6197402262146984,0.05704960813716475,train
2016-11-11,0.6715428493325183,0.37726115193626863,0.29428169739624965,train
2016-11-14,0.726426112190321,0.43015011103776135,0.2962760011525597,train
2016-11-15,0.652939361653044,0.5892525788656321,0.06368678278741191,train
2016-11-16,0.6169208783624687,0.6407248418267831,-0.02380396346431446,train
2016-11-17,0.591041328335734,0.4962385713903962,0.0948027569453378,train
2016-11-18,0.5170098161630823,0.5245219987804964,-0.007512182617414154,train
2016-11-21,0.4256956946310408,0.5809853899217035,-0.15528969529066267,train
2016-11-22,0.44586957559397905,0.4982109471502226,-0.05234137155624358,train
2016-11-23,0.4871950452510021,0.4574445126701771,0.029750532580824995,train
2016-11-24,0.6255040805926866,0.4910135229377987,0.13449055765488788,train
2016-11-25,0.6748401057417122,0.45046754902454483,0.22437255671716733,train
2016-11-28,0.6574886250524198,0.4427438601271134,0.21474476492530636,train
2016-11-29,0.9858266451460196,0.48513939243673637,0.5006872527092832,train
2016-11-30,0.9718660298352192,0.49635524831835137,0.4755107815168678,train
2016-12-01,0.8111435415352536,0.6413244244567162,0.16981911707853736,train
2016-12-02,1.0649508995013501,0.6256269402943573,0.43932395920699285,train
2016-12-05,1.0633862065529855,0.5761316306588684,0.48725457589411714,train
2016-12-06,0.7275941741129517,0.9056734214412678,-0.17807924732831615,train
2016-12-07,0.718258709140016,0.7068296550319028,0.011429054108113235,train
2016-12-08,0.9389310296792825,0.5288811172706807,0.4100499124086019,train
2016-12-09,0.8691444287420801,0.9125796828109567,-0.043435254068876605,train
2016-12-12,0.9485280337439324,0.6785801452752898,0.2699478884686426,train
2016-12-13,0.958827538331817,0.5653112972502956,0.3935162410815214,train
2016-12-14,0.9419432246033765,0.5500292259827629,0.3919139986206136,train
2016-12-15,0.7509411651333244,0.8003827910550286,-0.0494416259217042,train
2016-12-16,0.42928840125448,0.8370930906771511,-0.4078046894226711,train
2016-12-19,0.17155067486240927,0.7985544633592994,-0.6270037884968901,train
2016-12-20,-0.046370187542054055,0.7439607919014857,-0.7903309794435397,train
2016-12-21,-0.12072297929655174,0.6760125297331456,-0.7967355090296974,train
2016-12-22,-0.09588252391599146,0.5778602883846164,-0.673742812300608,train
2016-12-23,0.6202024169898454,0.5005004586838607,0.11970195830598462,train
2016-12-27,0.8150894122692298,0.2545073517144871,0.5605820605547427,train
2016-12-28,0.9386195667076171,0.07017017975058554,0.8684493869570316,train
2016-12-29,1.1283125322758187,0.12935981387947437,0.9989527183963444,train
2016-12-30,1.1782980075825118,0.19403732067974533,0.9842606869027665,train
2017-01-03,0.8538336720900566,0.5823591958662534,0.27147447622380316,train
2017-01-04,0.767871103243777,0.5703120328510882,0.19755907039268883,train
2017-01-05,0.9812922152061907,0.6545747560330345,0.3267174591731562,train
2017-01-06,0.8929307660963816,0.8826558242428113,0.010274941853570252,train
2017-01-09,0.9007737897309546,0.8313509950936449,0.06942279463730971,train
2017-01-10,0.8671095417235976,0.6821281071201445,0.18498143460345307,train
2017-01-11,0.9042384880630963,0.6535725554045275,0.25066593265856874,train
2017-01-12,0.6058932343075611,0.8740587683849756,-0.2681655340774145,train
2017-01-13,0.6130171235656168,0.7540514060637804,-0.14103428249816363,train
2017-01-16,0.5445063593151022,0.7457457400210038,-0.20123938070590164,train
2017-01-17,0.5791123596328822,0.6370882757515726,-0.05797591611869035,train
2017-01-18,0.43617100131298475,0.7318015763831639,-0.29563057507017915,train
2017-01-19,0.4229857455107546,0.5334740487332639,-0.1104883032225093,train
2017-01-20,0.2557872291757241,0.6286579317645755,-0.3728707025888514,train
2017-01-23,0.1983160841170605,0.5368509782514912,-0.3385348941344307,train
2017-01-24,0.16879021886523965,0.5551490315893126,-0.38635881272407296,train
2017-01-25,0.3303102197818027,0.40548187872614466,-0.07517165894434197,train
2017-01-26,0.41114998052742757,0.43483933301744704,-0.023689352490019466,train
2017-01-27,0.39213517036820145,0.397702451991533,-0.0055672816233315325,train
2017-01-30,0.4653889720188273,0.38108632615934757,0.08430264585947972,train
2017-01-31,0.40967779314798264,0.39328793802959017,0.01638985511839247,train
2017-02-01,0.27424971525289266,0.5204273673537556,-0.24617765210086295,train
2017-02-02,0.1558422716141944,0.5208336666695891,-0.3649913950553947,train
2017-02-03,0.14165588224119086,0.43536926516955116,-0.2937133829283603,train
2017-02-06,-0.03628700796370061,0.5293941255361954,-0.565681133499896,train
2017-02-07,-0.09955553663546035,0.3823789630846778,-0.48193449972013813,train
2017-02-08,-0.05584017803695536,0.3263055531651394,-0.3821457312020947,train
2017-02-09,0.0030702925260461854,0.2803929108514741,-0.2773226183254279,train
2017-02-10,0.02013718116633552,0.26531185883346525,-0.24517467766712975,train
2017-02-13,-0.005653119333463933,0.14283126782951805,-0.14848438716298198,train
2017-02-14,-0.022940924415426597,0.04603092893452049,-0.06897185334994708,train
2017-02-15,-0.07754013856462963,0.14902729354631022,-0.22656743211093985,train
2017-02-16,0.10631961099975523,0.18338269156507336,-0.07706308056531813,train
2017-02-17,0.08990022205947457,0.16264928520784872,-0.07274906314837415,train
2017-02-20,0.17478313892168434,0.06800937907038657,0.10677375985129778,train
2017-02-21,0.22190700222368268,-0.007564494684472622,0.2294714969081553,train
2017-02-22,0.25625632461217446,0.04602412535503886,0.2102321992571356,train
2017-02-23,0.11743386535896572,0.22266757809792348,-0.10523371273895776,train
2017-02-24,0.05076894855356117,0.1096375448164692,-0.05886859626290803,train
2017-02-27,0.06578241931556539,0.17232761666576474,-0.10654519735019935,train
2017-02-28,0.08600864523104157,0.15009743130697561,-0.06408878607593405,train
2017-03-01,-0.047238736459394554,0.2179819291232421,-0.2652206655826367,train
2017-03-02,-0.2322705273142137,0.2097073443684086,-0.44197787168262226,train
2017-03-03,-0.02383780567539821,0.05031427924765497,-0.07415208492305318,train
2017-03-06,0.022344409576183947,0.13990716536218206,-0.11756275578599812,train
2017-03-07,-0.028570656583061398,0.10273820212645646,-0.13130885870951786,train
2017-03-08,-0.018821591889977556,-0.08942197526270979,0.07060038337273222,train
2017-03-09,0.25647906065629394,-0.13001825320155042,0.38649731385784436,train
2017-03-10,0.17111799715359607,0.08593245575091213,0.08518554140268395,train
2017-03-13,0.07175119313827005,0.09715432434521554,-0.025403131206945484,train
2017-03-14,0.046181953459945864,-0.05071527331363529,0.09689722677358115,train
2017-03-15,0.13888996217448768,-0.08545917885864596,0.22434914103313364,train
2017-03-16,-0.1422489784051382,0.24119512873333226,-0.38344410713847044,train
2017-03-17,-0.2479972709396249,0.11000794419561677,-0.35800521513524164,train
2017-03-20,-0.3180573834061162,0.04052390790929927,-0.3585812913154155,train
2017-03-21,-0.2820200801038964,-0.06765608722837008,-0.21436399287552632,train
2017-03-22,-0.3658966994235989,0.09204317539510265,-0.4579398748187016,train
2017-03-23,-0.24067892460245902,-0.035838256716587635,-0.20484066788587138,train
2017-03-24,-0.170776613250505,-0.11418695384432087,-0.05658965940618413,train
2017-03-27,-0.1469596909287747,-0.1549036071115102,0.007943916182735489,train
2017-03-28,-0.1701367046589777,-0.1407309845450102,-0.0294057201139675,train
2017-03-29,-0.2299208024952157,-0.16552456756969985,-0.06439623492551586,train
2017-03-30,-0.3385351874199265,-0.04760581563995703,-0.29092937177996947,train
2017-03-31,-0.30570848745445567,-0.058100026701719876,-0.2476084607527358,train
2017-04-03,-0.22899161623335534,-0.07856346001029596,-0.15042815622305938,train
2017-04-04,-0.26505435958073353,-0.1396369618253161,-0.12541739775541744,train
2017-04-05,-0.2611735982042886,-0.21186224799824033,-0.049311350206048266,train
2017-04-06,-0.21739040734688989,-0.17523215794191194,-0.04215824940497795,train
2017-04-07,-0.3288813833384472,-0.11886175459496723,-0.21001962874347996,train
2017-04-10,-0.5646376884825941,-0.07836860129809065,-0.48626908718450346,train
2017-04-11,-0.5211748934826285,-0.25263318232028265,-0.2685417111623458,train
2017-04-12,-0.3899069693810201,-0.2441290122140518,-0.14577795716696829,train
2017-04-13,-0.5438634706263228,-0.1264302237249979,-0.4174332469013249,train
2017-04-14,-0.4544627875272817,-0.23414165532661346,-0.22032113220066823,train
2017-04-17,-0.29272769705596363,-0.4732863759461707,0.18055867889020705,train
2017-04-18,0.0818153279819009,-0.37587925776127523,0.4576945857431761,train
2017-04-19,0.0767944725259595,-0.24981760193165592,0.3266120744576154,train
2017-04-20,0.20001068698052124,-0.391587919565518,0.5915986065460392,train
2017-04-21,0.3421077714460082,-0.2819132468872011,0.6240210183332093,train
2017-04-24,0.3985774491847068,-0.19380044376842515,0.5923778929531319,train
2017-04-25,0.11168209776706481,0.08639975042962822,0.02528234733743659,train
2017-04-26,0.05129355060810773,-0.04878173691517096,0.10007528752327868,train
2017-04-27,-0.09311385052817475,0.08124304400371218,-0.17435689453188694,train
2017-04-28,-0.2907954526573067,0.213884233521501,-0.5046796861788077,train
2017-05-01,-0.4359456632167957,0.1951548173097165,-0.6311004805265121,train
2017-05-02,-0.21838773995809976,-0.1364153951245058,-0.08197234483359397,train
2017-05-03,-0.1377139113633797,-0.1291932367105243,-0.008520674652855414,train
2017-05-04,-0.08937567081056563,-0.220916288763572,0.13154061795300637,train
2017-05-05,-0.18379844183210323,-0.164623309145768,-0.019175132686335222,train
2017-05-08,-0.1919969686873353,-0.24759919720885648,0.05560222852152119,train
2017-05-09,-0.36763793124580885,-0.0870161480867232,-0.28062178315908565,train
2017-05-10,-0.372268319954887,-0.0889457812347555,-0.2833225387201315,train
2017-05-11,-0.3033201173451275,-0.08070003189872732,-0.22262008544640016,train
2017-05-12,-0.11472184870620493,-0.15576586277311288,0.041044014066907955,train
2017-05-15,-0.11501171792706903,-0.13455150902658036,0.01953979109951133,train
2017-05-16,0.0526577665389884,-0.2575871271069079,0.3102448936458963,train
2017-05-17,0.1667983070866361,-0.16512279318475848,0.33192110027139454,train
2017-05-18,0.23528907471970692,-0.11749595079292219,0.35278502551262914,train
2017-05-19,0.13169447856852556,0.008880885067061195,0.12281359350146437,train
2017-05-22,0.152900240779996,-0.07558443504253465,0.22848467582253065,train
2017-05-23,-0.02962332209198289,0.09695576055911947,-0.12657908265110238,train
2017-05-24,-0.0021640200367504183,0.1733419172244215,-0.17550593726117192,train
2017-05-25,-0.08129702059589242,0.1824495723909988,-0.2637465929868912,train
2017-05-26,-0.0966548176479419,0.0363185395272434,-0.1329733571751853,train
2017-05-29,0.032792754330583464,0.06617852719923056,-0.0333857728686471,train
2017-05-30,0.06322257680289906,-0.19918026738950684,0.2624028441924059,train
2017-05-31,-0.16395231356403245,0.028679623750260008,-0.19263193731429246,train
2017-06-01,-0.013079469680528939,-0.050336342157101144,0.03725687247657221,train
2017-06-02,0.0665901234300925,-0.11758540038220677,0.1841755238122993,train
2017-06-05,-0.008015196810869495,0.05183222670469234,-0.05984742351556184,train
2017-06-06,-0.017514476898426824,-0.06889057332401238,0.05137609642558556,train
2017-06-07,-0.036062522860105216,-0.1496589319012916,0.11359640904118637,train
2017-06-08,0.09062122591730615,0.054290282360065945,0.0363309435572402,train
2017-06-09,0.056531036057735407,0.035703407332924764,0.020827628724810643,train
2017-06-12,-0.06325467719599148,0.02028992584652578,-0.08354460304251726,train
2017-06-13,-0.07115957116254429,-0.11501175735305819,0.0438521861905139,train
2017-06-14,-0.06556858257509544,-0.13333012984461873,0.06776154726952328,train
2017-06-15,-0.6114187332828286,0.1432800167088416,-0.7546987499916702,train
2017-06-16,-0.8157317755208058,-0.009256971047478357,-0.8064748044733274,train
2017-06-19,-0.8586196960039733,-0.17039463983926945,-0.6882250561647039,train
2017-06-20,-0.6931870827242348,-0.2159196091967701,-0.4772674735274647,train
2017-06-21,-0.34898426776133434,-0.19291382357366843,-0.1560704441876659,train
2017-06-22,0.39761230363672756,-0.4090713481459522,0.8066836517826798,train
2017-06-23,0.49000034237226153,-0.4999264076873798,0.9899267500596414,train
2017-06-26,0.5403072653446935,-0.5286697162359968,1.0689769815806902,train
2017-06-27,0.509341557154272,-0.37315308587566387,0.8824946430299359,train
2017-06-28,0.3711951279537179,-0.17790326196238637,0.5490983899161043,train
2017-06-29,-0.3295115662237607,0.22111276336329255,-0.5506243295870532,train
2017-06-30,-0.45358795755919756,0.10849091615405004,-0.5620788737132476,train
2017-07-03,-0.38710206744803655,0.1253874458012576,-0.5124895132492941,train
2017-07-04,-0.44151895680130554,0.030455143312276167,-0.4719741001135817,train
2017-07-05,-0.38439332482346117,-0.11712272429257597,-0.2672706005308852,train
2017-07-06,-0.2308218010517697,-0.2285074226153061,-0.0023143784364635933,train
2017-07-07,-0.16707186137095223,-0.25885747365974976,0.09178561228879753,train
2017-07-10,-0.18088723149998534,-0.18807904212507798,0.007191810625092637,train
2017-07-11,-0.16676673855859891,-0.3850440941648274,0.21827735560622846,train
2017-07-12,-0.049491170403597816,-0.2841150507787012,0.23462388037510337,train
2017-07-13,-0.21372204445065224,-0.12337236242592475,-0.09034968202472748,train
2017-07-14,-0.07020244583153454,-0.1202482082836997,0.05004576245216516,train
2017-07-17,-0.09868327301776675,-0.13539889611570294,0.03671562309793619,train
2017-07-18,-0.07418244369167609,-0.25020145126573157,0.17601900757405547,train
2017-07-19,-0.09274993008662362,-0.04354167430384026,-0.04920825578278336,train
2017-07-20,0.19354637968793567,-0.24339752750177635,0.436943907189712,train
2017-07-21,0.16693521047428195,-0.015377431891481552,0.1823126423657635,train
2017-07-24,0.20552140227479973,-0.10361844337893361,0.3091398456537333,train
2017-07-25,0.30592362021962693,-0.14446631324307863,0.45038993346270556,train
2017-07-26,0.2935541396708888,-0.0350403179960419,0.3285944576669307,train
2017-07-27,0.17748491514447406,0.1848623401483125,-0.007377425003838423,train
2017-07-28,0.11390617322899131,0.12576302305072218,-0.011856849821730867,train
2017-07-31,0.2753407309096269,0.08900041942313008,0.18634031148649682,train
2017-08-01,0.1890327263941151,0.1691094067042772,0.019923319689837904,train
2017-08-02,0.1732250499883349,0.14437830158648446,0.028846748401850447,train
2017-08-03,0.23027940486772325,0.14944007051382657,0.08083933435389667,train
2017-08-04,0.26555068757147865,0.10799890139743817,0.15755178617404048,train
2017-08-07,0.19132133877453283,0.27769071869962747,-0.08636937992509464,train
2017-08-08,0.21157910470824903,0.055664370735878266,0.15591473397237077,train
2017-08-09,0.28178256098628446,0.09574169691013434,0.18604086407615011,train
2017-08-10,0.3185740734304108,0.21987172622547346,0.09870234720493731,train
2017-08-11,0.36886464200348323,0.21388587389785774,0.1549787681056255,train
2017-08-14,0.3290013879255735,0.22461758839499169,0.1043837995305818,train
2017-08-15,0.306033071736822,0.134713545949407,0.171319525787415,train
2017-08-16,0.20828486977496669,0.2519108269957608,-0.0436259572207941,train
2017-08-17,0.0036310630883988875,0.3345388433680746,-0.3309077802796757,train
2017-08-18,-0.27525783097118856,0.3408030299625309,-0.6160608609337195,train
2017-08-21,-0.043660219572098063,0.30925079438690223,-0.35291101395900026,train
2017-08-22,-0.06207903507663842,0.16475323865286345,-0.22683227372950188,train
2017-08-23,0.1555752283586825,0.13445774038080455,0.021117487977877963,train
2017-08-24,0.2379125527535411,0.05384748142429574,0.18406507132924535,train
2017-08-25,0.3884175651107723,-0.16483911618565994,0.5532566812964322,train
2017-08-28,0.4863612596594781,0.1339000124900422,0.3524612471694359,train
2017-08-29,0.5142282303634841,-0.1037284915045123,0.6179567218679964,train
2017-08-30,0.44269691952339885,0.17001220223177332,0.2726847172916255,train
2017-08-31,0.3873391446999295,0.1553425089278781,0.23199663577205143,train
2017-09-01,0.523262734406811,0.29294367096490553,0.2303190634419055,train
2017-09-04,0.3674464766913079,0.43725558528254194,-0.06980910859123401,train
2017-09-05,0.3624892049758619,0.2631595367508211,0.0993296682250408,train
2017-09-06,0.279449810590944,0.30305070050937044,-0.02360088991842646,train
2017-09-07,0.2974011812133939,0.20219370396971736,0.09520747724367651,train
2017-09-08,0.18344223514911434,0.4282638436101017,-0.24482160846098738,train
2017-09-11,0.07516367747693598,0.3429934238913956,-0.2678297464144596,train
2017-09-12,0.09623495497701523,0.19420403279444048,-0.09796907781742525,train
2017-09-13,0.15244569564236982,0.13233736802638923,0.02010832761598058,train
2017-09-14,0.4869181056806282,0.18290985251494662,0.3040082531656816,train
2017-09-15,0.38688662081690184,0.24911534956857878,0.13777127124832306,train
2017-09-18,0.3351156619394116,0.1584138821950522,0.1767017797443594,train
2017-09-19,0.3396506703639767,0.1044668076178571,0.23518386274611963,train
2017-09-20,0.391700746802184,0.16461542526154643,0.22708532154063754,train
2017-09-21,0.01778209154916495,0.4586756188363109,-0.440893527287146,train
2017-09-22,-0.01336438883998901,0.24805367631868475,-0.2614180651586738,train
2017-09-25,-0.0089388749468782,0.1972394121618774,-0.2061782871087556,train
2017-09-26,-0.03160336933810928,0.2121303569122877,-0.243733726250397,train
2017-09-27,-0.20883400692891296,0.3004202414949016,-0.5092542484238145,train
2017-09-28,-0.24635921309580222,0.1424986142751175,-0.38885782737091973,train
2017-09-29,-0.34281075741325323,0.1036904058959186,-0.44650116330917183,train
2017-10-02,-0.27921103194945257,0.10606341504580558,-0.38527444699525815,train
2017-10-03,-0.3775210131657819,0.06154770330539877,-0.4390687164711807,train
2017-10-04,-0.35818394762442174,-0.057758326396595894,-0.30042562122782585,train
2017-10-05,-0.3621900529584149,-0.04148170544373875,-0.32070834751467614,train
2017-10-06,-0.35995653505581776,-0.17090571315119557,-0.1890508219046222,train
2017-10-09,-0.20312993415657565,-0.028380844870158684,-0.17474908928641697,train
2017-10-10,-0.16135281047661315,-0.2569337488337453,0.09558093835713216,train
2017-10-11,-0.2150511487620485,-0.18178318390086545,-0.03326796486118305,train
2017-10-12,-0.2701141786597827,-0.16822028344403733,-0.10189389521574538,train
2017-10-13,-0.1449941733864607,-0.23492151085617458,0.08992733746971387,train
2017-10-16,-0.374923280817351,-0.01922832077549086,-0.35569496004186013,train
2017-10-17,-0.369156494101381,-0.15401387424520768,-0.21514261985617333,train
2017-10-18,-0.34712413649053864,-0.2294038074708606,-0.11772032901967805,train
2017-10-19,-0.3018396122214657,-0.24198251087861555,-0.05985710134285016,train
2017-10-20,-0.01916156501694845,-0.09419785598512026,0.07503629096817181,train
2017-10-23,0.07270147260883773,-0.20605910125026622,0.27876057385910397,train
2017-10-24,0.08696491614161557,-0.2585429717983679,0.34550788793998344,train
2017-10-25,0.11748001213303151,-0.2630973718587762,0.3805773839918077,train
2017-10-26,0.12699000075778638,-0.20623022134248398,0.33322022210027036,train
2017-10-27,-0.10794039009443118,0.028763137930642224,-0.1367035280250734,train
2017-10-30,-0.18845551071455494,-0.002050610816556997,-0.18640489989799794,train
2017-10-31,-0.2037315993981882,-0.0884107074074384,-0.1153208919907498,train
2017-11-01,-0.21187163251844077,-0.05839854702063951,-0.15347308549780125,train
2017-11-02,-0.2740027689643048,-0.0427367888826955,-0.2312659800816093,train
2017-11-03,-0.36731761382873496,-0.06007259401637555,-0.3072450198123594,train
2017-11-06,-0.4929645709809427,-0.09960162837382402,-0.3933629426071187,train
2017-11-07,-0.5767872701609149,-0.16508860280360993,-0.411698667357305,train
2017-11-08,-0.5504615151907126,-0.1597197441821282,-0.3907417710085844,train
2017-11-09,-0.3791992421904019,-0.22742810441462014,-0.15177113777578177,train
2017-11-10,-0.34014055868508114,-0.22282562078023527,-0.11731493790484587,train
2017-11-13,-0.2708470025424308,-0.31162268349746153,0.0407756809550307,train
2017-11-14,-0.04322254843305717,-0.41888757081587624,0.37566502238281907,train
2017-11-15,-0.042834087937826004,-0.3149388462725756,0.2721047583347496,train
2017-11-16,-0.1009395952613787,-0.19560699316337182,0.09466739790199312,train
2017-11-17,-0.1649000068345018,-0.20864855051953513,0.043748543685033336,train
2017-11-20,-0.19523416380879757,-0.1748914028141585,-0.02034276099463908,train
2017-11-21,-0.36279024186548947,0.017497796284194345,-0.3802880381496838,train
2017-11-22,-0.29482243204288205,-0.06499233112065095,-0.2298301009222311,train
2017-11-23,-0.27495902936793964,-0.08079251782618146,-0.19416651154175818,train
2017-11-24,-0.11231173088489649,-0.1722886478474681,0.059976916962571625,train
2017-11-27,0.07444956450436553,-0.1574220473060528,0.23187161181041832,train
2017-11-28,0.07393695048456596,-0.22293341882068873,0.2968703693052547,train
2017-11-29,0.02119869749555164,-0.1495573275124027,0.17075602500795434,train
2017-11-30,-0.01680701897221932,-0.15955864747500026,0.14275162850278095,train
2017-12-01,-0.1528864482794725,-0.03422542205243029,-0.11866102622704222,train
2017-12-04,-0.3817528464558941,0.08825530737675169,-0.47000815383264577,train
2017-12-05,-0.4485487935279324,-0.03408947405465579,-0.41445931947327663,train
2017-12-06,-0.4989337771220292,-0.06090574960013706,-0.4380280275218921,train
2017-12-07,-0.38444462059608353,-0.09053484152151892,-0.2939097790745646,train
2017-12-08,-0.16194358337190368,-0.17551852181274702,0.013574938440843343,train
2017-12-11,-0.1809438503190603,-0.2164110703287589,0.0354672200096986,train
2017-12-12,-0.14416475056672406,-0.3088637758001888,0.16469902523346475,train
2017-12-13,-0.11887823981865474,-0.3036541504308055,0.18477591061215076,train
2017-12-14,-0.22419022223171015,-0.16628238575448578,-0.05790783647722436,train
2017-12-15,-0.4700019861731351,-0.031124870706853436,-0.43887711546628166,train
2017-12-18,-0.4377633710986746,-0.16847653843122162,-0.26928683266745296,train
2017-12-19,-0.49739536023322845,-0.1463687913021337,-0.35102656893109474,train
2017-12-20,-0.5861679133054034,-0.12233763278942111,-0.4638302805159823,train
2017-12-21,-0.6869571372581397,-0.2005834392650791,-0.48637369799306057,train
2017-12-22,-0.7388227926107415,-0.29389990448986625,-0.4449228881208752,train
2017-12-26,-0.7972878651846959,-0.2475806703468108,-0.5497071948378851,train
2017-12-27,-0.7183513285369775,-0.3509848297656244,-0.3673664987713531,train
2017-12-28,-0.5949530520066605,-0.40428207593249443,-0.19067097607416605,train
2017-12-29,-0.44004269262182927,-0.4998503386578857,0.05980764603605643,train
2018-01-02,-0.390851725975155,-0.4949589063935374,0.1041071804183824,train
2018-01-03,-0.3714717079218772,-0.4739775551774562,0.10250584725557899,train
2018-01-04,-0.17603287396875836,-0.4452009212746163,0.26916804730585797,train
2018-01-05,0.09050820892190933,-0.38311443123916117,0.4736226401610705,train
2018-01-08,0.31923355194813735,-0.2996179415797677,0.618851493527905,train
2018-01-09,0.4383854635119351,-0.31328200463145733,0.7516674681433924,train
2018-01-10,0.5840650718827871,-0.2909631317434919,0.8750282036262791,train
2018-01-11,0.6692882404456334,-0.10546685438695147,0.7747550948325849,train
2018-01-12,0.6339533643372799,0.044904100146871406,0.5890492641904085,train
2018-01-15,0.5346629379749784,0.17429502178718193,0.3603679161877965,train
2018-01-16,0.440372861702664,0.20882804694831347,0.23154481475435051,train
2018-01-17,0.3210812933407049,0.3397725040683658,-0.01869121072766089,train
2018-01-18,0.24123095820298823,0.40986035559936085,-0.16862939739637262,train
2018-01-19,0.7055491588508416,0.3723042983136472,0.3332448605371944,train
2018-01-22,0.7852326247461313,0.30137178809907805,0.48386083664705326,train
2018-01-23,0.8371836354609532,0.1472689946571346,0.6899146408038186,train
2018-01-24,0.9015778228350484,0.1514904389721975,0.7500873838628509,train
2018-01-25,0.8835798723170134,0.2153367953825831,0.6682430769344303,train
2018-01-26,0.4846166619101453,0.526810298305976,-0.042193636395830736,train
2018-01-29,0.44187824448801016,0.4514901869737341,-0.009611942485723945,train
2018-01-30,0.4818298498365263,0.444636223815668,0.03719362602085835,train
2018-01-31,0.5091425258847065,0.5644052634217664,-0.0552627375370599,train
2018-02-01,0.49060883277000045,0.5375500320328159,-0.04694119926281548,train
2018-02-02,0.5584035689990186,0.4418212433061183,0.11658232569290022,train
2018-02-05,0.5141447922724923,0.4710468986538018,0.04309789361869054,train
2018-02-06,0.44107075781226446,0.4847618739092625,-0.04369111609699805,train
2018-02-07,0.3200268788938975,0.5400371386797385,-0.22001025978584093,train
2018-02-08,0.5885679004654817,0.4765558412321357,0.112012059233346,train
2018-02-09,0.5196361680100222,0.5899504498868894,-0.07031428187686717,train
2018-02-12,0.5060515626114425,0.51895333407574,-0.012901771464297496,train
2018-02-13,0.4924251509779417,0.4189394086988401,0.0734857422791016,train
2018-02-14,0.4913273898516337,0.3708907731361545,0.12043661671547923,train
2018-02-15,0.20196658888014424,0.6289593141811837,-0.42699272530103943,train
2018-02-16,0.1667925250890067,0.4722838622651654,-0.30549133717615873,train
2018-02-19,0.09000725984007883,0.44442653266612436,-0.3544192728260455,train
2018-02-20,0.07958046535889106,0.3698627812615104,-0.2902823159026193,train
2018-02-21,0.14524813233592188,0.3955499031044732,-0.2503017707685513,train
2018-02-22,0.07482247313557122,0.35047708601572874,-0.2756546128801575,train
2018-02-23,0.12848915532578764,0.328760499144221,-0.20027134381843337,train
2018-02-26,0.1770239118092367,0.23822326456024195,-0.06119935275100524,train
2018-02-27,0.29420950921524525,0.19960117997055427,0.09460832924469098,train
2018-02-28,0.2453296182698936,0.2975594947316988,-0.052229876461805186,train
2018-03-01,0.26123552669890315,0.20091738101263185,0.06031814568627131,train
2018-03-02,0.32279602171563626,0.28550749902589656,0.0372885226897397,train
2018-03-05,0.28826965250903164,0.26807481222296203,0.020194840286069604,train
2018-03-06,0.12160729603335697,0.36912051517544087,-0.2475132191420839,train
2018-03-07,0.1023383472836071,0.2918475308092331,-0.18950918352562598,train
2018-03-08,0.07955245596325787,0.28353165570019767,-0.2039791997369398,train
2018-03-09,-0.18121179898852754,0.38762068024268936,-0.5688324792312169,train
2018-03-12,-0.22063258801255012,0.2614577576125661,-0.4820903456251162,train
2018-03-13,-0.16275994991474887,0.08146299639436155,-0.24422294630911043,train
2018-03-14,-0.22683215378198124,0.15538022180456862,-0.38221237558654986,train
2018-03-15,-0.22633997831277716,0.12548214307110894,-0.35182212138388613,train
2018-03-16,-0.10366194794064938,-0.009281340122669901,-0.09438060781797948,train
2018-03-19,-0.07031964045283025,-0.03263379626019086,-0.03768584419263939,train
2018-03-20,-0.09061658560876129,-0.00635081288841588,-0.08426577272034541,train
2018-03-21,-0.09328263124084929,-0.04249290169326625,-0.05078972954758304,train
2018-03-22,-0.09610085318176441,-0.016921558042880147,-0.07917929513888426,train
2018-03-23,-0.21232443091114617,0.0736776759753962,-0.2860021068865424,train
2018-03-26,-0.3893733445865087,0.043363268465311244,-0.43273661305181993,train
2018-03-27,-0.4625692760698535,-0.013200383846642572,-0.4493688922232109,train
2018-03-28,-0.4633191250979359,-0.006539939138230921,-0.45677918595970496,train
2018-03-29,-0.5026621333553087,0.019935721253122596,-0.5225978546084313,train
2018-03-30,-0.5139919903545905,-0.07124879778967191,-0.4427431925649186,train
2018-04-02,-0.2812749481614621,-0.33991476495677364,0.05863981679531155,train
2018-04-03,-0.2236934873927022,-0.31246044180762933,0.08876695441492713,train
2018-04-04,-0.09011085439042577,-0.2477662010806137,0.15765534669018794,train
2018-04-05,-0.13618303494132247,-0.26402367626685935,0.12784064132553688,train
2018-04-06,-0.14048690457207813,-0.2969738336957394,0.15648692912366124,train
2018-04-09,-0.2791200763074629,-0.11912667157604778,-0.1599934047314151,train
2018-04-10,-0.3277905353299277,-0.15813289840401212,-0.16965763692591557,train
2018-04-11,-0.5707541623867579,-0.015540923532988193,-0.5552132388537697,train
2018-04-12,-0.5433783832961382,-0.15396991137489346,-0.3894084719212447,train
2018-04-13,-0.5211207016855655,-0.1450259322072769,-0.37609476947828857,train
2018-04-16,-0.4214401128231108,-0.2654844488751459,-0.1559556639479649,train
2018-04-17,-0.33306291960351503,-0.2885906787970107,-0.044472240806504304,train
2018-04-18,-0.2595278561575115,-0.35783883942871436,0.09831098327120286,train
2018-04-19,-0.23860849718790533,-0.32300302477649734,0.084394527588592,train
2018-04-20,-0.05460904251417972,-0.30235490551377103,0.2477458629995913,train
2018-04-23,-0.020003797152854826,-0.24863894071540105,0.22863514356254622,train
2018-04-24,-0.008606545843008963,-0.2113069871905301,0.20270044134752113,train
2018-04-25,0.001225160343961411,-0.1760482644283795,0.17727342477234093,train
2018-04-26,0.30394829519631517,-0.1807762759275799,0.48472457112389505,train
2018-04-27,0.28918424814407245,-0.004319424324483512,0.29350367246855597,train
2018-04-30,0.3763576768668457,-0.05227642412551947,0.42863410099236515,train
2018-05-01,0.3523272292351421,-0.058309457762398376,0.41063668699754047,train
2018-05-02,0.40528982846397354,-0.036021645340846065,0.4413114738048196,train
2018-05-03,0.17180211059102526,0.24497346790040775,-0.07317135730938248,train
2018-05-04,0.2061257177992091,0.16764718402780932,0.03847853377139979,train
2018-05-07,0.07291375859087137,0.23218978178759886,-0.15927602319672748,train
2018-05-08,0.07321837953852875,0.09866889449428817,-0.025450514955759423,train
2018-05-09,0.0569997471326788,0.21829281709369874,-0.16129306996101994,train
2018-05-10,0.14634662368569712,0.09892717765336789,0.04741944603232923,train
2018-05-11,0.10121195634277387,0.1898457953842455,-0.08863383904147164,train
2018-05-14,0.1057721450672078,0.036157130669985604,0.0696150143972222,train
2018-05-15,0.14210831308771318,0.016558057717900088,0.1255502553698131,train
2018-05-16,0.10554296309829385,0.09793951177869875,0.007603451319595098,train
2018-05-17,0.2301323846178826,0.17924272132654206,0.05088966329134054,train
2018-05-18,0.16807589131256165,0.17065810979621288,-0.0025822184836512274,train
2018-05-21,0.22804581124062312,0.10354603633432857,0.12449977490629455,train
2018-05-22,0.2384387970229252,0.14170761569214768,0.09673118133077752,train
2018-05-23,0.40220957426764015,0.13699709392292375,0.2652124803447164,train
2018-05-24,0.38452636076481056,0.30242192946854907,0.08210443129626149,train
2018-05-25,0.5688122686570066,0.1666432767015258,0.40216899195548084,train
2018-05-28,0.6158098437470367,0.2297158309273259,0.38609401281971084,train
2018-05-29,0.6064896615702571,0.19977415504307122,0.40671550652718585,train
2018-05-30,0.5080836864157667,0.3909002343071458,0.11718345210862091,train
2018-05-31,0.43928922952582666,0.39384940027935333,0.04543982924647333,train
2018-06-01,0.2293406577696049,0.5162502328554022,-0.2869095750857973,train
2018-06-04,0.11797134044303101,0.47319570836387675,-0.3552243679208458,train
2018-06-05,0.11839162201277048,0.3713774118350228,-0.25298578982225234,train
2018-06-06,0.10984272693706358,0.36986893864869097,-0.2600262117116274,train
2018-06-07,0.11125177632349005,0.3797121666375079,-0.26846039031401786,train
2018-06-08,0.3647949400761783,0.2455375979354461,0.11925734214073219,train
2018-06-11,0.5107596765897928,0.19144943458050184,0.319310242009291,train
2018-06-12,0.4966132565195503,0.1719997372360338,0.3246135192835165,train
2018-06-13,0.5459161874502609,0.21599667315721915,0.3299195142930418,train
2018-06-14,0.49946301295215034,0.2574674468627364,0.24199556608941392,train
2018-06-15,0.3963947545370702,0.43487845226825267,-0.03848369773118249,train
2018-06-18,0.3063632028606492,0.4759802794180773,-0.16961707655742808,train
2018-06-19,0.36917402185647546,0.31107921759533996,0.0580948042611355,train
2018-06-20,0.27318908768142425,0.45250364357325656,-0.17931455589183232,train
2018-06-21,0.29764207105027174,0.37801661376357154,-0.0803745427132998,train
2018-06-22,0.2789953092106489,0.42448214836479886,-0.14548683915414995,train
2018-06-25,0.4200459235443758,0.3525784188326354,0.0674675047117404,train
2018-06-26,0.4141597147196649,0.3713651757560256,0.04279453896363927,train
2018-06-27,0.40207554831565157,0.28552241232228887,0.1165531359933627,train
2018-06-28,0.31916197328844087,0.345604134475636,-0.026442161187195112,train
2018-06-29,0.1741583686671794,0.3769042330077384,-0.202745864340559,train
2018-07-02,-0.11827083228285928,0.4736421805890949,-0.5919130128719542,train
2018-07-03,-0.20179280897956187,0.3559283040542195,-0.5577211130337814,train
2018-07-04,-0.22086943571219456,0.2930016126925555,-0.5138710484047501,train
2018-07-05,-0.07840960314399945,0.20205487772112063,-0.2804644808651201,train
2018-07-06,-0.06253098237206714,0.1445408077570825,-0.20707179012914964,train
2018-07-09,-0.07941071847518777,0.08384762189851008,-0.16325834037369785,train
2018-07-10,-0.13019599351144867,0.028880946649976258,-0.15907694016142493,train
2018-07-11,-0.11907223055257958,0.011138714763448188,-0.13021094531602778,train
2018-07-12,-0.2550574036926563,0.14277064430511915,-0.39782804799777544,train
2018-07-13,-0.02792043137065555,0.08530383452592549,-0.11322426589658105,train
2018-07-16,0.03342851434765472,0.07492657681322762,-0.0414980624655729,train
2018-07-17,0.07146518947527214,-0.032717428184377284,0.10418261765964942,train
2018-07-18,0.07980995240459147,0.008547075791093928,0.07126287661349755,train
2018-07-19,0.13165265803100823,-0.05659320163371423,0.18824585966472246,train
2018-07-20,-0.027806407752923694,0.1416690833296953,-0.169475491082619,train
2018-07-23,-0.17395344843911092,0.10617382753174348,-0.2801272759708544,train
2018-07-24,-0.2623709720590283,0.061438530431766614,-0.32380950249079493,train
2018-07-25,-0.28023627961633646,0.07152038142660333,-0.3517566610429398,train
2018-07-26,-0.4030845409339671,0.12320998145925777,-0.5262945223932249,train
2018-07-27,-0.4986034700967588,0.06463283943402498,-0.5632363095307837,train
2018-07-30,-0.3923730943766371,-0.11513611235755317,-0.2772369820190839,train
2018-07-31,-0.3646914274707661,-0.2134502707018444,-0.1512411567689217,train
2018-08-01,-0.48203214654891197,-0.14524437674783242,-0.33678776980107955,train
2018-08-02,-0.4705111259970446,-0.24833761360251205,-0.22217351239453254,train
2018-08-03,-0.5105155833437333,-0.2612176481138331,-0.24929793522990018,train
2018-08-06,-0.02350318334478323,-0.1827749789773478,0.15927179563256455,train
2018-08-07,0.16156188356337192,-0.2413551055445931,0.40291698910796503,train
2018-08-08,0.27587406838075573,-0.34173696244496116,0.6176110308257169,train
2018-08-09,0.37435400267632635,-0.28241739782487557,0.656771400501202,train
2018-08-10,0.4745114784662122,-0.3183837666618281,0.7928952451280403,train
2018-08-13,0.22993797095131724,0.02213012254312785,0.2078078484081894,train
2018-08-14,0.08805809215473523,0.03716062362172179,0.05089746853301344,train
2018-08-15,0.1499789861541749,0.08347622731159243,0.06650275884258247,train
2018-08-16,0.11649847701948315,0.17864010104519978,-0.06214162402571663,train
2018-08-17,0.09784863053827013,0.2637776041487493,-0.16592897361047915,train
2018-08-20,0.16436266467162167,0.13558246484250458,0.028780199829117087,train
2018-08-21,0.17349918615135493,0.0006311564226568755,0.17286802972869805,train
2018-08-22,0.055472235788402595,0.136992689118569,-0.08152045333016639,train
2018-08-23,-0.004505158035357678,0.08681527348572826,-0.09132043152108595,train
2018-08-24,-0.036295087942181926,0.10130355831234827,-0.1375986462545302,train
2018-08-27,-0.05391838188762635,0.14425244799566606,-0.1981708298832924,train
2018-08-28,-0.06755662726972626,0.06238084618353135,-0.12993747345325762,train
2018-08-29,-0.056624965783065265,0.03277016088263518,-0.08939512666570044,train
2018-08-30,0.06912274218829384,0.011972453783811954,0.057150288404481886,train
2018-08-31,0.04833027227409794,0.045051577449217284,0.0032786948248806555,train
2018-09-03,0.039588503165869,0.07776595878987069,-0.03817745562400169,train
2018-09-04,0.03239528502152586,-0.02608894637563619,0.05848423139716205,train
2018-09-05,0.0182697395595911,0.018070900224081532,0.0001988393355095673,train
2018-09-06,-0.06610364678284048,0.1548470976334454,-0.22095074441628587,train
2018-09-07,-0.027874674567255037,0.10014484849176841,-0.12801952305902345,train
2018-09-10,-0.11885670692099956,0.14164054570597573,-0.2604972526269753,train
2018-09-11,-0.15003691135240066,0.04340497532633586,-0.19344188667873652,train
2018-09-12,-0.10469387134270665,0.051591545632705516,-0.15628541697541215,train
2018-09-13,-0.1384378669634512,0.051702103944634925,-0.19013997090808613,train
2018-09-14,-0.1514020459337366,0.08128936619476812,-0.23269141212850472,train
2018-09-17,-0.1745700465456448,-0.007484886693023274,-0.16708515985262154,train
2018-09-18,-0.02405020831833444,-0.11350221672021432,0.08945200840187989,train
2018-09-19,-0.07086088423131957,0.006142521431605652,-0.07700340566292523,train
2018-09-20,-0.020618152596040978,-0.022713032382090326,0.002094879786049348,train
2018-09-21,0.04236344932253576,-0.0008519851918366017,0.04321543451437236,train
2018-09-24,0.04822828853346625,-0.0774789448113471,0.12570723334481335,train
2018-09-25,-0.041750515376139274,0.06497185949482143,-0.1067223748709607,train
2018-09-26,-0.024215777543135305,-0.024808613109851385,0.0005928355667160802,train
2018-09-27,0.038016731496839366,0.05371182532094332,-0.015695093824103952,train
2018-09-28,-0.019966097960352706,0.11987127701599187,-0.13983737497634458,train
2018-10-01,0.04690420723425188,0.03191683877206675,0.014987368462185131,train
2018-10-02,0.03562417539736007,-0.01927738526932865,0.05490156066668872,train
2018-10-03,0.05026089930089674,0.007172896347558355,0.04308800295333839,train
2018-10-04,-0.08914065190985385,0.1116797832916544,-0.20082043520150825,train
2018-10-05,-0.020851023717797745,0.05890714742165071,-0.07975817113944846,train
2018-10-08,-0.07806159118268378,0.08306325897187528,-0.16112485015455907,train
2018-10-09,-0.08852984452314011,0.003104931269976796,-0.09163477579311691,train
2018-10-10,-0.13752592218284856,0.05305793468872966,-0.19058385687157822,train
2018-10-11,-0.12611781456605492,-0.03174719652756519,-0.09437061803848973,train
2018-10-12,-0.26967752008379825,0.0913897709008683,-0.36106729098466656,train
2018-10-15,-0.18292450987595515,-0.01632230903926013,-0.16660220083669502,train
2018-10-16,-0.14313043513078305,-0.07120479460239343,-0.07192564052838962,train
2018-10-17,-0.09724019438344582,-0.07748540397886428,-0.019754790404581543,train
2018-10-18,-0.07334761190452412,-0.04782545125995441,-0.025522160644569705,train
2018-10-19,-0.06450190687095812,-0.08759113528133006,0.023089228410371934,train
2018-10-22,-0.10111575972207902,-0.007465507347645839,-0.09365025237443318,train
2018-10-23,-0.009521599169539164,-0.04649592397176544,0.036974324802226274,train
2018-10-24,-0.06181090311364173,-0.00032869687239478473,-0.061482206241246944,train
2018-10-25,-0.0657119065456243,0.005803782629935417,-0.07151568917555971,train
2018-10-26,-0.08317478365188759,0.00809131371900873,-0.09126609737089632,train
2018-10-29,-0.03811831745002724,0.010322578912899116,-0.04844089636292636,train
2018-10-30,-0.18632005385536718,0.07584258642750796,-0.26216264028287517,train
2018-10-31,-0.20104898937100144,-0.042190816904524864,-0.15885817246647657,train
2018-11-01,0.11854795102379961,0.0009743036598630628,0.11757364736393655,train
2018-11-02,0.15586635236764543,-0.02196233900484046,0.1778286913724859,train
2018-11-05,0.07857120295971225,0.049312616156951816,0.02925858680276043,train
2018-11-06,0.18076636443476304,-0.13711392524215993,0.31788028967692294,train
2018-11-07,0.2781336757755891,-0.1439273476783714,0.4220610234539605,train
2018-11-08,0.2173897218427693,0.16350001628942878,0.05388970555334052,train
2018-11-09,0.37721274520134035,0.058810234291851615,0.31840251090948873,train
2018-11-12,0.42565048149522283,-0.01843841860104345,0.4440889000962663,train
2018-11-13,0.3814194885945113,0.09315029732694202,0.2882691912675693,train
2018-11-14,0.32539677355484964,0.1715925198192242,0.15380425373562545,train
2018-11-15,0.20315472266737275,0.2469448930180047,-0.04379017035063196,train
2018-11-16,-0.07364004008215835,0.330326527236819,-0.40396656731897734,train
2018-11-19,-0.12188658124959154,0.27879507590509867,-0.4006816571546902,train
2018-11-20,-0.15577761589189487,0.20093912408299475,-0.3567167399748896,train
2018-11-21,-0.1179992602208212,0.1623435292116593,-0.2803427894324805,train
2018-11-22,0.09700654578768768,0.1863399307762328,-0.08933338498854511,train
2018-11-23,0.16136529705975425,-0.02728498552943409,0.18865028258918834,train
2018-11-26,0.11088937435715109,0.008324802871318426,0.10256457148583266,train
2018-11-27,0.1954654718934941,-0.054763779245044886,0.250229251138539,train
2018-11-28,0.18402285214876013,0.016243859317472298,0.16777899283128783,train
2018-11-29,-0.11896036992078861,0.196277629876075,-0.3152379997968636,train
2018-11-30,-0.09284207151311717,0.12589147577861348,-0.21873354729173067,train
2018-12-03,0.1678161272708819,0.022648401476946023,0.1451677257939359,train
2018-12-04,0.17564989020627203,0.16525621225921328,0.010393677947058755,train
2018-12-05,0.17197824247434798,0.12010764387448702,0.051870598599860956,train
2018-12-06,0.24366661876639725,-0.005760116235373036,0.2494267350017703,train
2018-12-07,0.25469193871911405,0.07030745413907369,0.18438448458004036,train
2018-12-10,0.05822954491596807,0.24708414353030095,-0.18885459861433287,train
2018-12-11,-0.06805027099201601,0.1852743096468386,-0.2533245806388546,train
2018-12-12,-0.11783619170709078,0.14299652185867207,-0.2608327135657629,train
2018-12-13,-0.018025403837458678,0.22210650546571692,-0.2401319093031756,train
2018-12-14,0.038255270083911025,0.22295056930598273,-0.1846952992220717,train
2018-12-17,0.15099487099703593,0.08945086944809377,0.06154400154894216,train
2018-12-18,0.20488333426271718,-0.04537187010589949,0.2502552043686167,train
2018-12-19,0.21912986581804736,-0.05724707566443721,0.2763769414824846,train
2018-12-20,0.2077882888215982,0.10836389699140625,0.09942439183019194,train
2018-12-21,0.16232999381031235,0.12158980122646923,0.04074019258384312,train
2018-12-24,0.04439006009599299,0.1717754718142369,-0.1273854117182439,train
2018-12-26,0.10867466950552068,0.14643802126008654,-0.037763351754565855,train
2018-12-27,0.30315669081559354,0.12825780363466843,0.1748988871809251,train
2018-12-28,0.2965213360332863,0.24300425249544066,0.05351708353784562,train
2018-12-31,0.22524003993704356,0.18645964054660563,0.038780399390437925,train
2019-01-02,0.2350573223105292,0.06265354212665064,0.17240378018387856,train
2019-01-03,0.24366783374184398,0.15871933270310856,0.08494850103873541,train
2019-01-04,0.08836031526521684,0.3217886273577988,-0.23342831209258194,train
2019-01-07,0.007659298779089982,0.2864382001370958,-0.2787789013580058,train
2019-01-08,0.006808822494841155,0.133586585506426,-0.12677776301158483,train
2019-01-09,0.07763441315675489,0.16841142970861728,-0.09077701655186239,train
2019-01-10,-0.04956952241121548,0.23176754861225374,-0.2813370710234692,train
2019-01-11,-0.15373516781708793,0.13641803813833253,-0.2901532059554205,train
2019-01-14,-0.321233205243786,0.11542227306263259,-0.4366554783064186,train
2019-01-15,-0.4562575514957765,0.049493532353175995,-0.5057510838489525,train
2019-01-16,-0.7686938465754081,0.15839257160909603,-0.9270864181845041,train
2019-01-17,-0.8727185036523869,0.001633409760709359,-0.8743519134130963,train
2019-01-18,-0.6124184786606457,-0.0798767612228547,-0.532541717437791,train
2019-01-21,-0.5068731960395917,-0.19479947542730908,-0.3120737206122826,train
2019-01-22,-0.4293936729740704,-0.376625490950721,-0.052768182023349375,train
2019-01-23,-0.4103889399908465,-0.4423833184212044,0.03199437843035785,train
2019-01-24,-0.0757690656733469,-0.4807895027808415,0.4050204371074946,train
2019-01-25,-0.18076076707761762,-0.2725921900696485,0.0918314229920309,train
2019-01-28,-0.16467260433453862,-0.29608926329649105,0.13141665896195243,train
2019-01-29,-0.19367965180690458,-0.30349588060803734,0.10981622880113276,train
2019-01-30,-0.2214357582490732,-0.326355548742778,0.10491979049370481,train
2019-01-31,-0.6824408863002661,-0.010825861205114973,-0.6716150250951511,train
2019-02-01,-0.8118586621103001,-0.17247655087679015,-0.63938211123351,train
2019-02-04,-1.0855395731898896,-0.15573338751530097,-0.9298061856745886,train
2019-02-05,-0.9965177573299573,-0.31324089852098064,-0.6832768588089766,train
2019-02-06,-0.8901113767722477,-0.3801167454278416,-0.5099946313444061,train
2019-02-07,-0.7044812364033677,-0.5882164185245287,-0.11626481787883902,train
2019-02-08,-0.4379310339200443,-0.5826225861199242,0.14469155219987995,train
2019-02-11,-0.35161047678037793,-0.7494187981657678,0.3978083213853899,train
2019-02-12,-0.3913113745706253,-0.6399289292121622,0.24861755464153684,train
2019-02-13,-0.3436492901060078,-0.6079304145926419,0.26428112448663404,train
2019-02-14,-0.36676606378825294,-0.4914019554689659,0.12463589168071298,train
2019-02-15,-0.5093994950829311,-0.32800633415609276,-0.18139316092683838,train
2019-02-18,-0.5329441375290855,-0.3675571168608152,-0.16538702066827032,train
2019-02-19,-0.5331186557722596,-0.4515261962154095,-0.08159245955685007,train
2019-02-20,-0.6030501429106059,-0.340068320649372,-0.2629818222612339,train
2019-02-21,-0.6175002499724652,-0.3598421569401574,-0.2576580930323078,train
2019-02-22,-0.6357225397096007,-0.37150097300222373,-0.26422156670737695,train
2019-02-25,-0.6660414614401338,-0.4285433842360526,-0.23749807720408117,train
2019-02-26,-0.6901391479421395,-0.4789957412425203,-0.21114340669961917,train
2019-02-27,-0.6493660384472492,-0.4795722796432912,-0.16979375880395797,train
2019-02-28,-0.7442784493807637,-0.46706437300356707,-0.27721407637719664,train
2019-03-01,-0.688249515120754,-0.444795331604847,-0.24345418351590703,train
2019-03-04,-0.6419994983791535,-0.5425940498659894,-0.09940544851316413,train
2019-03-05,-0.6165369656245523,-0.6028146028046424,-0.013722362819909906,train
2019-03-06,-0.5479807364297593,-0.506808248654676,-0.04117248777508331,train
2019-03-07,-0.47572976748470597,-0.6434943156644274,0.16776454817972142,train
2019-03-08,-0.6021255031210111,-0.4873038087375122,-0.11482169438349887,train
2019-03-11,-0.6434657837161105,-0.5092804137203076,-0.13418536999580288,train
2019-03-12,-0.6814398759709863,-0.536576401522566,-0.1448634744484203,train
2019-03-13,-0.8848561547432903,-0.39969417248611966,-0.4851619822571706,train
2019-03-14,-0.42789889061629777,-0.4117220700879477,-0.016176820528350067,train
2019-03-15,-0.35519426011755406,-0.5028008844859867,0.14760662436843264,train
2019-03-18,-0.003910988887957358,-0.5267320878394658,0.5228210989515084,train
2019-03-19,0.03010588591072366,-0.6205416734693648,0.6506475593800884,train
2019-03-20,0.04377002051260416,-0.6917476283500822,0.7355176488626863,train
2019-03-21,-0.1719524475642239,-0.3409260531267687,0.16897360556254482,train
2019-03-22,-0.1274954768635608,-0.4291431182077202,0.30164764134415945,train
2019-03-25,-0.4414730156304561,-0.14194905877397945,-0.29952395685647665,train
2019-03-26,-0.4523422298917627,-0.30144833561786333,-0.15089389427389938,train
2019-03-27,-0.4300892327351034,-0.3123185448372089,-0.11777068789789452,train
2019-03-28,-0.5238061889676814,-0.29439951753918675,-0.22940667142849464,train
2019-03-29,-0.7326096870170612,-0.2397079690971749,-0.4929017179198863,train
2019-04-01,-0.8869747168390241,-0.3462042772744558,-0.5407704395645683,train
2019-04-02,-0.9457154693459197,-0.4292056939348815,-0.5165097754110382,train
2019-04-03,-0.9881443691904458,-0.4032876041356339,-0.5848567650548119,train
2019-04-04,-0.9598351859594596,-0.456982360365221,-0.5028528255942386,train
2019-04-05,-0.9340181981729319,-0.6065984892711448,-0.32741970890178707,train
2019-04-08,-0.8829632190166612,-0.6296316431714232,-0.253331575845238,train
2019-04-09,-0.9197001885776404,-0.6912732043617024,-0.228426984215938,train
2019-04-10,-0.8780062540751494,-0.6827000981111565,-0.19530615596399292,train
2019-04-11,-0.9301125741065155,-0.6407063568326744,-0.2894062172738411,train
2019-04-12,-0.740798844550951,-0.6837241368682757,-0.05707470768267531,train
2019-04-15,-0.9250795443523724,-0.6211865248571359,-0.3038930194952365,train
2019-04-16,-1.0012446361793415,-0.745035331233425,-0.2562093049459164,train
2019-04-17,-1.0340269429580027,-0.6353424927721012,-0.3986844501859015,train
2019-04-18,-0.8979014392138377,-0.6845330105044727,-0.213368428709365,train
2019-04-19,-1.0051321211006867,-0.5122399918301519,-0.49289212927053483,train
2019-04-22,-0.7882678519716421,-1.0222578559622195,0.23399000399057746,train
2019-04-23,-0.6976879198577496,-1.0848403205618862,0.3871524007041366,train
2019-04-24,-0.7035059211540352,-0.920849943573126,0.2173440224190908,train
2019-04-25,-0.5066234082993057,-0.8113654502577168,0.30474204195841104,train
2019-04-26,-0.5769726105517542,-0.8523845846889411,0.2754119741371869,train
2019-04-29,-0.5659189577527636,-0.7090447533613734,0.14312579560860983,train
2019-04-30,-0.5308860056317641,-0.6996124828514649,0.1687264772197008,train
2019-05-01,-0.49672394508270196,-0.6773111866319331,0.18058724154923117,train
2019-05-02,-0.7383852788541205,-0.4625511389684565,-0.275834139885664,train
2019-05-03,-0.6159680820555358,-0.6728964561327778,0.05692837407724205,train
2019-05-06,-0.6859135292309243,-0.6011266563238442,-0.08478687290708009,train
2019-05-07,-0.7079448666755777,-0.611185840575146,-0.09675902610043163,train
2019-05-08,-0.7447785735369337,-0.5610129889600275,-0.18376558457690617,train
2019-05-09,-0.6826973153088205,-0.6193640017923183,-0.06333331351650218,train
2019-05-10,-0.8228514889122519,-0.5236589851093086,-0.29919250380294327,train
2019-05-13,-0.8719016256335,-0.6443783197260358,-0.22752330590746428,train
2019-05-14,-0.946428438792259,-0.6582552796438476,-0.28817315914841146,train
2019-05-15,-0.9043077182024819,-0.6583297786159164,-0.24597793958656555,train
2019-05-16,-1.1645339548887663,-0.5593233738397347,-0.6052105810490316,train
2019-05-17,-1.0002283611439078,-0.71788579631159,-0.2823425648323178,train
2019-05-20,-0.902649540249745,-0.783316811170023,-0.11933272907972192,train
2019-05-21,-0.8325691825974839,-0.876919272383104,0.04435008978562005,train
2019-05-22,-0.9170735767078791,-0.7195060402973014,-0.19756753641057778,train
2019-05-23,-0.8888855875355782,-0.9251361756774501,0.036250588141871876,train
2019-05-24,-0.8767841882602936,-0.7169232536132228,-0.15986093464707074,train
2019-05-28,-0.8545670654333879,-0.7194310657530357,-0.13513599968035217,train
2019-05-29,-0.6141512980423409,-0.713313255665923,0.09916195762358204,train
2019-05-30,-0.41946961519684006,-0.7733571674011803,0.35388755220434026,train
2019-05-31,-0.13406901163128632,-0.7817318943084054,0.6476628826771191,train
2019-06-03,-0.05445352908938092,-0.6487216982716902,0.5942681691823093,train
2019-06-04,-0.07954909909086594,-0.6865955196941572,0.6070464206032913,train
2019-06-05,-0.18380241550564663,-0.5008304397239327,0.3170280242182861,train
2019-06-06,-0.2777651563532673,-0.41186746276863695,0.13410230641536963,train
2019-06-07,-0.5983621532360969,-0.20002497351283954,-0.39833717972325733,train
2019-06-10,-0.7352421988394328,-0.19919269037145582,-0.5360495084679769,train
2019-06-11,-0.7328076706139676,-0.3574209746616599,-0.37538669595230767,train
2019-06-12,-0.5384012549478334,-0.38696126653095675,-0.15143998841687667,train
2019-06-13,-0.4741940779730267,-0.4131548546134897,-0.06103922335953699,train
2019-06-14,-0.3542205115026221,-0.6145607807607104,0.2603402692580883,train
2019-06-17,-0.2837434733882386,-0.543456007441447,0.2597125340532084,train
2019-06-18,-0.27050793393050654,-0.622794771995709,0.35228683806520245,train
2019-06-19,-0.2467203661561032,-0.41260584129638533,0.16588547514028212,train
2019-06-20,-0.28695237237499255,-0.4177428414403061,0.13079046906531355,train
2019-06-21,-0.37416680761944265,-0.32845015444383857,-0.04571665317560408,train
2019-06-24,-0.5342149368459777,-0.25849896686932766,-0.27571596997665,train
2019-06-25,-0.4924777610934732,-0.34021475216195474,-0.15226300893151845,train
2019-06-26,-0.6873354532355204,-0.19695673892235294,-0.49037871431316743,train
2019-06-27,-0.7151072489355353,-0.30373884216281866,-0.4113684067727167,train
2019-06-28,-0.8315474947607547,-0.40336449226721516,-0.4281830024935396,train
2019-07-01,-0.7642254457225953,-0.47284791362287937,-0.29137753209971595,train
2019-07-02,-0.9131408074917077,-0.39012316128788105,-0.5230176462038266,train
2019-07-03,-1.0781793247164868,-0.4556379647963927,-0.6225413599200942,train
2019-07-04,-0.9170320389813144,-0.4798752398540528,-0.4371567991272616,train
2019-07-05,-0.6914703676479287,-0.7921245272360489,0.10065415958812018,train
2019-07-08,-0.7904516236934827,-0.5694576456065655,-0.22099397808691712,train
2019-07-09,-0.7694504801370383,-0.7816835298205365,0.012233049683498143,train
2019-07-10,-0.7191959519763461,-0.869798959512483,0.15060300753613687,train
2019-07-11,-0.971097786811442,-0.654478285759816,-0.31661950105162595,train
2019-07-12,-1.001679553221527,-0.5450524303410789,-0.45662712288044816,train
2019-07-15,-0.7682786017664226,-0.7024469879797856,-0.06583161378663704,train
2019-07-16,-0.7821711909983369,-0.6986091832949675,-0.08356200770336941,train
2019-07-17,-0.8162711283916924,-0.6411224884415974,-0.175148639950095,train
2019-07-18,-0.754553672679666,-0.7924432121472476,0.03788953946758156,train
2019-07-19,-0.6202585940112963,-0.6956930565661158,0.07543446255481945,train
2019-07-22,-0.7812638099832864,-0.5678765681542294,-0.213387241829057,train
2019-07-23,-0.7782173761130311,-0.7511928887848963,-0.027024487328134783,train
2019-07-24,-0.7411701878724025,-0.7730349667394373,0.03186477886703476,train
2019-07-25,-0.4484918196838104,-0.6912527733050329,0.24276095362122246,train
2019-07-26,-0.4685735156088551,-0.5347624462633532,0.06618893065449816,train
2019-07-29,-0.38361976385106145,-0.7204943960968471,0.3368746322457856,train
2019-07-30,-0.22939035299177124,-0.7806565606023531,0.5512662076105819,train
2019-07-31,-0.10448239476101005,-0.7102947438412659,0.6058123490802558,train
2019-08-01,-0.187858960398641,-0.43912321397602705,0.251264253577386,train
2019-08-02,-0.18019938982145048,-0.4841762880480827,0.3039768982266322,train
2019-08-05,-0.21031499727556938,-0.47026482655763147,0.2599498292820621,train
2019-08-06,-0.31146193776700815,-0.31380343447685644,0.0023414967098482897,train
2019-08-07,-0.3321315389562376,-0.21970447015478467,-0.11242706880145292,train
2019-08-08,-0.40042045808605137,-0.24075668032165043,-0.15966377776440094,train
2019-08-09,-0.4416688749912952,-0.2150098368050477,-0.2266590381862475,train
2019-08-12,-0.4270433253846383,-0.3053624755894017,-0.12168084979523658,train
2019-08-13,-0.47314841216119335,-0.39575644425808393,-0.07739196790310943,train
2019-08-14,-0.6462182763048088,-0.2994423489877171,-0.34677592731709167,train
2019-08-15,-0.7742923631054428,-0.3602880756890752,-0.4140042874163676,train
2019-08-16,-0.8508728272835426,-0.3345020035082642,-0.5163708237752784,train
2019-08-19,-0.6891297751134653,-0.3517628220451476,-0.3373669530683177,train
2019-08-20,-0.5440401665737199,-0.49215928472669895,-0.05188088184702094,train
2019-08-21,-0.550662598230556,-0.5667486405204437,0.016086042289887748,train
2019-08-22,-0.545234836495906,-0.6423793103691099,0.09714447387320391,train
2019-08-23,-0.5724092794971946,-0.5592299319556169,-0.01317934754157768,train
2019-08-26,-0.7036649626637127,-0.4301530359282266,-0.2735119267354861,train
2019-08-27,-0.8389324945776321,-0.41144862792827275,-0.42748386664935933,train
2019-08-28,-0.5297181497270235,-0.5324319565567126,0.002713806829689136,train
2019-08-29,-0.4442039023996432,-0.5263084975551966,0.0821045951555534,train
2019-08-30,-0.4417405256314359,-0.4680207825827052,0.026280256951269287,train
2019-09-02,-0.5032748692939145,-0.4855642413118376,-0.0177106279820769,train
2019-09-03,-0.43474168339582375,-0.6193647410086867,0.1846230576128629,train
2019-09-04,-0.6979808451767203,-0.35336845545714335,-0.344612389719577,train
2019-09-05,-0.8125477995147512,-0.3976436272553616,-0.4149041722593896,train
2019-09-06,-0.15782956381610097,-0.4208924075135557,0.26306284369745475,train
2019-09-09,-0.09153181815546013,-0.4869600507849194,0.39542823262945925,train
2019-09-10,-0.10836771174426788,-0.41138896139034037,0.30302124964607247,train
2019-09-11,-0.05493970966496193,-0.5904807372838696,0.5355410276189077,train
2019-09-12,0.044266220952444604,-0.6669597636891951,0.7112259846416397,train
2019-09-13,-0.46611358081203463,-0.20732169831051706,-0.2587918825015176,train
2019-09-16,-0.5404094079865039,-0.3413205289162014,-0.19908887907030254,train
2019-09-17,-0.5008681407521346,-0.40801665470352605,-0.09285148604860854,train
2019-09-18,-0.5544229670807818,-0.3412893707109605,-0.21313359636982127,train
2019-09-19,-0.7239137777139483,-0.20360515344887675,-0.5203086242650715,train
2019-09-20,-0.6795526544179037,-0.41830612998082617,-0.2612465244370775,train
2019-09-23,-0.672513779066139,-0.43454296956720234,-0.23797080949893662,train
2019-09-24,-0.6800083892904656,-0.38563011678895043,-0.29437827250151516,train
2019-09-25,-0.5229272307279949,-0.4749259326538854,-0.048001298074109466,train
2019-09-26,-0.4987452165483392,-0.5838173253205904,0.08507210877225119,train
2019-09-27,-0.3028489385217122,-0.4859727281127163,0.18312378959100412,train
2019-09-30,-0.27196390035812446,-0.49184129498105333,0.21987739462292888,train
2019-10-01,-0.3443730387264238,-0.47003639764582417,0.1256633589194004,train
2019-10-02,-0.4933381509230724,-0.3610219297497107,-0.13231622117336173,train
2019-10-03,-0.5035509382116518,-0.43818578478069936,-0.0653651534309524,train
2019-10-04,-0.7977479200333238,-0.2236924201299137,-0.5740554999034102,train
2019-10-07,-0.7413097670575971,-0.2970532731980715,-0.4442564938595256,train
2019-10-08,-0.769909526684068,-0.4366607540869446,-0.3332487725971234,train
2019-10-09,-0.516391397736342,-0.4981932112328321,-0.018198186503509906,train
2019-10-10,-0.3793364399722185,-0.503976987114091,0.1246405471418725,train
2019-10-11,-0.2553609966114178,-0.5575791189757244,0.3022181223643066,train
2019-10-14,-0.34684397639291964,-0.45825703757794517,0.11141306118502553,train
2019-10-15,-0.32158825445033035,-0.6534185371194123,0.331830282669082,train
2019-10-16,-0.4540597506833484,-0.3745484541801559,-0.0795112965031925,train
2019-10-17,-0.6398508280234964,-0.33391128763701183,-0.3059395403864845,train
2019-10-18,-0.6755813898383719,-0.25502935340661576,-0.42055203643175615,train
2019-10-21,-0.7536848239654547,-0.4241572625820059,-0.32952756138344874,train
2019-10-22,-0.8331454332106066,-0.42383652804698646,-0.4093089051636202,train
2019-10-23,-0.9803621455485197,-0.4042264747399602,-0.5761356708085595,train
2019-10-24,-0.7317269432191641,-0.6028840727063095,-0.1288428705128546,train
2019-10-25,-0.8633999918994353,-0.45652205410749297,-0.4068779377919423,train
2019-10-28,-0.7415081763517001,-0.6913124895999777,-0.05019568675172237,train
2019-10-29,-0.6727532211726397,-0.7937396281136749,0.12098640694103524,train
2019-10-30,-0.5829308681004035,-0.7980390200556576,0.21510815195525412,train
2019-10-31,-0.8317186790976426,-0.5603571076277076,-0.271361571469935,train
2019-11-01,-0.9010251672473453,-0.6662039637698778,-0.2348212034774675,train
2019-11-04,-1.046584654043578,-0.6073227042972081,-0.4392619497463698,train
2019-11-05,-1.1670394287627002,-0.6191345289109779,-0.5479048998517223,train
2019-11-06,-1.3769611724307593,-0.513470728278137,-0.8634904441526223,train
2019-11-07,-1.337752978766565,-0.7724352840840548,-0.5653176946825101,train
2019-11-08,-1.4461965150862588,-0.7113438823523219,-0.7348526327339369,train
2019-11-11,-1.478670834000825,-0.857710144540416,-0.6209606894604089,train
2019-11-12,-1.433732023474702,-0.9941758071830421,-0.43955621629165986,train
2019-11-13,-1.4882496340723528,-1.0204506086623644,-0.4677990254099884,train
2019-11-14,-1.4720902656562904,-0.9932672686981852,-0.47882299695810526,train
2019-11-15,-1.4840195973814336,-1.054365407379378,-0.4296541900020556,train
2019-11-18,-1.296855428620396,-1.1259323471459446,-0.17092308147445134,train
2019-11-19,-1.2982595276001858,-1.1113500735237267,-0.1869094540764591,train
2019-11-20,-1.2977056791843846,-1.1738541942831309,-0.12385148490125375,train
2019-11-21,-1.3418119946209397,-1.109982934104022,-0.23182906051691776,train
2019-11-22,-1.4399247863647882,-1.1500123877889414,-0.2899123985758467,train
2019-11-25,-1.489953341904417,-0.994776546267928,-0.4951767956364891,train
2019-11-26,-1.3106290981830098,-1.1149414105216777,-0.19568768766133204,train
2019-11-27,-1.2300076091556098,-1.141206390561405,-0.08880121859420487,train
2019-11-28,-1.123003451470402,-1.132219835709002,0.009216384238600162,train
2019-11-29,-1.0368689549083803,-1.2940186470118247,0.2571496921034444,train
2019-12-02,-0.9503213645659827,-1.1546419309129323,0.20432056634694962,train
2019-12-03,-1.1125298532086187,-1.0745062109671493,-0.03802364224146948,train
2019-12-04,-1.159981486382951,-1.09630650828297,-0.06367497809998102,train
2019-12-05,-1.09774142730581,-1.009353241184475,-0.08838818612133492,train
2019-12-06,-0.9394256811823071,-1.0047918451283675,0.06536616394606043,train
2019-12-09,-0.5526807830821542,-0.8643784974608856,0.3116977143787314,train
2019-12-10,-0.48257656491212914,-1.1546008118146152,0.672024246902486,train
2019-12-11,-0.43820233829093364,-1.1225117428243436,0.6843094045334099,train
2019-12-12,-0.4936551238320695,-0.9735004741083373,0.4798453502762678,train
2019-12-13,-0.5485017094768194,-0.8797063342762275,0.33120462479940804,train
2019-12-16,-1.0748150088972648,-0.6313566697955848,-0.44345833910168,train
2019-12-17,-1.17387018612151,-0.7511836806165283,-0.42268650550498166,train
2019-12-18,-1.3053450338893502,-0.6979022671155634,-0.6074427667737868,train
2019-12-19,-1.4482206366722465,-0.750254129195258,-0.6979665074769885,train
2019-12-20,-1.416612537753678,-0.7382882106613591,-0.6783243270923189,train
2019-12-23,-1.3054489197121133,-0.9330565656833953,-0.37239235402871795,train
2019-12-24,-1.2462316175827663,-1.0375998595670777,-0.20863175801568867,train
2019-12-26,-1.0360808722887154,-1.1351568792857618,0.09907600699704644,train
2019-12-27,-0.9097746166928111,-1.2502573159445727,0.34048269925176156,train
2019-12-30,-0.9598670709327747,-1.0621896947625402,0.10232262382976554,train
2019-12-31,-0.9384367778236335,-1.0200214470072329,0.0815846691835993,train
2020-01-02,-0.7870221761230285,-1.0369677205912147,0.24994554446818618,train
2020-01-03,-0.855575663326642,-0.8535794111448134,-0.0019962521818286394,train
2020-01-06,-0.7991561121019157,-0.8102605628692302,0.011104450767314478,train
2020-01-07,-0.8301728416443486,-0.849089914551967,0.01891707290761846,train
2020-01-08,-0.9296696930044114,-0.7902640178338132,-0.1394056751705982,train
2020-01-09,-1.0827808197331514,-0.6744648536513059,-0.4083159660818455,train
2020-01-10,-1.08164931437068,-0.7859602430551521,-0.2956890713155279,train
2020-01-13,-1.2614382079573574,-0.6987693285423642,-0.5626688794149932,train
2020-01-14,-1.3342284313862296,-0.8065197478564476,-0.527708683529782,train
2020-01-15,-1.3324446990798513,-0.871319677046103,-0.4611250220337483,train
2020-01-16,-1.3679894349091266,-0.902293866551106,-0.4656955683580206,train
2020-01-17,-1.119771616990867,-0.9047389421375519,-0.215032674853315,train
2020-01-20,-1.10977359506074,-1.0550726038256624,-0.054700991235077545,train
2020-01-21,-1.0361137172846857,-1.151133696419001,0.11501997913431539,train
2020-01-22,-1.063485606998294,-1.0863613923678392,0.022875785369545154,train
2020-01-23,-1.0495476145798044,-1.0974970747797816,0.047949460199977256,train
2020-01-24,-1.3549555475988002,-0.8845345323741574,-0.47042101522464286,train
2020-01-27,-1.2593867087814847,-1.035764314687806,-0.2236223940936788,train
2020-01-28,-1.2463824492369968,-0.9488725112035383,-0.2975099380334585,train
2020-01-29,-1.2161548656268069,-1.0066852927368737,-0.20946957288993318,train
2020-01-30,-1.2334902831734222,-0.9540450978911855,-0.2794451852822367,train
2020-01-31,-1.13807717729212,-1.0708160292321487,-0.06726114805997141,train
2020-02-03,-1.0542018475234407,-0.9796274482549856,-0.0745743992684551,train
2020-02-04,-1.0884866440798415,-1.004850037726565,-0.08363660635327652,train
2020-02-05,-1.0556187649724733,-1.0222848577985706,-0.03333390717390272,train
2020-02-06,-0.9854150892554898,-1.0230784309913672,0.037663341735877376,train
2020-02-07,-0.9875134415516913,-0.9292101676375574,-0.058303273914133924,train
2020-02-10,-1.0570383777026178,-0.8708995926537935,-0.1861387850488243,train
2020-02-11,-1.120686609704359,-0.9968830534814772,-0.12380355622288186,train
2020-02-12,-0.9916750171829318,-0.9543138215907357,-0.037361195592196084,train
2020-02-13,-1.0243561895159483,-0.879042160252266,-0.1453140292636823,train
2020-02-14,-0.9399644223794453,-0.8730781416415326,-0.0668862807379127,train
2020-02-17,-0.7134633098867679,-0.9023648261799334,0.18890151629316554,train
2020-02-18,-0.47265506245044564,-1.1082476062296545,0.6355925437792088,train
2020-02-19,-0.43216311343915753,-0.8557444674752192,0.4235813540360616,train
2020-02-20,-0.24920505944562735,-0.9239708390302771,0.6747657795846498,train
2020-02-21,-0.11491281284138179,-0.8113896089960729,0.6964767961546912,train
2020-02-24,0.1795907623968811,-0.6619803956485009,0.841571158045382,train
2020-02-25,0.44747086941051634,-0.5154481311384966,0.9629190005490129,train
2020-02-26,0.7670627045444335,-0.5100815160623058,1.2771442206067394,train
2020-02-27,0.8188161184059956,-0.3403110790091727,1.1591271974151682,train
2020-02-28,0.8385302326114306,-0.23833308662354014,1.0768633192349708,train
2020-03-02,0.857488014561128,-0.008178623104904914,0.8656666376660329,train
2020-03-03,1.3647768626158239,0.14367839569741725,1.2210984669184066,train
2020-03-04,1.3847072995699896,0.3671249604431226,1.017582339126867,train
2020-03-05,1.4334243281258603,0.3095155789868612,1.123908749138999,train
2020-03-06,1.8419498756569253,0.32821007762438337,1.513739798032542,train
2020-03-09,1.9591422283722733,0.4673617026772279,1.4917805256950454,train
2020-03-10,1.8834211355767423,0.8609786180745972,1.022442517502145,train
2020-03-11,1.8826858191263853,0.7365241825533697,1.1461616365730156,train
2020-03-12,1.9645227362471036,0.7459907018450954,1.218532034402008,train
2020-03-13,2.0220590253307633,1.2453729113117729,0.7766861140189905,train
2020-03-16,2.0729313875118236,1.254234490077521,0.8186968974343025,train
2020-03-17,2.0992870794179144,1.3014198240484571,0.7978672553694572,train
2020-03-18,2.1703527293891196,1.2277712387451247,0.9425814906439949,train
2020-03-19,2.1223688277309933,1.3911599122975065,0.7312089154334869,train
2020-03-20,1.862738448680722,1.6208838691504195,0.24185457953030243,train
2020-03-23,1.6982087775606076,1.598193419235763,0.10001535832484465,train
2020-03-24,1.4526358927527494,1.659761861739084,-0.2071259689863345,train
2020-03-25,1.3192098580806408,1.697304200363802,-0.3780943422831611,train
2020-03-26,1.2575764877961275,1.5567002666928855,-0.299123778896758,train
2020-03-27,1.1828588693631121,1.5334532148432416,-0.35059434548012947,train
2020-03-30,1.0821270888004115,1.4464785870705725,-0.364351498270161,train
2020-03-31,0.9885449792987522,1.3341992663782543,-0.3456542870795021,train
2020-04-01,0.7606365806223558,1.3572575077622242,-0.5966209271398684,train
2020-04-02,0.7454700967985065,1.217827712898536,-0.47235761610002946,train
2020-04-03,0.6118512589098852,1.2445104764649542,-0.6326592175550689,train
2020-04-06,0.4107330190931937,1.1336310192611816,-0.7228980001679879,train
2020-04-07,0.31870230126346377,1.0512622936132534,-0.7325599923497896,train
2020-04-08,0.2527991018451624,0.9512577860827255,-0.6984586842375631,train
2020-04-09,0.13691210579140628,0.9527187127873734,-0.8158066069959671,train
2020-04-10,0.1148963203560952,0.8912406366791069,-0.7763443163230117,train
2020-04-13,0.30040427291983307,0.4864376850106648,-0.18603341209083174,train
2020-04-14,0.31090595363500145,0.5388570178320646,-0.22795106419706318,train
2020-04-15,0.3835520903346061,0.508610864329868,-0.12505877399526194,train
2020-04-16,0.3195838905143396,0.4673737881264832,-0.14778989761214362,train
2020-04-17,0.3929601148582558,0.49331899968409176,-0.10035888482583594,train
2020-04-20,0.4157145769585226,0.5720852963961041,-0.15637071943758146,train
2020-04-21,0.414972490192493,0.4853615678583257,-0.07038907766583269,train
2020-04-22,0.3520985296005245,0.5569703491684658,-0.20487181956794126,train
2020-04-23,0.3914115523758633,0.3958902808060438,-0.004478728430180545,train
2020-04-24,0.43079861144708026,0.5425760784967553,-0.111777467049675,train
2020-04-27,0.35387303213240506,0.49851654870536904,-0.14464351657296398,train
2020-04-28,0.34225062640014536,0.4066308744998976,-0.06438024809975224,train
2020-04-29,0.40967752308220723,0.3799375732793297,0.02973994980287753,train
2020-04-30,0.39654310747646243,0.38680932982800104,0.009733777648461395,train
2020-05-01,0.16812809202484136,0.5070085338292118,-0.3388804418043705,train
2020-05-04,0.12604834365022247,0.34075154648268796,-0.2147032028324655,train
2020-05-05,0.11103823690968978,0.2927018530360412,-0.1816636161263514,train
2020-05-06,-0.01763720558444374,0.40156087024404535,-0.4191980758284891,train
2020-05-07,-0.00755369516588265,0.3201473366946389,-0.3277010318605216,train
2020-05-08,-0.03095277950384477,0.241810798427689,-0.2727635779315338,train
2020-05-11,-0.026934569159702246,0.17837832109424773,-0.20531289025394997,train
2020-05-12,0.12115560568699567,0.15928169160457645,-0.03812608591758078,train
2020-05-13,0.11064206887598076,0.1465382125202031,-0.03589614364422235,train
2020-05-14,0.040403316473607856,0.16770721463898752,-0.12730389816537968,train
2020-05-15,0.050193184556460387,0.13503206989742172,-0.08483888534096135,train
2020-05-18,-0.012920219833022068,0.12262955116546786,-0.13554977099848994,train
2020-05-19,-0.3226011510578654,0.2637903012274623,-0.5863914522853277,train
2020-05-20,-0.3489511322774585,0.17157287690623185,-0.5205240091836904,train
2020-05-21,0.02641341178845722,0.09117976857423388,-0.06476635678577666,train
2020-05-22,0.038674826834434815,0.13686471053909416,-0.09818988370465934,train
2020-05-25,0.24808507803834082,0.013521069541179598,0.23456400849716122,train
2020-05-26,0.3476402159037478,-0.2306018426499607,0.5782420585537085,train
2020-05-27,0.40444839927349446,-0.11602741137057432,0.5204758106440688,train
2020-05-28,0.27171690670235066,0.14281167067378886,0.1289052360285618,train
2020-05-29,0.4719877423684514,0.03507743505263672,0.4369103073158147,train
2020-06-01,0.5283066387174482,0.21283197233347845,0.31547466638396976,train
2020-06-02,0.5474608239055356,0.20979825770194238,0.33766256620359325,train
2020-06-03,0.5521951205296007,0.2781232533904512,0.27407186713914955,train
2020-06-04,0.6402301557101414,0.2550740984695803,0.3851560572405611,train
2020-06-05,0.612435512445464,0.4187148491706267,0.19372066327483733,train
2020-06-08,0.5984224939904366,0.4334433181045399,0.16497917588589667,train
2020-06-09,0.6419480561577511,0.35439796639692783,0.28755008976082325,train
2020-06-10,0.6840014519228783,0.37772933677891746,0.30627211514396085,train
2020-06-11,0.6199018494014757,0.5057283194177629,0.11417352998371288,train
2020-06-12,0.5114091426925328,0.5149240293420705,-0.0035148866495376963,train
2020-06-15,0.4376985487374202,0.509803555940323,-0.0721050072029028,train
2020-06-16,0.33118625371274174,0.4977074018245645,-0.16652114811182278,train
2020-06-17,0.2474491980855595,0.542551441636836,-0.29510224355127646,train
2020-06-18,0.1726757850328457,0.50139395347924,-0.3287181684463943,train
2020-06-19,0.09499298927944666,0.43268108459571003,-0.33768809531626337,train
2020-06-22,-0.07580802316387994,0.4349002558984406,-0.5107082790623205,train
2020-06-23,-0.08032958965420048,0.27890907291180655,-0.359238662566007,train
2020-06-24,-0.09193413588905114,0.3094003109609212,-0.4013344468499723,train
2020-06-25,-0.18567988613777486,0.29284483263188626,-0.47852471876966113,train
2020-06-26,-0.12342591799102018,0.221529744181864,-0.3449556621728842,train
2020-06-29,-0.1650707536054072,0.09467607949044077,-0.259746833095848,train
2020-06-30,-0.15043306380960159,0.10765590311616374,-0.25808896692576533,train
2020-07-01,-0.19733637885187758,0.14779464202670184,-0.3451310208785794,train
2020-07-02,-0.1775044783120488,0.04071224637184773,-0.21821672468389652,train
2020-07-03,-0.12166724407616954,0.12869737206502635,-0.2503646161411959,train
2020-07-06,-0.08748374119929463,-0.03359411470189638,-0.053889626497398244,train
2020-07-07,-0.08961408693616849,0.033243295924918814,-0.1228573828610873,train
2020-07-08,-0.1342647045514199,0.014042932703054956,-0.14830763725447485,train
2020-07-09,-0.11849135309349816,0.0001921088399605697,-0.11868346193345873,train
2020-07-10,-0.2057036263682492,0.09625523340899489,-0.3019588597772441,train
2020-07-13,-0.19931662964150548,-0.007184656596162853,-0.19213197304534263,train
2020-07-14,-0.06190041174554645,0.01299624631660079,-0.07489665806214724,train
2020-07-15,0.11733749329834235,-0.04875886324707951,0.16609635654542187,train
2020-07-16,0.22545392361485334,-0.020785594721297262,0.2462395183361506,train
2020-07-17,0.2343274588117299,-0.032760371791427656,0.26708783060315755,train
2020-07-20,0.2894112607247636,-0.10007989220182512,0.3894911529265887,train
2020-07-21,0.31623347977054167,0.05773475462384259,0.2584987251466991,train
2020-07-22,0.2594405374168721,0.14935786830326847,0.11008266911360365,train
2020-07-23,0.24011041631667238,0.19629384005927353,0.04381657625739885,train
2020-07-24,0.29667952081107785,0.1491903795049775,0.14748914130610036,train
2020-07-27,0.4491918135511513,0.18010750523181895,0.26908430831933233,train
2020-07-28,0.4165528582600539,0.26382745089513104,0.15272540736492285,train
2020-07-29,0.4125812182221289,0.213339665946912,0.1992415522752169,train
2020-07-30,0.41121670126913434,0.2281964791997252,0.18302022206940916,train
2020-07-31,0.45277228293327276,0.2632570184855112,0.18951526444776157,train
2020-08-03,0.38642728821814243,0.401628033865706,-0.015200745647563574,train
2020-08-04,0.30395585205120657,0.3232026625178397,-0.019246810466633124,train
2020-08-05,0.33831220589971,0.31820004762354476,0.02011215827616525,train
2020-08-06,0.32587208192614303,0.34243693192942304,-0.016564850003280007,train
2020-08-07,0.22307425509516265,0.4044803161786318,-0.18140606108346913,train
2020-08-10,0.09684641542455803,0.38073032665009415,-0.28388391122553613,train
2020-08-11,0.10354278143500566,0.21693312452227387,-0.11339034308726821,train
2020-08-12,0.05467224988035252,0.33531344920562056,-0.28064119932526804,train
2020-08-13,0.11832952159926118,0.318189112162739,-0.1998595905634778,train
2020-08-14,0.18353979972857626,0.2563664330539786,-0.07282663332540235,train
2020-08-17,0.2575734224173907,0.1772232360267202,0.08035018639067049,train
2020-08-18,0.24411271039445367,0.16490084894180712,0.07921186145264655,train
2020-08-19,0.19234153932468057,0.2091347126533673,-0.01679317332868674,train
2020-08-20,0.03789474071769593,0.2752919155462595,-0.23739717482856354,train
2020-08-21,0.24773408080071915,0.2880132531911193,-0.04027917239040016,train
2020-08-24,0.2772379463038528,0.31053916859757735,-0.033301222293724564,train
2020-08-25,0.30894708358172845,0.20608913275170004,0.10285795083002841,train
2020-08-26,0.4753455305223421,0.20167370715365063,0.27367182336869145,train
2020-08-27,0.5498416644425169,0.10767299811139425,0.4421686663311227,train
2020-08-28,0.37806979610353736,0.3514317144205839,0.02663808168295345,train
2020-08-31,0.3610076949884802,0.28609652107880384,0.07491117390967633,train
2020-09-01,0.28060966691698747,0.22985669982674345,0.05075296709024402,train
2020-09-02,0.14386290775032975,0.4210650360630116,-0.2772021283126819,train
2020-09-03,0.07321239685261205,0.41453909017419593,-0.3413266933215839,train
2020-09-04,0.1710719415487861,0.34368441373130737,-0.17261247218252126,train
2020-09-07,0.04969514034861366,0.34778619716232206,-0.2980910568137084,train
2020-09-08,0.07510131591525401,0.0618526457391253,0.013248670176128713,train
2020-09-09,-0.026136420542796458,0.18450554532826507,-0.21064196587106154,train
2020-09-10,0.1032198413092687,0.12372818851255252,-0.020508347203283817,train
2020-09-11,-0.026177769672302724,0.24716848980025002,-0.27334625947255276,train
2020-09-14,-0.048752483564167524,0.05397971700621346,-0.10273220057038099,train
2020-09-15,0.0839037021986711,0.01731767728217154,0.06658602491649956,train
2020-09-16,0.17787052763091524,0.018096994881754813,0.15977353274916042,train
2020-09-17,0.08631677571625192,0.19074952311461374,-0.10443274739836182,train
2020-09-18,0.09437488863904014,0.10245992883235189,-0.008085040193311743,train
2020-09-21,0.11993524486748762,-0.013560226796892005,0.13349547166437964,train
2020-09-22,0.04391631983738354,0.14638607990999764,-0.1024697600726141,train
2020-09-23,-0.020990729919955917,0.2018940151884957,-0.22288474510845163,train
2020-09-24,-0.012860862508393727,0.16031485191800438,-0.1731757144263981,train
2020-09-25,-0.05086696997731333,0.17900469392998725,-0.22987166390730057,train
2020-09-28,-0.03167848363803946,0.13054383278231835,-0.1622223164203578,train
2020-09-29,-0.0945731139160856,0.07728105167394356,-0.17185416559002914,train
2020-09-30,-0.06616802387858915,0.06967341459822918,-0.13584143847681834,train
2020-10-01,-0.19506137550601652,0.11060514733935267,-0.3056665228453692,train
2020-10-02,-0.3401828923575414,0.06682385465569018,-0.4070067470132316,train
2020-10-05,-0.4305089717384278,0.044400136900159315,-0.4749091086385871,train
2020-10-06,-0.44147179682209775,-0.09530909763007894,-0.3461626991920188,train
2020-10-07,-0.587282608322813,0.022514982821329466,-0.6097975911441424,train
2020-10-08,-0.6188167409854184,-0.10220580098314014,-0.5166109400022783,train
2020-10-09,-0.5722622560693995,-0.21711188342821847,-0.35515037264118104,train
2020-10-12,-0.5858262333399009,-0.24339684377582804,-0.3424293895640729,train
2020-10-13,-0.5468114342033479,-0.2997499503830182,-0.24706148382032966,train
2020-10-14,-0.5721896157368538,-0.29881056415204027,-0.2733790515848135,train
2020-10-15,-0.5350163819252071,-0.3361942620489313,-0.19882211987627574,train
2020-10-16,-0.5455046021952344,-0.29792361688977237,-0.24758098530546208,train
2020-10-19,-0.5118428389953409,-0.3437350634768911,-0.1681077755184498,train
2020-10-20,-0.5205213975940196,-0.32582785547680915,-0.19469354211721046,train
2020-10-21,-0.5007531613233401,-0.3372093335020494,-0.16354382782129073,train
2020-10-22,-0.4647752506301997,-0.3128329848401842,-0.15194226579001552,train
2020-10-23,-0.33626955351923393,-0.3413349600423211,0.005065406523087179,train
2020-10-26,-0.2946960164166319,-0.32573487798766165,0.031038861571029752,train
2020-10-27,-0.3130761321853293,-0.363211793523025,0.0501356613376957,train
2020-10-28,-0.3060156804474416,-0.33643043495861863,0.030414754511177033,train
2020-10-29,0.3907223034902773,-0.296333512361763,0.6870558158520403,train
2020-10-30,0.4865843927452933,-0.20399937586213568,0.690583768607429,train
2020-11-02,0.6016436281337982,-0.2299246362916254,0.8315682644254236,train
2020-11-03,0.7713911221910814,-0.32587028195584083,1.0972614041469222,train
2020-11-04,0.8470350031105126,-0.27993995918212383,1.1269749622926364,train
2020-11-05,0.4711189810115589,0.19035349995458717,0.28076548105697174,train
2020-11-06,0.3335528557888419,0.10681317631585652,0.2267396794729854,train
2020-11-09,0.13008150872037805,0.1916165668147477,-0.061535058094369655,train
2020-11-10,-0.16610304723381292,0.37553708111004946,-0.5416401283438623,train
2020-11-11,-0.4396422458995932,0.40865006048916364,-0.8482923063887569,train
2020-11-12,-0.5581321202652844,0.17843744403557693,-0.7365695643008613,train
2020-11-13,-0.6332820619174243,0.08993928192410194,-0.7232213438415263,train
2020-11-16,-0.6733002726454994,-0.08301491376204617,-0.5902853588834532,train
2020-11-17,-0.5952134264592017,-0.12555156436542736,-0.46966186209377436,train
2020-11-18,-0.4505609732866303,-0.27587581420425794,-0.17468515908237237,train
2020-11-19,-0.3145648022982476,-0.3435691209508709,0.029004318652623262,train
2020-11-20,-0.33972838784948545,-0.35027341952320123,0.010545031673715788,train
2020-11-23,-0.34864056000970034,-0.4253083541527543,0.07666779414305397,train
2020-11-24,-0.3535584073891606,-0.27232355076977505,-0.08123485661938556,train
2020-11-25,-0.3079443576924389,-0.20957140531662394,-0.09837295237581495,train
2020-11-26,-0.32874372907096655,-0.14046856103954225,-0.1882751680314243,train
2020-11-27,-0.21939502186695803,-0.27019603788687374,0.05080101601991571,train
2020-12-01,-0.10395357922496322,-0.3195897757788714,0.21563619655390814,train
2020-12-02,-0.1650502857794099,-0.18882550837769824,0.023775222598288348,train
2020-12-03,-0.2664199873726165,-0.14051707541661285,-0.12590291195600367,train
2020-12-04,-0.1791713774158722,-0.17746781244801985,-0.0017035649678523446,train
2020-12-07,-0.20351315370717873,-0.11297502435113477,-0.09053812935604397,train
2020-12-08,-0.22352722814648576,-0.06276808624592745,-0.16075914190055832,train
2020-12-09,-0.1648617062587706,-0.15216190856150447,-0.012699797697266146,train
2020-12-10,0.058207848110786935,-0.195945822913006,0.25415367102379294,train
2020-12-11,-0.033958487168781616,-0.09396247488972143,0.06000398772093981,train
2020-12-14,-0.07650261212086262,-0.1800787967528899,0.10357618463202728,train
2020-12-15,0.10300307728641886,-0.1875977709388592,0.2906008482252781,train
2020-12-16,0.10766591385271722,-0.13976905694361036,0.2474349707963276,train
2020-12-17,-0.031962423924573345,0.06003382753691655,-0.0919962514614899,train
2020-12-18,-0.09243759809574165,-0.10847507341613927,0.01603747532039762,train
2020-12-21,-0.020621524943399538,-0.17257204314599556,0.15195051820259603,train
2020-12-22,-0.22656749669183718,0.0777177557827966,-0.3042852524746338,train
2020-12-23,-0.21223141792035324,-0.004223884082367624,-0.20800753383798562,train
2020-12-24,-0.21431969373943963,-0.019249749375828573,-0.19506994436361105,train
2020-12-28,-0.09076507980949557,-0.19578460845294332,0.10501952864344775,train
2020-12-29,-0.15235610332344693,-0.05087174010835516,-0.10148436321509177,train
2020-12-30,0.040733845398005085,-0.14430344286992985,0.18503728826793495,train
2020-12-31,0.04616822752237243,-0.095195197903847,0.14136342542621944,train
2021-01-04,0.21703648831956943,-0.07294968944945524,0.2899861777690247,train
2021-01-05,0.2380367814725688,-0.0071249100272533505,0.24516169149982214,train
2021-01-06,0.28864686970319764,-0.11297639926473474,0.4016232689679324,train
2021-01-07,0.18487877553246906,0.11132117931616381,0.07355759621630525,train
2021-01-08,0.19651748598599889,0.03747631941192864,0.15904116657407025,train
2021-01-11,-0.034490120787365595,0.21139689412623786,-0.24588701491360346,train
2021-01-12,-0.19708719997215626,0.14513760639403117,-0.34222480636618746,train
2021-01-13,-0.29443429012023303,0.16540886957906198,-0.459843159699295,train
2021-01-14,-0.3456944091005915,0.13019187168432167,-0.4758862807849132,train
2021-01-15,-0.42659376068834426,0.1457537773597095,-0.5723475380480538,train
2021-01-18,-0.4568462879233882,0.0028792664885893826,-0.4597255544119776,train
2021-01-19,-0.39321321540119414,-0.1989375661304656,-0.19427564927072855,train
2021-01-20,-0.388065849047914,-0.2002373005709795,-0.18782854847693453,train
2021-01-21,-0.3224912242434616,-0.16015171657536126,-0.16233950766810035,train
2021-01-22,-0.27455811812642916,-0.1908732012731375,-0.08368491685329166,train
2021-01-25,-0.1984133575745677,-0.24961630541012025,0.05120294783555254,train
2021-01-26,-0.15391338563663232,-0.22787690062785831,0.073963514991226,train
2021-01-27,-0.08764709942426178,-0.23273825139711962,0.14509115197285782,train
2021-01-28,-0.19643194034397365,-0.1121721507368274,-0.08425978960714625,train
2021-01-29,-0.2916877401283816,-0.10739410520131631,-0.1842936349270653,train
2021-02-01,-0.3701257355987224,-0.07496793217166686,-0.29515780342705555,train
2021-02-02,-0.43144329697937567,-0.08101567486083838,-0.3504276221185373,train
2021-02-03,-0.5505050094641957,-0.02910195432869589,-0.5214030551354998,train
2021-02-04,-0.5975716340879481,-0.144232035039775,-0.4533395990481731,train
2021-02-05,-0.6867769995786068,-0.19095952638093416,-0.49581747319767266,train
2021-02-08,-0.7789603465110758,-0.22299017629642964,-0.5559701702146462,train
2021-02-09,-0.9263391721977263,-0.2757821317986858,-0.6505570403990405,train
2021-02-10,-0.8780048025720305,-0.3565719514576875,-0.521432851114343,train
2021-02-11,-0.795821349528902,-0.407657078483189,-0.38816427104571305,train
2021-02-12,-0.7624591724784902,-0.5091012219744006,-0.2533579505040896,train
2021-02-15,-0.7371981708406485,-0.5289373478842867,-0.20826082295636184,train
2021-02-16,-0.5761709617538786,-0.6982781743687093,0.1221072126148307,train
2021-02-17,-0.6308241711999687,-0.5552425106461598,-0.07558166055380888,train
2021-02-18,-0.5441548951129852,-0.5120733667605866,-0.032081528352398636,train
2021-02-19,-0.28711667071014196,-0.5591941187393145,0.2720774480291725,train
2021-02-22,-0.013965171813693318,-0.5359830756836543,0.522017903869961,train
2021-02-23,0.0019320717639240454,-0.4049183079465101,0.4068503797104342,train
2021-02-24,0.07561859376287539,-0.48788200121033576,0.5635005949732111,train
2021-02-25,0.06925324350670278,-0.3605092118334799,0.42976245534018265,train
2021-02-26,0.0056124060799954585,-0.19941994829212972,0.2050323543721252,train
2021-03-01,-0.06040040041224937,-0.04518507540618477,-0.015215325006064602,train
2021-03-02,-0.0876672988987255,-0.1557521009863061,0.0680848020875806,train
2021-03-03,-0.11859796081919455,-0.087377371943956,-0.031220588875238542,train
2021-03-04,-0.11219769145178286,-0.09048524970525507,-0.021712441746527797,train
2021-03-05,-0.07884931733572559,-0.09852639040283262,0.01967707306710703,train
2021-03-08,-0.23637376291284956,-0.055870384592850764,-0.1805033783199988,train
2021-03-09,-0.22718937384162116,-0.1807997383689452,-0.046389635472675966,train
2021-03-10,-0.26048269010560304,-0.17673632601320738,-0.08374636409239566,train
2021-03-11,-0.2388621256521703,-0.13855229406718728,-0.10030983158498302,train
2021-03-12,-0.30661102311904403,-0.08050770773045313,-0.2261033153885909,train
2021-03-15,-0.3696429381197871,-0.2068046881801618,-0.1628382499396253,train
2021-03-16,-0.38727567672200847,-0.19473569410234676,-0.1925399826196617,train
2021-03-17,-0.37208834751209535,-0.22783577483369255,-0.1442525726784028,train
2021-03-18,-0.47061559424881194,-0.128849212246061,-0.34176638200275095,train
2021-03-19,-0.5224799532797895,-0.16410593747474467,-0.3583740158050448,train
2021-03-22,-0.5202807964589712,-0.29851529002144933,-0.22176550643752185,train
2021-03-23,-0.5323508207413843,-0.2581225041480949,-0.2742283165932894,train
2021-03-24,-0.5916863004567062,-0.23964129881812923,-0.352045001638577,train
2021-03-25,-0.604241771920753,-0.2743123334682308,-0.3299294384525222,train
2021-03-26,-0.6364658075987395,-0.27684908045533635,-0.35961672714340315,train
2021-03-29,-0.6797842354353236,-0.3462582095584884,-0.3335260258768352,train
2021-03-30,-0.7409420946692136,-0.330582340532208,-0.4103597541370056,train
2021-03-31,-0.7200969608689327,-0.4066415797458952,-0.3134553811230375,train
2021-04-01,-0.683168364136532,-0.37549230498669006,-0.307676059149842,train
2021-04-02,-0.7116723172663217,-0.394436575373073,-0.31723574189324877,train
2021-04-05,-0.6566882257316454,-0.5167805369062766,-0.13990768882536886,train
2021-04-06,-0.6314244636073778,-0.5267121028403718,-0.10471236076700596,train
2021-04-07,-0.5954700029852245,-0.5001112304124531,-0.09535877257277137,train
2021-04-08,-0.6934393925084633,-0.44097559327404723,-0.2524637992344161,train
2021-04-09,-0.6706040203756319,-0.49834230471394997,-0.17226171566168197,train
2021-04-12,-0.6780995986846905,-0.49048187174337654,-0.18761772694131396,train
2021-04-13,-0.5791297308272098,-0.48845010721353765,-0.0906796236136721,train
2021-04-14,-0.5998964385317148,-0.44045647981030306,-0.15943995872141176,train
2021-04-15,-0.5648698541037284,-0.5354941616093171,-0.0293756924944113,train
2021-04-16,-0.5396238065467995,-0.4845233648882919,-0.05510044165850764,train
2021-04-19,-0.5558309611858558,-0.5334040163283782,-0.02242694485747765,train
2021-04-20,-0.6103505113527529,-0.4267863873186287,-0.18356412403412414,train
2021-04-21,-0.6563131467794165,-0.47528463440510843,-0.18102851237430811,train
2021-04-22,-0.5557300124434128,-0.46392408588271405,-0.09180592656069875,train
2021-04-23,-0.6208560535777498,-0.4239793514814664,-0.19687670209628333,train
2021-04-26,-0.5076343480871597,-0.5070706552257255,-0.0005636928614342063,train
2021-04-27,-0.5330156705405793,-0.4759588509269544,-0.05705681961362491,train
2021-04-28,-0.4435950794336483,-0.5461271056498551,0.10253202621620683,train
2021-04-29,-0.6081211011020018,-0.41300957369528213,-0.19511152740671966,train
2021-04-30,-0.6127740857210072,-0.5176732180101384,-0.09510086771086879,train
2021-05-03,-0.20470986557830292,-0.4034172689017158,0.19870740332341288,train
2021-05-04,-0.14706713301571353,-0.4673757995681348,0.3203086665524213,train
2021-05-05,-0.16283359267241831,-0.37042915450151703,0.20759556182909872,train
2021-05-06,0.14069219900991625,-0.5658771696168892,0.7065693686268054,train
2021-05-07,0.19001116796847423,-0.5166319770824933,0.7066431450509676,train
2021-05-10,-0.14146008333104168,-0.19757143078099593,0.056111347449954246,train
2021-05-11,-0.22424906910671685,-0.29641956322255797,0.07217049411584112,train
2021-05-12,-0.2800173909583931,-0.3269887988879059,0.046971407929512765,train
2021-05-13,-0.5911792085878284,-0.004496939553446877,-0.5866822690343815,train
2021-05-14,-0.6969730154562608,-0.08551758257787401,-0.6114554328783868,train
2021-05-17,-0.5577659922011902,-0.3277217936341836,-0.23004419856700659,train
2021-05-18,-0.5052813446514155,-0.37848541064271074,-0.12679593400870476,train
2021-05-19,-0.44953332237468346,-0.4145747285937086,-0.03495859378097488,train
2021-05-20,-0.5356290970278921,-0.38592486929183667,-0.1497042277360554,train
2021-05-21,-0.4804754998310445,-0.5076099750478784,0.02713447521683393,train
2021-05-24,-0.5319524202073654,-0.37507265829513914,-0.1568797619122263,train
2021-05-25,-0.5784069229607129,-0.3927095421767156,-0.18569738078399733,train
2021-05-26,-0.6278758021191447,-0.3507437505005761,-0.27713205161856863,train
2021-05-27,-0.6208189506250269,-0.3953826042980421,-0.22543634632698478,train
2021-05-28,-0.48675018584819885,-0.34103936647092714,-0.1457108193772717,train
2021-06-01,-0.5601223514609144,-0.372676485350417,-0.1874458661104974,train
2021-06-02,-0.5956706560684943,-0.4470098714443183,-0.14866078462417603,train
2021-06-03,-0.6620740383590106,-0.47008594477842836,-0.19198809358058222,train
2021-06-04,-0.6112827865577155,-0.43244351104922907,-0.17883927550848644,train
2021-06-07,-0.8759913716919703,-0.3087094691418184,-0.5672819025501519,train
2021-06-08,-0.8960850745019053,-0.4762506108690384,-0.4198344636328669,train
2021-06-09,-0.8878220603617061,-0.5277966917542688,-0.3600253686074373,train
2021-06-10,-0.25249209465857975,-0.6274769523766489,0.37498485771806916,train
2021-06-11,-0.14561090458996662,-0.4736451921546967,0.3280342875647301,train
2021-06-14,-0.011014404598444097,-0.6497223464448477,0.6387079418464037,train
2021-06-15,0.07174135013977313,-0.7005353922023542,0.7722767423421273,train
2021-06-16,0.12515949082875727,-0.7075638438140879,0.8327233346428451,train
2021-06-17,-0.20622109094381594,-0.25562544346458893,0.04940435252077299,train
2021-06-18,-0.3816070819993808,-0.2749231790536237,-0.10668390294575714,train
2021-06-21,-0.57532268601698,-0.1968541315719891,-0.3784685544449909,train
2021-06-22,-0.647561298781349,-0.1667289069232325,-0.48083239185811655,train
2021-06-23,-0.7270475563031645,-0.13632908880386063,-0.5907184674993039,train
2021-06-24,-0.6705064806190539,-0.3018925859477737,-0.36861389467128025,train
2021-06-25,-0.6440414251965502,-0.38266139174130065,-0.2613800334552495,train
2021-06-28,-0.4760819644161795,-0.49102038244278834,0.014938418026608835,train
2021-06-29,-0.5706342964679756,-0.4663895998631541,-0.1042446966048215,train
2021-06-30,-0.5117165263215028,-0.5427594238634625,0.03104289754195977,train
2021-07-01,-0.49132904700359886,-0.46576571451171334,-0.025563332491885526,train
2021-07-02,-0.4477442267343601,-0.47232896226424137,0.024584735529881274,train
2021-07-05,-0.61114612287441,-0.32993941793966064,-0.2812067049347493,train
2021-07-06,-0.5498701525939995,-0.5536382650348824,0.0037681124408829314,train
2021-07-07,-0.4349354319796008,-0.426649383448399,-0.008286048531201795,train
2021-07-08,-0.5149521162903231,-0.3900315686847802,-0.12492054760554289,train
2021-07-09,-0.6058928047476014,-0.3626011826770181,-0.24329162207058336,train
2021-07-12,-0.6096371881105224,-0.5005617079399887,-0.1090754801705337,train
2021-07-13,-0.589249339738674,-0.4474143209037178,-0.1418350188349562,train
2021-07-14,-0.7226988746838756,-0.29382156716308083,-0.4288773075207948,train
2021-07-15,-0.7451683561534178,-0.4335929347307657,-0.3115754214226521,train
2021-07-16,-0.5524417572018507,-0.47771388008926985,-0.07472787711258089,train
2021-07-19,-0.5518265717349528,-0.5156403244098069,-0.03618624732514586,train
2021-07-20,-0.5728571287634417,-0.4778834131337787,-0.09497371562966306,train
2021-07-21,-0.606723563747939,-0.4999958861448721,-0.1067276776030669,train
2021-07-22,-0.4678573044314065,-0.5826221224973107,0.11476481806590422,train
2021-07-23,-0.6602549998534648,-0.38845915105000733,-0.2717958488034575,train
2021-07-26,-0.6524049454219277,-0.5133101985014741,-0.13909474692045365,train
2021-07-27,-0.6299953386719367,-0.5040564446776897,-0.12593889399424696,train
2021-07-28,-0.7000280474350004,-0.4966070092636076,-0.20342103817139273,train
2021-07-29,-0.7705318552202887,-0.3686761690096673,-0.40185568621062134,train
2021-07-30,-0.741876084681823,-0.5533239172064799,-0.1885521674753431,train
2021-08-02,-0.7384484993731102,-0.5427413429811329,-0.19570715639197733,train
2021-08-03,-0.8060126812875762,-0.5031856581343408,-0.3028270231532354,train
2021-08-04,-0.8262266321176747,-0.6135730973219979,-0.21265353479567672,train
2021-08-05,-0.9064731010210318,-0.5345813499146979,-0.371891751106334,train
2021-08-06,-0.9917326685181582,-0.5723308878867195,-0.41940178063143874,train
2021-08-09,-1.0842655527087457,-0.587442577896712,-0.49682297481203375,train
2021-08-10,-1.1422711159179884,-0.6487541187623127,-0.49351699715567565,train
2021-08-11,-1.043378284683528,-0.6957842841974848,-0.34759400048604316,train
2021-08-12,-0.8729157594616718,-0.6586228672457838,-0.214292892215888,train
2021-08-13,-0.7880351138471484,-0.7832194684189955,-0.004815645428152937,train
2021-08-16,-0.7469340869243087,-0.8463076129710252,0.09937352604671645,train
2021-08-17,-0.6743988488710304,-0.875051181990446,0.20065233311941555,train
2021-08-18,-0.7021013099282587,-0.7572147938222731,0.05511348389401438,train
2021-08-19,-0.8419168366604737,-0.6338062505663696,-0.20811058609410404,train
2021-08-20,-0.866486115495614,-0.6620324827576382,-0.2044536327379759,train
2021-08-23,-0.6787261560838221,-0.6778490284815331,-0.000877127602289085,train
2021-08-24,-0.7652613676390535,-0.6118770344533568,-0.15338433318569666,train
2021-08-25,-0.7472655141046202,-0.645959574518346,-0.10130593958627421,train
2021-08-26,-0.7787194172134883,-0.6640446552138247,-0.11467476199966353,train
2021-08-27,-0.8523033989127844,-0.6934677091277759,-0.1588356897850085,train
2021-08-30,-0.8031422627643813,-0.5353118090773228,-0.2678304536870585,train
2021-08-31,-0.8392800849713332,-0.7698240726695735,-0.06945601230175968,train
2021-09-01,-0.8385343278838875,-0.6740068110014366,-0.16452751688245093,train
2021-09-02,-0.8609863598050719,-0.7044531250607708,-0.15653323474430103,train
2021-09-03,-0.7006582301803059,-0.8130469971890438,0.1123887670087379,train
2021-09-06,-0.9714635336701697,-0.6195761340596887,-0.351887399610481,train
2021-09-07,-0.8928316126764632,-0.918261891191006,0.025430278514542826,train
2021-09-08,-0.820944226298567,-0.7703336791750567,-0.05061054712351032,train
2021-09-09,-0.7804351054185941,-0.8137231437235263,0.03328803830493221,train
2021-09-10,-0.8711345587261516,-0.6444383542753351,-0.2266962044508165,train
2021-09-13,-0.84361833199191,-0.8413684049947372,-0.0022499269971728575,train
2021-09-14,-0.8389962446830085,-0.7805099269462045,-0.05848631773680402,train
2021-09-15,-0.9125805435334495,-0.6568779638821192,-0.25570257965133036,train
2021-09-16,-0.5604887890189445,-0.6662022262933794,0.10571343727443494,train
2021-09-17,-0.5443916254936639,-0.7050369683994151,0.16064534290575117,train
2021-09-20,-0.5420659440012205,-0.7221220361576357,0.18005609215641516,train
2021-09-21,-0.5164077165171008,-0.7446402322550882,0.22823251573798742,train
2021-09-22,-0.4703301990955909,-0.7246851026513695,0.25435490355577867,train
2021-09-23,-0.7170109907641573,-0.4642050047812049,-0.2528059859829524,train
2021-09-24,-0.63580590351677,-0.5928313611562478,-0.04297454236052223,train
2021-09-27,-0.5610972503670478,-0.6276383739964242,0.06654112362937636,train
2021-09-28,-0.5583938512517588,-0.6021379171946765,0.04374406594291769,train
2021-09-29,-0.6121310832688914,-0.528975941706963,-0.08315514156192838,train
2021-09-30,-0.638111630926704,-0.5735510929541355,-0.06456053797256844,train
2021-10-01,-0.781342770187924,-0.5189244287735824,-0.2624183414143416,train
2021-10-04,-0.8583802620530739,-0.5003389437635256,-0.3580413182895483,train
2021-10-05,-0.9192595813968899,-0.5427513425088457,-0.3765082388880442,train
2021-10-06,-0.9589776863031406,-0.5730713746744108,-0.3859063116287298,train
2021-10-07,-0.983096843023735,-0.5316696303785897,-0.4514272126451453,train
2021-10-08,-0.9893875607046727,-0.6708271844024449,-0.3185603763022278,train
2021-10-11,-1.0372240775192612,-0.6647564407713111,-0.37246763674795,train
2021-10-12,-0.9665067429552667,-0.7637266637212883,-0.20278007923397845,train
2021-10-13,-0.9274468460389149,-0.7478051174757795,-0.17964172856313543,train
2021-10-14,-1.018737006211351,-0.7003371499967366,-0.3183998562146144,train
2021-10-15,-1.004566460356772,-0.7757351911848259,-0.22883126917194618,train
2021-10-18,-0.9742959821167009,-0.7961427306009142,-0.17815325151578665,train
2021-10-19,-0.983666768681644,-0.7299830777017036,-0.2536836909799405,train
2021-10-20,-1.0288308909209416,-0.7060998446409485,-0.32273104627999305,train
2021-10-21,-0.9434427118681985,-0.7858136071721668,-0.15762910469603175,train
2021-10-22,-0.6355609082646874,-0.7725327170906949,0.13697180882600757,train
2021-10-25,-0.4771076095859123,-0.760639164627917,0.2835315550420047,train
2021-10-26,-0.44847566775078146,-0.7624161856562621,0.31394051790548066,train
2021-10-27,-0.42522294881849937,-0.8026228491978946,0.37739990037939525,train
2021-10-28,-0.32898049048675315,-0.716683948913688,0.3877034584269349,train
2021-10-29,-0.5084522967084872,-0.500753371939711,-0.007698924768776205,train
2021-11-01,-0.5607224158606622,-0.45932075895058255,-0.10140165691007963,train
2021-11-02,-0.5516349936261287,-0.5255019779423276,-0.02613301568380111,train
2021-11-03,-0.487940429441097,-0.5331930409963703,0.045252611555273325,train
2021-11-04,-0.40319786975654265,-0.38383648660872266,-0.019361383147819988,train
2021-11-05,-0.3638675479480344,-0.5381493177512289,0.1742817698031945,train
2021-11-08,-0.42591757618488046,-0.492851885969595,0.06693430978471454,train
2021-11-09,-0.3421043876480213,-0.5235572769270236,0.18145288927900227,train
2021-11-10,-0.2576173491642426,-0.46016454536477797,0.20254719620053535,train
2021-11-11,-0.23264012669824718,-0.3325788028204723,0.09993867612222512,train
2021-11-12,-0.2193386983479546,-0.3901648049896977,0.17082610664174308,train
2021-11-15,-0.00866005762933292,-0.45321972947623823,0.4445596718469053,train
2021-11-16,0.08563343241532388,-0.331144246662649,0.4167776790779729,train
2021-11-17,0.02780103872430022,-0.254906173390128,0.28270721211442823,train
2021-11-18,0.004729167708907039,-0.19928891428405854,0.2040180819929656,train
2021-11-19,-0.06458993928646131,-0.271361027143628,0.20677108785716666,train
2021-11-22,-0.06600501580639975,-0.0398095507065408,-0.026195465099858956,train
2021-11-23,-0.20516389646918287,0.005371889101587368,-0.21053578557077024,train
2021-11-24,0.09588996235953397,-0.12752025867679617,0.22341022103633013,train
2021-11-25,0.12782012554066632,-0.04435926233858356,0.17217938787924988,train
2021-11-26,0.17449298862310397,-0.2909852812394481,0.4654782698625521,train
2021-11-29,0.131274159460678,-0.052691867252541935,0.18396602671321993,train
2021-11-30,0.10625238636687495,-0.22054942186286708,0.32680180822974203,train
2021-12-01,-0.16892256862050212,0.05521248193411665,-0.22413505055461877,train
2021-12-02,-0.3115927646120705,0.010301335851984672,-0.3218941004640552,train
2021-12-03,-0.32048276510766044,-0.03999474825208926,-0.2804880168555712,train
2021-12-06,-0.2684923454467736,0.049087478605855384,-0.31757982405262897,train
2021-12-07,-0.24847916416791224,-0.07938775377286023,-0.16909141039505202,train
2021-12-08,-0.3089536313958523,-0.1316999102500338,-0.1772537211458185,train
2021-12-09,-0.20332470372769076,-0.18562055311387887,-0.017704150613811892,train
2021-12-10,-0.07824953923237978,-0.22455099791172772,0.14630145867934796,train
2021-12-13,-0.23661639286572256,-0.08232668994518899,-0.15428970292053357,train
2021-12-14,-0.22961022932044642,-0.17730257098068092,-0.0523076583397655,train
2021-12-15,-0.2219529381218091,-0.24745636109556213,0.02550342297375302,train
2021-12-16,-0.31964456200908986,-0.08449916906928356,-0.2351453929398063,train
2021-12-17,-0.47648393529619504,-0.023372826881132625,-0.4531111084150624,train
2021-12-20,-0.5644732797816786,-0.1576777752122066,-0.406795504569472,train
2021-12-21,-0.6173444248436099,-0.1610059638302403,-0.45633846101336956,train
2021-12-22,-0.6303485920379029,-0.20428950152053638,-0.42605909051736657,train
2021-12-23,-0.6694224900082761,-0.2008173416101683,-0.46860514839810785,train
2021-12-24,-0.5506110279516835,-0.2952421088070082,-0.2553689191446753,train
2021-12-27,-0.35812745362762716,-0.39550574493417956,0.0373782913065524,train
2021-12-28,-0.25257107782296934,-0.38418712221398754,0.1316160443910182,train
2021-12-29,-0.20164534464983536,-0.41266711551777746,0.2110217708679421,train
2021-12-30,-0.15925594296859844,-0.3907906510325467,0.23153470806394824,train
2021-12-31,-0.14757354213312793,-0.3107151097575691,0.16314156762444118,train
2022-01-03,-0.23650344911996052,-0.21216153877907046,-0.02434191034089006,train
2022-01-04,-0.29406987710420784,-0.17678016245289746,-0.11728971465131038,train
2022-01-05,-0.32897081912737053,-0.19220216857916445,-0.13676865054820608,train
2022-01-06,-0.35005381491733994,-0.14414292260483313,-0.2059108923125068,train
2022-01-07,-0.39660866291598784,-0.11063689596613246,-0.2859717669498554,train
2022-01-10,-0.38891779624767964,-0.2006830852428878,-0.18823471100479183,train
2022-01-11,-0.4440735508761473,-0.22077318834205573,-0.22330036253409158,train
2022-01-12,-0.37263555555548683,-0.27848595415680616,-0.09414960139868067,train
2022-01-13,-0.4334464133527737,-0.24982227978259497,-0.1836241335701787,train
2022-01-14,-0.48794857918878315,-0.24506180604097877,-0.24288677314780438,train
2022-01-17,-0.5481615503457924,-0.2670480889789187,-0.2811134613668737,train
2022-01-18,-0.48403561499074726,-0.3564646156343356,-0.12757099935641164,train
2022-01-19,-0.5854992607785691,-0.252032184091295,-0.33346707668727404,train
2022-01-20,-0.5089724490385824,-0.346800853464615,-0.16217159557396743,train
2022-01-21,-0.3818317668432041,-0.3433107081052132,-0.03852105873799089,train
2022-01-24,-0.24615381404558367,-0.3995152776980563,0.1533614636524726,train
2022-01-25,-0.20623862544321167,-0.3263120861989665,0.12007346075575484,train
2022-01-26,-0.10334196306892392,-0.4107607958042054,0.3074188327352815,train
2022-01-27,-0.136844021591327,-0.3176972782667155,0.1808532566753885,train
2022-01-28,0.14964906320673713,-0.21455929114162847,0.3642083543483656,train
2022-01-31,0.2611461746991158,-0.14839792283516018,0.40954409753427595,train
2022-02-01,0.26771928812461415,-0.15725696521717664,0.4249762533417908,train
2022-02-02,0.2388548263581843,-0.08664365954737507,0.3254984859055594,train
2022-02-03,0.23762312119207718,-0.18036044142514496,0.41798356261722214,train
2022-02-04,0.25796966380068703,0.12287039629862362,0.1350992675020634,train
2022-02-07,0.2699765277818656,0.12424243640550559,0.14573409137636,train
2022-02-08,0.34916440448191904,0.034006361295493504,0.31515804318642554,train
2022-02-09,0.39277910525707793,-0.006901321171691066,0.399680426428769,train
2022-02-10,0.40169833009454425,-0.04701704116403538,0.44871537125857963,train
2022-02-11,0.30578579406984707,0.19427792129393118,0.1115078727759159,train
2022-02-14,0.13106654187196395,0.15833626117894561,-0.02726971930698166,train
2022-02-15,0.028484152574663642,0.17733535058954664,-0.148851198014883,train
2022-02-16,0.06898244503154742,0.17199297283249393,-0.10301052780094651,train
2022-02-17,0.07304508855735366,0.1141425482767432,-0.04109745971938954,train
2022-02-18,0.38103004982287486,0.2560435558548596,0.12498649396801526,train
2022-02-21,0.5456649395345147,0.027731922319259805,0.5179330172152549,train
2022-02-22,0.7602984296811582,0.02541156519104293,0.7348868644901153,train
2022-02-23,0.8135977785464322,0.11243805669365836,0.7011597218527739,train
2022-02-24,1.0025333562378815,0.01930598628646929,0.9832273699514122,train
2022-02-25,0.8052725066388605,0.36966373952724374,0.4356087671116168,train
2022-02-28,0.8383419540966501,0.3789282129427445,0.45941374115390565,train
2022-03-01,0.9759389994975485,0.5577005069030795,0.418238492594469,train
2022-03-02,1.1251255377999305,0.5330292723965597,0.5920962654033708,train
2022-03-03,1.1124133301276715,0.7525729508652852,0.3598403792623863,train
2022-03-04,1.2898592006357048,0.5589304045998839,0.730928796035821,train
2022-03-07,1.2722997784500538,0.671808257487453,0.6004915209626008,train
2022-03-08,1.078165495356375,0.8226673555293222,0.25549813982705283,train
2022-03-09,0.9411784984841104,0.8778094611326218,0.06336903735148858,train
2022-03-10,0.9871810432510617,0.8359606203422127,0.15122042290884896,train
2022-03-11,0.7502095316589713,1.0256957680341703,-0.275486236375199,train
2022-03-14,0.6552441129058013,0.919088493680754,-0.26384438077495265,train
2022-03-15,0.6062898878761919,0.7665281132165025,-0.16023822534031062,train
2022-03-16,0.4920691450176859,0.7636976098614712,-0.2716284648437853,train
2022-03-17,0.14093592371681826,0.864997557466372,-0.7240616337495537,train
2022-03-18,0.06688381117396573,0.6599195104167013,-0.5930356992427356,train
2022-03-21,0.05923246737565148,0.5646387687186345,-0.505406301342983,train
2022-03-22,0.12659117353224394,0.5143268075362302,-0.38773563400398625,train
2022-03-23,0.49716978462020234,0.4810812915540688,0.016088493066133525,train
2022-03-24,0.5486820268677021,0.3587884897388056,0.18989353712889645,train
2022-03-25,0.6354773225207041,0.34382023226620484,0.29165709025449926,train
2022-03-28,0.6541810909521386,0.3397823799719977,0.31439871098014094,train
2022-03-29,0.5803132273357337,0.3920900622687504,0.18822316506698328,train
2022-03-30,0.18423789974596239,0.6472206560773849,-0.4629827563314225,train
2022-03-31,0.132888163219795,0.5298209689748793,-0.3969328057550843,train
2022-04-01,0.004263260583700998,0.616197211606628,-0.611933951022927,train
2022-04-04,-0.051233954455841384,0.5537167111910193,-0.6049506656468606,train
2022-04-05,0.018720781659527397,0.4057952683227822,-0.3870744866632548,train
2022-04-06,0.11768508600685958,0.25862562653157267,-0.1409405405247131,train
2022-04-07,0.0758594456855208,0.2775964823427444,-0.20173703665722362,train
2022-04-08,0.37523368429458237,0.2311955238318555,0.14403816046272688,train
2022-04-11,0.2815166565040516,0.15888143054903436,0.12263522595501725,train
2022-04-12,0.2226304062333327,0.1874242201421027,0.035206186091229996,train
2022-04-13,0.1873413808199207,0.2543394187281818,-0.06699803790826109,train
2022-04-14,0.24867411593770805,0.17717932900094596,0.07149478693676209,train
2022-04-15,-0.03241273907866958,0.4420343817731572,-0.4744471208518268,train
2022-04-18,0.15170249299350808,-0.0314734267170661,0.18317591971057418,train
2022-04-19,0.3540069268667271,0.03648529969749431,0.31752162716923277,train
2022-04-20,0.37878643479026974,0.0861263304274884,0.29266010436278134,train
2022-04-21,0.48273902462038504,0.14710746970022798,0.33563155492015706,train
2022-04-22,0.7005522328614482,0.11439259325306572,0.5861596396083825,train
2022-04-25,0.7852693073151323,0.21904897787779948,0.5662203294373329,train
2022-04-26,0.7598285130134559,0.3820190316591317,0.3778094813543242,train
2022-04-27,0.7983993166578851,0.33185756011066525,0.46654175654721985,train
2022-04-28,0.938524348508878,0.45618219199750243,0.4823421565113756,train
2022-04-29,0.8558988638801157,0.6038120516508164,0.2520868122292993,train
2022-05-02,0.9928287180207025,0.5858240047610539,0.4070047132596486,train
2022-05-03,1.0172317697879028,0.5349949205186544,0.48223684926924837,train
2022-05-04,1.0066905214863437,0.560966741530702,0.4457237799556417,train
2022-05-05,0.8533423301591702,0.7558352072065141,0.09750712295265607,train
2022-05-06,0.8946913067407632,0.6839289699235627,0.21076233681720058,train
2022-05-09,0.6797105144427091,0.8198432114903849,-0.14013269704767572,train
2022-05-10,0.6140111052608346,0.7465116316263962,-0.13250052636556164,train
2022-05-11,0.684019755136338,0.70198452882524,-0.017964773688902036,train
2022-05-12,0.6472302056990702,0.6720145453213326,-0.024784339622262452,train
2022-05-13,0.5429070396109459,0.7733550554241051,-0.2304480158131592,train
2022-05-16,0.5176759206233302,0.6031525619071689,-0.0854766412838387,train
2022-05-17,0.591468416862649,0.5473776908688668,0.044090725993782165,train
2022-05-18,0.6193830102888929,0.6696413780483201,-0.05025836775942727,train
2022-05-19,0.6231922401922565,0.6040002192851142,0.019192020907142338,train
2022-05-20,0.538682876518504,0.6293910087943131,-0.0907081322758091,train
2022-05-23,0.5620204875650407,0.5539675564130278,0.008052931152012999,train
2022-05-24,0.4305882141367153,0.6548731449897869,-0.2242849308530716,train
2022-05-25,0.3877754039686991,0.6974551991169669,-0.30967979514826777,train
2022-05-26,0.39830794363906097,0.6252657408248607,-0.22695779718579978,train
2022-05-27,0.36836010516799356,0.562319305054087,-0.19395919988609345,train
2022-05-30,0.2876637999929651,0.5958717889292152,-0.3082079889362501,train
2022-05-31,0.28681475134257794,0.44729167067321746,-0.1604769193306395,train
2022-06-01,0.11722235830181063,0.5469616836438365,-0.42973932534202586,train
2022-06-02,0.02427100156478607,0.5061655663803699,-0.48189456481558385,train
2022-06-03,0.45470224374358037,0.4261480303462546,0.02855421339732578,train
2022-06-06,0.625430070958158,0.35118973836550244,0.2742403325926555,train
2022-06-07,0.7578075997867031,0.33959151438007207,0.418216085406631,train
2022-06-08,0.8333398099873747,0.27861925965900275,0.5547205503283719,train
2022-06-09,1.1584107308434748,0.23360662375569513,0.9248041070877797,train
2022-06-10,1.1713862800277701,0.5461005339936909,0.6252857460340793,train
2022-06-13,1.1792613666507308,0.560691580405734,0.6185697862449968,train
2022-06-14,1.1067807261345302,0.6268360161020867,0.47994471003244343,train
2022-06-15,1.0705259921856252,0.6541952690051369,0.41633072318048825,train
2022-06-16,0.7690765849921329,0.9755088022636441,-0.20643221727151118,train
2022-06-17,0.6477679200867512,0.9400445391403457,-0.2922766190535945,train
2022-06-20,0.5579149713804422,0.8848985865178481,-0.3269836151374059,train
2022-06-21,0.5584267929289812,0.6999188715920215,-0.14149207866304025,train
2022-06-22,0.557549749879941,0.6983153162335969,-0.1407655663536559,train
2022-06-23,0.5397310503761424,0.6217107840255935,-0.0819797336494511,train
2022-06-24,0.4417275502200197,0.665883011568048,-0.22415546134802827,train
2022-06-27,0.4472813810032304,0.5633149818016843,-0.11603360079845387,train
2022-06-28,0.417709067237415,0.5050064366577747,-0.08729736942035965,train
2022-06-29,0.5500738714204342,0.5274930780779481,0.022580793342486083,train
2022-06-30,0.6564371688110862,0.542103632658365,0.11433353615272113,train
2022-07-01,0.6638029019854816,0.5485107786575193,0.11529212332796235,train
2022-07-04,0.80681340174241,0.5380387635734813,0.26877463816892866,train
2022-07-05,0.8845978472608818,0.42100408841250453,0.4635937588483772,train
2022-07-06,0.8581808814855113,0.6270345305956169,0.23114635088989444,train
2022-07-07,1.0843584361186684,0.6882117353724944,0.3961467007461741,train
2022-07-08,1.1820774806646477,0.6709746933465888,0.5111027873180589,train
2022-07-11,1.1230498617133042,0.8091511169937817,0.3138987447195225,train
2022-07-12,1.1202113200401127,0.7723549376772223,0.3478563823628904,train
2022-07-13,1.1818492089911552,0.7798461990334498,0.40200300995770544,train
2022-07-14,0.9949975230122465,1.0068584588291964,-0.011860935816949914,train
2022-07-15,1.0868460872601649,0.9943983745568121,0.09244771270335272,train
2022-07-18,1.150308664740875,0.8877958156036758,0.2625128491371991,train
2022-07-19,1.163991114928224,0.8366674134331155,0.3273237014951086,train
2022-07-20,1.10052611752566,0.9540214809891759,0.14650463653648405,train
2022-07-21,1.1645649323812313,0.8850474557496433,0.279517476631588,train
2022-07-22,1.0628256675674086,1.0198489482029918,0.04297671936441683,train
2022-07-25,1.0448596618389565,0.9983357884432307,0.046523873395725834,train
2022-07-26,1.033965978805086,0.9300256046756319,0.103940374129454,train
2022-07-27,1.0591212223013962,0.9096818249795654,0.14943939732183076,train
2022-07-28,0.939248694146402,1.0352783575026363,-0.09602966335623431,train
2022-07-29,0.7992190683266268,1.0000424801315704,-0.20082341180494356,train
2022-08-01,0.7496734748221737,0.9901710547178868,-0.24049757989571308,train
2022-08-02,0.6880189291909559,0.9086032834316972,-0.2205843542407413,train
2022-08-03,0.5170200601951427,0.9696309613005957,-0.452610901105453,train
2022-08-04,0.6936921941875044,0.9054844935252033,-0.21179229933769894,train
2022-08-05,0.6733563486975852,0.8053855414774357,-0.13202919277985048,train
2022-08-08,0.5435485638779715,0.8415246794589619,-0.29797611558099046,train
2022-08-09,0.5320674643231387,0.7007244168711406,-0.16865695254800195,train
2022-08-10,0.5876800362909438,0.5524949487080342,0.03518508758290961,train
2022-08-11,0.3189484755264216,0.8139660683262308,-0.49501759279980917,train
2022-08-12,0.3112038277406062,0.6639934176885292,-0.352789589947923,train
2022-08-15,0.27749190806273,0.5710250876365933,-0.2935331795738633,train
2022-08-16,0.31802781222933457,0.5258037245602517,-0.20777591233091713,train
2022-08-17,0.4866337176819064,0.5872310026284826,-0.10059728494657622,train
2022-08-18,0.547659028920542,0.5293919809371916,0.018267047983350326,train
2022-08-19,0.6338837072755774,0.4968164452623358,0.1370672620132416,train
2022-08-22,0.9147608696906231,0.4309768050268447,0.4837840646637784,train
2022-08-23,0.9795019883902288,0.4671898860027194,0.5123121023875095,train
2022-08-24,0.9777343530218157,0.6133860888203653,0.3643482642014504,train
2022-08-25,1.0091904137720187,0.6016463066534079,0.4075441071186108,train
2022-08-26,1.0271792587666315,0.6484818766217144,0.3786973821449171,train
2022-08-29,0.9003716806119169,0.8614300552666547,0.03894162534526213,train
2022-08-30,0.8705853902845522,0.8045203561720652,0.06606503411248699,train
2022-08-31,0.8354824045354833,0.8263764330865979,0.009105971448885364,train
2022-09-01,0.8161025408077547,0.8404811499624366,-0.02437860915468193,train
2022-09-02,0.9130119583441166,0.8411995894887054,0.0718123688554112,train
2022-09-05,0.92814380666145,0.8036629984784907,0.12448080818295937,train
2022-09-06,1.0153621191520172,0.7495798787805026,0.26578224037151466,train
2022-09-07,1.2645823608656634,0.7593234631318213,0.5052588977338421,train
2022-09-08,1.246739305931157,0.7656070077791688,0.4811322981519881,train
2022-09-09,1.1059462367736521,0.8842274555301679,0.2217187812434842,train
2022-09-12,1.079381411553451,0.8426063613203932,0.23677505023305778,train
2022-09-13,0.9552235942720931,0.9130471437164708,0.04217645055562236,train
2022-09-14,0.5367899709305973,1.1416382687139797,-0.6048482977833823,train
2022-09-15,0.8354434438833855,0.9576189328991038,-0.12217548901571829,train
2022-09-16,0.9789987040484822,0.804610030313385,0.17438867373509725,train
2022-09-19,1.0717970632076692,0.878819984735019,0.19297707847265022,train
2022-09-20,1.6095299248844663,0.7236247745411648,0.8859051503433015,train
2022-09-21,1.6868569325342142,0.6565527626810651,1.030304169853149,train
2022-09-22,1.7256732704055062,0.9160068269344503,0.8096664434710559,train
2022-09-23,1.8027221543833896,0.9196435885422696,0.88307856584112,train
2022-09-26,1.8248261118028941,0.988679813442241,0.8361462983606531,train
2022-09-27,1.5359790714417743,1.434710998753557,0.10126807268821736,train
2022-09-28,1.4980661431716846,1.2756324558906467,0.22243368728103796,train
2022-09-29,1.341565484384193,1.383621440881195,-0.042055956497002,train
2022-09-30,1.1843008203954757,1.4216138525645179,-0.2373130321690422,train
2022-10-03,1.1068759922916145,1.4092591044335763,-0.3023831121419618,train
2022-10-04,1.0226060818922909,1.3088471092092626,-0.28624102731697176,train
2022-10-05,1.0120556734478283,1.2391347793895697,-0.2270791059417414,train
2022-10-06,1.0410241015513282,1.1746534230532504,-0.1336293215019222,train
2022-10-07,1.3940368551703406,1.0994687839986248,0.2945680711717158,train
2022-10-10,1.4269237785031288,1.099777999717793,0.3271457787853358,train
2022-10-11,1.4315255045301527,1.0456735785740758,0.38585192595607687,train
2022-10-12,1.4294717595436008,1.0416204759727523,0.3878512835708485,train
2022-10-13,1.3780840423905667,1.078533904506389,0.2995501378841776,train
2022-10-14,1.036106108170854,1.3734645303140436,-0.33735842214318956,train
2022-10-17,1.1641876082978373,1.2387546103101683,-0.07456700201233102,train
2022-10-18,1.269377296330884,1.2108588907232565,0.058518405607627555,train
2022-10-19,1.2501616922676466,1.2038819315381346,0.04627976072951201,train
2022-10-20,1.267415938656882,1.1460795493672233,0.12133638928965862,train
2022-10-21,1.291290644494013,1.0944143752296582,0.19687626926435486,train
2022-10-24,1.0900512723545273,1.2406630930672093,-0.1506118207126821,train
2022-10-25,0.8813378995036557,1.2559282624339283,-0.3745903629302726,train
2022-10-26,0.8567355710776957,1.134236668263883,-0.2775010971861872,train
2022-10-27,1.0859194298728811,1.132583751186106,-0.046664321313224955,train
2022-10-28,1.0083833785828775,1.1830782012031287,-0.17469482262025116,train
2022-10-31,1.1064162027316815,1.0427044081064643,0.06371179462521726,train
2022-11-01,1.1788717240737687,0.9056956854089895,0.27317603866477924,train
2022-11-02,1.1795204360089295,0.8999247117866263,0.2795957242223033,train
2022-11-03,0.9956390678010895,1.1303133574413995,-0.13467428964031003,train
2022-11-04,1.5525415873605795,0.9425593989605123,0.6099821884000671,train
2022-11-07,1.5183646783854212,1.0724538514734312,0.44591082691199,train
2022-11-08,1.5216664237638078,1.0801899926621585,0.44147643110164925,train
2022-11-09,1.7630321512191647,1.020530952776649,0.7425011984425156,train
2022-11-10,1.7833178728630361,1.0062178302452809,0.7771000426177552,train
2022-11-11,1.3898984869330426,1.5049283912713718,-0.11502990433832916,train
2022-11-14,1.3348010775304764,1.1696123718132467,0.16518870571722966,train
2022-11-15,1.2659906593712862,1.1587837855726462,0.10720687379864002,train
2022-11-16,0.7747862537741566,1.4626384688362153,-0.6878522150620587,train
2022-11-17,0.6802670100204573,1.3298003117971318,-0.6495333017766745,train
2022-11-18,0.5616232913196856,1.148867167105129,-0.5872438757854433,train
2022-11-21,0.5065447447512292,1.063139774760899,-0.5565950300096698,train
2022-11-22,0.5954153081197759,0.9969634103751287,-0.40154810225535276,train
2022-11-23,0.7365830736735882,0.790784073967125,-0.054201000293536805,train
2022-11-24,0.8492675855090498,0.827769208463819,0.021498377045230832,train
2022-11-25,1.0275691166078227,0.6963171866700137,0.33125192993780894,train
2022-11-28,1.2713012078149843,0.6602562699829198,0.6110449378320646,train
2022-11-29,1.2822444271055988,0.7746538068362382,0.5075906202693606,train
2022-11-30,1.2257182470174557,0.851455745200604,0.3742625018168517,train
2022-12-01,1.1308299518880862,0.9387508710795289,0.1920790808085573,train
2022-12-02,0.9647042285852788,1.0346986827110758,-0.06999445412579697,train
2022-12-05,0.6377908350036481,1.2052587820012766,-0.5674679469976285,train
2022-12-06,0.4801894019196087,1.110591841975373,-0.6304024400557644,train
2022-12-07,0.7111460138285324,1.001693454181809,-0.2905474403532766,train
2022-12-08,0.8024801813884705,0.9715530602366487,-0.16907287884817812,train
2022-12-09,0.9886454868658294,0.8103075078184026,0.17833797904742688,train
2022-12-12,0.9991695402283691,0.7238942021547464,0.2752753380736227,train
2022-12-13,1.0140127012462654,0.6014159243059215,0.4125967769403439,train
2022-12-14,0.9139655392505742,0.8306007449214926,0.08336479432908162,train
2022-12-15,0.7593965102274155,0.829717478634421,-0.07032096840700552,train
2022-12-16,0.5427382766221781,0.9295995941200513,-0.3868613174978732,train
2022-12-19,0.4719591279752254,0.8197705902380061,-0.34781146226278076,train
2022-12-20,0.3215732367624462,0.8051038203838503,-0.4835305836214041,train
2022-12-21,0.06520472464762846,0.8513170297818725,-0.786112305134244,train
2022-12-22,-0.012391088207651063,0.668206879590733,-0.6805979677983841,train
2022-12-23,-0.12380484586589065,0.6207755998362883,-0.744580445702179,train
2022-12-26,0.013569044467997532,0.5318404537255961,-0.5182714092575985,train
2022-12-27,0.1546761625495567,0.2405744496246347,-0.08589828707507799,train
2022-12-28,0.38804003025656025,0.29303848438231167,0.09500154587424858,train
2022-12-29,0.5401632595335004,0.22349800120231073,0.3166652583311897,train
2022-12-30,0.6416527360792884,0.19294027696530536,0.44871245911398305,train
2023-01-02,0.7833785071363992,0.30683265861020975,0.4765458485261895,train
2023-01-03,0.8060338926450787,0.31956582722493737,0.48646806542014137,train
2023-01-04,0.6780277794340827,0.5050573136952928,0.17297046573878982,train
2023-01-05,0.5849788712288666,0.5458377948450417,0.03914107638382491,train
2023-01-06,0.7507571597931538,0.592920939403256,0.15783622038989786,train
2023-01-09,0.5713353513895953,0.7266856849944092,-0.15535033360481387,train
2023-01-10,0.5045421832863574,0.6240806477834879,-0.11953846449713057,train
2023-01-11,0.6055024141533488,0.5292042951134264,0.07629811903992245,train
2023-01-12,0.7281244265383072,0.48203121625017137,0.24609321028813586,train
2023-01-13,0.486008963831391,0.6915294054681617,-0.20552044163677063,train
2023-01-16,0.4311692296462761,0.48835366573482036,-0.05718443608854429,train
2023-01-17,0.4941140177788979,0.3382442103840612,0.1558698073948367,train
2023-01-18,0.3774670288988103,0.5196434786814135,-0.1421764497826032,train
2023-01-19,0.23061406711581256,0.608634971369467,-0.3780209042536544,train
2023-01-20,0.20332472591448314,0.42488629990370963,-0.2215615739892265,train
2023-01-23,0.21553499957482075,0.3616737663416968,-0.14613876676687604,train
2023-01-24,0.15249712338105487,0.4334344585354218,-0.2809373351543669,train
2023-01-25,0.1556431354297539,0.36405273551700973,-0.20840960008725584,train
2023-01-26,0.23730907318839778,0.3626417202667531,-0.12533264707835534,train
2023-01-27,0.49450335299416515,0.3234236221065853,0.17107973088757983,train
2023-01-30,0.7986023401180957,0.3321561745494891,0.46644616556860663,train
2023-01-31,0.8130336621107082,0.278148978600819,0.5348846835098892,train
2023-02-01,0.9057949815789669,0.304173107497087,0.60162187408188,train
2023-02-02,0.8494820309182607,0.40116072849055945,0.44832130242770124,train
2023-02-03,0.6714708462126027,0.5599434225189837,0.11152742369361901,train
2023-02-06,0.3239682628398068,0.7225026666727669,-0.39853440383296007,train
2023-02-07,0.295762068738743,0.5415392579035576,-0.2457771891648146,train
2023-02-08,0.3867989510761601,0.6963524595521255,-0.30955350847596547,train
2023-02-09,0.4034339052392519,0.5652523489456065,-0.16181844370635462,train
2023-02-10,0.4029581273234194,0.4609493663428244,-0.057991239019405005,train
2023-02-13,0.4227978181766353,0.36327351578541855,0.059524302391216755,train
2023-02-14,0.3519564413199351,0.2934934017467843,0.0584630395731508,train
2023-02-15,0.11927986056191638,0.491014473844981,-0.3717346132830646,train
2023-02-16,0.04984320972888456,0.39326812247278625,-0.3434249127439017,train
2023-02-17,-0.035016018513102765,0.35357180976766733,-0.3885878282807701,train
2023-02-20,-0.10769253132060444,0.38385154841222796,-0.49154407973283243,train
2023-02-21,0.0009391637099339919,0.12317555421065907,-0.12223639050072507,train
2023-02-22,-0.013448191562134016,0.24938900832154598,-0.26283719988368,train
2023-02-23,0.07030862428234629,0.15761359510982254,-0.08730497082747625,train
2023-02-24,0.12875190715036475,0.05380591321854428,0.07494599393182047,train
2023-02-27,0.09394036217897314,0.07948683636256443,0.014453525816408713,train
2023-02-28,0.1423470918261046,0.13508294452052827,0.007264147305576341,train
2023-03-01,0.39906876860687457,0.1933491122871402,0.20571965631973438,train
2023-03-02,0.28342876059378014,0.23403868200477457,0.04939007858900557,train
2023-03-03,0.26762602403799035,0.21447635040484914,0.053149673633141215,train
2023-03-06,0.4233997577373896,0.15176788106154226,0.2716318766758473,train
2023-03-07,0.46064351099820255,0.21564011631443597,0.24500339468376658,train
2023-03-08,0.682699546724683,0.41334171057776753,0.2693578361469155,train
2023-03-09,0.8107155732540647,0.09794678655288902,0.7127687867011757,train
2023-03-10,0.8259159611368382,0.13374876699060462,0.6921671941462335,train
2023-03-14,0.8014195946635758,0.32335666022184845,0.47806293444172737,train
2023-03-15,0.7356504926324913,0.31359604154796433,0.42205445108452694,train
2023-03-16,0.45906942855887406,0.562209656291051,-0.10314022773217696,train
2023-03-17,0.37357121449789016,0.5300000830108347,-0.15642886851294452,train
2023-03-20,0.35534419031079245,0.443797542850336,-0.08845335253954356,train
2023-03-21,0.19355169941913591,0.4952444326966284,-0.30169273327749246,train
2023-03-22,0.16750747491148185,0.3260954780376441,-0.15858800312616225,train
2023-03-23,-0.055157184202040875,0.4380819991324,-0.49323918333444083,train
2023-03-27,-0.10026326236227995,0.33095210223704863,-0.4312153645993286,train
2023-03-28,-0.12693974333795668,0.26495045939586287,-0.3918902027338196,train
2023-03-29,0.30560750288815924,0.0898809544786845,0.21572654840947475,train
2023-03-30,0.3371079422516532,0.08524010131822807,0.2518678409334251,train
2023-03-31,0.22112066306080438,0.14094146069604035,0.08017920236476403,train
2023-04-03,0.15033335931321867,0.10164596189846625,0.04868739741475242,train
2023-04-04,0.13097320063587245,0.038958576461750605,0.09201462417412185,train
2023-04-05,-0.027417019188966982,0.3750321409403389,-0.40244916012930587,train
2023-04-06,0.038362037370713774,0.22426102767191247,-0.1858989903011987,train
2023-04-10,0.027063010834201706,0.08959163037512408,-0.06252861954092237,train
2023-04-11,0.052494302719388944,0.05683726994787541,-0.004342967228486469,train
2023-04-12,0.06076107975539444,0.03137531059520754,0.029385769160186898,train
2023-04-14,-0.10675006067339969,0.17039457978664746,-0.27714464046004716,train
2023-04-18,-0.16769496324376165,0.1257177322036035,-0.29341269544736515,train
2023-04-19,-0.03827218024191698,-0.01874127536315079,-0.019530904878766193,train
2023-04-20,-0.015073539365560933,0.04978004882944126,-0.0648535881950022,train
2023-04-21,0.1295551902503845,0.015978520377671,0.1135766698727135,train
2023-04-25,0.09116873907398935,0.047545903951821455,0.0436228351221679,train
2023-04-26,0.16992617215578837,-0.02772568228325034,0.1976518544390387,train
2023-04-27,0.08356799223982612,0.06058555098222762,0.022982441257598504,train
2023-05-02,0.030227229702938,0.04736957121137986,-0.017142341508441857,train
2023-05-03,-0.06633641052173,0.17042738661541756,-0.23676379713714757,train
2023-05-05,-0.15470587143250855,0.10626034825434638,-0.26096621968685496,train
2023-05-08,-0.4232956977597432,0.18146550087328506,-0.6047611986330282,train
2023-05-09,-0.4468517987268884,0.013289430380727052,-0.46014122910761546,train
2023-05-10,-0.4608145875812028,-0.014793886382111987,-0.4460207011990908,train
2023-05-12,-0.5961440222216874,0.019387872386258942,-0.6155318946079463,train
2023-05-15,-0.39796169812425974,-0.0877942762886173,-0.31016742183564244,train
2023-05-16,-0.2562310511979668,-0.3148287398722103,0.058597688674243475,train
2023-05-17,-0.0933711553673411,-0.2879717380838503,0.1946005827165092,train
2023-05-18,-0.07335879379669712,-0.2892377440825442,0.21587895028584708,train
2023-05-19,-0.019501529311302442,-0.3162341143096946,0.29673258499839217,train
2023-05-23,-0.10072746878194008,-0.1528844530795625,0.052156984297622416,train
2023-05-24,-0.12946045913428558,-0.12573710408250244,-0.003723355051783145,train
2023-05-25,-0.1972888261429227,-0.01457053305965339,-0.1827182930832693,train
2023-05-30,-0.17254193820685693,-0.09179823627181044,-0.08074370193504649,train
2023-06-01,-0.2477803921625457,-0.011629449492511545,-0.23615094267003414,train
2023-06-02,-0.32220851747887513,-0.04146845958870482,-0.2807400578901703,train
2023-06-05,-0.4311260570913133,-0.08570424678103777,-0.3454218103102755,train
2023-06-06,-0.4016305059321332,-0.08293121500371448,-0.3186992909284187,train
2023-06-07,-0.19323778733765765,-0.09642488584676634,-0.0968129014908913,train
2023-06-08,0.13435595320009747,-0.18052463347415276,0.31488058667425023,train
2023-06-09,0.15944714331765636,-0.21287129279734374,0.3723184361150001,train
2023-06-13,0.16387692779528484,-0.37557285480303393,0.5394497825983188,train
2023-06-14,0.1821225369043826,-0.21612062516393155,0.3982431620683141,train
2023-06-15,-0.023648467569626627,-0.09917158633667789,0.07552311876705126,train
2023-06-20,-0.4189864625684008,0.08988351113123139,-0.5088699736996322,train
2023-06-21,-0.2454005097933132,-0.040227289078886175,-0.20517322071442703,train
2023-06-23,-0.21089621294719377,-0.14867191948902742,-0.06222429345816635,train
2023-06-26,-0.3443898486996958,0.020554293999641815,-0.3649441426993376,train
2023-06-28,-0.17103889767988847,-0.22243120293904495,0.05139230525915647,train
2023-06-30,-0.02189775565153892,-0.28895573570670263,0.26705798005516374,train
2023-07-03,-0.15951402644354878,-0.10925029775228012,-0.05026372869126866,train
2023-07-05,0.06792200710870251,-0.2193805211181873,0.2873025282268898,train
2023-07-06,0.06530050087995636,-0.2531262677867537,0.31842676866671005,train
2023-07-07,0.057759266616581435,-0.08698118105848518,0.1447404476750666,train
2023-07-10,-0.04494305375922806,-0.00333391699645591,-0.04160913676277215,train
2023-07-12,0.08817342965741663,-0.1280545312161317,0.21622796087354834,train
2023-07-13,-0.13223001490468472,0.08869619089068681,-0.22092620579537153,train
2023-07-18,-0.029734089051479756,-0.05456249893163845,0.02482840988015869,train
2023-07-20,0.5489199962859891,0.02719503786354327,0.5217249584224458,train
2023-07-24,0.6394642479515655,-0.07287092674522166,0.7123351746967872,train
2023-07-25,0.5635798182983089,0.08048160105131319,0.48309821724699575,train
2023-07-26,0.5969402138588417,-0.1581253103620291,0.7550655242208708,train
2023-07-27,0.5984418556129705,0.0028311903635016566,0.5956106652494688,train
2023-07-28,0.08858250280722306,0.3998145761355665,-0.3112320733283434,train
2023-07-31,0.023103343377491217,0.30076944391910954,-0.27766610054161833,train
2023-08-01,-0.016349719786957085,0.12534189587823408,-0.14169161566519117,train
2023-08-02,-0.06038392362042952,0.16423397000321094,-0.22461789362364046,train
2023-08-03,-0.16090638793720202,0.21291525344105477,-0.3738216413782568,train
2023-08-04,-0.19905466870836613,0.12701583271473116,-0.3260705014230973,train
2023-08-07,-0.2749605730816837,0.10504465596519097,-0.38000522904687467,train
2023-08-08,-0.21763367452028248,-0.03403408837752259,-0.1835995861427599,train
2023-08-09,-0.11153995953920827,-0.04382423552608117,-0.0677157240131271,train
2023-08-10,-0.10558150329181706,-0.09207544952005886,-0.013506053771758203,train
2023-08-11,-0.20576809736965956,-0.021046291361761726,-0.18472180600789784,train
2023-08-14,-0.28719025989004937,-0.06341817585235765,-0.22377208403769172,train
2023-08-15,-0.3669849325897216,-0.06224323291133382,-0.30474169967838777,train
2023-08-16,-0.49610541767510213,0.028909391099631643,-0.5250148087747337,train
2023-08-17,-0.20246024919965963,-0.03400365649845305,-0.16845659270120658,train
2023-08-18,-0.21526624559357416,-0.09948995888693224,-0.11577628670664192,train
2023-08-21,0.011730720706960969,-0.1443599722208408,0.15609069292780176,train
2023-08-22,0.0005302596547208471,-0.2292656897504981,0.22979594940521894,train
2023-08-23,0.1819519708050196,-0.23430563761883672,0.4162576084238563,train
2023-08-24,0.04414827643604524,-0.018249962518511964,0.062398238954557206,train
2023-08-25,0.11266187763004437,-0.168729373758581,0.28139125138862536,train
2023-08-28,0.13783475966379163,0.06900646034556246,0.06882829931822917,train
2023-08-29,0.11912205247887488,-0.1695959598894557,0.28871801236833056,train
2023-08-30,-0.05594588911637118,0.09898237425720247,-0.15492826337357365,train
2023-08-31,-0.059147514224840096,-0.022337596053290665,-0.03680991817154943,train
2023-09-01,-0.13986022834476175,0.025690645879241192,-0.16555087422400294,train
2023-09-04,-0.48623835815330113,0.12482306892106887,-0.61106142707437,train
2023-09-05,-0.40039587398778503,-0.16402048008800324,-0.2363753938997818,train
2023-09-06,-0.4217899609134313,-0.12108242905526762,-0.3007075318581637,train
2023-09-07,-0.4296834779037714,-0.08583949658366041,-0.343843981320111,train
2023-09-08,-0.14978550160408052,-0.18746643425605647,0.037680932651975946,train
2023-09-11,-0.09194706652448532,-0.3247749235487606,0.23282785702427528,train
2023-09-12,-0.1335645487191459,-0.2543232390742297,0.12075869035508383,train
2023-09-13,-0.18119302593660955,-0.2533485194013445,0.07215549346473496,train
2023-09-14,-0.05488593657070972,-0.20932475658851118,0.15443882001780146,train
2023-09-15,-0.21225122463674392,-0.030518642829230558,-0.18173258180751337,train
2023-09-18,-0.04015506303908651,-0.10339084461254716,0.06323578157346066,train
2023-09-19,-0.017360686568601215,-0.22927359606955156,0.21191290950095035,train
2023-09-20,0.010523784175065434,-0.25030968771209405,0.2608334718871595,train
2023-09-21,-0.10764546487115757,-0.032034551064395345,-0.07561091380676223,train
2023-09-22,-0.019906152451743583,-0.12516078041732848,0.1052546279655849,train
2023-09-25,-0.1438908139273571,-0.007598072384917165,-0.13629274154243992,train
2023-09-26,-0.05642766341164038,-0.13670119912980172,0.08027353571816134,train
2023-09-27,0.10351317265123554,-0.10823694266314698,0.21175011531438254,train
2023-09-28,0.13626174682582393,-0.07989558600791613,0.21615733283374006,train
2023-09-29,0.0450829006546287,0.008813621668317562,0.03626927898631114,train
2023-10-02,0.33376068856793134,-0.08545441246216601,0.41921510103009735,train
2023-10-03,0.3178657586396569,-0.04145210041638181,0.3593178590560387,train
2023-10-04,0.2347237255023627,0.09046293510610082,0.14426079039626188,train
2023-10-05,0.21914190002554834,0.0885933944315922,0.13054850559395614,train
2023-10-06,0.27801999234949254,0.019908120692904707,0.25811187165658783,train
2023-10-09,-0.06253510259808413,0.2848511213724316,-0.3473862239705158,train
2023-10-10,-0.0797444951501901,0.1084400233876015,-0.1881845185377916,train
2023-10-11,-0.019709162006196455,0.08528792220755033,-0.10499708421374679,train
2023-10-12,-0.054244497884377435,0.10215477949726637,-0.1563992773816438,train
2023-10-13,0.03672045041852502,0.17035358484818142,-0.1336331344296564,train
2023-10-16,0.0597891147506688,0.0031912588157398947,0.05659785593492891,train
2023-10-17,0.07532148692921171,-0.030146715598802,0.10546820252801371,train
2023-10-18,0.05150405460277373,0.0638173299403294,-0.012313275337555676,train
2023-10-19,0.002420407343737514,0.011616391053772546,-0.009195983710035032,train
2023-10-20,-0.18562415535171692,0.15910582950874308,-0.34472998486046,train
2023-10-23,-0.13107779715540743,0.07870607884450465,-0.20978387599991208,train
2023-10-24,-0.14426643196000405,0.06888895772365555,-0.2131553896836596,train
2023-10-25,-0.06360666351825958,0.08696533826227326,-0.15057200178053284,train
2023-10-26,0.031468373685520336,-0.029699546553980105,0.06116792023950044,train
2023-10-27,0.027810576731717655,-0.02922292459727016,0.057033501328987816,train
2023-10-30,0.08832776196617541,0.03865268395095378,0.04967507801522163,train
2023-10-31,0.049736880797173644,-0.037079901122753334,0.08681678191992698,train
2023-11-01,-0.10998311579101389,0.08178240016699778,-0.19176551595801167,train
2023-11-02,-0.2134099492044376,0.09543357271086039,-0.30884352191529796,train
2023-11-03,-0.14942503181632194,0.05162331356701333,-0.20104834538333527,train
2023-11-06,-0.334477475993035,0.1547819201426749,-0.4892593961357099,train
2023-11-07,-0.34133603005676777,-0.016248840732953518,-0.32508718932381425,train
2023-11-08,0.12216378553199858,-0.09155447846605708,0.21371826399805566,train
2023-11-09,0.16379392958388547,-0.14882065964123148,0.312614589225117,train
2023-11-10,0.1310076619381579,-0.036705647445410494,0.1677133093835684,train
2023-11-13,0.14787000897258593,-0.15311358554419308,0.30098359451677903,train
2023-11-14,0.18388498918610666,-0.2206098092868226,0.40449479847292924,train
2023-11-15,-0.23525663817205603,0.15551719402576614,-0.39077383219782214,train
2023-11-16,-0.1923161741372657,0.0258213660871649,-0.2181375402244306,train
2023-11-17,-0.3130561831816231,0.014504510419134808,-0.3275606936007579,train
2023-11-20,-0.4029565817049473,0.016813680864777303,-0.4197702625697246,train
2023-11-21,-0.4664003942848416,0.015018926245842557,-0.48141932053068415,train
2023-11-22,-0.3893376969301092,-0.13021525170690873,-0.2591224452232005,train
2023-11-23,-0.41588372410969554,-0.04781410667559083,-0.3680696174341047,train
2023-11-24,-0.19364172540865607,-0.25132863341081907,0.057686908002163,train
2023-11-27,-0.0641533214553852,-0.26300663717654266,0.19885331572115744,train
2023-11-28,0.012907506421404322,-0.2958816132097645,0.30878911963116884,train
2023-11-29,0.042182730144578164,-0.19363634211956277,0.23581907226414092,train
2023-11-30,9.257128843396248e-05,-0.19676278808529962,0.19685535937373358,train
2023-12-01,-0.07948376709766808,-0.059544691985982445,-0.019939075111685634,train
2023-12-04,0.012412885488323947,-0.01431442400341798,0.02672730949174193,train
2023-12-05,-0.047352864925460765,0.006419419956975703,-0.05377228488243647,train
2023-12-06,-0.08424430221901744,0.033507670028091296,-0.11775197224710873,train
2023-12-07,0.1733870465559641,-0.040439008466927384,0.21382605502289148,train
2023-12-08,0.3064067237623579,-0.03764992308513049,0.3440566468474884,train
2023-12-11,0.27937833884554525,0.08545870251555887,0.19391963632998638,train
2023-12-12,0.26632484922002864,-0.08727627544168198,0.3536011246617106,train
2023-12-13,0.23420622267225633,-0.04771234475640018,0.2819185674286565,train
2023-12-14,-0.02348826242978685,0.18033518495406908,-0.20382344738385594,train
2023-12-15,-0.25276310234840516,0.21457819538202605,-0.4673412977304312,train
2023-12-18,-0.4110336085896244,0.17399615791431144,-0.5850297665039359,train
2023-12-19,-0.45279442955058513,0.01829772956881348,-0.4710921591193986,train
2023-12-20,-0.4581391008778541,0.027524240048013904,-0.485663340925868,train
2023-12-21,-0.3167271137775852,-0.09052058393001144,-0.22620652984757378,train
2023-12-22,-0.29450020577040303,-0.14585272363057306,-0.14864748213982998,train
2023-12-26,-0.28661842512846925,-0.18138143487089514,-0.1052369902575741,train
2023-12-27,-0.14726159183237733,-0.31192651896662527,0.16466492713424793,train
2023-12-28,-0.16017848509430707,-0.234823489442097,0.07464500434778992,train
2023-12-29,0.008257204918558969,-0.10048010775934052,0.10873731267789949,train
2024-01-02,-0.042080775726892755,-0.1388025357902261,0.09672176006333336,test
2024-01-03,-0.06622545174136168,-0.1330771776572267,0.06685172591586502,test
2024-01-04,-0.15724469817777822,-0.03798134816061505,-0.11926335001716318,test
2024-01-05,-0.0005823292404401411,-0.12011313824399866,0.11953080900355852,test
2024-01-08,-0.24505086317471067,0.09811168730844877,-0.34316255048315947,test
2024-01-09,-0.29274550385171255,-0.11890450764826194,-0.17384099620345062,test
2024-01-10,-0.21161026119636983,-0.09534696219302286,-0.11626329900334698,test
2024-01-11,-0.1685021903046994,-0.1888130892371772,0.02031089893247781,test
2024-01-12,-0.3191163566840679,0.006831828971124887,-0.3259481856551928,test
2024-01-15,-0.39941001523391617,-0.1370244204871902,-0.26238559474672596,test
2024-01-16,-0.3470128628942601,-0.29935469395567665,-0.047658168938583434,test
2024-01-17,-0.46898156599274377,-0.128355228452752,-0.3406263375399918,test
2024-01-18,-0.3878010116685459,-0.16537110452388037,-0.22242990714466554,test
2024-01-19,-0.31313846247208293,-0.22248759374738036,-0.09065086872470257,test
2024-01-22,-0.25398373163203647,-0.31129352735201427,0.057309795719977796,test
2024-01-23,-0.2578239527137641,-0.27245197912368296,0.014628026409918837,test
2024-01-24,-0.27369256593066826,-0.3000705558208557,0.026377989890187414,test
2024-01-25,-0.08401602291666682,-0.19939322676242133,0.1153772038457545,test
2024-01-26,-0.12119147165020848,-0.16821164496934582,0.04702017331913734,test
2024-01-29,0.20364317856141126,-0.1697667555981604,0.3734099341595717,test
2024-01-30,0.22106437664507494,-0.2246488701339701,0.44571324677904506,test
2024-01-31,0.21499403604592085,-0.23799624262815405,0.45299027867407493,test
2024-02-01,-0.025113199623000237,-0.00856603904841946,-0.016547160574580777,test
2024-02-02,-0.1165107174719677,-0.12955630574216576,0.013045588270198055,test
2024-02-05,-0.6865447762098291,0.13196995080051133,-0.8185147270103404,test
2024-02-06,-0.7918180582408147,-0.035739353249022554,-0.7560787049917922,test
2024-02-07,-0.21747131204535264,-0.09169204537895626,-0.12577926666639638,test
2024-02-08,-0.22454722401962438,-0.22916829147009088,0.004621067450466504,test
2024-02-09,-0.20566522107567248,-0.31679582853426325,0.11113060745859077,test
2024-02-12,-0.1732509471013725,-0.4223162839311352,0.24906533682976267,test
2024-02-13,-0.21814789435755527,-0.5234359361036928,0.3052880417461375,test
2024-02-14,-0.8185219346590039,-0.13441888284730685,-0.6841030518116971,test
2024-02-15,-0.8455714036252421,-0.36636376580335483,-0.47920763782188724,test
2024-02-16,-0.6926500929216898,-0.3467968104106877,-0.34585328251100206,test
2024-02-19,-0.8012377360086964,-0.28969943845385504,-0.5115382975548414,test
2024-02-20,-0.7433333218216324,-0.5306726776699819,-0.21266064415165042,test
2024-02-21,-0.7928413962516092,-0.5519750749256576,-0.24086632132595165,test
2024-02-22,-0.8002960132923564,-0.6007974526760914,-0.19949856061626503,test
2024-02-23,-0.9371422906008354,-0.4322211091195296,-0.5049211814813058,test
2024-02-26,-0.8854065341576673,-0.6013163747266209,-0.28409015943104643,test
2024-02-27,-0.9033628290690096,-0.5932898568288612,-0.3100729722401484,test
2024-02-28,-0.8619295934914535,-0.6273720447806864,-0.23455754871076706,test
2024-02-29,-0.8831268247901592,-0.6316804543256979,-0.2514463704644614,test
2024-03-01,-0.8363167852554515,-0.6038274325239051,-0.23248935273154636,test
2024-03-04,-0.7253830771309426,-0.6194203028445235,-0.10596277428641909,test
2024-03-05,-0.7291016651569177,-0.7165150951521327,-0.012586570004784914,test
2024-03-06,-0.7234798129406858,-0.6737264268377364,-0.049753386102949326,test
2024-03-07,-0.7474779866107072,-0.7391570571162961,-0.0083209294944111,test
2024-03-08,-0.8603339146698715,-0.6137504524687027,-0.24658346220116878,test
2024-03-11,-1.1138544832157833,-0.5520787644637414,-0.5617757187520419,test
2024-03-12,-1.1700374434867278,-0.6955586189949879,-0.47447882449173984,test
2024-03-13,-1.3112844212335526,-0.6348414035001633,-0.6764430177333893,test
2024-03-14,-0.9071245651444428,-0.7389645968707905,-0.16815996827365232,test
2024-03-15,-0.8563256545335726,-0.7411898431105067,-0.11513581142306584,test
2024-03-18,-0.8274932658445345,-0.893025177412055,0.06553191156752047,test
2024-03-19,-0.782944630364657,-0.982364511255117,0.19941988089046003,test
2024-03-20,-0.7566879360332244,-1.026583550358152,0.2698956143249276,test
2024-03-21,-1.103525998617062,-0.6957726372287668,-0.4077533613882952,test
2024-03-22,-1.1024514560965117,-0.7596443442523904,-0.3428071118441214,test
2024-03-25,-1.158844651585249,-0.8033400219685739,-0.35550462961667517,test
2024-03-26,-1.0488802794563927,-0.798558897503702,-0.2503213819526907,test
2024-03-27,-0.9568961850257707,-0.7830077338849565,-0.1738884511408142,test
2024-03-28,-0.8436738977258472,-0.941010226105085,0.09733632837923778,test
2024-03-29,-0.9220312875314916,-0.8242039177443929,-0.0978273697870986,test
2024-04-01,-0.5604343862927506,-0.9667548942207068,0.40632050792795626,test
2024-04-02,-0.6204518127495995,-0.8293458706332841,0.20889405788368465,test
2024-04-03,-0.6848541136619726,-0.7917514256322743,0.10689731197030172,test
2024-04-04,0.009521188623851977,-0.7268170467191205,0.7363382353429725,test
2024-04-05,0.12742386076137052,-0.8071613626065608,0.9345852233679313,test
2024-04-08,0.048578516481918146,-0.4920615027406078,0.5406400192225259,test
2024-04-09,0.1449508237244879,-0.7151924088437203,0.8601432325682081,test
2024-04-10,0.25471476460081366,-0.7755012330563246,1.0302159976571383,test
2024-04-11,-0.16741994594694293,-0.2545249677009217,0.08710502175397877,test
2024-04-12,-0.29133999530886856,-0.3062813093082029,0.014941313999334349,test
2024-04-15,-0.2540584261883798,-0.38620436762439325,0.13214594143601344,test
2024-04-16,-0.36170655202376883,-0.2586164678997882,-0.10309008412398063,test
2024-04-17,-0.30690204494781664,-0.11489415290943905,-0.1920078920383776,test
2024-04-18,-0.3945412742709731,-0.24569661870359977,-0.1488446555673733,test
2024-04-19,-0.32803251851599885,-0.3663869149776843,0.038354396461685425,test
2024-04-22,-0.3977884781427968,-0.2734793122313432,-0.12430916591145358,test
2024-04-23,-0.3562381290359013,-0.41724633154262697,0.06100820250672567,test
2024-04-24,-0.43733386091029575,-0.24847206051658394,-0.1888618003937118,test
2024-04-25,-0.29193589255456914,-0.4169985447202725,0.12506265216570334,test
2024-04-26,-0.28049704288244126,-0.3078904813935179,0.027393438511076618,test
2024-04-29,-0.03988504589660925,-0.35612260482151414,0.3162375589249049,test
2024-04-30,-0.11784033316275982,-0.3250086675602206,0.2071683343974608,test
2024-05-01,-0.25105406569241495,-0.271770899211703,0.020716833519288047,test
2024-05-02,-0.4622303186178972,-0.18492397882426237,-0.27730633979363484,test
2024-05-03,-0.5764065563665451,-0.20720747564158987,-0.3691990807249553,test
2024-05-06,-1.183808278704413,-0.0020644302246505264,-1.1817438484797624,test
2024-05-07,-1.1733503412735968,-0.35910966222535373,-0.814240679048243,test
2024-05-08,-1.1147253865281175,-0.40640155702400516,-0.7083238295041123,test
2024-05-09,-0.8304082538422493,-0.5949253159541315,-0.2354829378881178,test
2024-05-10,-0.8830150636589543,-0.55766336060668,-0.32535170305227434,test
2024-05-13,-0.8962460567458661,-0.7625353173325822,-0.13371073941328393,test
2024-05-14,-0.9138167827037742,-0.8160433896398576,-0.09777339306391664,test
2024-05-15,-0.9839896207244645,-0.7210467334118598,-0.26294288731260473,test
2024-05-16,-1.2479141608444213,-0.5375923607113308,-0.7103218001330905,test
2024-05-17,-1.0537475218593246,-0.7111150602791368,-0.3426324615801878,test
2024-05-20,-1.0980967971776507,-0.7361915466572159,-0.3619052505204349,test
2024-05-21,-1.070176965421284,-0.8097799311682514,-0.2603970342530326,test
2024-05-22,-1.097589909606695,-0.810647927221688,-0.286941982385007,test
2024-05-23,-1.008075571069764,-0.8689417836952766,-0.13913378737448734,test
2024-05-24,-1.1602822025565513,-0.7324807758988712,-0.4278014266576802,test
2024-05-27,-1.0057528146422874,-0.9144300121946856,-0.09132280244760183,test
2024-05-28,-0.8951652588105766,-0.8884547254154921,-0.006710533395084539,test
2024-05-29,-0.8341046961080975,-0.9216463805820971,0.08754168447399968,test
2024-05-30,-0.8553484379484922,-0.7926258267545351,-0.06272261119395717,test
2024-05-31,-0.8075986438914622,-0.9011635205919761,0.09356487670051394,test
2024-06-03,-0.3534591337050357,-0.7979204525555771,0.4444613188505414,test
2024-06-04,-0.3624342679311995,-0.7570752638984906,0.3946409959672911,test
2024-06-05,-0.3253301104313652,-0.7726752762280125,0.44734516579664724,test
2024-06-06,-0.0017446834943339899,-0.7512356151039896,0.7494909316096556,test
2024-06-07,0.04978576138657956,-0.7190812825170015,0.7688670439035811,test
2024-06-10,-0.1726921123972043,-0.3921536178242598,0.21946150542705548,test
2024-06-11,-0.17736490156156237,-0.5834519104022856,0.40608700884072324,test
2024-06-12,-0.17152609436843916,-0.5313195952423637,0.3597935008739246,test
2024-06-13,-0.6339999595913209,-0.20444860718629954,-0.4295513524050214,test
2024-06-14,-0.752423240724467,-0.28372985939924444,-0.46869338132522254,test
2024-06-17,-0.7343969458676746,-0.3611007840862492,-0.3732961617814254,test
2024-06-18,-0.7757340492562665,-0.4371523292293419,-0.33858172002692466,test
2024-06-19,-0.8874135765199296,-0.3918068699352958,-0.4956067065846338,test
2024-06-20,-0.7905174675518505,-0.6582388252420791,-0.13227864230977138,test
2024-06-21,-0.7917093277009764,-0.6289587128510377,-0.1627506148499387,test
2024-06-24,-0.8916693095599876,-0.5309742395924711,-0.36069506996751644,test
2024-06-25,-0.764461265882273,-0.6825632091797861,-0.08189805670248695,test
2024-06-26,-0.7293113127594826,-0.7486355568845702,0.019324244125087597,test
2024-06-27,-0.7122634298214512,-0.6174768592999951,-0.09478657052145611,test
2024-06-28,-0.8159281582249198,-0.6281935500465032,-0.18773460817841658,test
2024-07-01,-0.8460787238320359,-0.6180926732285562,-0.22798605060347965,test
2024-07-02,-0.9319340918754595,-0.5406404871735614,-0.3912936047018981,test
2024-07-03,-0.9856385273031422,-0.592893725370744,-0.39274480193239814,test
2024-07-04,-1.1889099001089647,-0.5383183546470058,-0.6505915454619589,test
2024-07-05,-0.6788869612948594,-0.775224810097598,0.09633784880273866,test
2024-07-08,-0.7484142494003582,-0.6449121768043171,-0.10350207259604105,test
2024-07-09,-0.7840417520579365,-0.6915048757409484,-0.09253687631698804,test
2024-07-10,-0.7606189825236821,-0.8128947847421888,0.052275802218506695,test
2024-07-11,-0.6782301209096485,-0.9889065888986561,0.3106764679890076,test
2024-07-12,-1.129294503418858,-0.5390078348553691,-0.5902866685634889,test
2024-07-15,-1.1499815424179143,-0.7913576460875228,-0.3586238963303915,test
2024-07-16,-1.196021130165438,-0.8038682159995436,-0.3921529141658944,test
2024-07-17,-1.2208930714468267,-0.8094101779554173,-0.41148289349140943,test
2024-07-18,-1.239040315749796,-0.7228920134716479,-0.5161483022781481,test
2024-07-19,-1.0983228259512081,-0.9066794640040073,-0.19164336194720077,test
2024-07-22,-1.0985833387336852,-0.9152504117762881,-0.1833329269573971,test
2024-07-23,-1.087338693897715,-0.9420413893370556,-0.14529730456065937,test
2024-07-24,-1.064060983283864,-0.9597398168358011,-0.10432116644806277,test
2024-07-25,-0.9008915921362113,-0.9389891927707812,0.038097600634569906,test
2024-07-26,-0.8143490389829823,-0.8288079347063981,0.014458895723415854,test
2024-07-29,-0.49118292752988274,-0.921899612989332,0.43071668545944924,test
2024-07-30,-0.04052403593364668,-0.9118635676256013,0.8713395316919545,test
2024-07-31,0.009216109670382822,-0.8918812503949239,0.9010973600653067,test
2024-08-01,-0.0378755421913825,-0.7344604763653247,0.6965849341739423,test
2024-08-02,-0.051918032449283856,-0.6941394756116555,0.6422214431623716,test
2024-08-05,-0.25787611121583853,-0.48933100914339955,0.23145489792756102,test
2024-08-06,-0.8613561351583467,-0.19438001584345788,-0.6669761193148889,test
2024-08-07,-0.9353939420862809,-0.328037952887194,-0.607355989199087,test
2024-08-08,-0.861686614995342,-0.4115919036442991,-0.45009471135104295,test
2024-08-09,-0.7220642191934408,-0.35654669747978135,-0.3655175217136594,test
2024-08-12,-0.7227969344401219,-0.6250924209846067,-0.09770451345551523,test
2024-08-13,-0.6718035243121037,-0.7897893408614197,0.11798581654931606,test
2024-08-14,-0.6804087186628134,-0.755138417238879,0.0747296985760656,test
2024-08-15,-0.6277072765344531,-0.6771655485194991,0.04945827198504593,test
2024-08-16,-0.7304622907919271,-0.564167514600399,-0.1662947761915281,test
2024-08-19,-0.3663465612969573,-0.7623328258875093,0.395986264590552,test
2024-08-20,-0.3680936111448449,-0.6417013228655988,0.2736077117207539,test
2024-08-21,-0.3616620533845642,-0.6446091541038853,0.2829471007193211,test
2024-08-22,-0.3702334073490416,-0.529925289776449,0.15969188242740745,test
2024-08-23,-0.20996515739524896,-0.5561657127769133,0.34620055538166433,test
2024-08-26,-0.385622085404987,-0.29717948958376256,-0.08844259582122443,test
2024-08-27,-0.4078045843981187,-0.46255980732071333,0.05475522292259466,test
2024-08-28,-0.372838442539741,-0.4454831103151834,0.07264466777544237,test
2024-08-29,-0.38493273305663306,-0.36745068006050574,-0.017482052996127317,test
2024-08-30,-0.5840278066102742,-0.20789920883245216,-0.37612859777782204,test
2024-09-02,-0.3241468205002401,-0.36230847158223073,0.038161651081990655,test
2024-09-03,-0.29653228019124106,-0.48669017627598543,0.19015789608474437,test
2024-09-04,-0.36038614685034287,-0.4043047275971577,0.04391858074681482,test
2024-09-05,-0.34658117582611586,-0.40485088408116077,0.058269708255044905,test
2024-09-06,-0.3551657662752284,-0.456865441958956,0.10169967568372762,test
2024-09-09,-0.7600582477355434,-0.24895855687698737,-0.5110996908585561,test
2024-09-10,-0.786619386662366,-0.4064296987798165,-0.3801896878825495,test
2024-09-11,-0.726735493751614,-0.4991068958474614,-0.22762859790415257,test
2024-09-12,-0.3495253578907399,-0.3655701039299764,0.0160447460392365,test
2024-09-13,-0.2610928033983757,-0.3773709097474161,0.1162781063490404,test
2024-09-16,-0.20667804841809403,-0.6312093263498109,0.42453127793171686,test
2024-09-17,-0.09512342069078739,-0.6269400189884452,0.5318165982976578,test
2024-09-18,-0.09005717742763886,-0.5564117425075452,0.46635456507990636,test
2024-09-19,-0.37742898002085157,-0.2534531885160048,-0.12397579150484678,test
2024-09-20,-0.2977465160856253,-0.2929232220234189,-0.004823294062206385,test
2024-09-23,-0.1760291228437903,-0.3392686094990532,0.1632394866552629,test
2024-09-24,-0.11349443608233534,-0.19241771081818831,0.07892327473585298,test
2024-09-25,-0.03793423340409756,-0.2858338657145717,0.24789963231047413,test
2024-09-26,-0.059070768777185784,-0.32097325840548363,0.2619024896282979,test
2024-09-27,-0.23335745714003617,-0.1902174337105378,-0.04314002342949838,test
2024-09-30,-0.07301402798682347,-0.15796494351041995,0.08495091552359649,test
2024-10-01,-0.20561797836390583,-0.11817173210577503,-0.0874462462581308,test
2024-10-02,-0.3146304639113068,-0.11094904968548913,-0.20368141422581765,test
2024-10-03,-0.3530836557122206,-0.17644776717106403,-0.17663588854115658,test
2024-10-04,-0.26030727420401173,-0.28206068308371623,0.021753408879704506,test
2024-10-07,-0.6169381605872742,-0.051904657976919566,-0.5650335026103547,test
2024-10-08,-0.6830155113779902,-0.2682427271506479,-0.4147727842273423,test
2024-10-09,-0.7018167535701726,-0.39250178852507983,-0.30931496504509276,test
2024-10-10,-0.7353797401327528,-0.415435024540898,-0.3199447155918548,test
2024-10-11,-0.7073837681359696,-0.2565332920599035,-0.4508504760760661,test
2024-10-14,-0.8047867158848322,-0.426517167982412,-0.3782695479024202,test
2024-10-15,-0.8616565590946718,-0.5152909372413161,-0.3463656218533556,test
2024-10-16,-0.8652808583522088,-0.5288882260945035,-0.3363926322577053,test
2024-10-17,-0.8464465731776722,-0.5609874782767654,-0.2854590949009068,test
2024-10-18,-0.9902871164690666,-0.40317695574919155,-0.5871101607198751,test
2024-10-21,-0.9775029674372651,-0.6351690407358274,-0.3423339267014377,test
2024-10-22,-0.9342115251381301,-0.7172620107493564,-0.21694951438877375,test
2024-10-23,-0.7831572212976625,-0.6746765736234231,-0.10848064767423937,test
2024-10-24,-0.57286445463734,-0.6680783486219243,0.09521389398458424,test
2024-10-25,-0.5637397918946215,-0.6322611909656044,0.06852139907098287,test
2024-10-28,-0.3615491040281639,-0.7229499474713699,0.36140084344320594,test
2024-10-29,-0.2909524746891847,-0.7125264352457523,0.4215739605565676,test
2024-10-30,-0.39359554280553194,-0.5593253615090246,0.16572981870349263,test
2024-10-31,0.40159463845135923,-0.44373133025419104,0.8453259687055503,test
2024-11-01,0.5532960903158781,-0.4955726865328067,1.0488687768486848,test
2024-11-04,0.5594701154443339,-0.3352880686948811,0.8947581841392149,test
2024-11-05,0.6011295437356605,-0.3482501192426686,0.9493796629783291,test
2024-11-06,0.6467374126280863,-0.5376987143480708,1.184436126976157,test
2024-11-07,0.20670733154036208,0.057047312682576234,0.14966001885778585,test
2024-11-08,0.15485308841433698,0.02256540548484076,0.13228768292949622,test
2024-11-11,0.21951609172831762,-0.04617014071770342,0.2656862324460211,test
2024-11-12,0.1856914263831685,-0.009723973418993337,0.19541539980216183,test
2024-11-13,0.3064083416180194,0.03200992678318748,0.2743984148348319,test
2024-11-14,0.19309939360455902,0.06832814757386907,0.12477124603068995,test
2024-11-15,0.1532296940927941,0.06779909932087436,0.08543059477191975,test
2024-11-18,0.7252199285414477,0.10293450536747828,0.6222854231739694,test
2024-11-19,0.8320841613818255,-0.010409263162028726,0.8424934245438542,test
2024-11-20,0.9097615662406827,0.17372537264836718,0.7360361935923155,test
2024-11-21,0.9835317922203425,0.06464211028325428,0.9188896819370882,test
2024-11-22,0.9431755971526563,0.1259133952364293,0.817262201916227,test
2024-11-25,0.49324486101524256,0.5248962023675009,-0.03165134135225833,test
2024-11-26,0.4916719180649998,0.447133334482011,0.044538583582988844,test
2024-11-27,0.31142110087715413,0.5536256959554906,-0.24220459507833647,test
2024-11-28,0.22498740707176582,0.5998016890605402,-0.3748142819887744,test
2024-11-29,0.27683833238242744,0.4308233597347419,-0.15398502735231445,test
2024-12-02,0.34666566869069826,0.37153031867785524,-0.024864649987156984,test
2024-12-03,0.18137732522322741,0.4474198349120652,-0.2660425096888378,test
2024-12-04,0.11765020284522641,0.29781359224783704,-0.18016338940261062,test
2024-12-05,0.09451583251977334,0.29923425667091486,-0.2047184241511415,test
2024-12-06,0.11246221198748005,0.32960240416470477,-0.21714019217722472,test
2024-12-09,-0.055362041646367134,0.40381593552731426,-0.4591779771736814,test
2024-12-10,-0.021015957043806106,0.21523821887508943,-0.23625417591889553,test
2024-12-11,-0.032366989201050106,0.1525964154295283,-0.1849634046305784,test
2024-12-12,0.30655339533723125,0.21275352606572384,0.09379986927150741,test
2024-12-13,0.3585669438569207,0.2368223833656305,0.12174456049129018,test
2024-12-16,0.4232154194294834,0.11769357110619216,0.3055218483232912,test
2024-12-17,0.40828372991171663,0.14834100022433727,0.25994272968737936,test
2024-12-18,0.3970913392773295,0.06953803917688478,0.3275533001004447,test
2024-12-19,-0.06111385881978851,0.39918839315034566,-0.4603022519701342,test
2024-12-20,-0.30060257987138495,0.3287906834036753,-0.6293932632750603,test
2024-12-23,-0.33207363387380867,0.3497585098176424,-0.6818321436914511,test
2024-12-24,-0.37774393956132607,0.2718760746012798,-0.6496200141626058,test
2024-12-26,0.0076873895952921534,0.16404033281685526,-0.1563529432215631,test
2024-12-27,0.07833114930385002,-0.1208138741142073,0.19914502341805732,test
2024-12-30,0.5220301678506314,-0.16130394099028267,0.6833341088409141,test
2024-12-31,0.5545376850442523,-0.06379037244808927,0.6183280574923415,test
2025-01-02,0.6105551237663993,-0.1586571526238344,0.7692122763902337,test
2025-01-03,0.419800791917043,0.1245126660159056,0.2952881259011374,test
2025-01-06,0.8284711064278296,0.014811632954946252,0.8136594734728834,test
2025-01-07,0.6226743191639473,0.4249866532598372,0.19768766590411013,test
2025-01-08,0.6144555249398196,0.31755163613535264,0.29690388880446694,test
2025-01-09,0.6805107245904163,0.3362873759169837,0.34422334867343257,test
2025-01-10,0.7588099423331925,0.09989494263847709,0.6589149996947155,test
2025-01-13,0.3750532316752456,0.5852703873024456,-0.2102171556272,test
2025-01-14,0.8526397138703771,0.3479129517297769,0.5047267621406002,test
2025-01-15,0.9259680989551302,0.34628122096006736,0.5796868779950628,test
2025-01-16,0.8655875452319602,0.42025346015810555,0.4453340850738547,test
2025-01-17,0.814468499769778,0.4645164304555388,0.34995206931423917,test
2025-01-20,0.8257421351216067,0.3230659384900612,0.5026761966315454,test
2025-01-21,0.2736183339788927,0.7278585951020979,-0.45424026112320526,test
2025-01-22,0.0904462303635747,0.6109507011386595,-0.5205044707750848,test
2025-01-23,0.09680847719723525,0.45728770512927025,-0.360479227932035,test
2025-01-24,0.35210834014411835,0.3550889996082053,-0.002980659464086932,test
2025-01-27,0.45760971953564694,0.4401884349386317,0.017421284597015252,test
2025-01-28,0.9197236891096893,0.27315655898232083,0.6465671301273684,test
2025-01-29,0.9281595548837049,0.2543542960655675,0.6738052588181375,test
2025-01-30,0.9140810975908648,0.2576939598317649,0.6563871377590998,test
2025-01-31,0.7740980826551087,0.4674938406393039,0.30660424201580483,test
2025-02-03,0.7999024818134615,0.5069859231248657,0.2929165586885958,test
2025-02-04,0.22057943847110925,0.8234901453873462,-0.6029107069162369,test
2025-02-05,0.08012205061860321,0.6180937216256799,-0.5379716710070767,test
2025-02-06,0.2820516906157789,0.5388442999579923,-0.25679260934221343,test
2025-02-07,0.4488932692698434,0.3973589636075546,0.05153430566228878,test
2025-02-10,0.22133974284942012,0.5770647235639237,-0.35572498071450354,test
2025-02-11,0.151994935286133,0.26063959493048183,-0.10864465964434883,test
2025-02-12,0.16741049452173212,0.07681990078750384,0.09059059373422829,test
2025-02-13,-0.14834136973204828,0.3603371356473949,-0.5086785053794431,test
2025-02-14,-0.4996803815897358,0.43664913573629605,-0.9363295173260319,test
2025-02-17,-0.46916388364978917,0.19058656341395908,-0.6597504470637483,test
2025-02-18,-0.2739712631653691,0.012765823219816563,-0.2867370863851857,test
2025-02-19,-0.2266926565915328,0.0777240675252292,-0.304416724116762,test
2025-02-20,-0.10228946576661838,-0.07621427073937515,-0.02607519502724323,test
2025-02-21,-0.02717358209337945,-0.15677436203617978,0.12960077994280034,test
2025-02-24,0.014583618435943099,-0.1214400528304192,0.1360236712663623,test
2025-02-25,0.04908285288779435,0.0021223663155460204,0.04696048657224833,test
2025-02-26,0.2630709384892793,-0.0270984002859066,0.2901693387751859,test
2025-02-27,0.5397427832163901,0.07724608866712745,0.4624966945492627,test
2025-02-28,0.733371006068623,0.10446892776410133,0.6289020783045217,test
2025-03-03,0.8645136923750988,0.12517670932996827,0.7393369830451305,test
2025-03-04,0.9476227208861489,0.15256005644841347,0.7950626644377354,test
2025-03-05,0.9269776833259114,0.30711427993305884,0.6198634033928525,test
2025-03-06,0.7501536285594752,0.45680746225727054,0.29334616630220467,test
2025-03-07,0.5828374130547043,0.5396088855490172,0.043228527505687064,test
2025-03-10,0.44570094942123645,0.6077237877775163,-0.1620228383562799,test
2025-03-11,0.21821626650642065,0.6604808699613753,-0.44226460345495466,test
2025-03-12,0.07282480289541796,0.6090253976800778,-0.5362005947846599,test
2025-03-13,0.13189392231300795,0.45865597209026576,-0.3267620497772578,test
2025-03-14,0.11074368839263746,0.41407993882301297,-0.3033362504303755,test
2025-03-17,0.025703638122498006,0.36926027962710734,-0.34355664150460935,test
2025-03-18,0.12425809123899671,0.14880296945148425,-0.024544878212487534,test
2025-03-19,0.08344757801680505,0.1389274750308226,-0.05547989701401754,test
2025-03-20,-0.0459641549534048,0.24405845215784255,-0.29002260711124733,test
2025-03-21,-0.045214073822652016,0.20990662181423336,-0.2551206956368854,test
2025-03-24,-0.03425595930638108,0.15227748536977648,-0.18653344467615757,test
2025-03-25,-0.024069066020559186,0.2505209604544555,-0.2745900264750147,test
2025-03-26,0.04886269601364736,0.1434650186740689,-0.09460232266042155,test
2025-03-27,0.32189644981934085,0.10456855794399661,0.21732789187534424,test
2025-03-28,0.9084081813570416,0.16226541625355045,0.7461427651034911,test
2025-03-31,1.222631142802522,0.1432072014576692,1.079423941344853,test
2025-04-01,1.4645361836340396,0.18698484937172183,1.2775513342623177,test
2025-04-02,1.548452481316601,0.19873606407857686,1.349716417238024,test
2025-04-03,1.7840670393660067,0.42265848545501283,1.361408553910994,test
2025-04-04,1.7412686713998091,0.7531729975127808,0.9880956738870283,test
2025-04-07,2.0049399935538816,0.8824216169081349,1.1225183766457467,test
2025-04-08,1.9564325326563174,1.0362692561175797,0.9201632765387378,test
2025-04-09,1.9480628670183555,1.0210367747282274,0.9270260922901281,test
2025-04-10,1.7572872798994146,1.326671346618545,0.43061593328086967,test
2025-04-11,1.6267321950047338,1.2400309974811063,0.3867011975236274,test
2025-04-14,0.8566397775328439,1.5336439792045047,-0.6770042016716608,test
2025-04-15,0.756040897660125,1.3050436475123517,-0.5490027498522266,test
2025-04-16,0.7319321038274886,1.2387240638131514,-0.5067919599856627,test
2025-04-17,0.9348772769918497,1.1498972468173343,-0.21501996982548455,test
2025-04-18,0.9123234719723503,1.0155979384116516,-0.10327446643930127,test
2025-04-21,0.9801460018172847,0.5180691331327292,0.46207686868455555,test
2025-04-22,0.8715185758498607,0.7700343187118851,0.1014842571379756,test
2025-04-23,0.8142823930889376,0.7425686035700557,0.07171378951888185,test
2025-04-24,0.46833714019314693,0.9267043263528132,-0.45836718615966626,test
2025-04-25,0.47679732521912854,0.7512724736865937,-0.2744751484674651,test
2025-04-28,0.5568164825866151,0.828318232016406,-0.2715017494297909,test
2025-04-29,0.5051330295652321,0.8087987187036558,-0.30366568913842373,test
2025-04-30,0.47532112052304776,0.7972395035829988,-0.321918383059951,test
2025-05-01,0.5424362540361591,0.6965935434458994,-0.15415728940974027,test
2025-05-02,0.5755245437104318,0.7045233102622173,-0.12899876655178544,test
2025-05-05,0.4390276245701514,0.7692140122932896,-0.3301863877231382,test
2025-05-06,0.6857104533408105,0.643055353199254,0.04265510014155649,test
2025-05-07,0.6483400513317923,0.6425189505879593,0.005821100743833019,test
2025-05-08,0.6319731617588031,0.70801383031154,-0.07604066855273683,test
2025-05-09,0.5709526618797235,0.6955769322515739,-0.12462427037185042,test
2025-05-12,0.5711632826413202,0.4842680567001136,0.08689522594120663,test
2025-05-13,0.30884238607927766,0.7580309266964986,-0.44918854061722097,test
2025-05-14,0.28489172900888515,0.538648689288923,-0.2537569602800378,test
2025-05-15,0.19129283293372096,0.6067274400393845,-0.41543460710566354,test
2025-05-16,0.2142222011373014,0.5069806048045091,-0.29275840366720773,test
2025-05-19,0.42295280134395175,0.4337972072002538,-0.01084440585630203,test
2025-05-20,0.34300279283327434,0.4058534575412641,-0.06285066470798978,test
2025-05-21,0.3367622555274704,0.356871761794568,-0.020109506267097566,test
2025-05-22,0.2809392862049386,0.37340940617045837,-0.09247011996551979,test
2025-05-23,0.42925797567691526,0.3790329938390713,0.05022498183784396,test
2025-05-26,0.28702573761255895,0.5137860745677592,-0.2267603369552002,test
2025-05-27,0.3180540181455168,0.29138815666990486,0.02666586147561195,test
2025-05-28,0.30689461099096027,0.31305036227573185,-0.006155751284771582,test
2025-05-29,0.30709882106851427,0.2990663829669318,0.008032438101582495,test
2025-05-30,0.12491542060104964,0.476614262354235,-0.35169884175318533,test
2025-06-02,0.07618645229019025,0.33023902281405965,-0.2540525705238694,test
2025-06-03,0.008889735757266228,0.29755710439781596,-0.28866736864054976,test
2025-06-04,0.0344462461635194,0.2607096461730628,-0.2262634000095434,test
2025-06-05,0.09322517987568316,0.2889248275647136,-0.19569964768903045,test
2025-06-06,0.1450905071303785,0.27986734846822164,-0.13477684133784315,test
2025-06-09,0.40841974035756323,0.20699808579937368,0.20142165455818956,test
2025-06-10,0.45842101577950706,0.07361048976969992,0.38481052600980714,test
2025-06-11,0.4786803048447003,0.1555865898888653,0.323093714955835,test
2025-06-12,0.5047395524866669,0.20407056521078742,0.3006689872758795,test
2025-06-13,0.3919223955533104,0.2661514813439152,0.12577091420939518,test
2025-06-16,0.0701028995015619,0.4275663649812647,-0.3574634654797028,test
2025-06-17,0.19607593903377324,0.3153355821434773,-0.11925964310970405,test
2025-06-18,0.21330923907383015,0.3521372854506726,-0.13882804637684243,test
2025-06-19,0.042870171425263504,0.4114099811758467,-0.3685398097505832,test
2025-06-20,0.12330448517129598,0.25486361154529347,-0.13155912637399747,test
2025-06-23,0.1920406888165922,0.12083388831898362,0.07120680049760858,test
2025-06-24,0.05195596685423012,0.2868677745401726,-0.23491180768594247,test
2025-06-25,0.023688590073568782,0.2405349532307099,-0.21684636315714112,test
2025-06-26,0.10488319399754448,0.055834429356449056,0.04904876464109542,test
2025-06-27,0.28448833159467796,0.1996456001926532,0.08484273140202475,test
2025-06-30,0.16665398751285382,0.2247603339564252,-0.05810634644357138,test
