date,Y_h,fitted,residual,split
2010-02-03,-0.6909769405002423,-1.0811488301605032,0.39017188966026095,train
2010-02-04,-0.6800096779934748,-1.145450666796291,0.46544098880281615,train
2010-02-05,-0.6881105044831833,-1.1074978598635332,0.4193873553803499,train
2010-02-08,-0.7377815782642485,-0.9618066730019574,0.22402509473770893,train
2010-02-09,-0.7492020463645377,-1.009456004982954,0.26025395861841627,train
2010-02-10,-0.7902581279695076,-0.8682204553924543,0.07796232742294673,train
2010-02-11,-0.8129527224788156,-0.8332651552744582,0.020312432795642654,train
2010-02-12,-0.8408970700421742,-0.8072012802679114,-0.0336957897742628,train
2010-02-15,-0.874155030746294,-0.7853381170847336,-0.08881691366156041,train
2010-02-16,-0.868454646159182,-0.972543036493875,0.10408839033469297,train
2010-02-17,-0.8703383029738232,-0.9426819379736437,0.07234363499982055,train
2010-02-18,-0.886398868976645,-0.947228631643439,0.06082976266679396,train
2010-02-19,-0.9318520207704024,-0.8516968723622809,-0.08015514840812155,train
2010-02-22,-0.9634183111771758,-0.8636881392169118,-0.09973017196026401,train
2010-02-23,-0.9428235256089533,-0.872573720504956,-0.07024980510399736,train
2010-02-24,-0.9437063518890363,-0.8168029892974844,-0.12690336259155188,train
2010-02-25,-0.9485314763576564,-0.8163316874675735,-0.132199788890083,train
2010-02-26,-0.9663334692453558,-0.8196909985044586,-0.1466424707408972,train
2010-03-01,-0.9880639941687764,-0.8346311196752629,-0.1534328744935135,train
2010-03-02,-1.0421989989419471,-0.7291966498290487,-0.31300234911289837,train
2010-03-03,-1.0850077867535672,-0.6997752157200454,-0.3852325710335218,train
2010-03-04,-1.1290803252927686,-0.7136603167993558,-0.41542000849341276,train
2010-03-05,-1.1546749664023823,-0.7228981709709765,-0.4317767954314058,train
2010-03-08,-1.16137933516289,-0.7675551044281572,-0.3938242307347328,train
2010-03-09,-1.1620628150762267,-0.8747668182521973,-0.2872959968240294,train
2010-03-10,-1.1656974900836838,-0.9525541068507559,-0.21314338323292792,train
2010-03-11,-1.1396751154266151,-1.0072236655747324,-0.13245144985188273,train
2010-03-12,-1.1192850286233875,-1.0317453996155896,-0.08753962900779788,train
2010-03-15,-1.115543555989225,-1.0511190082350188,-0.06442454775420625,train
2010-03-16,-1.10491474001804,-1.096151850974684,-0.008762889043355981,train
2010-03-17,-1.1155699211118215,-1.055805212247669,-0.059764708864152416,train
2010-03-18,-1.097509434573593,-1.0988769391867135,0.0013675046131205182,train
2010-03-19,-1.112835178516372,-1.0452394063467374,-0.06759577216963453,train
2010-03-22,-1.1108681457370995,-1.1137019031150133,0.0028337573779138037,train
2010-03-23,-1.1192975005774461,-1.0906901744605195,-0.028607326116926624,train
2010-03-24,-1.1246371033225355,-1.0816848955828706,-0.042952207739664905,train
2010-03-25,-1.1057967057301694,-0.9741650228873395,-0.1316316828428299,train
2010-03-26,-1.1243937666352795,-0.9578487877868844,-0.16654497884839503,train
2010-03-29,-1.0974722035087576,-0.9473148312585085,-0.15015737225024917,train
2010-03-30,-1.0146072479143142,-0.9544306548538308,-0.060176593060483397,train
2010-03-31,-0.9970433091985726,-0.9850945665718163,-0.011948742626756381,train
2010-04-01,-0.9804764114369794,-1.0263896898776625,0.04591327844068316,train
2010-04-02,-0.9806536037033016,-1.0382801247100504,0.05762652100674881,train
2010-04-05,-0.9535808613464463,-1.1843698095081274,0.23078894816168116,train
2010-04-06,-0.8988144744455911,-1.177108079660361,0.27829360521476987,train
2010-04-07,-0.7763289230880844,-1.1756383276542615,0.39930940456617703,train
2010-04-08,-0.5760412899719275,-1.2095139809009294,0.6334726909290019,train
2010-04-09,-0.41290388787367016,-1.2422022849244956,0.8292983970508254,train
2010-04-12,-0.35871327958398885,-1.1156741693438448,0.7569608897598559,train
2010-04-13,-0.3316042038928833,-1.0684625041110734,0.7368583002181901,train
2010-04-14,-0.31197937758968813,-1.0889963327514025,0.7770169551617143,train
2010-04-15,-0.2702342248587284,-1.0746285344395456,0.8043943095808173,train
2010-04-16,-0.20600039451529698,-1.0899348979141088,0.8839345033988119,train
2010-04-19,-0.1500044831296777,-1.0666102805618274,0.9166057974321496,train
2010-04-20,-0.059279135654562005,-1.1490090992202995,1.0897299635657374,train
2010-04-21,0.01751642226409538,-1.1686412458207556,1.186157668084851,train
2010-04-22,0.08943819652730531,-1.198080523428658,1.2875187199559632,train
2010-04-23,0.1141943499613617,-1.1600279361261903,1.274222286087552,train
2010-04-26,0.12865015736614213,-1.0391756951026097,1.1678258524687517,train
2010-04-27,0.15118523833790426,-1.074359101613649,1.225544339951553,train
2010-04-28,0.17464486002723553,-0.9639304352580443,1.13857529528528,train
2010-04-29,0.18189956783796152,-0.797778682093714,0.9796782499316756,train
2010-04-30,0.17939775817498732,-0.8420588281286752,1.0214565863036624,train
2010-05-03,0.1959359422900479,-0.8575355768063044,1.0534715190963524,train
2010-05-04,0.21496325230874563,-0.8707484022376839,1.0857116545464296,train
2010-05-05,0.22300435307577085,-0.8772948503659936,1.1002992034417645,train
2010-05-06,0.2380103720900819,-0.8210957237311929,1.0591060958212748,train
2010-05-07,0.21503937153182576,-0.6464799762621318,0.8615193477939576,train
2010-05-10,0.14752026421677114,-0.4379853400219092,0.5855056042386804,train
2010-05-11,0.06986455596091869,-0.27421303869416,0.3440775946550787,train
2010-05-12,0.053158106211066404,-0.24418435644261888,0.2973424626536853,train
2010-05-13,0.03928958737106831,-0.2551453492392445,0.2944349366103128,train
2010-05-14,0.04064793551394657,-0.3290314529413562,0.3696793884553028,train
2010-05-17,0.022208322605615595,-0.32846333245736675,0.35067165506298237,train
2010-05-18,-0.019511365223433302,-0.30637146932637904,0.2868601041029457,train
2010-05-19,-0.059655836428211984,-0.2742768571975049,0.2146210207692929,train
2010-05-20,-0.14653160294102524,-0.14043758228387734,-0.006094020657147897,train
2010-05-21,-0.21456688773931298,-0.03789504371339608,-0.1766718440259169,train
2010-05-24,-0.29500979580699416,0.04396518675246178,-0.3389749825594559,train
2010-05-25,-0.3223638542824534,-0.03554802709699555,-0.28681582718545784,train
2010-05-26,-0.35458938307969134,-0.03606075496953386,-0.3185286281101575,train
2010-05-27,-0.3896582005305621,-0.08148548234574284,-0.3081727181848193,train
2010-05-28,-0.4482400112283247,-0.07746513099142899,-0.3707748802368957,train
2010-05-31,-0.4998484841278101,-0.10900120666220241,-0.39084727746560766,train
2010-06-01,-0.4837063541856977,-0.2800256440357524,-0.20368071014994527,train
2010-06-02,-0.4940532546330115,-0.19472748064521142,-0.2993257739878,train
2010-06-03,-0.5258440482638269,-0.1823277159644987,-0.3435163322993282,train
2010-06-04,-0.5618301031774819,-0.25361727729457145,-0.3082128258829105,train
2010-06-07,-0.6107825372424815,-0.18799011123141102,-0.42279242601107053,train
2010-06-08,-0.6442296044470619,-0.17871896685970518,-0.4655106375873567,train
2010-06-09,-0.6692805652278039,-0.2308977287491641,-0.4383828364786398,train
2010-06-10,-0.68961069755429,-0.3209415661693645,-0.3686691313849256,train
2010-06-11,-0.7458235656921806,-0.2600750011797936,-0.48574856451238696,train
2010-06-14,-0.7525385998157506,-0.3595643968181124,-0.39297420299763813,train
2010-06-15,-0.7732504342808644,-0.35479719164064477,-0.4184532426402196,train
2010-06-16,-0.7783351373271461,-0.3935098111641314,-0.3848253261630147,train
2010-06-17,-0.7775333376693772,-0.4451840026033887,-0.33234933506598846,train
2010-06-18,-0.7879870743947175,-0.4780341702224522,-0.3099529041722653,train
2010-06-21,-0.774425735738405,-0.5972038817554745,-0.17722185398293056,train
2010-06-22,-0.783353305914659,-0.5517176897937597,-0.23163561612089933,train
2010-06-23,-0.79050998979513,-0.5998603674624627,-0.19064962233266725,train
2010-06-24,-0.7532451568993916,-0.6200662178756449,-0.13317893902374678,train
2010-06-25,-0.7538132798638331,-0.6227595589485345,-0.13105372091529854,train
2010-06-28,-0.7423768590335396,-0.6455724049065404,-0.09680445412699912,train
2010-06-29,-0.7460444130465305,-0.7262571236568226,-0.019787289389707863,train
2010-06-30,-0.7596122077566633,-0.7242624184905935,-0.0353497892660698,train
2010-07-01,-0.7772874307741905,-0.6766726107305436,-0.10061482004364686,train
2010-07-02,-0.821118441814674,-0.6309880997757867,-0.19013034203888723,train
2010-07-05,-0.8410220148189911,-0.6742275861913021,-0.166794428627689,train
2010-07-06,-0.8240644392236873,-0.8498827324813122,0.025818293257624858,train
2010-07-07,-0.844343392620749,-0.7363234151192091,-0.10801997750153991,train
2010-07-08,-0.848058112602522,-0.7959873083469544,-0.05207080425556754,train
2010-07-09,-0.8730489943322816,-0.8457982295753214,-0.0272507647569602,train
2010-07-12,-0.833038400183763,-0.917269293020854,0.08423089283709106,train
2010-07-13,-0.790880471591885,-0.9243719250219722,0.13349145343008717,train
2010-07-14,-0.7647370187918207,-0.8759462124764477,0.111209193684627,train
2010-07-15,-0.7507202401459202,-0.8834028603102312,0.13268262016431098,train
2010-07-16,-0.7500527567204474,-0.8580079660013206,0.10795520928087321,train
2010-07-19,-0.7544838113234088,-0.8403048200606391,0.08582100873723031,train
2010-07-20,-0.7559632612678749,-0.8149573772999761,0.05899411603210114,train
2010-07-21,-0.7432753043933404,-0.8075336955418014,0.06425839114846099,train
2010-07-22,-0.7499105377061518,-0.7775661220117237,0.027655584305571912,train
2010-07-23,-0.7609230215923409,-0.8086550460172591,0.047732024424918196,train
2010-07-26,-0.7909825618075205,-0.697733037704117,-0.09324952410340348,train
2010-07-27,-0.7945114084527476,-0.7316061156534501,-0.06290529279929746,train
2010-07-28,-0.7881238875745771,-0.7167040881362023,-0.07141979943837473,train
2010-07-29,-0.7777372807283786,-0.8106272748439902,0.032889994115611665,train
2010-07-30,-0.7839818655122026,-0.8365629470524275,0.052581081540224894,train
2010-08-02,-0.7889585946916532,-0.8680616279156341,0.07910303322398093,train
2010-08-03,-0.7793932842871253,-0.9368253233912214,0.1574320391040961,train
2010-08-04,-0.7731775766575771,-0.9972049924492583,0.22402741579168117,train
2010-08-05,-0.7820654173711167,-0.9696554289834094,0.18759001161229272,train
2010-08-06,-0.8030849631666939,-0.9608484047296171,0.1577634415629232,train
2010-08-09,-0.8020725029097862,-0.9594720626067503,0.15739955969696418,train
2010-08-10,-0.7869898118456945,-1.0784616275160666,0.29147181567037206,train
2010-08-11,-0.8209116810810491,-0.8860842404228448,0.06517255934179578,train
2010-08-12,-0.8505883246524725,-0.821548433226937,-0.029039891425535425,train
2010-08-13,-0.8955543084723023,-0.7530191120034855,-0.14253519646881685,train
2010-08-16,-0.9087458554826396,-0.7397169195112339,-0.16902893597140578,train
2010-08-17,-0.9141431466365951,-0.681665218685993,-0.23247792795060218,train
2010-08-18,-0.9098515089461163,-0.7388928434928961,-0.17095866545322025,train
2010-08-19,-0.9024239725395956,-0.7712438070133376,-0.131180165526258,train
2010-08-20,-0.9384414576069734,-0.750676225774274,-0.18776523183269944,train
2010-08-23,-0.9065875235357058,-0.784518481755536,-0.12206904178016986,train
2010-08-24,-0.8915967833093449,-0.8533222537562279,-0.03827452955311694,train
2010-08-25,-0.8996229027733729,-0.7989553585355567,-0.10066754423781621,train
2010-08-26,-0.885729257362077,-0.8003967394883178,-0.08533251787375917,train
2010-08-27,-0.9104156965663677,-0.7801296541063087,-0.13028604246005893,train
2010-08-30,-0.8815538399511181,-0.8210445978888437,-0.06050924206227448,train
2010-08-31,-0.8645394853973583,-0.8877265772412933,0.02318709184393508,train
2010-09-01,-0.8360071182225248,-0.8854228061115184,0.04941568788899353,train
2010-09-02,-0.8443220202391991,-0.8759244396112243,0.03160241937202524,train
2010-09-03,-0.8482936050281935,-0.9242342907103538,0.07594068568216028,train
2010-09-06,-0.8144423844895794,-1.005273369364253,0.19083098487467365,train
2010-09-07,-0.7881011088746985,-1.101412938185345,0.3133118293106465,train
2010-09-08,-0.7788530879936493,-1.0022242851238405,0.22337119713019127,train
2010-09-09,-0.724799520504173,-1.0218702962966697,0.29707077579249674,train
2010-09-10,-0.7198095035375691,-1.0337538671471913,0.3139443636096222,train
2010-09-13,-0.7039263287772084,-0.9999618166778209,0.2960354879006125,train
2010-09-14,-0.6967139810642266,-0.9722723822966589,0.27555840123243236,train
2010-09-15,-0.6872837538714271,-0.9289406350843228,0.24165688121289564,train
2010-09-16,-0.6462735005553033,-0.9072891053762182,0.2610156048209149,train
2010-09-17,-0.6376730647207284,-0.8924844703891722,0.25481140566844385,train
2010-09-20,-0.6124556468935508,-0.868286387684789,0.25583074079123824,train
2010-09-21,-0.5786910124436089,-0.9500848396597416,0.3713938272161327,train
2010-09-22,-0.5666120754424081,-0.8131735326523191,0.24656145720991096,train
2010-09-23,-0.551492430692052,-0.8529161416882743,0.30142371099622234,train
2010-09-24,-0.5533364900419311,-0.8532271390133019,0.29989064897137085,train
2010-09-27,-0.5621098870226562,-0.8090607283354765,0.2469508413128203,train
2010-09-28,-0.5469587322171873,-0.8450158831200587,0.29805715090287144,train
2010-09-29,-0.5706100133455574,-0.7889899715278905,0.21837995818233313,train
2010-09-30,-0.5693582388618229,-0.835324201116084,0.26596596225426106,train
2010-10-01,-0.5877895767990571,-0.7661244599141057,0.17833488311504864,train
2010-10-04,-0.5897798959981297,-0.8660101081305913,0.27623021213246157,train
2010-10-05,-0.5577409875480459,-0.8864664049269935,0.32872541737894756,train
2010-10-06,-0.5619772778118883,-0.8290544004506974,0.2670771226388091,train
2010-10-07,-0.5377934536595462,-0.8415621313019706,0.3037686776424243,train
2010-10-08,-0.5192261207808906,-0.837827610007394,0.31860148922650344,train
2010-10-11,-0.5342904918732535,-0.6977927992150772,0.1635023073418237,train
2010-10-12,-0.4950448930981973,-0.7564361578052232,0.2613912647070259,train
2010-10-13,-0.49089274867474364,-0.718889106834687,0.22799635815994335,train
2010-10-14,-0.44362838784022013,-0.7423611362654501,0.29873274842522995,train
2010-10-15,-0.4435543793132114,-0.6941680976384295,0.25061371832521806,train
2010-10-18,-0.46688209832705196,-0.6335116832861561,0.16662958495910418,train
2010-10-19,-0.4729008530391816,-0.6579855992518957,0.1850847462127141,train
2010-10-20,-0.4969494918646317,-0.5941975464788012,0.09724805461416947,train
2010-10-21,-0.5150424737645337,-0.5568080549396216,0.041765581175087885,train
2010-10-22,-0.5501468829428924,-0.4949699711793719,-0.055176911763520464,train
2010-10-25,-0.5349281310570417,-0.5434371905685988,0.008509059511557115,train
2010-10-26,-0.5061789757907579,-0.5955682485294252,0.08938927273866737,train
2010-10-27,-0.5167540200255769,-0.618835937284691,0.10208191725911409,train
2010-10-28,-0.5171390872721343,-0.614483626232191,0.09734453896005668,train
2010-10-29,-0.49251726894520165,-0.7247606120298691,0.23224334308466743,train
2010-11-01,-0.46510210259836937,-0.7401765315458297,0.27507442894746037,train
2010-11-02,-0.42383611426533097,-0.7614033825408805,0.3375672682755495,train
2010-11-03,-0.3949063662254427,-0.8149833051265869,0.4200769389011442,train
2010-11-04,-0.3947184091701767,-0.7088655408511293,0.3141471316809526,train
2010-11-05,-0.3842862191419811,-0.7212545815092803,0.33696836236729927,train
2010-11-08,-0.3883050251497686,-0.6441077123552563,0.2558026872054877,train
2010-11-09,-0.3970164525207791,-0.5946033355785997,0.19758688305782057,train
2010-11-10,-0.4097608295424292,-0.5489789120964352,0.13921808255400603,train
2010-11-11,-0.4497552036152163,-0.492334755005145,0.042579551389928694,train
2010-11-12,-0.46384189770436424,-0.5159717607953547,0.052129863090990436,train
2010-11-15,-0.4975579771435031,-0.4195284275679402,-0.0780295495755629,train
2010-11-16,-0.49722395678931974,-0.49113049801383957,-0.006093458775480176,train
2010-11-17,-0.5162644326069948,-0.5027644888314515,-0.01349994377554331,train
2010-11-18,-0.5109154554396167,-0.576064275189084,0.06514881974946729,train
2010-11-19,-0.5141313247366537,-0.6093221312022907,0.09519080646563705,train
2010-11-22,-0.517383069744365,-0.6794151636030034,0.16203209385863837,train
2010-11-23,-0.5297183745592109,-0.7028253173917243,0.17310694283251338,train
2010-11-24,-0.5551062594501195,-0.6173885497804297,0.062282290330310186,train
2010-11-25,-0.6091011696731952,-0.572560858095582,-0.03654031157761317,train
2010-11-26,-0.6182845568538333,-0.6719485420187954,0.05366398516496207,train
2010-11-29,-0.6242292452216831,-0.6164440367686602,-0.007785208453022885,train
2010-11-30,-0.6540984655094684,-0.5554629760232699,-0.09863548948619849,train
2010-12-01,-0.7023188546369017,-0.5357808907971822,-0.16653796383971953,train
2010-12-02,-0.7493862741713831,-0.488347487314865,-0.26103878685651816,train
2010-12-03,-0.7754432585069222,-0.45157765180865195,-0.32386560669827025,train
2010-12-06,-0.7929027687139417,-0.4378626130908582,-0.3550401556230835,train
2010-12-07,-0.7962135679351838,-0.4437680025465321,-0.35244556538865174,train
2010-12-08,-0.8176108903137153,-0.46000005269244015,-0.3576108376212751,train
2010-12-09,-0.8116417358963216,-0.5051230195525904,-0.3065187163437312,train
2010-12-10,-0.8119914434882695,-0.549725753666105,-0.26226568982216447,train
2010-12-13,-0.7857920754277856,-0.6561282143332867,-0.1296638610944989,train
2010-12-14,-0.7640236796152297,-0.6761756750742942,-0.08784800454093544,train
2010-12-15,-0.7546918374230536,-0.6557900583643141,-0.09890177905873943,train
2010-12-16,-0.7442480561391313,-0.6592751810683408,-0.08497287507079043,train
2010-12-17,-0.7426126746955591,-0.7376839209887402,-0.004928753706818889,train
2010-12-20,-0.727275255089453,-0.6667284906457743,-0.06054676444367868,train
2010-12-21,-0.7045073915007636,-0.6947980736303401,-0.009709317870423506,train
2010-12-22,-0.6877219090368838,-0.7281547061268601,0.04043279708997627,train
2010-12-23,-0.6612205143772858,-0.8069905212633142,0.14577000688602837,train
2010-12-24,-0.6665718696111315,-0.7369541732957234,0.07038230368459197,train
2010-12-27,-0.6203404292372986,-0.9606072229927376,0.340266793755439,train
2010-12-28,-0.5896413031018425,-0.9580789958716512,0.36843769276980876,train
2010-12-29,-0.5829885321706502,-0.8860610801790345,0.30307254800838435,train
2010-12-30,-0.5713313261845259,-0.9180998067514279,0.346768480566902,train
2010-12-31,-0.5527278830019465,-1.0123093069908269,0.45958142398888036,train
2011-01-03,-0.5539320730362739,-0.8933272131018211,0.33939514006554716,train
2011-01-04,-0.5671625519329985,-0.8599607964961506,0.2927982445631522,train
2011-01-05,-0.5747472959048584,-0.8452239072946356,0.2704766113897772,train
2011-01-06,-0.5920748393454723,-0.7922817798427202,0.20020694049724785,train
2011-01-07,-0.6005319902999539,-0.7964421610027932,0.19591017070283934,train
2011-01-10,-0.6165082019942413,-0.7366198162174042,0.12011161422316297,train
2011-01-11,-0.6280622534243283,-0.7551683859091591,0.12710613248483082,train
2011-01-12,-0.6504069039016209,-0.7231645887354857,0.0727576848338648,train
2011-01-13,-0.6797162114555382,-0.7091816195415981,0.029465408086059908,train
2011-01-14,-0.7090693652716833,-0.6664345554406973,-0.042634809830986,train
2011-01-17,-0.7388045139176,-0.6598207185532905,-0.07898379536430955,train
2011-01-18,-0.7319525082367052,-0.7362480730780367,0.004295564841331534,train
2011-01-19,-0.764618317763193,-0.6632550349744868,-0.10136328278870621,train
2011-01-20,-0.7942951229826712,-0.6592434729287271,-0.13505165005394415,train
2011-01-21,-0.8348156495051817,-0.6763872458746079,-0.15842840363057387,train
2011-01-24,-0.83549027645466,-0.6719754944467349,-0.16351478200792513,train
2011-01-25,-0.8499436662256781,-0.6818102689934868,-0.16813339723219123,train
2011-01-26,-0.8770505707343933,-0.6203555471119904,-0.25669502362240293,train
2011-01-27,-0.914736653711432,-0.6191385523359964,-0.29559810137543563,train
2011-01-28,-0.9431222742303208,-0.6275072013025274,-0.31561507292779345,train
2011-01-31,-0.9711893655676147,-0.6465066599318188,-0.32468270563579593,train
2011-02-01,-0.9994935946678066,-0.6315133588440937,-0.367980235823713,train
2011-02-02,-0.9886236052383418,-0.6645174347116298,-0.324106170526712,train
2011-02-03,-1.0006291463939814,-0.7589700808158586,-0.24165906557812278,train
2011-02-04,-1.0306688909667119,-0.7441105557390258,-0.28655833522768603,train
2011-02-07,-1.0532909885356776,-0.7698488535257962,-0.28344213500988136,train
2011-02-08,-1.0629124073241778,-0.8174169184099778,-0.24549548891420003,train
2011-02-09,-1.0853073304657017,-0.7943343946523667,-0.29097293581333505,train
2011-02-10,-1.090933833073357,-0.8070977487052151,-0.2838360843681418,train
2011-02-11,-1.086531111162406,-0.8440092544331422,-0.24252185672926385,train
2011-02-14,-1.048856481480104,-0.8889273505333195,-0.15992913094678451,train
2011-02-15,-1.0455868682219753,-0.872204441286351,-0.17338242693562433,train
2011-02-16,-0.9906227876669702,-0.8959964069291342,-0.09462638073783602,train
2011-02-17,-0.9785468004040779,-0.864224872402765,-0.11432192800131291,train
2011-02-18,-0.986094018118087,-0.8926434223120334,-0.09345059580605353,train
2011-02-21,-1.0081535311214647,-0.8941800691161763,-0.11397346200528835,train
2011-02-22,-0.9848225373844419,-1.0220365677053054,0.037214030320863456,train
2011-02-23,-1.0191292693612966,-0.8844588522053305,-0.13467041715596606,train
2011-02-24,-1.0176261323657418,-0.9639992217860244,-0.05362691057971747,train
2011-02-25,-1.0423566912209323,-0.9325843419812052,-0.10977234923972712,train
2011-02-28,-1.044150509113499,-1.0051439588584679,-0.03900655025503119,train
2011-03-01,-1.0433028157885122,-0.9683323749261683,-0.07497044086234395,train
2011-03-02,-1.0385285578325951,-1.0558053480198646,0.017276790187269464,train
2011-03-03,-1.0148261438382105,-1.080962258585187,0.06613611474697656,train
2011-03-04,-1.0548452705380587,-0.9933894722255742,-0.06145579831248449,train
2011-03-07,-1.0441179879164748,-1.1109134530344082,0.06679546511793344,train
2011-03-08,-1.0424983373289711,-1.1556843824920005,0.11318604516302933,train
2011-03-09,-1.0325975350095646,-1.1553493173640204,0.12275178235445572,train
2011-03-10,-1.0330931594262027,-1.1480355024948758,0.11494234306867313,train
2011-03-11,-1.0448811099159754,-1.1881537936875561,0.14327268377158076,train
2011-03-14,-1.0411822185193673,-1.1483419939031727,0.10715977538380539,train
2011-03-15,-1.0495997180773722,-1.0957689807318403,0.04616926265446808,train
2011-03-16,-1.071998763689408,-0.9804618435165477,-0.09153692017286019,train
2011-03-17,-1.0793927440605875,-0.9871801090091787,-0.09221263505140875,train
2011-03-18,-1.0742589314183926,-0.8389227093191409,-0.23533622209925165,train
2011-03-21,-1.1025847050450293,-0.8387826218093406,-0.26380208323568866,train
2011-03-22,-1.086917716876544,-0.9142707563812973,-0.17264696049524675,train
2011-03-23,-1.0562520543565017,-1.0566428380872466,0.00039078373074485917,train
2011-03-24,-1.093603077482237,-0.9783722328032363,-0.11523084467900069,train
2011-03-25,-1.0995528961261174,-1.070862258883024,-0.028690637243093287,train
2011-03-28,-1.0928003700063234,-1.0923193766025527,-0.00048099340377061317,train
2011-03-29,-1.0588273455977029,-1.1468122590701375,0.08798491347243464,train
2011-03-30,-1.0411892615362857,-1.1131309902065127,0.07194172867022708,train
2011-03-31,-1.0547848663992998,-1.105031866667616,0.05024700026831619,train
2011-04-01,-1.0214862113721603,-1.1159693597484912,0.09448314837633087,train
2011-04-04,-1.0228668771656615,-1.0492552652114024,0.02638838804574095,train
2011-04-05,-0.9948592379606478,-1.1229820740592555,0.12812283609860775,train
2011-04-06,-0.9219820341258608,-1.093787803320294,0.17180576919443313,train
2011-04-07,-0.8111714594248233,-1.147260848349676,0.33608938892485274,train
2011-04-08,-0.769634656401073,-1.1020644542424898,0.3324297978414168,train
2011-04-11,-0.7304751684189764,-1.155458910340476,0.42498374192149957,train
2011-04-12,-0.6983841011385156,-1.1957135902759255,0.49732948913740993,train
2011-04-13,-0.668533378368352,-1.1273119732280776,0.4587785948597256,train
2011-04-14,-0.6313664219909709,-1.122375413857047,0.49100899186607605,train
2011-04-15,-0.6227752674197017,-1.0810810007456544,0.4583057333259527,train
2011-04-18,-0.5923023333363684,-1.0822104296907655,0.48990809635439714,train
2011-04-19,-0.6303838136024943,-0.9005181923897199,0.27013437878722557,train
2011-04-20,-0.6268471039416521,-0.9992366122807703,0.3723895083391182,train
2011-04-21,-0.6203495177293794,-0.9552523397705208,0.3349028220411414,train
2011-04-22,-0.6065458683879758,-0.9436249885529033,0.3370791201649276,train
2011-04-25,-0.5750001022681362,-1.1895883863350685,0.6145882840669322,train
2011-04-26,-0.5481570334772077,-1.1731426441815755,0.6249856107043679,train
2011-04-27,-0.537338761772059,-1.1249369304453662,0.5875981686733073,train
2011-04-28,-0.5316661784130359,-1.077281558805898,0.5456153803928621,train
2011-04-29,-0.550645887889948,-1.0917111229254277,0.5410652350354798,train
2011-05-02,-0.5394903653074238,-1.100576203299093,0.5610858379916691,train
2011-05-03,-0.5442484622428914,-0.9539627708043953,0.4097143085615039,train
2011-05-04,-0.5440935985782634,-0.9692610241865285,0.42516742560826504,train
2011-05-05,-0.545965838155598,-0.9567201973559285,0.41075435920033054,train
2011-05-06,-0.5980264175184162,-0.8194206470246123,0.22139422950619603,train
2011-05-09,-0.6853088257756274,-0.6405700374379142,-0.044738788337713165,train
2011-05-10,-0.7216846883169298,-0.6575562563535822,-0.06412843196334761,train
2011-05-11,-0.7483071284733809,-0.6206136471992911,-0.12769348127408975,train
2011-05-12,-0.7658263039523234,-0.6104177621230304,-0.15540854182929298,train
2011-05-13,-0.8028933190602185,-0.5955387291404496,-0.20735458991976896,train
2011-05-16,-0.8520068711168947,-0.6103418677150897,-0.24166500340180497,train
2011-05-17,-0.8592356984015317,-0.6626682508034785,-0.19656744759805322,train
2011-05-18,-0.8388924884383948,-0.6157571668383455,-0.22313532160004934,train
2011-05-19,-0.8001945169363657,-0.7048711725751244,-0.09532334436124124,train
2011-05-20,-0.7910335532586771,-0.7471717540634413,-0.04386179919523581,train
2011-05-23,-0.796283998797185,-0.7479914024440397,-0.04829259635314531,train
2011-05-24,-0.805925950409761,-0.7209790961939876,-0.08494685421577342,train
2011-05-25,-0.7874981942219345,-0.7359729721668994,-0.05152522205503507,train
2011-05-26,-0.793431707893379,-0.67150517543738,-0.12192653245599905,train
2011-05-27,-0.7941224536538352,-0.6556136767976369,-0.13850877685619822,train
2011-05-30,-0.8005322370168902,-0.6355713796902878,-0.16496085732660248,train
2011-05-31,-0.7665306944883288,-0.858406520979918,0.09187582649158921,train
2011-06-01,-0.7638141509875948,-0.7925936228029896,0.028779471815394864,train
2011-06-02,-0.7723774050018258,-0.779593207657769,0.0072158026559431265,train
2011-06-03,-0.7937129345122496,-0.8030892712256916,0.009376336713442068,train
2011-06-06,-0.8051564640392652,-0.8214524434879618,0.01629597944869654,train
2011-06-07,-0.7979195624803888,-0.8599636599438347,0.06204409746344597,train
2011-06-08,-0.776830001831409,-0.9307234382937437,0.15389343646233467,train
2011-06-09,-0.7564927366739843,-0.9357352966745761,0.1792425600005918,train
2011-06-10,-0.740351245521003,-0.9397142464455361,0.19936300092453318,train
2011-06-13,-0.6651795044143459,-0.9631675672329172,0.29798806281857126,train
2011-06-14,-0.6205427293882618,-0.9761267409849534,0.3555840115966916,train
2011-06-15,-0.5694268381868312,-1.0050487425856593,0.4356219043988282,train
2011-06-16,-0.5563873856645699,-0.9365357656473254,0.3801483799827555,train
2011-06-17,-0.5835544162244519,-0.8096665232211075,0.22611210699665563,train
2011-06-20,-0.5996307832550898,-0.7625921164622333,0.16296133320714357,train
2011-06-21,-0.6047293219451293,-0.7791019424910008,0.17437262054587155,train
2011-06-22,-0.5786732867280312,-0.7534923870661474,0.1748191003381162,train
2011-06-23,-0.5899058078034141,-0.7451034668952964,0.15519765909188232,train
2011-06-24,-0.6133570868395313,-0.729542177956074,0.11618509111654274,train
2011-06-27,-0.6276693641356428,-0.7725898192720219,0.14492045513637908,train
2011-06-28,-0.6355598447834019,-0.7690430597260945,0.13348321494269266,train
2011-06-29,-0.6410837569512734,-0.7636371554231276,0.1225533984718542,train
2011-06-30,-0.6272890400610072,-0.7421900420203986,0.11490100195939146,train
2011-07-01,-0.6022351423600779,-0.8008927061840135,0.19865756382393562,train
2011-07-04,-0.5799859203079233,-0.8209002211780219,0.24091430087009857,train
2011-07-05,-0.5378191915432954,-0.944348404892696,0.4065292133494006,train
2011-07-06,-0.4872056978718994,-0.9436811982614153,0.4564755003895159,train
2011-07-07,-0.4222139487179907,-0.966904530699766,0.5446905819817753,train
2011-07-08,-0.3627977632658615,-0.9197195418807144,0.5569217786148528,train
2011-07-11,-0.3028918619660464,-0.8720832203446587,0.5691913583786123,train
2011-07-12,-0.2895780106767981,-0.80222649383432,0.5126484831575219,train
2011-07-13,-0.29319214319668313,-0.6230283711381106,0.3298362279414275,train
2011-07-14,-0.3091476215597889,-0.57705229563667,0.2679046740768811,train
2011-07-15,-0.3343748354429859,-0.5039198994801531,0.16954506403716724,train
2011-07-18,-0.3380309560071329,-0.5245395405264227,0.1865085845192898,train
2011-07-19,-0.34307414089097327,-0.5392340100504174,0.1961598691594441,train
2011-07-20,-0.34145175746344325,-0.5907079666731259,0.2492562092096826,train
2011-07-21,-0.3337820698415663,-0.6730977174805544,0.3393156476389881,train
2011-07-22,-0.367104845753589,-0.6168769297259091,0.24977208397232015,train
2011-07-25,-0.36051723905719785,-0.7384698390186428,0.377952599961445,train
2011-07-26,-0.3606101425041672,-0.7645354351819103,0.4039252926777431,train
2011-07-27,-0.3573125912575573,-0.8004860405534191,0.4431734492958618,train
2011-07-28,-0.3575554414889599,-0.786898432084707,0.4293429905957471,train
2011-07-29,-0.36808040006296006,-0.822100205801524,0.45401980573856393,train
2011-08-01,-0.3897252346359819,-0.7351336815711111,0.34540844693512923,train
2011-08-02,-0.4139891010058776,-0.681843832058054,0.2678547310521764,train
2011-08-03,-0.42890713475208936,-0.6349089271844426,0.20600179243235323,train
2011-08-04,-0.44801438998664656,-0.565714241074786,0.1176998510881394,train
2011-08-05,-0.4954726809242765,-0.46566999900925243,-0.029802681915024054,train
2011-08-08,-0.5048304612573652,-0.37913146343024756,-0.12569899782711763,train
2011-08-09,-0.5600440604322776,-0.30878758705726994,-0.25125647337500767,train
2011-08-10,-0.627397706324267,-0.22622009186711844,-0.4011776144571485,train
2011-08-11,-0.6062068917014953,-0.28107875470321464,-0.3251281369982807,train
2011-08-12,-0.5782486631808607,-0.23761248364506843,-0.3406361795357922,train
2011-08-15,-0.537555035034091,-0.3596289788744621,-0.17792605615962886,train
2011-08-16,-0.49036166237309337,-0.45666652342190933,-0.033695138951184034,train
2011-08-17,-0.4664643545499332,-0.5111457522364458,0.04468139768651258,train
2011-08-18,-0.4575320059989074,-0.557436425526217,0.09990441952730955,train
2011-08-19,-0.45859811301084175,-0.5784851124673854,0.11988699945654369,train
2011-08-22,-0.44167991200884005,-0.591385662059071,0.1497057500502309,train
2011-08-23,-0.3940321079498065,-0.7333353472076352,0.3393032392578287,train
2011-08-24,-0.3395341838102873,-0.6880433741953708,0.34850919038508343,train
2011-08-25,-0.29955341692807075,-0.7191684820202577,0.419615065092187,train
2011-08-26,-0.2620347977012786,-0.7286465930466106,0.46661179534533204,train
2011-08-29,-0.23465071041891009,-0.7424030874710656,0.5077523770521556,train
2011-08-30,-0.21186623834001925,-0.7764615659455724,0.5645953276055531,train
2011-08-31,-0.19088539863678483,-0.7917935733864666,0.6009081747496818,train
2011-09-01,-0.17206522759618909,-0.816068619481101,0.644003391884912,train
2011-09-02,-0.15758280156217538,-0.7868544462563971,0.6292716446942217,train
2011-09-05,-0.12647969110957494,-0.7815296596594319,0.655049968549857,train
2011-09-06,-0.10131699905446857,-0.8196706479950032,0.7183536489405347,train
2011-09-07,-0.1142221040924281,-0.62951741044861,0.5152953063561819,train
2011-09-08,-0.1076017848897283,-0.658459296544924,0.5508575116551957,train
2011-09-09,-0.1149495573588325,-0.6389059616542855,0.523956404295453,train
2011-09-12,-0.14184506527770632,-0.5424906799629212,0.40064561468521487,train
2011-09-13,-0.18798123289726149,-0.4053665770861895,0.21738534418892802,train
2011-09-14,-0.21774944709227717,-0.4245091888420942,0.20675974174981704,train
2011-09-15,-0.24423151585058647,-0.36905575869426205,0.12482424284367558,train
2011-09-16,-0.2634017936274,-0.36347094275517156,0.10006914912777154,train
2011-09-19,-0.25291277687358027,-0.4292337206884762,0.17632094381489594,train
2011-09-20,-0.24881584870134738,-0.4945665764418362,0.24575072774048884,train
2011-09-21,-0.23542638712504035,-0.48672166511370857,0.25129527798866824,train
2011-09-22,-0.25088654576952873,-0.45611987923808694,0.2052333334685582,train
2011-09-23,-0.29529907845852943,-0.3826938545144406,0.08739477605591117,train
2011-09-26,-0.31618174708050584,-0.3520943873502522,0.03591264026974639,train
2011-09-27,-0.34332843075549885,-0.2939235490899688,-0.04940488166553003,train
2011-09-28,-0.3567579504398956,-0.2849626118882161,-0.07179533855167952,train
2011-09-29,-0.37542824885156734,-0.31565488185856744,-0.0597733669929999,train
2011-09-30,-0.36281858730920363,-0.33799784650188136,-0.024820740807322272,train
2011-10-03,-0.3246247671770435,-0.3584485102912598,0.033823743114216265,train
2011-10-04,-0.3197335779804012,-0.3673803006619219,0.0476467226815207,train
2011-10-05,-0.3032984186084376,-0.30396599062022944,0.0006675720117918504,train
2011-10-06,-0.3138159711336614,-0.29875877549597685,-0.01505719563768454,train
2011-10-07,-0.32904253449327925,-0.2886282254672995,-0.040414309025979755,train
2011-10-10,-0.34395599414164457,-0.292690871074886,-0.05126512306675857,train
2011-10-11,-0.3300033492786998,-0.3520711676694457,0.022067818390745897,train
2011-10-12,-0.30790356636065347,-0.4188767310205419,0.11097316465988843,train
2011-10-13,-0.309390528903606,-0.4387469871894348,0.12935645828582876,train
2011-10-14,-0.30936656700929005,-0.48895310705166106,0.179586540042371,train
2011-10-17,-0.3111625621087798,-0.4958079635713235,0.1846454014625437,train
2011-10-18,-0.30313230150229825,-0.5131551606846525,0.21002285918235425,train
2011-10-19,-0.3067347980585749,-0.4454412377622366,0.1387064397036617,train
2011-10-20,-0.3124884869737768,-0.4547746805950243,0.1422861936212475,train
2011-10-21,-0.33993240867463637,-0.3708344819515894,0.030902073276953046,train
2011-10-24,-0.3561749563502916,-0.4133222969856575,0.05714734063536586,train
2011-10-25,-0.3519323273294527,-0.454137286775651,0.10220495944619834,train
2011-10-26,-0.37651204306801583,-0.4475347297168133,0.07102268664879746,train
2011-10-27,-0.39312887576037003,-0.4689525299773986,0.07582365421702858,train
2011-10-28,-0.40351788104254666,-0.4882413742076964,0.08472349316514977,train
2011-10-31,-0.3923423456413951,-0.582572560400348,0.1902302147589529,train
2011-11-01,-0.3263963578263183,-0.46539758819397625,0.13900123036765794,train
2011-11-02,-0.37281649729111466,-0.3793315822268075,0.006515084935692861,train
2011-11-03,-0.4002318984519764,-0.40308161136044746,0.0028497129084710804,train
2011-11-04,-0.4680279245943918,-0.3058490767790861,-0.16217884781530567,train
2011-11-07,-0.4982228505600763,-0.3420982706384049,-0.1561245799216714,train
2011-11-08,-0.524929191910483,-0.3817170929568724,-0.14321209895361064,train
2011-11-09,-0.523649826949076,-0.4687648362515449,-0.05488499069753111,train
2011-11-10,-0.5455395756253957,-0.43215518202650005,-0.11338439359889563,train
2011-11-11,-0.5768778934118454,-0.4391978760749641,-0.1376800173368813,train
2011-11-14,-0.5729178614914511,-0.4853376985218085,-0.08758016296964255,train
2011-11-15,-0.5761048591351083,-0.4972398642309273,-0.07886499490418103,train
2011-11-16,-0.5940484682945644,-0.47701401742962757,-0.1170344508649368,train
2011-11-17,-0.6291325261334749,-0.46782853385174333,-0.1613039922817316,train
2011-11-18,-0.6751747577256569,-0.47401733006641145,-0.2011574276592455,train
2011-11-21,-0.7053088926655225,-0.5026117377788384,-0.20269715488668416,train
2011-11-22,-0.7111225325655153,-0.5121576504418878,-0.1989648821236275,train
2011-11-23,-0.7131405979654394,-0.5770686151973954,-0.136071982768044,train
2011-11-24,-0.7529143326195918,-0.5504403324150692,-0.20247400020452266,train
2011-11-25,-0.7751612195546081,-0.6868223035245576,-0.08833891603005051,train
2011-11-28,-0.7871929559873992,-0.7042930442684735,-0.08289991171892575,train
2011-11-29,-0.8019035360883214,-0.677453111269763,-0.12445042481855839,train
2011-11-30,-0.8312808609536224,-0.6448231770588383,-0.18645768389478412,train
2011-12-01,-1.0152214282627925,-0.42897608270463455,-0.586245345558158,train
2011-12-02,-1.0455377845693652,-0.5295624249336852,-0.51597535963568,train
2011-12-05,-1.0368831734863635,-0.5680326063601571,-0.46885056712620643,train
2011-12-06,-1.0358113299425438,-0.6199919263336886,-0.41581940360885516,train
2011-12-07,-1.0236915277948913,-0.7241288039173481,-0.2995627238775431,train
2011-12-08,-1.0151218336022225,-0.8717950248441295,-0.143326808758093,train
2011-12-09,-1.029436234629418,-0.8102258877946931,-0.21921034683472485,train
2011-12-12,-1.0387014184335444,-0.8206304767594016,-0.21807094167414276,train
2011-12-13,-1.009671742323858,-0.8161563655423909,-0.19351537678146702,train
2011-12-14,-1.0563025500830445,-0.7254271999231731,-0.33087535015987146,train
2011-12-15,-1.0715782396422862,-0.7010075872610404,-0.37057065238124576,train
2011-12-16,-1.0409371395386913,-0.7553907676507085,-0.2855463718879828,train
2011-12-19,-1.0242845339055937,-0.8448227205768615,-0.17946181332873223,train
2011-12-20,-1.0036105650297344,-0.9483773445827466,-0.05523322044698786,train
2011-12-21,-0.9859728363493453,-1.017191033526928,0.031218197177582785,train
2011-12-22,-0.9901554850045112,-0.9500817490038432,-0.04007373600066799,train
2011-12-23,-0.9707894753158557,-0.9754111660959213,0.004621690780065579,train
2011-12-27,-0.9491912113365178,-1.102713310107561,0.15352209877104317,train
2011-12-28,-0.8912188264305834,-1.2692231029075458,0.37800427647696244,train
2011-12-29,-0.8851459119673155,-1.1591983827428183,0.27405247077550277,train
2011-12-30,-0.8839970178014712,-1.1399756347064929,0.25597861690502166,train
2012-01-03,-0.8499659286006956,-1.2048866189918521,0.3549206903911565,train
2012-01-04,-0.8224993828644116,-1.1897349386790554,0.36723555581464384,train
2012-01-05,-0.7993770732926189,-1.1035487875175178,0.30417171422489897,train
2012-01-06,-0.8006737219794404,-1.022227458376813,0.22155373639737252,train
2012-01-09,-0.7878587276920251,-1.0407026712541585,0.25284394356213336,train
2012-01-10,-0.7873103265181443,-1.0276120388725227,0.24030171235437847,train
2012-01-11,-0.7678401749070592,-1.024845874756911,0.25700569984985167,train
2012-01-12,-0.777169716125585,-0.9907669931932787,0.2135972770676936,train
2012-01-13,-0.7854657227094715,-1.0109888511459848,0.22552312843651334,train
2012-01-16,-0.8167674415430982,-0.9094869348740621,0.09271949333096385,train
2012-01-17,-0.7955916009942245,-1.031990405362556,0.23639880436833138,train
2012-01-18,-0.7847710617856265,-0.987171909667159,0.20240084788153245,train
2012-01-19,-0.8178062709463273,-0.9087917518693321,0.09098548092300485,train
2012-01-20,-0.8307709505675429,-0.942880949022519,0.11210999845497605,train
2012-01-23,-0.7915478412417158,-0.9823967861253566,0.1908489448836408,train
2012-01-24,-0.8003398628785189,-0.9483429175526497,0.14800305467413077,train
2012-01-25,-0.8163847595848069,-0.9193916425857318,0.10300688300092486,train
2012-01-26,-0.8487254327029521,-0.9069211205502388,0.05819568784728668,train
2012-01-27,-0.8526697203986298,-0.9430028926610643,0.09033317226243454,train
2012-01-30,-0.883075258482166,-0.8291077932260247,-0.05396746525614127,train
2012-01-31,-0.8737615954746646,-0.8995043525375472,0.02574275706288265,train
2012-02-01,-0.8837570151583554,-0.8835416605056015,-0.00021535465275390742,train
2012-02-02,-0.9215522830033867,-0.8280909194697887,-0.09346136353359791,train
2012-02-03,-0.9474816028263852,-0.789628904284968,-0.15785269854141715,train
2012-02-06,-0.9844812393469375,-0.7908444346241257,-0.19363680472281186,train
2012-02-07,-1.0112303607639181,-0.7812887592142426,-0.22994160154967558,train
2012-02-08,-1.0338663282989184,-0.7483820270282221,-0.28548430127069635,train
2012-02-09,-1.0401292280493828,-0.8153116208975674,-0.22481760715181542,train
2012-02-10,-1.0762943342017866,-0.7762301755546781,-0.30006415864710845,train
2012-02-13,-1.0785659368310532,-0.8650684985110588,-0.21349743831999435,train
2012-02-14,-1.0769975004650334,-0.8991255482630091,-0.17787195220202434,train
2012-02-15,-1.0943243628224075,-0.9062921587095206,-0.1880322041128869,train
2012-02-16,-1.1162780684207612,-0.8575394652882347,-0.2587386031325265,train
2012-02-17,-1.1590571223873465,-0.850256097424098,-0.30880102496324846,train
2012-02-20,-1.1673499746445273,-0.917547546154039,-0.24980242849048828,train
2012-02-21,-1.1719302913916394,-0.9407000817552407,-0.23123020963639873,train
2012-02-22,-1.2431976028327183,-0.7878941643273802,-0.45530343850533805,train
2012-02-23,-1.2407959321687032,-0.9142296920948573,-0.32656624007384594,train
2012-02-24,-1.23696101360988,-0.9488087489978033,-0.28815226461207677,train
2012-02-27,-1.2402912220471212,-1.0024040719183067,-0.23788715012881445,train
2012-02-28,-1.2484857462389383,-0.9677848267979501,-0.2807009194409882,train
2012-02-29,-1.254628803322727,-1.045282516462086,-0.20934628686064105,train
2012-03-01,-1.2654456164985939,-0.9962800578962219,-0.269165558602372,train
2012-03-02,-1.2845086876238727,-1.0215387401039944,-0.26296994751987834,train
2012-03-05,-1.264039494430914,-1.0482943424367168,-0.21574515199419708,train
2012-03-06,-1.269958744870646,-1.0244029811459332,-0.24555576372471277,train
2012-03-07,-1.2769489929936904,-1.0971825444667058,-0.17976644852698453,train
2012-03-08,-1.2855772018296425,-1.1399520537665122,-0.14562514806313032,train
2012-03-09,-1.3048984977372662,-1.1108549004127193,-0.1940435973245469,train
2012-03-12,-1.300372696302226,-1.1074549183549105,-0.19291777794731546,train
2012-03-13,-1.296854438271816,-1.1612947700307308,-0.13555966824108512,train
2012-03-14,-1.3071738803907857,-1.1283338404460739,-0.17884003994471187,train
2012-03-15,-1.327946690755014,-1.102269423429608,-0.22567726732540594,train
2012-03-16,-1.3077437068790254,-1.1458799982395447,-0.16186370863948074,train
2012-03-19,-1.324476629129506,-1.1327247870207446,-0.1917518421087614,train
2012-03-20,-1.3038314614644761,-1.2024161312535209,-0.10141533021095528,train
2012-03-21,-1.300918660795744,-1.2065619752783834,-0.09435668551736054,train
2012-03-22,-1.3036516705905858,-1.227396367122093,-0.07625530346849274,train
2012-03-23,-1.3235474979441577,-1.223162807922345,-0.1003846900218126,train
2012-03-26,-1.3498632818528522,-1.2170789891837657,-0.13278429266908653,train
2012-03-27,-1.3544320931540699,-1.1749475294833955,-0.17948456367067434,train
2012-03-28,-1.3589561120872147,-1.2230052013532453,-0.13595091073396937,train
2012-03-29,-1.362861318617721,-1.2016712105349887,-0.16119010808273226,train
2012-03-30,-1.3929248490204256,-1.2088223003307066,-0.18410254868971898,train
2012-04-02,-1.4188598741459526,-1.1885362851175492,-0.23032358902840344,train
2012-04-03,-1.4034525786775298,-1.2805248863803578,-0.12292769229717204,train
2012-04-04,-1.4474615698024107,-1.1725654462538695,-0.2748961235485412,train
2012-04-05,-1.47886214176916,-1.1842429684880154,-0.29461917328114473,train
2012-04-06,-1.4540683543809396,-1.25933526003187,-0.1947330943490697,train
2012-04-09,-1.445972714955584,-1.3038816354323168,-0.14209107952326727,train
2012-04-10,-1.4376701563138845,-1.2878825870921113,-0.14978756922177316,train
2012-04-11,-1.4667826834999933,-1.2536704799120342,-0.21311220358795913,train
2012-04-12,-1.4835315351154859,-1.2804328278736765,-0.20309870724180934,train
2012-04-13,-1.4923774659735265,-1.281200273173238,-0.21117719280028857,train
2012-04-16,-1.476470995535475,-1.304213013133595,-0.17225798240187995,train
2012-04-17,-1.4773309020537817,-1.1988580776759565,-0.27847282437782517,train
2012-04-18,-1.4525592036639277,-1.2854690152889006,-0.1670901883750271,train
2012-04-19,-1.4407605846392715,-1.2274774980000052,-0.21328308663926632,train
2012-04-20,-1.4399842889543002,-1.2429929119079475,-0.19699137704635272,train
2012-04-23,-1.4226422029130197,-1.2482056754062096,-0.17443652750681005,train
2012-04-24,-1.3761302613091198,-1.3412360603406597,-0.034894200968460076,train
2012-04-25,-1.3233673905530663,-1.38244171288823,0.05907432233516374,train
2012-04-26,-1.3198090205805628,-1.323758767615517,0.003949747034954099,train
2012-04-27,-1.3154059784191352,-1.3895324113119876,0.07412643289285237,train
2012-04-30,-1.3049337892746935,-1.3640013656769412,0.05906757640224769,train
2012-05-01,-1.26213237496679,-1.501643651144422,0.2395112761776319,train
2012-05-02,-1.2312982417056126,-1.4399953156349325,0.2086970739293199,train
2012-05-03,-1.1638449797529098,-1.4033358690828557,0.2394908893299459,train
2012-05-04,-1.137833722796947,-1.4904224242322408,0.35258870143529375,train
2012-05-07,-1.1049884518226225,-1.5379481715023098,0.43295971967968727,train
2012-05-08,-1.094755727738452,-1.382389680645788,0.28763395290733595,train
2012-05-09,-1.0627016049163887,-1.39604123312336,0.3333396282069714,train
2012-05-10,-1.0532440942916426,-1.3834763783458608,0.33023228405421823,train
2012-05-11,-1.0245936836226703,-1.4097625465621295,0.3851688629394592,train
2012-05-14,-0.9923464552702637,-1.4000826310453283,0.4077361757750646,train
2012-05-15,-0.9725092692332609,-1.4336223212523327,0.4611130520190718,train
2012-05-16,-0.966591090045898,-1.382445008420209,0.41585391837431085,train
2012-05-17,-0.9817001216848477,-1.3293615668743075,0.34766144518945985,train
2012-05-18,-0.9655061644155823,-1.2882931081538724,0.3227869437382901,train
2012-05-21,-0.9753187945331264,-1.2253647201861826,0.25004592565305617,train
2012-05-22,-0.9412853087910864,-1.2415031166597879,0.30021780786870145,train
2012-05-23,-0.927425074727292,-1.2089796548535672,0.2815545801262752,train
2012-05-24,-0.9443697597823474,-1.1584950520489141,0.21412529226656674,train
2012-05-25,-0.9768866485684926,-1.1125290530217493,0.1356424044532567,train
2012-05-28,-0.9781818178898353,-1.1528781219429043,0.17469630405306902,train
2012-05-29,-0.9838312371312322,-1.2013692928337085,0.2175380557024763,train
2012-05-30,-0.9848719572333722,-1.1684207850782813,0.1835488278449091,train
2012-05-31,-0.9068902759969851,-1.1409773170843023,0.23408704108731715,train
2012-06-01,-0.9247032361679258,-1.1347281236299578,0.21002488746203196,train
2012-06-04,-0.9903987367417082,-1.0038727704819075,0.013474033740199287,train
2012-06-05,-1.0117043839945656,-1.034603537891655,0.022899153897089297,train
2012-06-06,-1.0084060933401484,-0.9890820151091053,-0.019324078231043096,train
2012-06-07,-1.0292482745741116,-0.9797689068823747,-0.049479367691736886,train
2012-06-08,-1.0591561149403184,-0.9361234486578389,-0.12303266628247944,train
2012-06-11,-1.0780511409626583,-1.0156435853556118,-0.06240755560704647,train
2012-06-12,-1.1000403439339765,-0.9679021965764053,-0.13213814735757123,train
2012-06-13,-1.1318983811454628,-0.9345549992191089,-0.19734338192635392,train
2012-06-14,-1.1385470516662515,-0.9504536307418967,-0.18809342092435477,train
2012-06-15,-1.150267215953338,-0.9811542000751667,-0.1691130158781713,train
2012-06-18,-1.1323713320621502,-1.0335323806811014,-0.09883895138104881,train
2012-06-19,-1.157950982355016,-0.9554150525668228,-0.20253592978819324,train
2012-06-20,-1.1573452351551896,-1.026645198233936,-0.13070003692125365,train
2012-06-21,-1.1900308964372832,-0.9304845288731358,-0.2595463675641474,train
2012-06-22,-1.2101880442422428,-0.9263881832163965,-0.2837998610258463,train
2012-06-25,-1.2128870282013562,-0.9718330648421443,-0.24105396335921192,train
2012-06-26,-1.1766644908250394,-1.090243702401449,-0.08642078842359036,train
2012-06-27,-1.1428490465896506,-1.0359973844024346,-0.10685166218721598,train
2012-06-28,-1.051024708746313,-1.1761117245842678,0.1250870158379549,train
2012-06-29,-1.0586151659285992,-1.1521193749758238,0.09350420904722467,train
2012-07-02,-1.1526300203644235,-0.9264026936714618,-0.22622732669296175,train
2012-07-03,-1.1266411204766944,-1.0650668917012356,-0.06157422877545882,train
2012-07-04,-1.0009878824581007,-1.1569721384911587,0.155984256033058,train
2012-07-05,-0.9628453832599428,-1.1797607829527452,0.21691539969280238,train
2012-07-06,-0.9696771485024389,-1.0697885940000122,0.10011144549757334,train
2012-07-09,-0.9752652917980013,-1.2407864662889583,0.265521174490957,train
2012-07-10,-0.9827164570879274,-1.2448571673193523,0.2621407102314248,train
2012-07-11,-0.9758152120380206,-1.2666499948056507,0.2908347827676301,train
2012-07-12,-0.9819081433360795,-1.221867559726202,0.23995941639012264,train
2012-07-13,-0.9858153684621501,-1.2889317392634705,0.30311637080132037,train
2012-07-16,-1.0045420340791553,-1.2362842779982737,0.23174224391911835,train
2012-07-17,-1.0181165328344677,-1.2623763160339296,0.24425978319946196,train
2012-07-18,-1.046668291702552,-1.1695343171875714,0.12286602548501935,train
2012-07-19,-1.0605934858360535,-1.1850099183232732,0.12441643248721967,train
2012-07-20,-1.0759312583229752,-1.157591700566341,0.08166044224336577,train
2012-07-23,-1.0833196785313113,-1.1588854761746652,0.07556579764335392,train
2012-07-24,-1.0853516867266413,-1.1575823810935102,0.07223069436686891,train
2012-07-25,-1.0901126295182084,-1.2006564530527548,0.11054382353454639,train
2012-07-26,-1.1098343083485862,-1.1149638153355534,0.005129506986967236,train
2012-07-27,-1.1721165462107002,-1.0416948375692983,-0.1304217086414019,train
2012-07-30,-1.276774839232356,-0.9089269078332118,-0.36784793139914407,train
2012-07-31,-1.2910958251238909,-1.0477168940196462,-0.2433789311042447,train
2012-08-01,-1.3230146683075592,-1.014586041685627,-0.30842862662193227,train
2012-08-02,-1.31344073270683,-0.9902384786292047,-0.3232022540776254,train
2012-08-03,-1.5013492451959851,-0.8118093492726957,-0.6895398959232895,train
2012-08-06,-1.5606643925128585,-0.9137681553061104,-0.646896237206748,train
2012-08-07,-1.569573764877338,-0.9173765908574388,-0.6521971740198992,train
2012-08-08,-1.5319608173507204,-1.032619899267771,-0.49934091808294934,train
2012-08-09,-1.5072313872903245,-1.0972055464324932,-0.4100258408578312,train
2012-08-10,-1.5285593109912952,-1.1610593024274865,-0.3675000085638087,train
2012-08-13,-1.5291225489762725,-1.2443518942089384,-0.2847706547673341,train
2012-08-14,-1.4962254585078045,-1.2961077876605227,-0.20011767084728183,train
2012-08-15,-1.4388896584915407,-1.3303874330413197,-0.10850222545022103,train
2012-08-16,-1.41164600648273,-1.3740186239841408,-0.037627382498589323,train
2012-08-17,-1.3882963488432318,-1.4127971029515591,0.024500754108327305,train
2012-08-20,-1.3762244066729383,-1.3982540361179359,0.022029629444997534,train
2012-08-21,-1.3686563042725368,-1.4020813247642527,0.03342502049171592,train
2012-08-22,-1.3640552707742848,-1.3390468837472154,-0.025008387027069423,train
2012-08-23,-1.3314147891520791,-1.2832985482459534,-0.04811624090612576,train
2012-08-24,-1.3209639287109727,-1.2850293984909846,-0.03593453021998805,train
2012-08-27,-1.325577076318566,-1.2455939767068707,-0.07998309961169525,train
2012-08-28,-1.307879207953363,-1.390653511431569,0.08277430347820602,train
2012-08-29,-1.291907360022545,-1.4146097281062524,0.12270236808370738,train
2012-08-30,-1.2746622697731314,-1.4765277791527311,0.2018655093795998,train
2012-08-31,-1.253860660897564,-1.51705363620714,0.2631929753095761,train
2012-09-03,-1.294410944107043,-1.3754587868480916,0.08104784274104859,train
2012-09-04,-1.277897204823865,-1.548244199241024,0.27034699441715904,train
2012-09-05,-1.2676969449692526,-1.5052677795584466,0.23757083458919404,train
2012-09-06,-1.2911660743366284,-1.414170620744029,0.12300454640740055,train
2012-09-07,-1.324736989551966,-1.3341255735029849,0.009388583951018825,train
2012-09-10,-1.3321104047060566,-1.373470137037538,0.04135973233148138,train
2012-09-11,-1.3184046491132908,-1.4311493638561472,0.11274471474285641,train
2012-09-12,-1.3100342161158902,-1.402559262613785,0.09252504649789484,train
2012-09-13,-1.330556003888965,-1.331985159454888,0.001429155565922935,train
2012-09-14,-1.3804042178509,-1.2726361529545116,-0.10776806489638835,train
2012-09-17,-1.4000504804613974,-1.3078893991951817,-0.0921610812662157,train
2012-09-18,-1.4081176729671874,-1.2541028770409373,-0.15401479592625011,train
2012-09-19,-1.4229007272772725,-1.2352576442556917,-0.18764308302158073,train
2012-09-20,-1.4362553580268875,-1.2654015169084456,-0.17085384111844193,train
2012-09-21,-1.4635341599665204,-1.2705117587792096,-0.19302240118731073,train
2012-09-24,-1.5293900716969582,-1.1823437231842209,-0.3470463485127373,train
2012-09-25,-1.5403655770751272,-1.2263184025603664,-0.31404717451476083,train
2012-09-26,-1.5531136331527782,-1.2398104008707627,-0.3133032322820155,train
2012-09-27,-1.553507531295949,-1.2470632747276922,-0.3064442565682568,train
2012-09-28,-1.581020045443749,-1.2291191707821123,-0.3519008746616368,train
2012-10-01,-1.6103445159254162,-1.2645408720511755,-0.3458036438742407,train
2012-10-02,-1.6428737658773893,-1.2458213816686663,-0.397052384208723,train
2012-10-03,-1.6594045508421995,-1.2951467128195446,-0.3642578380226549,train
2012-10-04,-1.6513258799607788,-1.2862423269026921,-0.3650835530580867,train
2012-10-05,-1.671299380818415,-1.2664521015678019,-0.40484727925061303,train
2012-10-08,-1.6707534278869383,-1.3436554575718245,-0.3270979703151138,train
2012-10-09,-1.627894958669523,-1.411392408444146,-0.216502550225377,train
2012-10-10,-1.62880521704423,-1.3575654329990852,-0.2712397840451448,train
2012-10-11,-1.6374292667117607,-1.3553513863759514,-0.2820778803358093,train
2012-10-12,-1.6632800922907673,-1.3462190598852226,-0.31706103240554473,train
2012-10-15,-1.6709744994279194,-1.3426666019628768,-0.32830789746504263,train
2012-10-16,-1.6663925654055707,-1.3821819561783586,-0.2842106092272121,train
2012-10-17,-1.6689455845753418,-1.414522257421267,-0.2544233271540748,train
2012-10-18,-1.6803014711779192,-1.3856157605825428,-0.2946857105953764,train
2012-10-19,-1.685953864009086,-1.4353597198301045,-0.2505941441789816,train
2012-10-22,-1.6546716708940756,-1.468545957317541,-0.18612571357653462,train
2012-10-23,-1.6424851638447473,-1.4898185366388463,-0.15266662720590096,train
2012-10-24,-1.640872596556804,-1.5242244826981701,-0.11664811385863394,train
2012-10-25,-1.6514444328959337,-1.4895074069478793,-0.16193702594805437,train
2012-10-26,-1.66493314415924,-1.5057294636859364,-0.1592036804733037,train
2012-10-29,-1.6680871214378254,-1.4771507310120484,-0.19093639042577704,train
2012-10-30,-1.6626028495670908,-1.5378889317083473,-0.12471391785874353,train
2012-10-31,-1.6552387033652418,-1.5715200053889515,-0.08371869797629028,train
2012-11-01,-1.6399408446369317,-1.6080742564233033,-0.03186658821362842,train
2012-11-02,-1.6384249728940592,-1.6305110656916018,-0.007913907202457438,train
2012-11-05,-1.6683034344055545,-1.5691344715024322,-0.09916896290312227,train
2012-11-06,-1.6855940877698625,-1.594651933942527,-0.09094215382733561,train
2012-11-07,-1.6816346551493637,-1.5741298458505537,-0.10750480929881001,train
2012-11-08,-1.7092997175553295,-1.4402265493378945,-0.269073168217435,train
2012-11-09,-1.7378118622578607,-1.433781813272033,-0.30403004898582764,train
2012-11-12,-1.7496321067038771,-1.4796898918057169,-0.2699422148981603,train
2012-11-13,-1.754630802046886,-1.536003322804827,-0.21862747924205883,train
2012-11-14,-1.758788352680338,-1.498264007416749,-0.26052434526358903,train
2012-11-15,-1.7484215636864684,-1.5398322237257225,-0.2085893399607459,train
2012-11-16,-1.7491782689126794,-1.5838277733494976,-0.1653504955631817,train
2012-11-19,-1.7755532086126067,-1.5739033244863123,-0.20164988412629437,train
2012-11-20,-1.7788836193395885,-1.5811311510113915,-0.19775246832819704,train
2012-11-21,-1.7925613230193749,-1.4836338735468542,-0.3089274494725207,train
2012-11-22,-1.7786895066403912,-1.5037966920121075,-0.27489281462828363,train
2012-11-23,-1.797339995636005,-1.5315580924109602,-0.2657819032250448,train
2012-11-26,-1.7866687027539943,-1.521322487819233,-0.2653462149347612,train
2012-11-27,-1.7703893335606136,-1.5649988043488903,-0.2053905292117233,train
2012-11-28,-1.7391476965656985,-1.5536227463320236,-0.18552495023367488,train
2012-11-29,-1.6683220269972536,-1.5892840164728539,-0.07903801052439974,train
2012-11-30,-1.629060154304952,-1.5888231523768703,-0.04023700192808177,train
2012-12-03,-1.6143604001934595,-1.5504722154644643,-0.06388818472899516,train
2012-12-04,-1.5998226414945889,-1.5704171233101571,-0.02940551818443171,train
2012-12-05,-1.5785833506053606,-1.6374633374592995,0.058879986853938915,train
2012-12-06,-1.5675345816872968,-1.693814747708018,0.12628016602072134,train
2012-12-07,-1.546329425843179,-1.623519016628216,0.07718959078503707,train
2012-12-10,-1.5263717086476865,-1.6109482491805238,0.08457654053283736,train
2012-12-11,-1.5070380207186642,-1.6774679643883712,0.17042994366970698,train
2012-12-12,-1.461088202568145,-1.6648434824348326,0.2037552798666875,train
2012-12-13,-1.4257298055474297,-1.6763594253080365,0.2506296197606068,train
2012-12-14,-1.4109122503979283,-1.6429556996969363,0.232043449299008,train
2012-12-17,-1.387239273233626,-1.6167723141269232,0.22953304089329718,train
2012-12-18,-1.3921754562529556,-1.6396924641427035,0.24751700788974795,train
2012-12-19,-1.3387328737630424,-1.7409751715527721,0.40224229778972975,train
2012-12-20,-1.3145810737806323,-1.6791736354886015,0.3645925617079693,train
2012-12-21,-1.3008675662343927,-1.611547329446091,0.3106797632116982,train
2012-12-24,-1.293461213472113,-1.593108211710246,0.2996469982381329,train
2012-12-27,-1.2725893283507757,-1.744186990099553,0.4715976617487774,train
2012-12-28,-1.279279206204998,-1.5905646294656057,0.3112854232606077,train
2012-12-31,-1.2833831144449448,-1.5756704196811278,0.29228730523618296,train
2013-01-02,-1.3123476878993687,-1.5032153377851603,0.19086764988579152,train
2013-01-03,-1.3271818662866435,-1.4183406844758166,0.09115881818917315,train
2013-01-04,-1.339363488759479,-1.348441282810235,0.009077794050756038,train
2013-01-07,-1.3101820371854154,-1.3485123142441529,0.03833027705873748,train
2013-01-08,-1.298644903340644,-1.3565373405661219,0.05789243722547788,train
2013-01-09,-1.2697332191376094,-1.3724801333168457,0.10274691417923631,train
2013-01-10,-1.2510562299060268,-1.47033631398509,0.2192800840790632,train
2013-01-11,-1.2610753303702187,-1.4125571037597031,0.15148177338948443,train
2013-01-14,-1.2653564007870233,-1.3865606172716403,0.12120421648461699,train
2013-01-15,-1.2646497600368114,-1.4046712109235997,0.1400214508867883,train
2013-01-16,-1.2816095770497526,-1.30497577862117,0.023366201571417333,train
2013-01-17,-1.278047748367026,-1.2624745901233956,-0.01557315824363048,train
2013-01-18,-1.2957167436888837,-1.2781848469872226,-0.01753189670166111,train
2013-01-21,-1.3278324397951702,-1.2327600082328158,-0.09507243156235434,train
2013-01-22,-1.2891472590089765,-1.367420588118904,0.07827332910992757,train
2013-01-23,-1.2980997702477062,-1.2363360150061926,-0.06176375524151356,train
2013-01-24,-1.3030781726591854,-1.2553992203444284,-0.04767895231475694,train
2013-01-25,-1.2568644851897328,-1.2211800881416632,-0.03568439704806958,train
2013-01-28,-1.2057354059253158,-1.2355427124632397,0.02980730653792385,train
2013-01-29,-1.1812963340101428,-1.2185051545098156,0.03720882049967278,train
2013-01-30,-1.1677598966703313,-1.2887011012225535,0.12094120455222224,train
2013-01-31,-1.14377664416836,-1.3307468098484279,0.18697016568006797,train
2013-02-01,-1.1326210899960172,-1.4101595867553418,0.2775384967593246,train
2013-02-04,-1.1584355204267187,-1.3211951832554882,0.16275966282876952,train
2013-02-05,-1.176480521351329,-1.3477858174764128,0.17130529612508383,train
2013-02-06,-1.2012699676406493,-1.227926950677735,0.026656983037085746,train
2013-02-07,-1.1722355316334,-1.2296786003954696,0.057443068762069505,train
2013-02-08,-1.2098719809367637,-1.1236196778074654,-0.08625230312929832,train
2013-02-11,-1.225081234233628,-1.1683738113007893,-0.05670742293283859,train
2013-02-12,-1.2170927885505192,-1.1987949151655335,-0.018297873384985675,train
2013-02-13,-1.2273833841767172,-1.2045501987522838,-0.022833185424433466,train
2013-02-14,-1.2147805569098287,-1.2392040096038062,0.0244234526939775,train
2013-02-15,-1.179967168269231,-1.2571255922180444,0.07715842394881345,train
2013-02-18,-1.1319593923893707,-1.2262450016176347,0.09428560922826401,train
2013-02-19,-1.1011101416465954,-1.3345173487861783,0.23340720713958296,train
2013-02-20,-1.0787476096148605,-1.3785232055185563,0.29977559590369585,train
2013-02-21,-1.0879509892840957,-1.257244972506467,0.1692939832223712,train
2013-02-22,-1.0493412759424048,-1.251762295749294,0.2024210198068892,train
2013-02-25,-1.0456926163346265,-1.2929894849606849,0.24729686862605837,train
2013-02-26,-1.0965638825869,-1.1057338975451185,0.009170014958218564,train
2013-02-27,-1.1511135137112705,-0.9978642077686186,-0.15324930594265185,train
2013-02-28,-1.1902312728547224,-1.0332856450703551,-0.15694562778436727,train
2013-03-01,-1.2133035225260698,-1.0695899027452795,-0.14371361978079022,train
2013-03-04,-1.2373670787319577,-1.0195393932431713,-0.2178276854887864,train
2013-03-05,-1.2510511479011455,-1.1153034690342296,-0.13574767886691586,train
2013-03-06,-1.177988480046159,-1.236266352841668,0.05827787279550889,train
2013-03-07,-1.1227414918634735,-1.3509196171812856,0.22817812531781212,train
2013-03-08,-1.1346522598918125,-1.289982374648529,0.15533011475671654,train
2013-03-11,-1.1615426371604725,-1.204839127602395,0.04329649044192263,train
2013-03-12,-1.153373160655892,-1.3676816439879262,0.21430848333203434,train
2013-03-13,-1.1542307170254815,-1.3618952242849036,0.2076645072594221,train
2013-03-14,-1.1605920455904815,-1.262521955656922,0.10192991006644059,train
2013-03-15,-1.1554846810077586,-1.301073940459909,0.1455892594521504,train
2013-03-18,-1.1457001998029943,-1.2928016843096457,0.1471014845066514,train
2013-03-19,-1.160133848454774,-1.1527175037554627,-0.007416344699311406,train
2013-03-20,-1.2122156967299265,-1.0237259239134977,-0.18848977281642876,train
2013-03-21,-1.2279166297720951,-1.040625180153147,-0.18729144961894817,train
2013-03-22,-1.2542350673301512,-1.0135677990449325,-0.24066726828521867,train
2013-03-25,-1.2451906527638072,-1.0335344258885573,-0.21165622687525,train
2013-03-26,-1.313662984209972,-0.9354093493067654,-0.3782536349032066,train
2013-03-27,-1.3253487596628077,-1.062993193346509,-0.26235556631629864,train
2013-03-28,-1.326038434836121,-1.1342130872521035,-0.19182534758401748,train
2013-03-29,-1.3431947394345627,-1.165782802643273,-0.17741193679128964,train
2013-04-01,-1.3222060524578447,-1.3264565474555368,0.004250494997692034,train
2013-04-02,-1.2980551239660634,-1.4426338781665913,0.1445787542005279,train
2013-04-03,-1.2071231226458885,-1.445177263146762,0.2380541405008736,train
2013-04-04,-1.1123735670529247,-1.5092698438610792,0.39689627680815454,train
2013-04-05,-1.1862596039068034,-1.2764608824836023,0.09020127857679894,train
2013-04-08,-1.2427814122116918,-1.1717744591689705,-0.07100695304272131,train
2013-04-09,-1.2433224439178756,-1.2423821038302651,-0.0009403400876104584,train
2013-04-10,-1.2511569349120624,-1.1786248892145568,-0.0725320456975056,train
2013-04-11,-1.2241600175134992,-1.185859143418208,-0.03830087409529126,train
2013-04-12,-1.211407235980756,-1.2972410090471587,0.08583377306640272,train
2013-04-15,-1.1999551752582882,-1.321954295261122,0.12199912000283386,train
2013-04-16,-1.1936862825932453,-1.2887837950080243,0.09509751241477904,train
2013-04-17,-1.2061458992707845,-1.2305407172536658,0.024394817982881234,train
2013-04-18,-1.2325413479672185,-1.182942328187435,-0.04959901977978354,train
2013-04-19,-1.2541722972928706,-1.1797575033819863,-0.07441479391088435,train
2013-04-22,-1.2590509012573918,-1.186543559068022,-0.07250734218936983,train
2013-04-23,-1.2015468296328502,-1.278745096336158,0.07719826670330776,train
2013-04-24,-1.204857168826609,-1.2104474755976815,0.0055903067710725285,train
2013-04-25,-1.1923319356254232,-1.3233236708699094,0.13099173524448626,train
2013-04-26,-1.2164262680806128,-1.3459484690406733,0.1295222009600605,train
2013-04-29,-1.2101215733123114,-1.3557134209146886,0.1455918476023772,train
2013-04-30,-1.1812765754523007,-1.4144064026519159,0.23312982719961517,train
2013-05-01,-1.1682312386461042,-1.3836541270944074,0.21542288844830315,train
2013-05-02,-1.1616199970980632,-1.3412652414620991,0.17964524436403595,train
2013-05-03,-1.2120245182817069,-1.1336039846690693,-0.07842053361263757,train
2013-05-06,-1.3041123673694959,-1.012526389189159,-0.29158597818033694,train
2013-05-07,-1.2743876291333907,-1.2037991255988478,-0.07058850353454282,train
2013-05-08,-1.203160757805453,-1.2555649161449263,0.052404158339473206,train
2013-05-09,-1.1658267767710402,-1.2574176989566528,0.0915909221856126,train
2013-05-10,-1.1747368047779643,-1.3118563362500701,0.13711953147210587,train
2013-05-13,-1.1841473827935822,-1.3124677008866485,0.12832031809306632,train
2013-05-14,-1.1888557943571074,-1.305150922260674,0.11629512790356666,train
2013-05-15,-1.1810571173375515,-1.228906519117167,0.04784940177961561,train
2013-05-16,-1.2060243288796237,-1.1966610803150501,-0.0093632485645736,train
2013-05-17,-1.2291132559524838,-1.187150549599901,-0.0419627063525827,train
2013-05-20,-1.2220834355631005,-1.255514992671594,0.03343155710849355,train
2013-05-21,-1.1952574179379292,-1.319449750468405,0.1241923325304759,train
2013-05-22,-1.1561367867141874,-1.3058373855150176,0.1497005988008302,train
2013-05-23,-1.1922142614748943,-1.1711416414325764,-0.021072620042317913,train
2013-05-24,-1.1915807566585972,-1.211883180691164,0.02030242403256688,train
2013-05-27,-1.2028314774071278,-1.2011321143025557,-0.0016993631045720825,train
2013-05-28,-1.1755272924590625,-1.4437307163959865,0.268203423936924,train
2013-05-29,-1.1881864891000817,-1.2930220382292954,0.10483554912921367,train
2013-05-30,-1.206566751487964,-1.2872100963456643,0.0806433448577002,train
2013-05-31,-1.234391080017037,-1.2865845508651839,0.05219347084814685,train
2013-06-03,-1.2539273851999284,-1.2824629892236876,0.02853560402375921,train
2013-06-04,-1.2723044220225834,-1.1337246019826344,-0.13857982003994906,train
2013-06-05,-1.2433074874495031,-1.2287304858466217,-0.014577001602881445,train
2013-06-06,-1.2491042075579144,-1.1824717045777182,-0.06663250298019618,train
2013-06-07,-1.3296554356640398,-1.056440893894729,-0.2732145417693108,train
2013-06-10,-1.3602616535854841,-1.0480092347998242,-0.3122524187856599,train
2013-06-11,-1.258476872543348,-1.1909263080221961,-0.06755056452115182,train
2013-06-12,-1.1130779498329448,-1.1224637485212963,0.009385798688351432,train
2013-06-13,-1.0963053473081903,-1.1843758617532805,0.08807051444509018,train
2013-06-14,-1.1066133024145193,-1.1682958020434226,0.061682499628903376,train
2013-06-17,-1.085723221931976,-1.3569313581320985,0.27120813620012263,train
2013-06-18,-1.0578035474378535,-1.3731049666515118,0.3153014192136583,train
2013-06-19,-1.0723855004570269,-1.3203680746953916,0.24798257423836478,train
2013-06-20,-1.0954014083293235,-1.2552751167900418,0.15987370846071824,train
2013-06-21,-1.1465134453097179,-1.1820221205773003,0.03550867526758239,train
2013-06-24,-1.1700978909045137,-1.194490398857011,0.024392507952497366,train
2013-06-25,-1.173713990110293,-1.1262960232974373,-0.047417966812855816,train
2013-06-26,-1.168185734500427,-1.1885731187758948,0.020387384275467824,train
2013-06-27,-1.1817772788279568,-1.176696297661404,-0.005080981166552867,train
2013-06-28,-1.1926353916081869,-1.2803973670549942,0.0877619754468073,train
2013-07-01,-1.2061356233639646,-1.2920965920012732,0.08596096863730862,train
2013-07-02,-1.1681896190384138,-1.4033750467888182,0.2351854277504044,train
2013-07-03,-1.1561189277335986,-1.3960008634667687,0.23988193573317007,train
2013-07-04,-1.1438933685054054,-1.3414315385693238,0.1975381700639185,train
2013-07-05,-1.181996116471051,-1.2507002545574628,0.06870413808641174,train
2013-07-08,-1.2064282020322872,-1.266266740747541,0.0598385387152538,train
2013-07-09,-1.2006182308572624,-1.3993625815141653,0.19874435065690288,train
2013-07-10,-1.221938524144282,-1.305972153193483,0.08403362904920098,train
2013-07-11,-1.3378222613435717,-1.1112867468848897,-0.22653551445868203,train
2013-07-12,-1.5690566279222449,-0.9594173008217463,-0.6096393271004986,train
2013-07-15,-1.6077433106587329,-1.0667462921446376,-0.5409970185140953,train
2013-07-16,-1.654699299406503,-1.0236347577833431,-0.63106454162316,train
2013-07-17,-1.5949020571715578,-1.0029587196797205,-0.5919433374918373,train
2013-07-18,-1.6466057626589103,-1.0195631173897128,-0.6270426452691975,train
2013-07-19,-1.6627602479423778,-1.2424701542018892,-0.42029009374048854,train
2013-07-22,-1.6613762775337841,-1.2932572137784668,-0.36811906375531733,train
2013-07-23,-1.6384573678291194,-1.3853970425425073,-0.25306032528661215,train
2013-07-24,-1.6097637224700416,-1.4687797683817583,-0.14098395408828335,train
2013-07-25,-1.6433252055195513,-1.3957244775841893,-0.24760072793536203,train
2013-07-26,-1.685629900675085,-1.3812894415187023,-0.30434045915638275,train
2013-07-29,-1.682059672115472,-1.4488692386643272,-0.23319043345114476,train
2013-07-30,-1.6709151345667046,-1.5056616796713809,-0.16525345489532373,train
2013-07-31,-1.6536485703471329,-1.501219166905552,-0.15242940344158096,train
2013-08-01,-1.7224169504805464,-1.3572465568143546,-0.36517039366619186,train
2013-08-02,-1.7743170863817803,-1.38242000860417,-0.3918970777776103,train
2013-08-05,-1.8399479867766306,-1.2804472506489244,-0.5595007361277062,train
2013-08-06,-1.8512242409252104,-1.3763395075112843,-0.4748847334139261,train
2013-08-07,-1.8182703410668748,-1.405563218408492,-0.4127071226583827,train
2013-08-08,-1.784659825653377,-1.4472994383086715,-0.3373603873447055,train
2013-08-09,-1.779804973587349,-1.5348618964796543,-0.24494307710769458,train
2013-08-12,-1.7716804359804397,-1.7260621544285444,-0.04561828155189529,train
2013-08-13,-1.7605511193232015,-1.780646326386826,0.020095207063624443,train
2013-08-14,-1.7689050797860435,-1.7208613527565009,-0.04804372702954263,train
2013-08-15,-1.7523983659188207,-1.8461130921529119,0.09371472623409116,train
2013-08-16,-1.8685970222625488,-1.5575569734950132,-0.31104004876753555,train
2013-08-19,-1.8866480978196554,-1.6691327139719225,-0.21751538384773283,train
2013-08-20,-1.7684330655603948,-1.7102629912560694,-0.058170074304325414,train
2013-08-21,-1.764327736766037,-1.6437648224279253,-0.12056291433811173,train
2013-08-22,-1.7875817309195177,-1.538633410466987,-0.24894832045253068,train
2013-08-23,-1.8066233971537382,-1.5750795692037554,-0.23154382794998285,train
2013-08-26,-1.822630909339325,-1.6141977851351754,-0.2084331242041495,train
2013-08-27,-1.8188166376273074,-1.719981887909953,-0.09883474971735429,train
2013-08-28,-1.8336652769438617,-1.6528645246745677,-0.18080075226929404,train
2013-08-29,-1.8479059603021952,-1.6815120850456842,-0.16639387525651106,train
2013-08-30,-1.8709612172258674,-1.666142651021241,-0.20481856620462646,train
2013-09-02,-1.8571443612776442,-1.759190510238064,-0.0979538510395801,train
2013-09-03,-1.8233100696325117,-1.833786655213199,0.010476585580687203,train
2013-09-04,-1.8131845090855352,-1.7859780851165628,-0.027206423968972437,train
2013-09-05,-1.8096162583718656,-1.8581743582397299,0.0485580998678643,train
2013-09-06,-1.8520307478759834,-1.7532800619514064,-0.09875068592457703,train
2013-09-09,-1.9072799847535429,-1.6736789362866915,-0.23360104846685137,train
2013-09-10,-1.8991427595457755,-1.6878771361197251,-0.21126562342605038,train
2013-09-11,-1.89772856764169,-1.7281492154984146,-0.16957935214327535,train
2013-09-12,-1.903192640587843,-1.6796201534954434,-0.22357248709239963,train
2013-09-13,-1.9206818739500349,-1.7238478811981819,-0.19683399275185298,train
2013-09-16,-1.9127840131396427,-1.7482789342401044,-0.16450507889953836,train
2013-09-17,-1.8942613810819304,-1.7928214680724839,-0.10143991300944655,train
2013-09-18,-1.8531810411351453,-1.881663013966297,0.028481972831151836,train
2013-09-19,-1.9861318245380073,-1.580620321675695,-0.4055115028623122,train
2013-09-20,-2.0272260638767943,-1.6425601870763007,-0.3846658768004936,train
2013-09-23,-1.9900793655370346,-1.6738248557586441,-0.3162545097783904,train
2013-09-24,-2.0204235631155503,-1.640433284569105,-0.3799902785464453,train
2013-09-25,-2.001635712031206,-1.6749758680188707,-0.32665984401233517,train
2013-09-26,-1.9863614467295951,-1.8031716609508717,-0.18318978577872347,train
2013-09-27,-1.996680367496175,-1.827783285950841,-0.16889708154533412,train
2013-09-30,-1.977032343285415,-1.8655126959985098,-0.11151964728690533,train
2013-10-01,-1.9715468236261744,-1.8910052418223837,-0.08054158180379067,train
2013-10-02,-1.9578465409438959,-1.8238777088062281,-0.13396883213766775,train
2013-10-03,-1.9663754266076003,-1.7430340922036376,-0.22334133440396275,train
2013-10-04,-1.9711745627780772,-1.7054264252241467,-0.26574813755393056,train
2013-10-07,-1.9656202271055736,-1.7441864562915856,-0.22143377081398796,train
2013-10-08,-1.9405412233932298,-1.8046456219090916,-0.13589560148413815,train
2013-10-09,-1.5923643578610842,-1.8708425465954321,0.27847818873434793,train
2013-10-10,-1.554288287159351,-1.8154501484996106,0.26116186134025954,train
2013-10-11,-1.5602371201987157,-1.884892561295587,0.32465544109687117,train
2013-10-14,-1.5371737854474907,-1.8802494548128286,0.34307566936533784,train
2013-10-15,-1.5048466031041765,-1.9394307620441507,0.43458415893997415,train
2013-10-16,-1.5008943675932243,-1.8153933935565512,0.3144990259633269,train
2013-10-17,-1.5149915659330166,-1.791264922393617,0.27627335646060036,train
2013-10-18,-1.537153880157476,-1.7183657928162455,0.18121191265876946,train
2013-10-21,-1.5172122399576777,-1.85940204170663,0.3421898017489522,train
2013-10-22,-1.4310997911517251,-1.8912695506987491,0.460169759547024,train
2013-10-23,-1.4239162505093281,-1.7378347552261464,0.31391850471681826,train
2013-10-24,-1.4190337396763135,-1.8999409048529685,0.480907165176655,train
2013-10-25,-1.4274891341303397,-1.856774558383054,0.4292854242527142,train
2013-10-28,-1.4222179593811655,-1.832071100675552,0.40985314129438644,train
2013-10-29,-1.4115209021469746,-1.880758232456248,0.4692373303092734,train
2013-10-30,-1.4237447545677928,-1.8379883956013194,0.4142436410335266,train
2013-10-31,-1.4289236965477754,-1.8256505765895863,0.3967268800418109,train
2013-11-01,-1.4361231706396556,-1.7643882526700487,0.3282650820303932,train
2013-11-04,-1.4488631505269918,-1.7766329881837697,0.3277698376567779,train
2013-11-05,-1.4562125816385596,-1.722208615440267,0.26599603380170733,train
2013-11-06,-1.4184335790842406,-1.760390492877066,0.34195691379282533,train
2013-11-07,-1.41079461472901,-1.71208432324424,0.30128970851522996,train
2013-11-08,-1.697185051308186,-1.327992306764855,-0.3691927445433312,train
2013-11-11,-1.757136189793549,-1.4035361163324767,-0.35360007346107225,train
2013-11-12,-1.741635799673361,-1.5856489476711961,-0.15598685200216478,train
2013-11-13,-1.7585611064398783,-1.4455560988431584,-0.3130050075967199,train
2013-11-14,-1.7905846665751346,-1.4011281849628325,-0.38945648161230206,train
2013-11-15,-1.8121000668163483,-1.5529945433608303,-0.25910552345551796,train
2013-11-18,-1.8133569398142477,-1.675774169853304,-0.13758276996094376,train
2013-11-19,-1.7157284787637357,-1.6842990985945434,-0.03142938016919228,train
2013-11-20,-1.719450128198365,-1.6371846837128055,-0.0822654444855595,train
2013-11-21,-1.8162198292494751,-1.4532284726538447,-0.3629913565956304,train
2013-11-22,-1.8829035292192284,-1.4706630990388985,-0.41224043018032996,train
2013-11-25,-1.9011991750867185,-1.5580418948075854,-0.34315728027913317,train
2013-11-26,-1.826429632627445,-1.5584740105372477,-0.2679556220901973,train
2013-11-27,-1.832906545008814,-1.5279531045309813,-0.3049534404778327,train
2013-11-28,-1.8228946417272367,-1.6230053495394074,-0.19988929218782925,train
2013-11-29,-1.7726955813186898,-1.738473986955796,-0.03422159436289385,train
2013-12-02,-1.7605519855174088,-1.738636465741956,-0.021915519775452807,train
2013-12-03,-1.766611057256965,-1.6742411699141404,-0.0923698873428247,train
2013-12-04,-1.7538410701900797,-1.7708031730336016,0.016962102843521842,train
2013-12-05,-1.7447559905722883,-1.745913631663589,0.0011576410913007873,train
2013-12-06,-1.7717218457084265,-1.564722468422537,-0.20699937728588957,train
2013-12-09,-1.6928591028919662,-1.5595742144960523,-0.1332848883959139,train
2013-12-10,-1.6840675517995476,-1.7849920757489546,0.10092452394940699,train
2013-12-11,-1.686182922873348,-1.756138965436476,0.06995604256312804,train
2013-12-12,-1.6856152317007567,-1.7122278647723603,0.026612633071603664,train
2013-12-13,-1.6851175132560445,-1.7556522062937796,0.07053469303773507,train
2013-12-16,-1.6845675204985149,-1.8428281739140089,0.158260653415494,train
2013-12-17,-1.6922281453528798,-1.8161256645196333,0.12389751916675351,train
2013-12-18,-1.693873308045274,-1.8091026316005863,0.11522932355531235,train
2013-12-19,-1.7888763015086568,-1.5694035995939037,-0.2194727019147531,train
2013-12-20,-1.7750526690745503,-1.6679934795504205,-0.10705918952412974,train
2013-12-23,-1.7503385153990165,-1.6860591873738475,-0.064279328025169,train
2013-12-24,-1.7339334413280598,-1.8203689491537087,0.0864355078256489,train
2013-12-27,-1.7201404721641373,-1.9046838419768224,0.18454336981268504,train
2013-12-30,-1.756054855119186,-1.7203446353252323,-0.03571021979395361,train
2013-12-31,-1.7475801933759005,-1.8239010162455107,0.07632082286961017,train
2014-01-02,-1.7423846252421933,-1.78827923471121,0.04589460946901669,train
2014-01-03,-1.7755547826302853,-1.6266784867252437,-0.1488762959050416,train
2014-01-06,-1.7810849196708014,-1.6070881281920362,-0.17399679147876523,train
2014-01-07,-1.7834719003091057,-1.6780544292206208,-0.10541747108848498,train
2014-01-08,-1.7329939030423256,-1.6690377248303938,-0.06395617821193178,train
2014-01-09,-1.7265021602388801,-1.6521252976348877,-0.07437686260399246,train
2014-01-10,-1.7697184938727049,-1.6467787095893236,-0.12293978428338126,train
2014-01-13,-1.8747182032608949,-1.4727199688369539,-0.401998234423941,train
2014-01-14,-1.8602344003307723,-1.640001097952728,-0.22023330237804428,train
2014-01-15,-1.836750412523026,-1.6738913320913054,-0.1628590804317207,train
2014-01-16,-1.8538609826890748,-1.644025348422597,-0.20983563426647778,train
2014-01-17,-1.877098205526558,-1.6554538271909172,-0.22164437833564077,train
2014-01-20,-1.8836381202351256,-1.7891713451928684,-0.0944667750422572,train
2014-01-21,-1.8897930943133987,-1.8422753284407498,-0.04751776587264889,train
2014-01-22,-1.8907306573170743,-1.8090187843207985,-0.0817118729962758,train
2014-01-23,-1.896875156282485,-1.856876852118643,-0.03999830416384209,train
2014-01-24,-1.9393997321224383,-1.767785877158627,-0.17161385496381132,train
2014-01-27,-1.9882106791729217,-1.7014903392149199,-0.28672033995800184,train
2014-01-28,-2.000802548925909,-1.7142407203116297,-0.28656182861427926,train
2014-01-29,-1.9967064388168183,-1.7200091711119225,-0.2766972677048958,train
2014-01-30,-1.9590677629579225,-1.6048605194811114,-0.3542072434768111,train
2014-01-31,-1.96724519338942,-1.6432345427579547,-0.3240106506314653,train
2014-02-03,-1.9885889914869643,-1.645017516570754,-0.34357147491621043,train
2014-02-04,-1.994088715476961,-1.6634155454340016,-0.3306731700429595,train
2014-02-05,-1.9796759716227954,-1.6672966459227536,-0.3123793257000418,train
2014-02-06,-1.9815427901561138,-1.7012682689023824,-0.2802745212537314,train
2014-02-07,-2.0747935056531017,-1.5578826046049226,-0.5169109010481792,train
2014-02-10,-2.1207316168172428,-1.6055616925116993,-0.5151699243055434,train
2014-02-11,-2.112901945773579,-1.8018603275378835,-0.3110416182356954,train
2014-02-12,-2.0679062734780187,-1.7417179667300156,-0.32618830674800314,train
2014-02-13,-2.0734392874909156,-1.7218136226286431,-0.3516256648622724,train
2014-02-14,-2.1025501246372214,-1.7391246828255063,-0.3634254418117151,train
2014-02-17,-2.0785415643893534,-1.8684514290492058,-0.21009013534014764,train
2014-02-18,-2.042234344965116,-1.8606160602572515,-0.18161828470786467,train
2014-02-19,-2.0268152141877245,-1.8829049154710087,-0.1439102987167158,train
2014-02-20,-2.009665675838194,-1.9892565531194477,-0.020409122718746175,train
2014-02-21,-1.961665555085402,-1.9745160988535333,0.012850543768131217,train
2014-02-24,-1.9353932737198707,-1.9957593458677236,0.060366072147852945,train
2014-02-25,-1.917878662692333,-2.027571576397992,0.10969291370565903,train
2014-02-26,-1.899843515968231,-2.0406020703117056,0.14075855434347462,train
2014-02-27,-1.8853292462652758,-2.013409392355904,0.12808014609062823,train
2014-02-28,-1.8757112281005828,-1.9775916249343948,0.101880396833812,train
2014-03-03,-1.9601048696019967,-1.7795179277599193,-0.18058694184207735,train
2014-03-04,-1.984793543510488,-1.817842314658182,-0.16695122885230607,train
2014-03-05,-1.9504305773821926,-1.8125840979325138,-0.13784647944967876,train
2014-03-06,-1.94009237407614,-1.7787054530081878,-0.16138692106795216,train
2014-03-07,-1.9817723864085388,-1.7262758652204475,-0.2554965211880913,train
2014-03-10,-1.9982925624764654,-1.8205087073463793,-0.1777838551300861,train
2014-03-11,-1.9744235576072966,-1.9663533095105237,-0.008070248096772925,train
2014-03-12,-1.9756742950557833,-2.01895864190873,0.04328434685294691,train
2014-03-13,-1.9854014441468475,-2.037250123486067,0.05184867933921944,train
2014-03-14,-2.0461393888467696,-1.8895400370290854,-0.15659935181768425,train
2014-03-17,-2.065572791045368,-1.9506256069904728,-0.11494718405489501,train
2014-03-18,-2.069626535514247,-1.9644022459668542,-0.10522428954739294,train
2014-03-19,-2.105161403409015,-1.861505240087559,-0.243656163321456,train
2014-03-20,-2.1719450101638706,-1.7736005658580178,-0.3983444443058528,train
2014-03-21,-2.2179719555571578,-1.8378312166593433,-0.3801407388978144,train
2014-03-24,-2.2423889689367056,-1.8608591939884729,-0.3815297749482327,train
2014-03-25,-2.305139105283774,-1.7069677555368703,-0.5981713497469039,train
2014-03-26,-2.344326649689814,-1.7240858364128298,-0.6202408132769843,train
2014-03-27,-2.391169559811805,-1.7577090774121984,-0.6334604823996066,train
2014-03-28,-2.4302884628113737,-1.7369897664790064,-0.6932986963323673,train
2014-03-31,-2.4545263231161787,-1.7181192712222857,-0.736407051893893,train
2014-04-01,-2.471718750013502,-1.7391846476041684,-0.7325341024093337,train
2014-04-02,-2.496063811410512,-1.8935883523374288,-0.6024754590730832,train
2014-04-03,-2.4601535351003117,-1.948155504645897,-0.5119980304544147,train
2014-04-04,-2.5754861815267835,-1.796369840078998,-0.7791163414477855,train
2014-04-07,-2.6367756180438766,-1.8075513333873716,-0.829224284656505,train
2014-04-08,-2.629787391507686,-2.0316983681865755,-0.5980890233211107,train
2014-04-09,-2.4612844468191053,-1.9818282323420484,-0.4794562144770569,train
2014-04-10,-2.4884411349691935,-1.8756236139563032,-0.6128175210128903,train
2014-04-11,-2.502143253405331,-2.02879557331352,-0.4733476800918113,train
2014-04-14,-2.4620225806136915,-2.1419717371829834,-0.3200508434307081,train
2014-04-15,-2.468741319328589,-2.0748275446888327,-0.3939137746397563,train
2014-04-16,-2.4401370643895652,-2.089760329421764,-0.3503767349678011,train
2014-04-17,-2.44703066316363,-2.1159529479666364,-0.3310777151969937,train
2014-04-18,-2.452254350968903,-2.18783889583804,-0.2644154551308633,train
2014-04-21,-2.433399976199819,-2.4607671633552712,0.027367187155452388,train
2014-04-22,-2.3965981240330243,-2.5143082497341025,0.1177101257010782,train
2014-04-23,-2.387221187814029,-2.48433632697268,0.09711513915865089,train
2014-04-24,-2.420090904920755,-2.418793706866225,-0.001297198054529769,train
2014-04-25,-2.447613273209357,-2.424705330703304,-0.02290794250605277,train
2014-04-28,-2.4417227511626067,-2.44938846677966,0.007665715617053426,train
2014-04-29,-2.441403073648833,-2.3397658306910074,-0.10163724295782561,train
2014-04-30,-2.4611225479937273,-2.2798473941554844,-0.1812751538382429,train
2014-05-01,-2.4922715222027825,-2.2534923267605067,-0.23877919544227577,train
2014-05-02,-2.4646150950629084,-2.4817435240174843,0.01712842895457589,train
2014-05-05,-2.5036841645345294,-2.2342327732525886,-0.26945139128194073,train
2014-05-06,-2.2752216582173594,-2.4725670776397273,0.19734541942236783,train
2014-05-07,-2.2418336265080487,-2.421662915187569,0.17982928867952008,train
2014-05-08,-2.242756733952401,-2.487602100035124,0.244845366082723,train
2014-05-09,-2.378598408271576,-2.112549929801176,-0.2660484784703998,train
2014-05-12,-2.3906267597285704,-2.284859765081682,-0.10576699464688843,train
2014-05-13,-2.3651749247144,-2.33857336872233,-0.026601555992070036,train
2014-05-14,-2.395031667017242,-2.183425676345716,-0.21160599067152575,train
2014-05-15,-2.3863340286172536,-2.221893843995165,-0.16444018462208865,train
2014-05-16,-2.4220677733149056,-2.2241291864009898,-0.19793858691391586,train
2014-05-19,-2.4127258838344714,-2.294911846033219,-0.11781403780125244,train
2014-05-20,-2.3974272172930524,-2.3373331430452877,-0.060094074247764695,train
2014-05-21,-2.3942737202701774,-2.3708834789582873,-0.023390241311890048,train
2014-05-22,-2.414930432325504,-2.2634793681996883,-0.15145106412581555,train
2014-05-23,-2.4231786633847983,-2.3282009432426163,-0.09497772014218198,train
2014-05-26,-2.413426796896887,-2.431438859236269,0.018012062339381796,train
2014-05-27,-2.3778660691270144,-2.4986893754856823,0.12082330635866789,train
2014-05-28,-2.383379812376932,-2.4528514092596336,0.06947159688270155,train
2014-05-29,-2.386629953613416,-2.444283106308921,0.057653152695505305,train
2014-05-30,-2.3949569615237563,-2.488650389497859,0.09369342797410285,train
2014-06-03,-2.4062210060234923,-2.464786999820326,0.05856599379683347,train
2014-06-04,-2.400011583920969,-2.3643152453861935,-0.035696338534775496,train
2014-06-05,-2.4251921062336,-2.3716514554936645,-0.053540650739935636,train
2014-06-06,-2.6940196196982287,-2.003298548191209,-0.6907210715070198,train
2014-06-09,-2.7799125936686755,-2.0367016521671686,-0.7432109415015069,train
2014-06-10,-2.7826670227406227,-2.1366773978179245,-0.6459896249226982,train
2014-06-11,-2.8000586286203,-2.1400287001173837,-0.6600299285029165,train
2014-06-12,-2.82128632526849,-2.1645385149449274,-0.6567478103235627,train
2014-06-13,-2.8631709428529786,-2.2262483917285465,-0.6369225511244321,train
2014-06-16,-2.843741844722421,-2.3293236871616965,-0.5144181575607245,train
2014-06-17,-2.8797850589849325,-2.2621618471170803,-0.6176232118678522,train
2014-06-18,-2.899009754629778,-2.3196778994339153,-0.5793318551958628,train
2014-06-19,-2.9092463614021624,-2.2560646158524245,-0.653181745549738,train
2014-06-20,-2.94445435544172,-2.2791703039090176,-0.6652840515327023,train
2014-06-23,-2.9250309754093986,-2.316912291525391,-0.6081186838840078,train
2014-06-24,-2.938878095078474,-2.3573372744542924,-0.5815408206241814,train
2014-06-25,-2.9353648867886935,-2.3708896134643616,-0.5644752733243319,train
2014-06-26,-2.9461606983620756,-2.382952435944907,-0.5632082624171688,train
2014-06-27,-3.0222470668073904,-2.293095957856041,-0.7291511089513496,train
2014-06-30,-3.032793126810275,-2.414634191228169,-0.6181589355821062,train
2014-07-01,-2.9848032668330404,-2.3629480693186773,-0.6218551975143631,train
2014-07-02,-2.9708749640274488,-2.4349100214091277,-0.5359649426183211,train
2014-07-03,-2.910999904817772,-2.471025695327172,-0.4399742094906003,train
2014-07-04,-2.969514413602308,-2.4004683211927373,-0.5690460924095708,train
2014-07-07,-2.9478751715569365,-2.6297373819480874,-0.3181377896088491,train
2014-07-08,-2.908227633589027,-2.665266867097431,-0.24296076649159604,train
2014-07-09,-2.8562783236828264,-2.7405792476017306,-0.11569907608109586,train
2014-07-10,-2.828686802322704,-2.6618481301275985,-0.16683867219510562,train
2014-07-11,-2.844875146411991,-2.706762849741275,-0.138112296670716,train
2014-07-14,-2.837728188065476,-2.703994851368697,-0.13373333669677878,train
2014-07-15,-2.780058272666567,-2.6936858291670367,-0.08637244349953033,train
2014-07-16,-2.7832484105882487,-2.531979730953256,-0.2512686796349928,train
2014-07-17,-2.743224451573927,-2.6185285572247503,-0.1246958943491765,train
2014-07-18,-2.744934486091413,-2.654898577930142,-0.09003590816127094,train
2014-07-21,-2.736706614211899,-2.5390815961717816,-0.19762501804011734,train
2014-07-22,-2.705776788250835,-2.640445351897071,-0.06533143635376382,train
2014-07-23,-2.714789754315282,-2.567585870846483,-0.14720388346879876,train
2014-07-24,-2.6731947351964505,-2.6438214478229276,-0.02937328737352285,train
2014-07-25,-2.672772083948927,-2.5774379344654283,-0.09533414948349872,train
2014-07-28,-2.65029887200828,-2.6333806557274553,-0.016918216280824794,train
2014-07-29,-2.603745797016095,-2.794188413353856,0.19044261633776127,train
2014-07-30,-2.5552327301333335,-2.836838712908576,0.2816059827752424,train
2014-07-31,-2.573143131574217,-2.6209652919626905,0.047822160388473645,train
2014-08-01,-2.588416864058443,-2.688210254344214,0.09979339028577083,train
2014-08-04,-2.6270704916213425,-2.5522197993198823,-0.07485069230146024,train
2014-08-05,-2.5726323788614462,-2.7066591745302646,0.13402679566881837,train
2014-08-06,-2.1874235361079566,-2.6060280841262617,0.41860454801830516,train
2014-08-07,-2.161478791640803,-2.5569094293779737,0.3954306377371708,train
2014-08-08,-2.153998228022871,-2.4892514060037345,0.3352531779808636,train
2014-08-11,-2.1131221343819417,-2.498669964680772,0.38554783029883044,train
2014-08-12,-2.049716194685499,-2.5852034632065375,0.5354872685210386,train
2014-08-13,-2.015795875280064,-2.5425175272677207,0.5267216519876565,train
2014-08-14,-2.010150399256614,-2.4085163110099264,0.3983659117533125,train
2014-08-15,-2.0030166702065872,-2.4430818032608204,0.4400651330542331,train
2014-08-18,-1.9865944595750775,-2.403935580168946,0.4173411205938684,train
2014-08-19,-1.866941299442932,-2.483975521852913,0.617034222409981,train
2014-08-20,-1.830374634011063,-2.3508423360380055,0.5204677020269426,train
2014-08-21,-1.8018227357629892,-2.375091382998879,0.5732686472358899,train
2014-08-22,-1.7867911144690944,-2.41524184845997,0.6284507339908754,train
2014-08-25,-1.7841246980758347,-2.3555939853949512,0.5714692873191165,train
2014-08-26,-1.76570052087308,-2.3715634023567347,0.6058628814836546,train
2014-08-27,-1.7304029638995841,-2.3384763011798184,0.6080733372802343,train
2014-08-28,-1.7275665596373504,-2.290173970393972,0.5626074107566217,train
2014-08-29,-1.721350445380863,-2.2170939411023003,0.4957434957214373,train
2014-09-01,-1.6810129976584396,-2.2579821813642,0.5769691837057602,train
2014-09-02,-1.6336142169649277,-2.4134684235784123,0.7798542066134846,train
2014-09-03,-1.5589578704186535,-2.4252705436796185,0.866312673260965,train
2014-09-04,-1.4963567206863237,-2.303547396243961,0.8071906755576375,train
2014-09-05,-1.6306941682411742,-1.9242769396296124,0.29358277138843825,train
2014-09-08,-1.597645928666899,-2.042848142129509,0.4452022134626099,train
2014-09-09,-1.5068854924825474,-1.9771283482729787,0.47024285579043124,train
2014-09-10,-1.4662228331622102,-1.8136013820227963,0.34737854886058606,train
2014-09-11,-1.4651112389274004,-1.7343699279014988,0.26925868897409844,train
2014-09-12,-1.4388725290252282,-1.8671455929218816,0.4282730638966534,train
2014-09-15,-1.4218276686871794,-1.8765031386894626,0.45467547000228326,train
2014-09-16,-1.2915997133504467,-1.896237127300709,0.6046374139502624,train
2014-09-17,-1.195404782858119,-1.8746753129876246,0.6792705301295057,train
2014-09-18,-1.2085953856214409,-1.6868958811631503,0.4783004955417094,train
2014-09-19,-1.2122601404195334,-1.7036239712510746,0.4913638308315411,train
2014-09-22,-1.1949440535034628,-1.6850279447810959,0.4900838912776331,train
2014-09-23,-1.1728786906573812,-1.7048768665754448,0.5319981759180636,train
2014-09-24,-1.15272465567158,-1.7297440515873834,0.5770193959158034,train
2014-09-25,-1.1520817483585446,-1.7824641033258197,0.6303823549672751,train
2014-09-26,-1.1649989497187607,-1.7161414216586963,0.5511424719399356,train
2014-09-29,-1.1522531313343027,-1.821772871533001,0.6695197401986983,train
2014-09-30,-1.1270398214790898,-1.788599622486891,0.6615598010078012,train
2014-10-01,-1.1312665169591034,-1.6581480350996498,0.5268815181405464,train
2014-10-02,-1.0973984787844948,-1.5905503575659616,0.4931518787814668,train
2014-10-03,-1.1115548929538381,-1.4684748673404087,0.3569199743865705,train
2014-10-06,-1.1471794378433198,-1.3465764982460264,0.19939706040270666,train
2014-10-07,-1.1456495628301728,-1.399642682785599,0.25399311995542617,train
2014-10-08,-1.1015816865588293,-1.3472483132114048,0.24566662665257555,train
2014-10-09,-1.122470415081318,-1.2051730450010147,0.08270262991969668,train
2014-10-10,-1.1517307287282343,-1.2166653851113678,0.06493465638313345,train
2014-10-13,-1.1548558570668594,-1.3208691188282058,0.16601326176134634,train
2014-10-14,-1.1512391342980135,-1.2648580248495247,0.1136188905515112,train
2014-10-15,-1.1602898565685447,-1.2938719834796455,0.13358212691110083,train
2014-10-16,-1.2247559479953951,-1.1003329447225614,-0.12442300327283373,train
2014-10-17,-1.306918882841448,-1.0374924027629033,-0.26942648007854464,train
2014-10-20,-1.336093056869203,-1.0880280104250823,-0.24806504644412075,train
2014-10-21,-1.3327397939123955,-1.1651627208013235,-0.16757707311107195,train
2014-10-22,-1.321734973220528,-1.0982258312363875,-0.2235091419841404,train
2014-10-23,-1.3154327731371174,-1.1706068631469186,-0.14482590999019873,train
2014-10-24,-1.3246596550997796,-1.2383633342670755,-0.08629632083270411,train
2014-10-27,-1.3164392036152948,-1.357974119320856,0.04153491570556134,train
2014-10-28,-1.2968412102256213,-1.397812779823667,0.10097156959804576,train
2014-10-29,-1.3059082800263333,-1.3801110854563605,0.07420280543002722,train
2014-10-30,-1.3272915572072794,-1.3107176903159794,-0.016573866891300026,train
2014-10-31,-1.3229409839094324,-1.3554140443082932,0.032473060398860776,train
2014-11-03,-1.3828175647086165,-1.183509364126281,-0.19930820058233545,train
2014-11-04,-1.3982765830449706,-1.1885861159331799,-0.20969046711179073,train
2014-11-05,-1.3068022951322658,-1.2711254435257804,-0.03567685160648537,train
2014-11-06,-1.2675322918411935,-1.2602810968001004,-0.0072511950410931725,train
2014-11-07,-1.3377222442519419,-1.0844881985619825,-0.25323404568995933,train
2014-11-10,-1.3458532824415494,-1.1478296975821087,-0.19802358485944072,train
2014-11-11,-1.3391993170538268,-1.2517537641125045,-0.08744555294132228,train
2014-11-12,-1.2923342750216729,-1.2418131570085786,-0.050521118013094224,train
2014-11-13,-1.294810836205633,-1.1752019428170999,-0.11960889338853309,train
2014-11-14,-1.2766046896242589,-1.3306419272203864,0.05403723759612755,train
2014-11-17,-1.27185087243661,-1.2490116341223692,-0.02283923831424084,train
2014-11-18,-1.2131139217741718,-1.297018058786519,0.08390413701234722,train
2014-11-19,-1.1840618523117672,-1.360277748782243,0.17621589647047586,train
2014-11-20,-1.1851153633669909,-1.3566350727638652,0.17151970939687433,train
2014-11-21,-1.2194896333877434,-1.2494256628790132,0.029936029491269833,train
2014-11-24,-1.2473410195549535,-1.2830474632578186,0.03570644370286513,train
2014-11-25,-1.2650019969276811,-1.345581278685378,0.08057928175769691,train
2014-11-26,-1.2843520469969156,-1.3394758587950444,0.05512381179812875,train
2014-11-27,-1.2958403078696596,-1.2900558470732828,-0.005784460796376845,train
2014-11-28,-1.2896631159811442,-1.4159643039946845,0.1263011880135403,train
2014-12-01,-1.301107755299742,-1.432220052090889,0.1311122967911469,train
2014-12-02,-1.303327330082291,-1.3902586950484355,0.08693136496614451,train
2014-12-03,-1.254110061006839,-1.4906082728975976,0.2364982118907586,train
2014-12-04,-1.2315654789765025,-1.479204251760496,0.2476387727839935,train
2014-12-05,-1.2798174786125007,-1.226714968644782,-0.0531025099677187,train
2014-12-08,-1.3134337607212936,-1.1890901836567767,-0.12434357706451693,train
2014-12-09,-1.292754762659178,-1.3135566684716653,0.02080190581248731,train
2014-12-10,-1.3066770450770948,-1.1970783021078457,-0.1095987429692491,train
2014-12-11,-1.2961156888755447,-1.2182063273615658,-0.07790936151397898,train
2014-12-12,-1.292505214932521,-1.1606433261260858,-0.13186188880643512,train
2014-12-15,-1.0068085560032816,-1.2387216460242363,0.23191309002095473,train
2014-12-16,-0.961557924091049,-1.2089626739695367,0.2474047498784877,train
2014-12-17,-0.9734097575685106,-1.1423772688361744,0.16896751126766385,train
2014-12-18,-1.0145058991336313,-1.0260264856788206,0.011520586545189282,train
2014-12-19,-0.9438085856467885,-1.0832098172474853,0.13940123160069684,train
2014-12-22,-0.794036225248934,-1.1575507762505295,0.36351455100159547,train
2014-12-23,-0.6322130393774135,-1.2647228898490848,0.6325098504716713,train
2014-12-24,-0.5745304179186612,-1.3689017690261034,0.7943713511074422,train
2014-12-26,-0.5119675111027303,-1.5554724075811412,1.043504896478411,train
2014-12-29,-0.4741275701567496,-1.7194369006579344,1.2453093305011849,train
2014-12-30,-0.4558308510972646,-1.639712395151354,1.1838815440540893,train
2014-12-31,-0.43084401067833256,-1.6175549309333523,1.18671092025502,train
2015-01-02,-0.4132960749268144,-1.6722614863581489,1.2589654114313344,train
2015-01-05,-0.3940344511417853,-1.5418771894263976,1.1478427382846124,train
2015-01-06,-0.3908735488294903,-1.3302089585759096,0.9393354097464193,train
2015-01-07,-0.3698389006973181,-1.3012904005920998,0.9314514998947816,train
2015-01-08,-0.32826119318973196,-1.2492511139796794,0.9209899207899475,train
2015-01-09,-0.32544049283438325,-1.2393440744983069,0.9139035816639236,train
2015-01-12,-0.31703184827283243,-1.1941445805884692,0.8771127323156367,train
2015-01-13,-0.3126106323711815,-1.2552174608469846,0.9426068284758031,train
2015-01-14,-0.30132034315149814,-1.2463365346101098,0.9450161914586117,train
2015-01-15,-0.3147681273437928,-1.1799836924687221,0.8652155651249294,train
2015-01-16,-0.449726474768251,-0.8417449803322696,0.3920185055640186,train
2015-01-19,-0.4719541051191807,-0.9036386904254623,0.4316845853062816,train
2015-01-20,-0.4628639094374431,-0.9458834406225949,0.4830195311851518,train
2015-01-21,-0.461783286838121,-0.9765748555348972,0.5147915686967762,train
2015-01-22,-0.483682302424938,-0.8034046624525737,0.3197223600276357,train
2015-01-23,-0.5849071142965647,-0.7397552396480616,0.15484812535149683,train
2015-01-26,-0.7238371954943882,-0.6044285629292981,-0.11940863256509004,train
2015-01-27,-0.784748424601927,-0.5929226148221841,-0.19182580977974284,train
2015-01-28,-0.8468084515072125,-0.46845780715004515,-0.37835064435716736,train
2015-01-29,-0.8700183080242314,-0.5048069685087936,-0.3652113395154378,train
2015-01-30,-0.900424932452774,-0.6045863004093592,-0.29583863204341476,train
2015-02-02,-0.9394280535659252,-0.6517854779692058,-0.28764257559671935,train
2015-02-03,-0.9468629307029807,-0.7195609927063915,-0.22730193799658915,train
2015-02-04,-0.9552565224358399,-0.7114863973643591,-0.24377012507148077,train
2015-02-05,-0.8907213837053386,-0.7270263925294472,-0.16369499117589137,train
2015-02-06,-0.9350971143182347,-0.658409227135328,-0.2766878871829067,train
2015-02-09,-0.9728776627589539,-0.5530229232491628,-0.41985473950979113,train
2015-02-10,-0.9089617995140227,-0.6780720053529912,-0.2308897941610315,train
2015-02-11,-0.8123828341448296,-0.6466335593047743,-0.1657492748400553,train
2015-02-12,-0.7667938052915174,-0.6990864237926422,-0.06770738149887523,train
2015-02-13,-0.7585183628844493,-0.6755536801481469,-0.08296468273630242,train
2015-02-16,-0.7460813049729204,-0.8289924338447585,0.08291112887183816,train
2015-02-17,-0.318227056498585,-0.8829245561579947,0.5646974996594096,train
2015-02-18,-0.23886327487493572,-0.8889665439873706,0.6501032691124349,train
2015-02-19,-0.21358652348419455,-0.8268248093243908,0.6132382858401964,train
2015-02-20,-0.1667927250491626,-0.8964391618641979,0.7296464368150353,train
2015-02-23,-0.14100646652284496,-0.7745782663470695,0.6335717998242245,train
2015-02-24,-0.1297374545597172,-0.8750968459220609,0.7453593913623437,train
2015-02-25,-0.11355422423006016,-0.9161763896533427,0.8026221654232826,train
2015-02-26,-0.08631987257725374,-1.0421530456451644,0.9558331730679107,train
2015-02-27,-0.07399541070298354,-1.0314784636117136,0.95748305290873,train
2015-03-02,-0.06787274127454283,-1.0576491716311331,0.9897764303565904,train
2015-03-03,-0.048248353307600106,-1.196210930922975,1.1479625776153748,train
2015-03-04,-0.029473870980418194,-1.2270161059826108,1.1975422350021927,train
2015-03-05,0.019318612504846344,-1.1525251922046291,1.1718438047094755,train
2015-03-06,0.01832121798047396,-1.0902090640266335,1.1085302820071075,train
2015-03-09,-0.005065309702921669,-0.9206076320792406,0.9155423223763189,train
2015-03-10,0.011861517010558905,-1.0333510204084861,1.045212537419045,train
2015-03-11,-0.0007702143882296729,-0.8565331378714109,0.8557629234831813,train
2015-03-12,-0.01743036552677787,-0.7496176719102301,0.7321873063834522,train
2015-03-13,-0.05718509346933803,-0.6106854485955097,0.5535003551261717,train
2015-03-16,-0.05179399199334613,-0.6676768618825926,0.6158828698892465,train
2015-03-17,-0.039984433151090744,-0.6440359414201591,0.6040515082690683,train
2015-03-18,-0.00681583663886135,-0.7071940962899524,0.7003782596510911,train
2015-03-19,-0.27005532485360095,-0.20349639840552736,-0.0665589264480736,train
2015-03-20,-0.3444004920580714,-0.34310091905485346,-0.0012995730032179242,train
2015-03-23,-0.371167326436211,-0.3778591912709028,0.0066918648346918075,train
2015-03-24,-0.4149588896543473,-0.2824146577701605,-0.1325442318841868,train
2015-03-25,-0.44349168161046576,-0.20444298631257266,-0.2390486952978931,train
2015-03-26,-0.4271121916552503,-0.43799672320974203,0.010884531554491761,train
2015-03-27,-0.4380451276346848,-0.47542453338568325,0.03737940575099846,train
2015-03-30,-0.45630871281425844,-0.4482532060041946,-0.00805550681006384,train
2015-03-31,-0.4157871974991432,-0.5202194506451195,0.10443225314597632,train
2015-04-01,-0.34696746739575685,-0.5817253438646861,0.23475787646892926,train
2015-04-02,-0.3359734312870816,-0.5366676003249506,0.20069416903786902,train
2015-04-03,-0.34953056394617604,-0.5153693494378185,0.1658387854916425,train
2015-04-06,-0.38228130546956246,-0.36169610924998336,-0.020585196219579105,train
2015-04-07,-0.35951875984098086,-0.49508059849721553,0.13556183865623467,train
2015-04-08,-0.3485803804479387,-0.47848915845524786,0.12990877800730916,train
2015-04-09,-0.29366466031957494,-0.4376089097415574,0.14394424942198247,train
2015-04-10,-0.288525909885011,-0.5066138522170087,0.21808794233199774,train
2015-04-13,-0.28978597354515573,-0.5722468577488984,0.28246088420374266,train
2015-04-14,-0.275141843394019,-0.5762414673520015,0.30109962395798257,train
2015-04-15,-0.29452735875026476,-0.4835117398319544,0.18898438108168963,train
2015-04-16,-0.3065381236991474,-0.46968161171285133,0.16314348801370393,train
2015-04-17,-0.3472733465469498,-0.3550974680839595,0.007824121537009676,train
2015-04-20,-0.3257277811706027,-0.3950254274335395,0.06929764626293683,train
2015-04-21,-0.3023791730582666,-0.4746672178565826,0.172288044798316,train
2015-04-22,-0.2961662444722007,-0.5148876525315055,0.2187214080593048,train
2015-04-23,-0.2745525256025105,-0.5609677173411662,0.28641519173865576,train
2015-04-24,-0.30376311112008797,-0.565133387672386,0.261370276552298,train
2015-04-27,-0.31571478471739217,-0.5596640658104075,0.24394928109301534,train
2015-04-28,-0.299389206070204,-0.6120810337586826,0.31269182768847864,train
2015-04-29,-0.2896734922998559,-0.617629163808937,0.32795567150908106,train
2015-04-30,-0.327872820547341,-0.4709532123914178,0.14308039184407678,train
2015-05-01,-0.3874443282114709,-0.3695682779059166,-0.01787605030555428,train
2015-05-04,-0.3763536471950088,-0.43495989541016833,0.05860624821515953,train
2015-05-05,-0.32215664323560605,-0.5198735886397291,0.19771694540412305,train
2015-05-06,-0.3248280680812402,-0.40608282863835243,0.08125476055711223,train
2015-05-07,-0.2794351390845036,-0.43331572866240786,0.15388058957790424,train
2015-05-08,-0.27339055487029384,-0.4897690028218466,0.21637844795155275,train
2015-05-11,-0.32217005196675524,-0.3502790263747769,0.02810897440802168,train
2015-05-12,-0.2967831696595169,-0.4313797480592829,0.13459657839976602,train
2015-05-13,-0.2908515546564502,-0.4816777355750411,0.19082618091859094,train
2015-05-14,-0.29014306055602146,-0.43335098679020434,0.14320792623418288,train
2015-05-15,-0.2926178413020839,-0.47966088454766764,0.18704304324558374,train
2015-05-18,-0.3061968382462548,-0.5391968627267469,0.23300002448049212,train
2015-05-19,-0.30862495529596456,-0.586057321934613,0.27743236663864845,train
2015-05-20,-0.33045706799833874,-0.4382365198376137,0.10777945183927495,train
2015-05-21,-0.35913462460213047,-0.4482485530089743,0.08911392840684385,train
2015-05-22,-0.36644375354057646,-0.47136501010761966,0.10492125656704321,train
2015-05-25,-0.3923793898980958,-0.40491143587202916,0.01253204597393337,train
2015-05-26,-0.3809308913060836,-0.5926235825807266,0.21169269127464296,train
2015-05-27,-0.3930226714781026,-0.5686201520059434,0.1755974805278408,train
2015-05-28,-0.41525323364434924,-0.5446189390597242,0.129365705415375,train
2015-05-29,-0.336477673808606,-0.5466506152655053,0.2101729414568993,train
2015-06-01,-0.32240094770869365,-0.6237163195401567,0.30131537183146306,train
2015-06-02,-0.3256412047027066,-0.5586936382131399,0.2330524335104333,train
2015-06-03,-0.3389025356859455,-0.4816471566490348,0.14274462096308926,train
2015-06-04,-0.4017999344023302,-0.39572635053278854,-0.006073583869541654,train
2015-06-05,-0.4100268282626673,-0.41509281607899934,0.0050659878163320515,train
2015-06-08,-0.47405173784737925,-0.2682662881866773,-0.20578544966070195,train
2015-06-09,-0.4882709915339546,-0.30936378684434873,-0.17890720468960586,train
2015-06-10,-0.5043049677081252,-0.3489669524178808,-0.15533801529024438,train
2015-06-11,-0.5159683320501774,-0.33356307834919674,-0.1824052537009807,train
2015-06-12,-0.48808158627428055,-0.40191689490216537,-0.08616469137211519,train
2015-06-15,-0.5155817855551925,-0.4216860400180138,-0.09389574553717872,train
2015-06-16,-0.5247806570090181,-0.4841400880457364,-0.04064056896328172,train
2015-06-17,-0.5151616478234632,-0.5617721936964195,0.04661054587295632,train
2015-06-18,-0.5293652301148224,-0.6067847216217255,0.07741949150690308,train
2015-06-19,-0.5718112835672768,-0.5385100770324157,-0.03330120653486113,train
2015-06-22,-0.5736022214211565,-0.6636190874207453,0.0900168659995888,train
2015-06-23,-0.5849743714843595,-0.6484580330043486,0.06348366151998908,train
2015-06-24,-0.5836281655583665,-0.6499752231656312,0.06634705760726467,train
2015-06-25,-0.583597052602977,-0.6573002276958291,0.07370317509285207,train
2015-06-26,-0.5762636425469794,-0.7268715143048924,0.15060787175791301,train
2015-06-29,-0.5896063897093357,-0.7303122009469214,0.14070581123758574,train
2015-06-30,-0.7128302027867957,-0.47360642575783296,-0.2392237770289627,train
2015-07-01,-0.7505482070216496,-0.5299589547257734,-0.22058925229587623,train
2015-07-02,-0.7035692010754006,-0.5368794212613834,-0.1666897798140171,train
2015-07-03,-0.7457916610866189,-0.4760923935764533,-0.2696992675101656,train
2015-07-06,-0.7447977082090321,-0.6239288178760944,-0.12086889033293768,train
2015-07-07,-0.7785774444867791,-0.5946103258401911,-0.183967118646588,train
2015-07-08,-0.8162281561568823,-0.6396214744260824,-0.17660668173079985,train
2015-07-09,-0.7955744864226396,-0.6364992904167228,-0.1590751960059168,train
2015-07-10,-0.8130884232974421,-0.6831906247459925,-0.12989779855144967,train
2015-07-13,-0.8385908094401129,-0.5725192603348827,-0.26607154910523023,train
2015-07-14,-0.8877832390101631,-0.5249864468334067,-0.3627967921767564,train
2015-07-15,-0.8813896341209227,-0.6501275655490969,-0.23126206857182585,train
2015-07-16,-0.894418494224545,-0.6762928033452493,-0.21812569087929568,train
2015-07-17,-0.9194250285237223,-0.6467389304899184,-0.27268609803380395,train
2015-07-20,-0.9240097432305999,-0.8066159280197067,-0.1173938152108932,train
2015-07-21,-0.9006708256547407,-0.9328158037852258,0.03214497813048511,train
2015-07-22,-0.8965992856936705,-0.8941661788458692,-0.002433106847801292,train
2015-07-23,-0.8899478494200211,-0.9126195247310398,0.022671675311018658,train
2015-07-24,-0.6971765475207597,-0.8847140677197756,0.18753752019901582,train
2015-07-27,-0.6195786742753302,-0.8661592253496743,0.24658055107434407,train
2015-07-28,-0.5668056001105597,-0.8049584596176604,0.23815285950710074,train
2015-07-29,-0.5331580427841005,-0.913422901684199,0.38026485890009853,train
2015-07-30,-0.5213855925965902,-0.8712311538076642,0.349845561211074,train
2015-07-31,-0.5124551499071347,-0.9408524724138767,0.428397322506742,train
2015-08-03,-0.5398670145434938,-0.7514351464442557,0.21156813190076185,train
2015-08-04,-0.5254394998104724,-0.9521093027002752,0.4266698028898027,train
2015-08-05,-0.4976621525456091,-0.9291805685958299,0.4315184160502208,train
2015-08-06,-0.4777730989387519,-0.9210901511521672,0.4433170522134153,train
2015-08-07,-0.47783876408186204,-1.0069556851342725,0.5291169210524105,train
2015-08-10,-0.5153073927885611,-0.8989548029857384,0.3836474101971773,train
2015-08-11,-0.5189317901225147,-0.9712004725286574,0.4522686824061427,train
2015-08-12,-0.524130732550518,-0.8896771467804979,0.3655464142299799,train
2015-08-13,-0.5327536300207458,-0.8890233186627005,0.35626968864195463,train
2015-08-14,-0.5488860549129413,-0.8474497840976201,0.29856372918467877,train
2015-08-17,-0.5542144433815044,-0.9628085331290726,0.40859408974756817,train
2015-08-18,-0.5523035340782741,-0.9787888605409831,0.426485326462709,train
2015-08-19,-0.5098357310532504,-1.0817382741612942,0.5719025431080438,train
2015-08-20,-0.507662477927057,-1.0066944682894092,0.49903199036235224,train
2015-08-21,-0.5146212638056933,-1.0200663556262304,0.5054450918205371,train
2015-08-24,-0.52375294947614,-0.9903658260568087,0.46661287658066863,train
2015-08-25,-0.6756570943156505,-0.6485476305220426,-0.027109463793607902,train
2015-08-26,-0.7575957905663254,-0.5638630578689666,-0.1937327326973588,train
2015-08-27,-0.816068030950696,-0.5008966139816545,-0.3151714169690415,train
2015-08-28,-0.8486476192926263,-0.4978213897183545,-0.35082622957427184,train
2015-08-31,-0.8647622490883763,-0.4842184383895026,-0.38054381069887366,train
2015-09-01,-0.8795414159282517,-0.6202576860424096,-0.25928372988584214,train
2015-09-02,-0.9329539563275026,-0.6258994067767067,-0.3070545495507958,train
2015-09-03,-0.8215495250131682,-0.7247993281276461,-0.09675019688552211,train
2015-09-04,-0.8527065373485032,-0.6744495319036253,-0.17825700544487788,train
2015-09-07,-0.8949063290313866,-0.6575632681463075,-0.23734306088507906,train
2015-09-08,-0.8891777717286387,-0.8001037152719463,-0.08907405645669231,train
2015-09-09,-0.8836266319315974,-0.8430362930861517,-0.04059033884544572,train
2015-09-10,-0.8789604743447834,-0.8832294302162793,0.004268955871495894,train
2015-09-11,-0.9137252249919501,-0.8643918864041005,-0.04933333858784961,train
2015-09-14,-0.930155828534127,-0.9238407133716633,-0.006315115162463747,train
2015-09-15,-0.925463968356656,-0.9717028680666473,0.04623889970999129,train
2015-09-16,-0.8963070829166648,-1.0037703407732785,0.1074632578566137,train
2015-09-17,-0.8943020461694245,-0.9602523500178467,0.06595030384842215,train
2015-09-18,-0.957888446205556,-0.8208345102235788,-0.13705393598197724,train
2015-09-21,-0.9946598735052555,-0.8514182448595058,-0.14324162864574974,train
2015-09-22,-1.0112090862927812,-0.878077058805548,-0.13313202748723318,train
2015-09-23,-0.961386112381064,-0.8704375852010169,-0.09094852718004709,train
2015-09-24,-0.955985571614446,-0.7921639789271058,-0.1638215926873402,train
2015-09-25,-0.9796868867577423,-0.8845256769341419,-0.09516120982360043,train
2015-09-28,-1.012125736708479,-0.8714979789635448,-0.1406277577449343,train
2015-09-29,-0.9301087470655489,-0.9141213835424689,-0.015987363523080056,train
2015-09-30,-0.9331131354801527,-0.8766581659967303,-0.056454969483422435,train
2015-10-01,-0.9213593519241455,-0.9598955599188398,0.03853620799469426,train
2015-10-02,-0.9184194604437529,-1.0541699217223304,0.13575046127857748,train
2015-10-05,-1.0655474809365972,-0.7776943145296454,-0.2878531664069518,train
2015-10-06,-1.0670384354695563,-0.9308035730343898,-0.13623486243516658,train
2015-10-07,-1.0624528510925473,-1.0139304549436974,-0.0485223961488499,train
2015-10-08,-0.9465261217893918,-1.0042219988848808,0.05769587709548907,train
2015-10-09,-0.9538525600547362,-0.9434223995096165,-0.010430160545119693,train
2015-10-12,-0.955991833692456,-1.0524109725930213,0.0964191389005653,train
2015-10-13,-0.9409601375686644,-1.2151737562865879,0.2742136187179235,train
2015-10-14,-0.88573942616234,-1.182118405637351,0.296378979475011,train
2015-10-15,-0.8689781508407481,-1.1584397775626543,0.2894616267219061,train
2015-10-16,-0.8862800811358157,-1.0728973444272627,0.186617263291447,train
2015-10-19,-0.895654677787287,-1.102470138949263,0.20681546116197602,train
2015-10-20,-0.8923383788938224,-1.1521058811487304,0.25976750225490797,train
2015-10-21,-0.8682370267888724,-1.2207921265147634,0.35255509972589105,train
2015-10-22,-0.8583099294301293,-1.254230602766272,0.39592067333614267,train
2015-10-23,-0.9066101872130545,-1.0810207637445768,0.17441057653152225,train
2015-10-26,-0.9496147148977869,-1.049241260878429,0.09962654598064202,train
2015-10-27,-0.9357353995093853,-1.1558244054643863,0.22008900595500092,train
2015-10-28,-0.9539107599807904,-1.125235485231054,0.17132472525026354,train
2015-10-29,-1.0617035089289193,-0.8483916384482948,-0.2133118704806245,train
2015-10-30,-1.092182453982581,-0.9814093461839768,-0.11077310779860428,train
2015-11-02,-1.1201367503952928,-1.0036224588395606,-0.11651429155573223,train
2015-11-03,-1.1117074587139213,-1.04038020158245,-0.07132725713147137,train
2015-11-04,-0.7323825314438643,-1.069803126055567,0.3374205946117026,train
2015-11-05,-0.6782041262110213,-1.1213863103564878,0.4431821841454665,train
2015-11-06,-0.6817939216636824,-1.1559139058088883,0.47411998414520595,train
2015-11-09,-0.7733105332071015,-0.9135565108374922,0.1402459776303907,train
2015-11-10,-0.7701920222102587,-1.0395142606105303,0.2693222384002716,train
2015-11-11,-0.771104022236328,-1.0232151860586942,0.2521111638223662,train
2015-11-12,-0.7525411254925133,-1.0382551836165532,0.28571405812403994,train
2015-11-13,-0.7940541934459,-0.8608480313984638,0.06679383795256377,train
2015-11-16,-0.8081999101399043,-0.970393757457969,0.16219384731806463,train
2015-11-17,-0.7534367362754238,-0.9981587188895238,0.24472198261409994,train
2015-11-18,-0.7363058982203502,-1.0392879686416834,0.3029820704213332,train
2015-11-19,-0.7218140250872331,-1.0577433620358265,0.3359293369485934,train
2015-11-20,-0.7354838588250368,-1.0383268285996103,0.3028429697745736,train
2015-11-23,-0.7433197724766,-1.097470039068384,0.35415026659178406,train
2015-11-24,-0.7462656207550299,-1.1305627897713826,0.3842971690163527,train
2015-11-25,-0.7523288770066338,-1.15495878676114,0.4026299097545062,train
2015-11-26,-0.7698975062375635,-1.0921481215290498,0.32225061529148635,train
2015-11-27,-0.7566311401820184,-1.3338066605632006,0.5771755203811822,train
2015-11-30,-0.7553405620448265,-1.3487944993906544,0.593453937345828,train
2015-12-01,-0.7447114252727632,-1.395206248651216,0.6504948233784528,train
2015-12-02,-0.717443083052173,-1.4047272125028227,0.6872841294506498,train
2015-12-03,-0.7199460226601875,-1.3660529063506344,0.6461068836904469,train
2015-12-04,-1.0717136837037395,-0.8117772150105886,-0.2599364686931509,train
2015-12-07,-1.118372416764739,-0.8234457004725699,-0.29492671629216916,train
2015-12-08,-1.0407815035308994,-0.9256506590642091,-0.11513084446669031,train
2015-12-09,-1.0010504957662623,-0.9428000280192841,-0.058250467746978174,train
2015-12-10,-1.0016120214954782,-0.9057361186964985,-0.09587590279897973,train
2015-12-11,-0.993696094323449,-1.0855667431110037,0.09187064878755469,train
2015-12-14,-0.9881059279706735,-1.0822065089472344,0.09410058097656082,train
2015-12-15,-0.9509621204607849,-1.1263564328193478,0.17539431235856295,train
2015-12-16,-0.9632818202133635,-1.1183322230414472,0.1550504028280837,train
2015-12-17,-1.033436491711158,-0.9300948515888803,-0.10334164012227776,train
2015-12-18,-1.0380977871791783,-0.9616985368726632,-0.07639925030651518,train
2015-12-21,-0.9577654758588877,-0.976595245627718,0.01882976976883033,train
2015-12-22,-0.9447275482772258,-1.049780037710476,0.10505248943325018,train
2015-12-23,-0.9471849116611483,-1.1111855491739133,0.16400063751276506,train
2015-12-24,-0.9493963444885487,-1.1818763558167786,0.23248001132822993,train
2015-12-28,-0.9316411034666715,-1.267710388980693,0.3360692855140216,train
2015-12-29,-0.9195934755785564,-1.3610384085355924,0.441444932957036,train
2015-12-30,-0.8881624068449383,-1.309402778107757,0.42124037126281877,train
2015-12-31,-0.8848930249724336,-1.3384331875327973,0.45354016256036367,train
2016-01-04,-0.8939731454128115,-1.274116514468111,0.38014336905529955,train
2016-01-05,-0.8714552522123777,-1.1365120276697331,0.2650567754573554,train
2016-01-06,-0.8294343307054163,-1.1507304901065105,0.32129615940109424,train
2016-01-07,-0.8146338889840097,-1.1115069149929118,0.2968730260089021,train
2016-01-08,-0.8227980640095305,-1.0053153892562752,0.1825173252467447,train
2016-01-11,-0.8388128317023583,-0.874274149500649,0.03546131779829065,train
2016-01-12,-0.8398007266985186,-0.8877598022604585,0.0479590755619399,train
2016-01-13,-0.7924717335522378,-0.9288079271315133,0.1363361935792755,train
2016-01-14,-0.782701344906904,-0.9237798185014308,0.14107847359452674,train
2016-01-15,-0.8080500367536174,-0.8993933329041628,0.09134329615054537,train
2016-01-18,-0.8456448095267887,-0.8901284545304499,0.0444836450036612,train
2016-01-19,-0.8346980819481022,-1.0799173295816942,0.24521924763359193,train
2016-01-20,-0.8342546128531043,-1.056118320374479,0.22186370752137474,train
2016-01-21,-0.8434568025366017,-1.0273225047209449,0.18386570218434317,train
2016-01-22,-0.9304235693260985,-0.8693022306488282,-0.06112133867727032,train
2016-01-25,-0.9380944383427324,-1.006643025219733,0.0685485868770005,train
2016-01-26,-0.9173152609916637,-1.0909738367069073,0.17365857571524357,train
2016-01-27,-0.9102377707744449,-1.0917551046479657,0.18151733387352076,train
2016-01-28,-0.9081907228069657,-1.0490868423001798,0.14089611949321412,train
2016-01-29,-0.9097257442695493,-1.1588316350617367,0.24910589079218737,train
2016-02-01,-0.9279454440411883,-1.053936267183139,0.12599082314195065,train
2016-02-02,-0.9274605651274876,-1.1238519523599044,0.19639138723241678,train
2016-02-03,-0.916215422361725,-1.1431031546215185,0.22688773225979342,train
2016-02-04,-0.8990946192106601,-0.965589518087901,0.06649489887724092,train
2016-02-05,-0.9539239572064396,-0.8870526614533483,-0.06687129575309136,train
2016-02-08,-0.9890010900881238,-0.894441995116203,-0.09455909497192072,train
2016-02-09,-1.0207426462614684,-0.8461679279254091,-0.1745747183360593,train
2016-02-10,-0.7284688805611058,-0.7353569812352647,0.0068881006741589035,train
2016-02-11,-0.7325040280954134,-0.7715371171649428,0.0390330890695294,train
2016-02-12,-0.7839554048869484,-0.7105478092998305,-0.07340759558711785,train
2016-02-15,-0.808761700728943,-0.7707070621135075,-0.038054638615435565,train
2016-02-16,-0.7680950043740058,-0.8856232992814445,0.11752829490743866,train
2016-02-17,-0.7488216528233204,-0.9749895286719303,0.22616787584860998,train
2016-02-18,-0.7560860156848952,-0.9900620123479383,0.23397599666304314,train
2016-02-19,-0.7679423002888284,-1.046944244408507,0.2790019441196787,train
2016-02-22,-0.7649046906675979,-1.0794139884435179,0.31450929777591996,train
2016-02-23,-0.7720414401614454,-1.1284586609470184,0.35641722078557303,train
2016-02-24,-0.7776105001096312,-1.1127869514796505,0.3351764513700193,train
2016-02-25,-0.8065800609001512,-1.068250818744297,0.26167075784414573,train
2016-02-26,-0.824397980392519,-1.0930249696719327,0.26862698927941375,train
2016-02-29,-0.8077409971136508,-1.0588848903523758,0.251143893238725,train
2016-03-01,-0.8053689242671149,-1.094691951296153,0.2893230270290381,train
2016-03-02,-0.815976656783814,-1.053245974229256,0.23726931744544189,train
2016-03-03,-0.7927377395400527,-1.1376334803565475,0.3448957408164949,train
2016-03-04,-0.8051257162999373,-1.094256844482424,0.28913112818248676,train
2016-03-07,-0.8667997011039674,-0.9303543880190558,0.06355468691508837,train
2016-03-08,-0.8527665087355196,-1.1070767348039547,0.2543102260684351,train
2016-03-09,-0.8345277787412085,-1.1115489339324225,0.27702115519121395,train
2016-03-10,-0.8360444644768568,-1.1230770433063522,0.2870325788294954,train
2016-03-11,-1.237748716944488,-0.6601446496731961,-0.577604067271292,train
2016-03-14,-1.2689856721184902,-0.8937720881311,-0.37521358398739024,train
2016-03-15,-1.2671465985810153,-0.9608744441655406,-0.30627215441547473,train
2016-03-16,-1.263922301998899,-1.0059529726639158,-0.2579693293349832,train
2016-03-17,-1.3393729805847407,-0.8126404915227341,-0.5267324890620066,train
2016-03-18,-1.3830740511763842,-0.9775376034788203,-0.4055364476975638,train
2016-03-21,-1.3934460636133845,-1.1052092401003213,-0.28823682351306323,train
2016-03-22,-1.3919238604016488,-1.146786419882652,-0.24513744051899677,train
2016-03-23,-1.350457241316378,-1.058345260263362,-0.29211198105301595,train
2016-03-24,-1.34389492224263,-1.2198794838730442,-0.12401543836958573,train
2016-03-25,-1.351860433311462,-1.2495180432394206,-0.10234239007204149,train
2016-03-28,-1.3254269759345494,-1.5146581227946747,0.18923114686012532,train
2016-03-29,-1.2997535969443108,-1.514185617838298,0.21443202089398716,train
2016-03-30,-1.3334756713600524,-1.325781237360303,-0.007694433999749339,train
2016-03-31,-1.3244097705831188,-1.3547278042487516,0.030318033665632793,train
2016-04-01,-1.3211326903684322,-1.3637043450657318,0.04257165469729962,train
2016-04-04,-1.344972415494106,-1.1514634753515198,-0.19350894014258624,train
2016-04-05,-1.3018965735875683,-1.2184692987782861,-0.08342727480928214,train
2016-04-06,-1.310069198414813,-1.247750298917516,-0.062318899497296965,train
2016-04-07,-1.3161843527797041,-1.2020190389889793,-0.11416531379072481,train
2016-04-08,-1.3561556365940373,-1.125719938918775,-0.23043569767526217,train
2016-04-11,-1.3595610769265134,-1.2347607988175016,-0.12480027810901184,train
2016-04-12,-1.3752166556542411,-1.2791827798731417,-0.09603387578109945,train
2016-04-13,-1.407416508900239,-1.2378472206608953,-0.1695692882393438,train
2016-04-14,-1.4094865783592823,-1.2646427952113029,-0.1448437831479794,train
2016-04-15,-1.4286738290242,-1.3184767998696871,-0.1101970291545129,train
2016-04-18,-1.4462133196466231,-1.355844043922664,-0.09036927572395914,train
2016-04-19,-1.4235980927902712,-1.3798597357184217,-0.043738357071849476,train
2016-04-20,-1.4169265068025292,-1.4451627285555229,0.028236221752993673,train
2016-04-21,-1.4336783745775028,-1.4445842395868653,0.010905865009362525,train
2016-04-22,-1.5216389677764455,-1.2742927761688438,-0.24734619160760163,train
2016-04-25,-1.5315074244549673,-1.3637312909975496,-0.1677761334574177,train
2016-04-26,-1.5446400322249663,-1.3942416647296665,-0.15039836749529978,train
2016-04-27,-1.5569463907411987,-1.336815085693951,-0.22013130504724776,train
2016-04-28,-1.5800883128698973,-1.284075947223898,-0.2960123656459992,train
2016-04-29,-1.6377727804630564,-1.3114915351879173,-0.32628124527513913,train
2016-05-02,-1.6679144606642442,-1.2782628386495474,-0.38965162201469683,train
2016-05-03,-1.6715715119776269,-1.2684453881883162,-0.4031261237893107,train
2016-05-04,-1.6600502917070739,-1.2385589365428231,-0.42149135516425074,train
2016-05-05,-1.5038386037244644,-1.1552222492513593,-0.34861635447310513,train
2016-05-06,-1.504798257824357,-1.256092057885514,-0.24870619993884313,train
2016-05-09,-1.5356731100324266,-1.2332322835821083,-0.3024408264503182,train
2016-05-10,-1.5534184829081905,-1.2975020343320747,-0.25591644857611584,train
2016-05-11,-1.5452292302197714,-1.3234972069370787,-0.2217320232826927,train
2016-05-12,-1.5277379389094246,-1.4748786015160906,-0.05285933739333393,train
2016-05-13,-1.5161332663055451,-1.5134021947185567,-0.002731071586988376,train
2016-05-16,-1.5283444216129047,-1.4590283480876973,-0.06931607352520741,train
2016-05-17,-1.4941053805872668,-1.563613807811152,0.06950842722388506,train
2016-05-18,-1.3916892208730618,-1.6258271163569653,0.2341378954839035,train
2016-05-19,-1.3811204225777227,-1.4551173033023765,0.07399688072465382,train
2016-05-20,-1.3704419318630565,-1.4642471741235288,0.09380524226047227,train
2016-05-23,-1.336288689493948,-1.587697439872103,0.251408750378155,train
2016-05-24,-1.3116013833688742,-1.598570282318532,0.2869688989496577,train
2016-05-25,-1.2264169928284487,-1.5571340508646312,0.33071705803618245,train
2016-05-26,-0.5066410552951494,-1.673171714830568,1.1665306595354186,train
2016-05-27,-0.4555435564660191,-1.6702095369034815,1.2146659804374624,train
2016-05-30,-0.4345211608903792,-1.660819296829989,1.22629813593961,train
2016-05-31,-0.4056388580899354,-1.8209277393105756,1.4152888812206403,train
2016-06-01,-0.3574461130621952,-1.7104208159162952,1.3529747028541,train
2016-06-02,-0.34858432876012274,-1.6340128541568557,1.285428525396733,train
2016-06-03,-0.3607795630767238,-1.54330537904677,1.182525815970046,train
2016-06-06,-0.4124363684342814,-1.2724192494217557,0.8599828809874743,train
2016-06-07,-0.39953300695252353,-1.3577378518073002,0.9582048448547766,train
2016-06-08,-0.3894055195223334,-1.4268895523749792,1.0374840328526458,train
2016-06-09,-0.34813686247828596,-1.501595303197579,1.1534584407192932,train
2016-06-10,-0.3540196703946312,-1.4548721076143087,1.1008524372196775,train
2016-06-13,-0.35060347718886387,-1.5819267331779947,1.231323255989131,train
2016-06-14,-0.3513763932658357,-1.588767225391496,1.2373908321256604,train
2016-06-15,-0.34181608080393366,-1.5660180854004415,1.2242020045965079,train
2016-06-16,-0.34349915942386106,-1.4494908057014957,1.1059916462776347,train
2016-06-17,-0.3765072483896716,-1.2775850461938738,0.9010777978042022,train
2016-06-20,-0.39102392760276505,-1.2848047204876085,0.8937807928848435,train
2016-06-21,-0.39299431464264284,-1.2914812725539173,0.8984869579112744,train
2016-06-22,-0.39438111711996754,-1.226950420357079,0.8325693032371113,train
2016-06-23,-0.39855748142511405,-1.2283228987179835,0.8297654172928695,train
2016-06-24,-0.4392214067062792,-1.1106691357899465,0.6714477290836673,train
2016-06-27,-1.0924617134837937,-0.6003692830867742,-0.49209243039701955,train
2016-06-28,-1.1721915403426562,-0.7069017141874376,-0.4652898261552185,train
2016-06-29,-1.211681968039846,-0.7224350353690618,-0.48924693267078423,train
2016-06-30,-1.2503444960348407,-0.6401471058166889,-0.6101973902181518,train
2016-07-01,-1.3896512696678374,-0.5316617770821008,-0.8579894925857365,train
2016-07-04,-1.4412966299043188,-0.8031183532175472,-0.6381782766867716,train
2016-07-05,-1.4503050982400656,-1.0192660862597478,-0.4310390119803178,train
2016-07-06,-1.4982655295864615,-0.9771830625045137,-0.5210824670819478,train
2016-07-07,-1.5040685117565866,-0.9699074948171836,-0.534161016939403,train
2016-07-08,-1.547899021838157,-1.0630980966877783,-0.48480092515037865,train
2016-07-11,-1.6989576170554688,-0.895771637941335,-0.8031859791141338,train
2016-07-12,-1.7031515572608382,-1.0565662314333446,-0.6465853258274936,train
2016-07-13,-1.7377918554817702,-1.0272553069353507,-0.7105365485464195,train
2016-07-14,-1.7207815925768082,-1.1207003695052116,-0.6000812230715966,train
2016-07-15,-1.7904811782369108,-1.0341703157722417,-0.756310862464669,train
2016-07-18,-1.782810775914489,-1.127877904594495,-0.654932871319994,train
2016-07-19,-1.761111819285383,-1.222375779483284,-0.538736039802099,train
2016-07-20,-1.7406592888241894,-1.26447431267439,-0.4761849761497994,train
2016-07-21,-1.7592531214781058,-1.2094701146434657,-0.5497830068346401,train
2016-07-22,-1.8020268270353732,-1.202874352622681,-0.5991524744126921,train
2016-07-25,-1.8308728646382173,-1.2512306090385472,-0.5796422555996701,train
2016-07-26,-1.8196035023922985,-1.3786353109505702,-0.4409681914417283,train
2016-07-27,-1.8289689769034212,-1.4650036779208362,-0.363965298982585,train
2016-07-28,-1.7948162092857165,-1.3842398276213914,-0.4105763816643251,train
2016-07-29,-1.8143466850619132,-1.472380996478226,-0.34196568858368726,train
2016-08-01,-1.8482722347113518,-1.4550539938974263,-0.39321824081392553,train
2016-08-02,-1.8365728780930248,-1.5782310528670478,-0.25834182522597704,train
2016-08-03,-1.8061834005632926,-1.5956356237459624,-0.21054777681733028,train
2016-08-04,-1.6691260111751531,-1.6660143951233999,-0.003111616051753252,train
2016-08-05,-1.6763313857365298,-1.716557844130655,0.0402264583941252,train
2016-08-08,-1.6838063426326857,-1.577783299600442,-0.10602304303224375,train
2016-08-09,-1.6700332327953769,-1.7553072994908483,0.08527406669547144,train
2016-08-10,-1.6254184989975529,-1.7928271028938885,0.1674086038963356,train
2016-08-11,-1.6066700122142163,-1.742301709962978,0.13563169774876171,train
2016-08-12,-1.5853389281044183,-1.7687325757349073,0.18339364763048893,train
2016-08-15,-1.5946007532662594,-1.7230541388813432,0.1284533856150838,train
2016-08-16,-1.5747919176029204,-1.8583189200287853,0.2835270024258649,train
2016-08-17,-1.6047800261561436,-1.6476238155936085,0.04284378943746492,train
2016-08-18,-1.6166424286105352,-1.6336813451292926,0.01703891651875744,train
2016-08-19,-1.6503409048558368,-1.5742283578888836,-0.07611254696695324,train
2016-08-22,-1.6598673746319783,-1.646612112765467,-0.01325526186651138,train
2016-08-23,-1.6156718560621215,-1.6500498145425249,0.03437795848040337,train
2016-08-24,-1.6068537605702167,-1.743990625268275,0.1371368646980584,train
2016-08-25,-1.6090054924963653,-1.7442965599735163,0.13529106747715103,train
2016-08-26,-1.6014805389219267,-1.8823109162188594,0.2808303772969327,train
2016-08-29,-1.6675136549553569,-1.655858460811464,-0.011655194143892933,train
2016-08-30,-1.6652440177221806,-1.7971219028467331,0.13187788512455256,train
2016-08-31,-1.6569386971219566,-1.8049950001640052,0.14805630304204853,train
2016-09-01,-1.6236314423887739,-1.7793997630715181,0.15576832068274427,train
2016-09-02,-1.653972935717903,-1.6560686732130612,0.002095737495158234,train
2016-09-05,-1.7209488364765708,-1.4901879195369552,-0.23076091693961565,train
2016-09-06,-1.7034072920252779,-1.709964927789897,0.006557635764619096,train
2016-09-07,-1.7496580731225437,-1.5063330484359605,-0.24332502468658324,train
2016-09-08,-1.6973821738128194,-1.579329461105809,-0.11805271270701034,train
2016-09-09,-1.74641423674164,-1.4737447772128802,-0.27266945952875976,train
2016-09-12,-1.7570227659234685,-1.5633712098637198,-0.1936515560597487,train
2016-09-13,-1.7446691407083736,-1.4900657725062225,-0.2546033682021511,train
2016-09-14,-1.7297790117831655,-1.535422058258328,-0.1943569535248375,train
2016-09-15,-1.7217656849634553,-1.5237615189887677,-0.19800416597468762,train
2016-09-16,-1.7372998208290849,-1.5738482182837104,-0.1634516025453745,train
2016-09-19,-1.7424644153569546,-1.5921505872642605,-0.1503138280926941,train
2016-09-20,-1.7275337364106376,-1.736100564491273,0.008566828080635469,train
2016-09-21,-1.633105897174502,-1.7484297010072427,0.11532380383274066,train
2016-09-22,-1.6772113964224173,-1.5949877801914685,-0.08222361623094887,train
2016-09-23,-1.689765755610628,-1.6673398084392774,-0.022425947171350602,train
2016-09-26,-1.690861226139083,-1.6968772088528143,0.006015982713731383,train
2016-09-27,-1.6815172392712305,-1.6888037737869785,0.007286534515748011,train
2016-09-28,-1.6685349140111616,-1.7047645154578848,0.03622960144672316,train
2016-09-29,-1.6419823959742827,-1.7689455004656542,0.1269631044913715,train
2016-09-30,-1.6435936961347386,-1.743760561890755,0.10016686575601641,train
2016-10-03,-1.6843346772354493,-1.617640736291209,-0.0666939409442402,train
2016-10-04,-1.6555343840707568,-1.7655695142432262,0.11003513017246935,train
2016-10-05,-1.694158967487331,-1.560023852607789,-0.134135114879542,train
2016-10-06,-1.6953807093688498,-1.6154408385538477,-0.07993987081500209,train
2016-10-07,-1.6949042538291983,-1.6298303472711324,-0.06507390655806589,train
2016-10-10,-1.753461589713061,-1.521285526718185,-0.23217606299487592,train
2016-10-11,-1.1991596179717847,-1.670934024414839,0.47177440644305424,train
2016-10-12,-1.1622653008163017,-1.657512307670538,0.4952470068542363,train
2016-10-13,-1.1487256293633703,-1.5814353061320272,0.4327096767686569,train
2016-10-14,-1.1162345790063704,-1.5417645423046404,0.4255299632982701,train
2016-10-17,-1.0967448062654086,-1.599548891466723,0.5028040852013145,train
2016-10-18,-1.0603046798089721,-1.6599559560728503,0.5996512762638782,train
2016-10-19,-1.026011919658995,-1.6375180064894228,0.6115060868304278,train
2016-10-20,-0.9864778811187048,-1.6716207350440622,0.6851428539253573,train
2016-10-21,-1.0068595962328035,-1.4809478384103723,0.47408824217756873,train
2016-10-24,-0.9891237891075768,-1.6554178192445486,0.6662940301369717,train
2016-10-25,-0.9612536070325511,-1.6947202297555255,0.7334666227229744,train
2016-10-26,-0.9425189464764552,-1.6798943968926343,0.7373754504161791,train
2016-10-27,-0.9233010719497146,-1.6568542685370788,0.7335531965873643,train
2016-10-28,-0.900853997651346,-1.7110502631847,0.810196265533354,train
2016-10-31,-0.8888432051814649,-1.6307849437220692,0.7419417385406043,train
2016-11-01,-0.8425440107728224,-1.653016173369965,0.8104721625971427,train
2016-11-02,-0.8145287033736658,-1.7001426475056303,0.8856139441319645,train
2016-11-03,-0.8066722144207774,-1.6048972475130991,0.7982250330923217,train
2016-11-04,-0.7178419188974662,-1.600702909064954,0.8828609901674879,train
2016-11-07,-0.7035335801893379,-1.6654427863735308,0.961909206184193,train
2016-11-08,-0.7012230516509154,-1.6566889590755827,0.9554659074246673,train
2016-11-09,-0.6204372251597773,-1.7038179389960573,1.0833807138362799,train
2016-11-10,-0.8721015829168252,-1.1479424592466354,0.27584087632981025,train
2016-11-11,-0.8865601056983605,-1.2698705990829695,0.383310493384609,train
2016-11-14,-0.8942626369428033,-1.2225548423667212,0.3282922054239179,train
2016-11-15,-0.8724505812054437,-1.1010832545189435,0.2286326733134998,train
2016-11-16,-0.8176150013228732,-1.0494750890802818,0.23186008775740852,train
2016-11-17,-0.8074425197734943,-1.1562643605218832,0.34882184074838885,train
2016-11-18,-0.817171806472434,-1.1299657972738268,0.3127939908013928,train
2016-11-21,-0.8404581495252932,-1.0804392155040037,0.2399810659787105,train
2016-11-22,-0.8511640975641841,-1.1415182203659922,0.29035412280180806,train
2016-11-23,-0.8508026151060559,-1.1638419744084165,0.3130393593023606,train
2016-11-24,-0.8725766763616046,-1.1335989596993659,0.26102228333776123,train
2016-11-25,-0.8944156267205513,-1.1572271148595825,0.2628114881390312,train
2016-11-28,-0.9107486514417055,-1.160552459032958,0.24980380759125242,train
2016-11-29,-0.9232567900295768,-1.1258310312683675,0.20257424123879064,train
2016-11-30,-0.8264557684832442,-1.1125607178427948,0.28610494935955055,train
2016-12-01,-0.8310094615034884,-1.0007919215048235,0.16978246000133512,train
2016-12-02,-0.830597633790167,-0.9972871672890383,0.16668953349887128,train
2016-12-05,-0.7875174676661817,-1.0278433648121479,0.2403258971459662,train
2016-12-06,-0.8601977204550646,-0.7911467773906762,-0.06905094306438841,train
2016-12-07,-0.8574959434131301,-0.9112165276359347,0.05372058422280468,train
2016-12-08,-0.8410042266829345,-1.0388446295171585,0.197840402834224,train
2016-12-09,-0.8551787610249653,-0.7638986921842007,-0.09128006884076456,train
2016-12-12,-0.8339235751019931,-0.9317281507635542,0.09780457566156109,train
2016-12-13,-0.8190054337373229,-1.0240656814130242,0.2050602476757013,train
2016-12-14,-0.8228346155615553,-1.0363484212721454,0.2135138057105901,train
2016-12-15,-0.8502367659730797,-0.8546883072442609,0.004451541271181192,train
2016-12-16,-0.9159979399264019,-0.8282473106905285,-0.0877506292358734,train
2016-12-19,-0.9140653613143856,-0.8437638060503435,-0.07030155526404214,train
2016-12-20,-0.914671686308123,-0.8797266232594452,-0.03494506304867784,train
2016-12-21,-0.9070649891375395,-0.9310450964509152,0.02398010731337563,train
2016-12-22,-0.9130366801368417,-1.0099618016803171,0.09692512154347543,train
2016-12-23,-0.9170949778764853,-1.0728688381203968,0.1557738602439115,train
2016-12-27,-0.902305048460302,-1.2560564259820326,0.3537513775217306,train
2016-12-28,-0.8850873859731111,-1.400421189586794,0.5153338036136829,train
2016-12-29,-0.8741073543784215,-1.3714698294499568,0.4973624750715353,train
2016-12-30,-0.8597910494730333,-1.3314718252108226,0.4716807757377893,train
2017-01-03,-0.9578027472173042,-1.0584701047270049,0.10066735750970068,train
2017-01-04,-0.9936751958247374,-1.0436621538965918,0.04998695807185438,train
2017-01-05,-0.9973156840308477,-0.9714622789680103,-0.025853405062837398,train
2017-01-06,-1.0635457629380645,-0.8007969013005892,-0.26274886163747524,train
2017-01-09,-1.0925107773820864,-0.8353710678235036,-0.2571397095585828,train
2017-01-10,-1.108362246822265,-0.9472404196085155,-0.16112182721374946,train
2017-01-11,-1.1250908209217054,-0.9657149205150847,-0.15937590040662075,train
2017-01-12,-1.2329392264893322,-0.8161258737442634,-0.4168133527450688,train
2017-01-13,-1.2896606707564742,-0.8924556406253987,-0.39720503013107544,train
2017-01-16,-1.3224837637757363,-0.8915156543660347,-0.43096810940970154,train
2017-01-17,-1.318595860994697,-0.9679646519358772,-0.35063120905881984,train
2017-01-18,-1.3519813521486908,-0.9085254968385403,-0.4434558553101504,train
2017-01-19,-1.3731021081103896,-1.0600963783590873,-0.31300572975130225,train
2017-01-20,-1.4444359001063973,-0.9976620777944397,-0.4467738223119576,train
2017-01-23,-1.4688797735595331,-1.0620822116337245,-0.4067975619258086,train
2017-01-24,-1.4398949965028103,-1.045383028416117,-0.3945119680866933,train
2017-01-25,-1.4348567378065131,-1.1543685267997634,-0.2804882110067497,train
2017-01-26,-1.4351955954418318,-1.1373205270196332,-0.2978750684221987,train
2017-01-27,-1.4527610383340162,-1.1627529278749722,-0.29000811045904396,train
2017-01-30,-1.4546186598703923,-1.1675379566789403,-0.28708070319145196,train
2017-01-31,-1.4513288046402304,-1.157455484340645,-0.29387332029958535,train
2017-02-01,-1.5018136511312035,-1.0632681297957318,-0.43854552133547164,train
2017-02-02,-1.5230608619284278,-1.0672070852310052,-0.45585377669742266,train
2017-02-03,-1.531636419586033,-1.132269955308824,-0.399366464277209,train
2017-02-06,-1.5874112497569766,-1.066127807619496,-0.5212834421374806,train
2017-02-07,-1.600367172493206,-1.1784025536508864,-0.4219646188423196,train
2017-02-08,-1.5735291848266457,-1.2285875640583328,-0.3449416207683129,train
2017-02-09,-1.5539794994845797,-1.2682807316249436,-0.2856987678596361,train
2017-02-10,-1.5702938989194621,-1.281367612055534,-0.2889262868639282,train
2017-02-13,-1.5836409136618894,-1.3846242187274242,-0.19901669493446517,train
2017-02-14,-1.5167707168255877,-1.4633180482103216,-0.0534526686152661,train
2017-02-15,-1.5220495402613263,-1.3987377333747704,-0.12331180688655596,train
2017-02-16,-1.5387627395616768,-1.3713306437542165,-0.1674320958074602,train
2017-02-17,-1.5644270277273842,-1.3911592534262534,-0.17326777430113083,train
2017-02-20,-1.549965105913794,-1.459408103342847,-0.09055700257094701,train
2017-02-21,-1.5398037542072416,-1.5227638663652736,-0.01703988784196797,train
2017-02-22,-1.552717777842911,-1.4946574032123772,-0.05806037463053393,train
2017-02-23,-1.6237196416595345,-1.3691733773944348,-0.25454626426509974,train
2017-02-24,-1.641124183354049,-1.4445208237633187,-0.1966033595907304,train
2017-02-27,-1.662597804799275,-1.3972986438528125,-0.26529916094646255,train
2017-02-28,-1.6429597700918894,-1.4105044985669206,-0.2324552715249688,train
2017-03-01,-1.654124347628936,-1.3643239603171557,-0.28980038731178026,train
2017-03-02,-1.685845743441395,-1.3748123438323976,-0.31103339960899734,train
2017-03-03,-1.691280238297876,-1.4918709735807378,-0.19940926471713816,train
2017-03-06,-1.73037181598398,-1.435623017285132,-0.29474879869884796,train
2017-03-07,-1.735736678971516,-1.4598328731702297,-0.2759038058012864,train
2017-03-08,-1.7071385045594554,-1.605565063929065,-0.10157344063039031,train
2017-03-09,-1.6852072444738164,-1.6442200935586302,-0.04098715091518623,train
2017-03-10,-1.7442802961061135,-1.4891929673828948,-0.2550873287232187,train
2017-03-13,-1.7973134804562583,-1.4777218694322636,-0.3195916110239947,train
2017-03-14,-1.7798141790775277,-1.5821038084836039,-0.19771037059392382,train
2017-03-15,-1.7749496246640493,-1.607086606140323,-0.1678630185237262,train
2017-03-16,-1.8805529838868387,-1.3668102701661293,-0.5137427137207093,train
2017-03-17,-1.911726847106088,-1.461445306307993,-0.4502815407980949,train
2017-03-20,-1.9126674112979922,-1.513325997966295,-0.39934141333169726,train
2017-03-21,-1.9142461294421904,-1.59351748564763,-0.32072864379456045,train
2017-03-22,-1.9233348670593482,-1.4788702524466002,-0.444464614612748,train
2017-03-23,-1.9173392258422721,-1.5708592259982495,-0.34647999984402267,train
2017-03-24,-1.822113435685675,-1.6308755515045035,-0.1912378841811715,train
2017-03-27,-1.8097338560332425,-1.6707204111573772,-0.1390134448758653,train
2017-03-28,-1.779708143362146,-1.663086195583401,-0.1166219477787449,train
2017-03-29,-1.7226695932974145,-1.6871762512853774,-0.03549334201203713,train
2017-03-30,-1.7204820850444207,-1.599494439068668,-0.12098764597575262,train
2017-03-31,-1.7476064129963351,-1.6052998387399668,-0.14230657425636828,train
2017-04-03,-1.758504303568583,-1.623175113295132,-0.13532919027345103,train
2017-04-04,-1.7616723496546465,-1.6654202833463359,-0.09625206630831062,train
2017-04-05,-1.7346856312100776,-1.7253294206741738,-0.009356210535903742,train
2017-04-06,-1.7374273590261788,-1.705767046207567,-0.031660312818611924,train
2017-04-07,-1.7302195383783179,-1.661509418274711,-0.06871012010360689,train
2017-04-10,-1.7386500312577051,-1.6277148938768309,-0.11093513738087424,train
2017-04-11,-1.7234213107607221,-1.755271680641693,0.0318503698809709,train
2017-04-12,-1.718851860895178,-1.7584510284153847,0.03959916752020676,train
2017-04-13,-1.7320963410369057,-1.674595418086737,-0.05750092295016862,train
2017-04-14,-1.7372608772770866,-1.7517528849533544,0.014492007676267793,train
2017-04-17,-1.7079360781490343,-1.9364124466779888,0.2284763685289546,train
2017-04-18,-1.6872666815096347,-1.874907570842991,0.18764088933335632,train
2017-04-19,-1.6658939984918177,-1.7869269432602715,0.12103294476845372,train
2017-04-20,-1.6552572572996525,-1.887761332254164,0.23250407495451153,train
2017-04-21,-1.6344480177165248,-1.8137652239875024,0.17931720627097758,train
2017-04-24,-1.6043239685135913,-1.74375142092559,0.13942745241199872,train
2017-04-25,-1.6439918275029004,-1.5362164664382911,-0.10777536106460928,train
2017-04-26,-1.651346017061308,-1.6207990192489539,-0.030546997812354038,train
2017-04-27,-1.6687207489247282,-1.5215012495190101,-0.1472194994057181,train
2017-04-28,-1.741873964008691,-1.4190418756765717,-0.3228320883321194,train
2017-05-01,-1.7222266316879387,-1.42583367564577,-0.29639295604216875,train
2017-05-02,-1.6912589804091236,-1.6692920934041604,-0.021966887004963187,train
2017-05-03,-1.6862570488918016,-1.672623793512166,-0.013633255379635667,train
2017-05-04,-1.6396667420154534,-1.7426393165328125,0.10297257451735908,train
2017-05-05,-1.6626913339542446,-1.7069387474897835,0.04424741353553885,train
2017-05-08,-1.6720817614982044,-1.7673278540271204,0.09524609252891603,train
2017-05-09,-1.6470656801861523,-1.6500924370530545,0.003026756866902236,train
2017-05-10,-1.6389225258118487,-1.6467522706728406,0.00782974486099186,train
2017-05-11,-1.6216719328936124,-1.6334277128693289,0.011755779975716418,train
2017-05-12,-1.6272434028049922,-1.6862490100802585,0.05900560727526627,train
2017-05-15,-1.6389384549488277,-1.6744191931125876,0.03548073816375985,train
2017-05-16,-1.5563280032872315,-1.7668039159104438,0.2104759126232123,train
2017-05-17,-1.556079895766403,-1.698451258865799,0.1423713630993959,train
2017-05-18,-1.576609982815838,-1.6596617541664611,0.08305177135062314,train
2017-05-19,-1.6181006999808696,-1.564930405570729,-0.05317029441014065,train
2017-05-22,-1.628418579286703,-1.6165334280279244,-0.011885151258778537,train
2017-05-23,-1.6731253803261477,-1.4893903375302138,-0.1837350427959339,train
2017-05-24,-1.729565680188598,-1.4296001387644606,-0.29996554142413734,train
2017-05-25,-1.7812749789779951,-1.4224858451995623,-0.3587891337784328,train
2017-05-26,-1.7769778041035678,-1.5273743252714835,-0.24960347883208422,train
2017-05-29,-1.7410314036212498,-1.508847631909025,-0.23218377171222482,train
2017-05-30,-1.5550427360624317,-1.7094917819144773,0.15444904585204555,train
2017-05-31,-1.578902137190647,-1.555518895963706,-0.02338324122694102,train
2017-06-01,-1.586981407138825,-1.6057502980950606,0.018768890956235573,train
2017-06-02,-1.591956517723197,-1.649295234091539,0.05733871636834209,train
2017-06-05,-1.6385864354236641,-1.5189882182107128,-0.11959821721295127,train
2017-06-06,-1.632432334522289,-1.6034007455091936,-0.029031589013095438,train
2017-06-07,-1.6270947498097854,-1.6706343001837323,0.043539550373946856,train
2017-06-08,-1.6578782197951267,-1.5270908497273428,-0.13078737006778396,train
2017-06-09,-1.6918822134747786,-1.5341915779064215,-0.15769063556835716,train
2017-06-12,-1.7141813448542282,-1.5448119388024626,-0.16936940605176565,train
2017-06-13,-1.677322187860654,-1.635392809466023,-0.041929378394630845,train
2017-06-14,-1.6548750388363807,-1.6519514172167353,-0.0029236216196453224,train
2017-06-15,-1.721991470623809,-1.454577734463618,-0.26741373616019115,train
2017-06-16,-1.7455613456983605,-1.5580193854009727,-0.1875419602973878,train
2017-06-19,-1.7109036014616346,-1.6770131883056858,-0.03389041315594876,train
2017-06-20,-1.7078826550383244,-1.7168372789042545,0.008954623865930156,train
2017-06-21,-1.6559053429252757,-1.7043197028393642,0.04841435991408849,train
2017-06-22,-1.6335753375684094,-1.8757103239539314,0.242134986385522,train
2017-06-23,-1.6263481998013998,-1.955533747926466,0.3291855481250663,train
2017-06-26,-1.5951924979291263,-1.9864455144080724,0.39125301647894606,train
2017-06-27,-1.5432572036952037,-1.8769784953998032,0.3337212917045995,train
2017-06-28,-1.548493697173185,-1.7320425370694326,0.18354883989624748,train
2017-06-29,-1.6960447821370197,-1.4267329834458473,-0.2693117986911724,train
2017-06-30,-1.6918856391723212,-1.49020615794409,-0.2016794812282312,train
2017-07-03,-1.6830404234446745,-1.4728102667666565,-0.21023015667801803,train
2017-07-04,-1.6485894313972476,-1.5406940727210081,-0.10789535867623945,train
2017-07-05,-1.6214011340130134,-1.6595207732458674,0.038119639232854,train
2017-07-06,-1.5579091759865027,-1.7520959970201886,0.1941868210336859,train
2017-07-07,-1.559670273626786,-1.7755362905769438,0.21586601695015784,train
2017-07-10,-1.5654445415011937,-1.7292853602397324,0.16384081873853873,train
2017-07-11,-1.512691821192133,-1.8718677301595168,0.35917590896738383,train
2017-07-12,-1.4874293085904462,-1.805474762563606,0.31804545397315986,train
2017-07-13,-1.471726073207243,-1.687281351751348,0.21555527854410506,train
2017-07-14,-1.4788070491706051,-1.676331707194485,0.19752465802387986,train
2017-07-17,-1.4639900126427101,-1.6922154542747678,0.2282254416320577,train
2017-07-18,-1.4091493276643081,-1.7726419251024623,0.3634925974381542,train
2017-07-19,-1.3926162831509143,-1.6231811900418438,0.23056490689092946,train
2017-07-20,-1.3626410351423865,-1.7636828908113453,0.4010418556689588,train
2017-07-21,-1.3972947936672866,-1.6003160990255447,0.20302130535825813,train
2017-07-24,-1.40198274213916,-1.652552888410316,0.25057014627115604,train
2017-07-25,-1.395269306942618,-1.6737813809786206,0.27851207403600253,train
2017-07-26,-1.420830467238768,-1.5956947371749477,0.17486426993617976,train
2017-07-27,-1.409213637518843,-1.427941388675231,0.018727751156387917,train
2017-07-28,-1.4427761963142607,-1.4691460267934187,0.026369830479157974,train
2017-07-31,-1.4130954539218163,-1.5015362118363296,0.08844075791451322,train
2017-08-01,-1.4117840602867753,-1.438905714537181,0.027121654250405802,train
2017-08-02,-1.3960226827452014,-1.455952477933018,0.059929795187816604,train
2017-08-03,-1.331882804450007,-1.4508208834613292,0.11893807901132214,train
2017-08-04,-1.3419016529430805,-1.4748136424173732,0.13291198947429272,train
2017-08-07,-1.3692633351434949,-1.3466406627220868,-0.02262267242140803,train
2017-08-08,-1.3635453104363235,-1.4984365121053063,0.13489120166898272,train
2017-08-09,-1.3084676035449438,-1.4749953569126926,0.16652775336774872,train
2017-08-10,-1.3005094448328405,-1.3789856130634561,0.07847616823061565,train
2017-08-11,-1.3190753674646611,-1.3761229406217856,0.0570475731571245,train
2017-08-14,-1.349519573432447,-1.367228471923849,0.017708898491402003,train
2017-08-15,-1.3440569739753672,-1.4273493731923335,0.0832923992169663,train
2017-08-16,-1.3295704409437834,-1.3416784369151484,0.012107995971365026,train
2017-08-17,-1.351358890537653,-1.2760441324111729,-0.07531475812648014,train
2017-08-18,-1.3795283797271267,-1.2665189378573074,-0.11300944186981932,train
2017-08-21,-1.3897319297961284,-1.2813394778856222,-0.10839245191050617,train
2017-08-22,-1.2981923211095774,-1.385760861995252,0.08756854088567456,train
2017-08-23,-1.2890315000626633,-1.4142675431198106,0.1252360430571473,train
2017-08-24,-1.2843935052511022,-1.4741859635464254,0.1897924582953232,train
2017-08-25,-1.269332729042569,-1.6409013140207538,0.3715685849781847,train
2017-08-28,-1.2987262114709113,-1.437287945873479,0.1385617344025678,train
2017-08-29,-1.285268304095029,-1.6037165929015065,0.31844828880647746,train
2017-08-30,-1.3194482844752045,-1.410878207595999,0.09142992312079445,train
2017-08-31,-1.3310303092398803,-1.4144176286542087,0.08338731941432842,train
2017-09-01,-1.3546785350320307,-1.3075773928531835,-0.0471011421788472,train
2017-09-04,-1.4446008873518559,-1.2016324471228326,-0.2429684402290233,train
2017-09-05,-1.443543319292182,-1.3142021118092386,-0.12934120748294342,train
2017-09-06,-1.4750079307904616,-1.296712433150756,-0.17829549763970554,train
2017-09-07,-1.4626194512442998,-1.36551937493275,-0.09710007631154971,train
2017-09-08,-1.5488776333536778,-1.203499552167837,-0.3453780811858407,train
2017-09-11,-1.5996257441106747,-1.2636172203167115,-0.3360085237939632,train
2017-09-12,-1.597414466755299,-1.3657528515394861,-0.23166161521581285,train
2017-09-13,-1.6075313925717576,-1.4189602700621422,-0.18857112250961539,train
2017-09-14,-1.5724817535074376,-1.3830456587253814,-0.18943609478205614,train
2017-09-15,-1.6267816726719257,-1.3404772394299345,-0.2863044332419913,train
2017-09-18,-1.6626887087792286,-1.408941828313392,-0.2537468804658365,train
2017-09-19,-1.6762828262636276,-1.4477365088206442,-0.22854631744298337,train
2017-09-20,-1.6779248707316186,-1.4064123146804568,-0.27151255605116176,train
2017-09-21,-1.802995688242409,-1.1859065363737615,-0.6170891518686474,train
2017-09-22,-1.8259915516192284,-1.3281602362078628,-0.4978313154113656,train
2017-09-25,-1.8438833988172447,-1.3634876049181721,-0.4803957938990726,train
2017-09-26,-1.8525242147663241,-1.3473398103786736,-0.5051844043876506,train
2017-09-27,-1.8072596815124156,-1.2893020676046771,-0.5179576139077384,train
2017-09-28,-1.7872697147797656,-1.4026037062693844,-0.38466600851038124,train
2017-09-29,-1.7970259547485894,-1.436494962884105,-0.36053099186448434,train
2017-10-02,-1.80622744172294,-1.4367347296363624,-0.36949271208657763,train
2017-10-03,-1.805394257742261,-1.4725885012086155,-0.3328057565336455,train
2017-10-04,-1.7836771472567758,-1.5725399182752153,-0.2111372289815605,train
2017-10-05,-1.7746980118718663,-1.5634755530115352,-0.21122245886033109,train
2017-10-06,-1.7684028086280015,-1.6615791044584927,-0.10682370416950882,train
2017-10-09,-1.7917537518158586,-1.562831259748096,-0.2289224920677626,train
2017-10-10,-1.7849329404701682,-1.7344769314704114,-0.050456008999756774,train
2017-10-11,-1.785397819014629,-1.692946895787565,-0.09245092322706383,train
2017-10-12,-1.7978438720621868,-1.6838166590394925,-0.11402721302269425,train
2017-10-13,-1.8053120345878289,-1.7298556757953243,-0.07545635879250456,train
2017-10-16,-1.85929913062534,-1.5756931599102229,-0.28360597071511706,train
2017-10-17,-1.8311051791370454,-1.6725596603154416,-0.15854551882160384,train
2017-10-18,-1.8114324927950212,-1.7336504149670893,-0.0777820778279319,train
2017-10-19,-1.7979973110435992,-1.7490328459945004,-0.04896446504909879,train
2017-10-20,-1.7800159563106142,-1.6455083016087237,-0.1345076547018904,train
2017-10-23,-1.7832699613071317,-1.7381133175610062,-0.04515664374612549,train
2017-10-24,-1.7725263139572793,-1.775875466626008,0.0033491526687285944,train
2017-10-25,-1.7728936264831956,-1.7807713754267083,0.007877748943512675,train
2017-10-26,-1.7754251180455403,-1.7421197964734896,-0.03330532157205068,train
2017-10-27,-1.860031045620847,-1.575222171498381,-0.28480887412246614,train
2017-10-30,-1.8769663428631387,-1.5886203067058366,-0.28834603615730203,train
2017-10-31,-1.8653231424604109,-1.6459881040746742,-0.21933503838573665,train
2017-11-01,-1.836679475315616,-1.6250517848700667,-0.2116276904455492,train
2017-11-02,-1.791140626372775,-1.6136439453645695,-0.17749668100820548,train
2017-11-03,-1.8090676624408055,-1.6299816708198596,-0.17908599162094596,train
2017-11-06,-1.8211781614285711,-1.6556726496600915,-0.1655055117684796,train
2017-11-07,-1.8172821157278103,-1.69954901530205,-0.11773310042576024,train
2017-11-08,-1.822754020644412,-1.7001850833013847,-0.1225689373430272,train
2017-11-09,-1.812536484867416,-1.7462383949887286,-0.06629808987868735,train
2017-11-10,-1.8241754519513702,-1.7482795248324696,-0.07589592711890059,train
2017-11-13,-1.8221997028558208,-1.8154102751772432,-0.0067894276785775975,train
2017-11-14,-1.7844959944215224,-1.8932412908424645,0.1087452964209421,train
2017-11-15,-1.7485514222233025,-1.8311487694632693,0.08259734723996681,train
2017-11-16,-1.7715977561480567,-1.7409441838163184,-0.030653572331738266,train
2017-11-17,-1.7816861862130622,-1.742869154311824,-0.0388170319012382,train
2017-11-20,-1.7876089470496306,-1.7135336909437213,-0.07407525610590926,train
2017-11-21,-1.8283684094998094,-1.5713483357126323,-0.25702007378717706,train
2017-11-22,-1.8395661937070802,-1.6252190109247882,-0.21434718278229203,train
2017-11-23,-1.8431960975430937,-1.6363405722209783,-0.20685552532211537,train
2017-11-24,-1.8486407738087187,-1.7002253305263983,-0.14841544328232037,train
2017-11-27,-1.8626510851091247,-1.693721638380766,-0.16892944672835863,train
2017-11-28,-1.8844031568475823,-1.752895168781139,-0.13150798806644337,train
2017-11-29,-1.9190212522907106,-1.7045921964297701,-0.21442905586094052,train
2017-11-30,-1.9361191140095086,-1.707934201741654,-0.22818491226785476,train
2017-12-01,-1.9733753569051158,-1.61282758377329,-0.36054777313182584,train
2017-12-04,-2.029776292182139,-1.5166661190602024,-0.5131101731219365,train
2017-12-05,-2.023060001152373,-1.6001156522608206,-0.4229443488915523,train
2017-12-06,-2.0320143886635185,-1.622577769731413,-0.4094366189321055,train
2017-12-07,-2.0331948024340507,-1.644384561838507,-0.3888102405955438,train
2017-12-08,-1.9798181076427839,-1.709223985507716,-0.27059412213506784,train
2017-12-11,-1.8964854426645927,-1.7416310634577148,-0.15485437920687795,train
2017-12-12,-1.7971315008598396,-1.809800832226276,0.012669331366436332,train
2017-12-13,-1.7490679619060552,-1.8082516171715333,0.059183655265478086,train
2017-12-14,-1.7065872511636755,-1.7042740412903852,-0.0023132098732903117,train
2017-12-15,-1.6702419712735703,-1.602400790981682,-0.06784118029188835,train
2017-12-18,-1.6202551652186115,-1.6974793567395794,0.07722419152096793,train
2017-12-19,-1.5896019190818524,-1.6818212718969883,0.09221935281513582,train
2017-12-20,-1.5887528786613643,-1.6654771727539384,0.07672429409257409,train
2017-12-21,-1.571068813414796,-1.7291170225283872,0.15804820911359108,train
2017-12-22,-1.5248779964930812,-1.8031030144399736,0.27822501794689236,train
2017-12-26,-1.3449534338620481,-1.7708835969621215,0.42593016310007337,train
2017-12-27,-1.2871972706799077,-1.84337455131624,0.5561772806363323,train
2017-12-28,-1.2592038544673836,-1.8877953925069648,0.6285915380395812,train
2017-12-29,-1.214254718207669,-1.962926744480884,0.7486720262732149,train
2018-01-02,-1.1844498690643572,-1.9695618150887286,0.7851119460243714,train
2018-01-03,-1.1587758482532982,-1.9617402318999744,0.8029643836466762,train
2018-01-04,-1.1251861081575898,-1.943997531402983,0.8188114232453931,train
2018-01-05,-1.101415581439046,-1.903957996997105,0.8025424155580589,train
2018-01-08,-1.069184742015935,-1.8373712045626682,0.7681864625467332,train
2018-01-09,-1.051518724783607,-1.845577713442065,0.7940589886584579,train
2018-01-10,-1.0161983217818142,-1.830105735137666,0.8139074133558517,train
2018-01-11,-1.014775627615515,-1.693560134470811,0.678784506855296,train
2018-01-12,-1.040457688717291,-1.5721344237814359,0.5316767350641449,train
2018-01-15,-1.0690401471710231,-1.4673947392545252,0.3983545920835021,train
2018-01-16,-1.0193619900428221,-1.4277613859739795,0.40839939593115737,train
2018-01-17,-1.0303496589471777,-1.3244130297423529,0.2940633707951752,train
2018-01-18,-1.0523546093575085,-1.2717582364268796,0.2194036270693711,train
2018-01-19,-1.0729875630706511,-1.2903434252298287,0.21735586215917757,train
2018-01-22,-1.0786698790037885,-1.336227129044182,0.25755725004039354,train
2018-01-23,-1.0617537335629095,-1.4441963245113478,0.38244259094843835,train
2018-01-24,-1.0557750293211687,-1.4444702402091734,0.3886952108880046,train
2018-01-25,-1.0758872250903897,-1.3977939002607112,0.32190667517032145,train
2018-01-26,-1.2067720824551287,-1.1693277957924613,-0.037444286662667414,train
2018-01-29,-1.227822367681005,-1.1962464441661123,-0.03157592351489269,train
2018-01-30,-1.2384210682747119,-1.1840778258445712,-0.05434324243014066,train
2018-01-31,-1.2460707241419573,-1.0862464750996037,-0.1598242490423536,train
2018-02-01,-1.2543087348947248,-1.0953946331482234,-0.15891410174650145,train
2018-02-02,-1.2504827996794556,-1.1654021007744269,-0.08508069890502878,train
2018-02-05,-1.2718508298211921,-1.1389349835076361,-0.13291584631355602,train
2018-02-06,-1.2899909367625482,-1.1217265734528574,-0.16826436330969075,train
2018-02-07,-1.2918042428950192,-1.0770161234442162,-0.214788119450803,train
2018-02-08,-1.3031551012928648,-1.1134156470881083,-0.18973945420475657,train
2018-02-09,-1.3538282700023097,-1.0268415798804509,-0.32698669012185877,train
2018-02-12,-1.3678435042657116,-1.0751414619687922,-0.2927020422969193,train
2018-02-13,-1.3710576157765406,-1.1507352029795976,-0.22032241279694298,train
2018-02-14,-1.3859063408559018,-1.1944912631580862,-0.19141507769781563,train
2018-02-15,-1.4861314237798369,-1.0083822860882878,-0.47774913769154903,train
2018-02-16,-1.5120899079866654,-1.1168043406629984,-0.39528556732366704,train
2018-02-19,-1.534847654182129,-1.1395416949806076,-0.39530595920152134,train
2018-02-20,-1.5338222427315031,-1.1941644670465223,-0.3396577756849808,train
2018-02-21,-1.5288680380903734,-1.179392867474542,-0.34947517061583144,train
2018-02-22,-1.5465259709329906,-1.2126132476778662,-0.33391272325512444,train
2018-02-23,-1.568965390577867,-1.227625394515828,-0.34133999606203913,train
2018-02-26,-1.5742679709479543,-1.2965920454982929,-0.27767592544966146,train
2018-02-27,-1.5712774625829078,-1.3379257857600895,-0.23335167682281832,train
2018-02-28,-1.6045507859055266,-1.273832169282589,-0.33071861662293767,train
2018-03-01,-1.6358066377984493,-1.3434747254799846,-0.29233191231846467,train
2018-03-02,-1.686346799491249,-1.2869019726817268,-0.3994448268095223,train
2018-03-05,-1.7064912767889633,-1.2968566574556992,-0.40963461933326406,train
2018-03-06,-1.7471327918811836,-1.2238080404062366,-0.5233247514749471,train
2018-03-07,-1.771524672781299,-1.2794907650020437,-0.49203390777925526,train
2018-03-08,-1.7714806894684694,-1.287992008795042,-0.4834886806734273,train
2018-03-09,-1.8403206810355588,-1.2155393172746316,-0.6247813637609272,train
2018-03-12,-1.8177079068892599,-1.304347130697375,-0.5133607761918848,train
2018-03-13,-1.816412811287943,-1.4438785481539704,-0.37253426313397253,train
2018-03-14,-1.8374816630481294,-1.399337526834957,-0.4381441362131724,train
2018-03-15,-1.862739655472216,-1.4204495958223857,-0.44229005964983026,train
2018-03-16,-1.8734276118962765,-1.524347824278765,-0.34907978761751157,train
2018-03-19,-1.8863197253832404,-1.5538974983401084,-0.33242222704313207,train
2018-03-20,-1.8945886686470375,-1.5367730858101485,-0.35781558283688897,train
2018-03-21,-1.897243150681674,-1.5690870829660493,-0.3281560677156248,train
2018-03-22,-1.905004842995958,-1.5517613615685732,-0.3532434814273848,train
2018-03-23,-1.9296702656965798,-1.4865571252764043,-0.4431131404201756,train
2018-03-26,-1.9356863501753385,-1.5068426939150104,-0.42884365626032817,train
2018-03-27,-1.9333064959684747,-1.549569936817056,-0.3837365591514188,train
2018-03-28,-1.8864160140830022,-1.5465580965036574,-0.3398579175793448,train
2018-03-29,-1.8833052930903027,-1.5290497992305627,-0.35425549385974,train
2018-03-30,-1.874042403709057,-1.5999777886638544,-0.27406461504520263,train
2018-04-02,-1.8385942426853539,-1.798126746248102,-0.04046749643725178,train
2018-04-03,-1.727951598646345,-1.794188737607806,0.0662371389614611,train
2018-04-04,-1.694387261861175,-1.7568399851325278,0.06245272327135276,train
2018-04-05,-1.6564449856412462,-1.774744449154294,0.11829946351304788,train
2018-04-06,-1.6556455315227931,-1.8009787104621542,0.14533317893936104,train
2018-04-09,-1.6455798588665844,-1.6688250719608633,0.02324521309427885,train
2018-04-10,-1.6333261704883886,-1.6992427529259895,0.0659165824376009,train
2018-04-11,-1.6193191692016087,-1.5948000753894334,-0.02451909381217532,train
2018-04-12,-1.6092311751063504,-1.6902161958980635,0.0809850207917131,train
2018-04-13,-1.6075436380169577,-1.6883369131242307,0.08079327510727308,train
2018-04-16,-1.5767900357400213,-1.7802683996630857,0.2034783639230644,train
2018-04-17,-1.5364365950455117,-1.8010288290118075,0.26459223396629583,train
2018-04-18,-1.5021851526460412,-1.85902705790875,0.35684190526270876,train
2018-04-19,-1.4953596132140268,-1.8366904851143544,0.3413308719003276,train
2018-04-20,-1.488188254067393,-1.8227040792859919,0.3345158252185989,train
2018-04-23,-1.4813577912795375,-1.7835529415731792,0.30219515029364175,train
2018-04-24,-1.4280140801648575,-1.7572562511588679,0.3292421709940103,train
2018-04-25,-1.421495950975077,-1.730900178370814,0.3094042273957369,train
2018-04-26,-1.4046221789053888,-1.731842752432105,0.3272205735267162,train
2018-04-27,-1.4252997632515692,-1.6029397095927842,0.17763994634121505,train
2018-04-30,-1.3833598367612456,-1.6318535341751428,0.24849369741389715,train
2018-05-01,-1.3413644213672915,-1.6333487556212147,0.29198433425392323,train
2018-05-02,-1.28690960957862,-1.6082933217769737,0.3213837121983536,train
2018-05-03,-1.316756207446617,-1.3977410539874222,0.08098484654080518,train
2018-05-04,-1.3352133556525558,-1.4441827223725734,0.10896936672001756,train
2018-05-07,-1.3468466711497478,-1.3900841118385134,0.04323744068876567,train
2018-05-08,-1.3191489660769304,-1.4800739490986738,0.1609249830217434,train
2018-05-09,-1.327556475422151,-1.3968765853925058,0.06932010997035487,train
2018-05-10,-1.3273669521294156,-1.4829015196258386,0.15553456749642303,train
2018-05-11,-1.3532074648235826,-1.4200130123631345,0.06680554753955192,train
2018-05-14,-1.3397989126217722,-1.5252884002874652,0.18548948766569295,train
2018-05-15,-1.3120827064696763,-1.537353028432023,0.22527032196234664,train
2018-05-16,-1.2641897058915865,-1.4782714033776716,0.21408169748608508,train
2018-05-17,-1.243722187196287,-1.4121645289672289,0.16844234177094197,train
2018-05-18,-1.2630060672908527,-1.4122808034067535,0.1492747361159008,train
2018-05-21,-1.238441317658615,-1.4534296558623874,0.21498833820377228,train
2018-05-22,-1.2318072579493229,-1.4241546787710093,0.19234742082168643,train
2018-05-23,-1.2055740822729981,-1.4276941793596731,0.22212009708667502,train
2018-05-24,-1.228124440581663,-1.306515651486955,0.078391210905292,train
2018-05-25,-1.2215243221697145,-1.3979130918309401,0.17638876966122563,train
2018-05-28,-1.229385465148299,-1.3481867104408192,0.11880124529252023,train
2018-05-29,-1.2198189959684713,-1.3708329883010837,0.15101399233261237,train
2018-05-30,-1.2322294210818692,-1.2325549744960176,0.0003255534141484162,train
2018-05-31,-1.2199140842953045,-1.2236932090383241,0.0037791247430196684,train
2018-06-01,-1.2613288829651879,-1.1256670288365318,-0.13566185412865606,train
2018-06-04,-1.2863406356025358,-1.1530444349623539,-0.13329620064018188,train
2018-06-05,-1.2929312986001493,-1.2242150690592912,-0.0687162295408581,train
2018-06-06,-1.3086168184295952,-1.232905510872246,-0.07571130755734923,train
2018-06-07,-1.3276013354482077,-1.2227812550733885,-0.10482008037481916,train
2018-06-08,-1.3346346989533295,-1.323342139743465,-0.011292559209864494,train
2018-06-11,-1.3410136762670475,-1.3641118569422181,0.023098180675170665,train
2018-06-12,-1.3268028440273774,-1.3818317835340277,0.05502893950665033,train
2018-06-13,-1.338796984006739,-1.3503488206434584,0.011551836636719326,train
2018-06-14,-1.3614319472546843,-1.3148123673416536,-0.04661957991303067,train
2018-06-15,-1.4367650562398118,-1.1838607953267395,-0.2529042609130723,train
2018-06-18,-1.4864251017774266,-1.145928109465157,-0.3404969923122696,train
2018-06-19,-1.4878525660385962,-1.2590627325520498,-0.22878983348654636,train
2018-06-20,-1.478845241482287,-1.1586307522586077,-0.32021448922367934,train
2018-06-21,-1.4766936799754835,-1.2089509620343124,-0.2677427179411711,train
2018-06-22,-1.5189067739124902,-1.1771630446386732,-0.341743729273817,train
2018-06-25,-1.5433606349596458,-1.2306108634162807,-0.31274977154336514,train
2018-06-26,-1.5513770044811854,-1.2131583428860608,-0.3382186615951246,train
2018-06-27,-1.549403096546904,-1.2767315727181698,-0.27267152382873405,train
2018-06-28,-1.582913049354182,-1.2340328212059961,-0.348880228148186,train
2018-06-29,-1.640752900897098,-1.2162632673317928,-0.4244896335653052,train
2018-07-02,-1.7213515387225127,-1.1437838863693734,-0.5775676523531392,train
2018-07-03,-1.7512667983097805,-1.2286850419603028,-0.5225817563494777,train
2018-07-04,-1.7600764923847503,-1.27616663463008,-0.4839098577546703,train
2018-07-05,-1.7513814959725267,-1.3433266203145626,-0.40805487565796406,train
2018-07-06,-1.7643611806231925,-1.3945080037396478,-0.3698531768835447,train
2018-07-09,-1.7927036412052872,-1.448241656695484,-0.34446198450980314,train
2018-07-10,-1.8030211519300807,-1.490669234840261,-0.3123519170898197,train
2018-07-11,-1.8148246602041505,-1.505028555862977,-0.30979610434117344,train
2018-07-12,-1.7378049656284067,-1.4073979963645427,-0.33040696926386404,train
2018-07-13,-1.7036294263476528,-1.4475776582721531,-0.2560517680754997,train
2018-07-16,-1.6905425281814481,-1.4606030803745575,-0.22993944780689057,train
2018-07-17,-1.6555451742317786,-1.5464593033289766,-0.10908587090280197,train
2018-07-18,-1.6318351999127823,-1.5264097254819236,-0.1054254744308587,train
2018-07-19,-1.6200430251404783,-1.576111333077364,-0.043931692063114314,train
2018-07-20,-1.6742036143696781,-1.436452024246935,-0.23775159012274316,train
2018-07-23,-1.6595252182334626,-1.456500432134032,-0.20302478609943053,train
2018-07-24,-1.6438390491064576,-1.4892135091515313,-0.15462553995492634,train
2018-07-25,-1.6272635820786912,-1.4851924982895452,-0.1420710837891459,train
2018-07-26,-1.6113684751688861,-1.4502816585627416,-0.16108681660614455,train
2018-07-27,-1.6229501399459032,-1.494376640323348,-0.12857349962255515,train
2018-07-30,-1.6090407807727924,-1.6280778251493324,0.01903704437653997,train
2018-07-31,-1.5919802052399363,-1.7098668003629216,0.11788659512298527,train
2018-08-01,-1.5800970347156629,-1.6763717802736784,0.09627474555801552,train
2018-08-02,-1.5497190368215545,-1.7550116720156343,0.2052926351940798,train
2018-08-03,-1.5502597750117855,-1.7693078249761967,0.21904804996441118,train
2018-08-06,-1.5496170236533235,-1.7108359614917987,0.16121893783847518,train
2018-08-07,-1.5111064414927082,-1.7497963408177737,0.23868989932506546,train
2018-08-08,-1.4890315554188591,-1.8290213655092125,0.33998981009035334,train
2018-08-09,-1.4644589245717043,-1.7922471279221484,0.327788203350444,train
2018-08-10,-1.4616093350189217,-1.8206085292825467,0.35899919426362503,train
2018-08-13,-1.540736722495934,-1.5805942980367624,0.03985757554082836,train
2018-08-14,-1.561658255728474,-1.5537443282221892,-0.007913927506284724,train
2018-08-15,-1.5611173797814974,-1.5096776812784414,-0.051439698503056075,train
2018-08-16,-1.58245292722977,-1.432196011352999,-0.15025691587677104,train
2018-08-17,-1.6198488245758111,-1.3639368084689534,-0.25591201610685776,train
2018-08-20,-1.6197203500663693,-1.455092922487304,-0.16462742757906534,train
2018-08-21,-1.6108025696075474,-1.5608555624981277,-0.04994700710941968,train
2018-08-22,-1.6288239187219244,-1.466625480505181,-0.1621984382167434,train
2018-08-23,-1.6472783982084718,-1.4976875035539683,-0.14959089465450348,train
2018-08-24,-1.6493440236409156,-1.4878252483679972,-0.16151877527291836,train
2018-08-27,-1.6781210409401464,-1.4510958504797808,-0.2270251904603655,train
2018-08-28,-1.6597429792345002,-1.5083990461329009,-0.15134393310159933,train
2018-08-29,-1.6320189161065248,-1.5308024811082814,-0.1012164349982434,train
2018-08-30,-1.6346350033819925,-1.5425985517219458,-0.0920364516600467,train
2018-08-31,-1.6505857613611614,-1.5203166477978043,-0.13026911356335713,train
2018-09-03,-1.671191343529536,-1.4934641670105493,-0.17772717651898673,train
2018-09-04,-1.635173837051446,-1.560857772994964,-0.07431606405648195,train
2018-09-05,-1.6238502537254975,-1.532436632069388,-0.09141362165610945,train
2018-09-06,-1.6401380601226483,-1.4281603495921633,-0.21197771053048498,train
2018-09-07,-1.6537287693462022,-1.4586745090203452,-0.19505426032585693,train
2018-09-10,-1.668496362536389,-1.425257983162378,-0.24323837937401116,train
2018-09-11,-1.663126936074231,-1.4892889042794972,-0.17383803179473367,train
2018-09-12,-1.6329001729189887,-1.4959465852774247,-0.13695358764156396,train
2018-09-13,-1.6427490254370833,-1.5018931527846175,-0.1408558726524658,train
2018-09-14,-1.6674189591745914,-1.480210687909572,-0.18720827126501938,train
2018-09-17,-1.6724638623869297,-1.5474688407700605,-0.12499502161686915,train
2018-09-18,-1.6581430240200001,-1.627012495919656,-0.031130528100344224,train
2018-09-19,-1.6652886534059999,-1.547383995105427,-0.11790465830057295,train
2018-09-20,-1.6516910723110705,-1.5653354008065237,-0.08635567150454682,train
2018-09-21,-1.6657010923095068,-1.5543427838291117,-0.11135830848039507,train
2018-09-24,-1.6562522347322675,-1.6091290879349613,-0.047123146797306115,train
2018-09-25,-1.6694114341450257,-1.5057560560921788,-0.1636553780528469,train
2018-09-26,-1.6638614450005331,-1.5726697112897865,-0.09119173371074663,train
2018-09-27,-1.6698167255148861,-1.514550924725031,-0.15526580078985508,train
2018-09-28,-1.6784646928052964,-1.465803115920581,-0.21266157688471532,train
2018-10-01,-1.6826406402203546,-1.5228928334125842,-0.15974780680777045,train
2018-10-02,-1.6749065067706195,-1.5647104817013477,-0.11019602506927173,train
2018-10-03,-1.6773636695561274,-1.5499301510969385,-0.12743351845918882,train
2018-10-04,-1.688371680073431,-1.4720856398310755,-0.21628604024235543,train
2018-10-05,-1.715732344567491,-1.5071469932977422,-0.20858535126974886,train
2018-10-08,-1.7405656293832619,-1.4889537427699522,-0.2516118866133097,train
2018-10-09,-1.6533993536077678,-1.5458250580505795,-0.10757429555718834,train
2018-10-10,-1.6492717865679727,-1.514493380465609,-0.13477840610236358,train
2018-10-11,-1.6481153260897563,-1.5760761606842943,-0.07203916540546196,train
2018-10-12,-1.6619104231328379,-1.4876245402821413,-0.17428588285069657,train
2018-10-15,-1.6429428618181467,-1.563525363723308,-0.07941749809483878,train
2018-10-16,-1.5784872411462971,-1.6046158189452369,0.026128577798939734,train
2018-10-17,-1.5193316151538592,-1.6125234950898157,0.09319187993595657,train
2018-10-18,-1.5054581582087447,-1.5893518899051484,0.08389373169640368,train
2018-10-19,-1.5067562433240533,-1.6225341797434445,0.11577793641939116,train
2018-10-22,-1.521017231594011,-1.5639461699447432,0.042928938350732304,train
2018-10-23,-1.502433290945287,-1.5892057651451204,0.08677247419983325,train
2018-10-24,-1.5148414943737845,-1.5543345599675316,0.0394930655937471,train
2018-10-25,-1.5145174410753146,-1.551263499041065,0.03674605796575037,train
2018-10-26,-1.5236721067269157,-1.5478156305072992,0.024143523780383536,train
2018-10-29,-1.5241701927316476,-1.5495812059220295,0.02541101319038197,train
2018-10-30,-1.4799504398553487,-1.5030055696340532,0.023055129778704497,train
2018-10-31,-1.4673860742304672,-1.584087009405768,0.11670093517530078,train
2018-11-01,-1.4778147545547318,-1.5548244896990664,0.07700973514433462,train
2018-11-02,-1.4638213057178362,-1.571512576196543,0.10769127047870675,train
2018-11-05,-1.4754073854672125,-1.5238608347775005,0.048453449310287944,train
2018-11-06,-1.4684687090998754,-1.659580192215648,0.19111148311577253,train
2018-11-07,-1.4491247272572938,-1.6698389623266445,0.22071423506935073,train
2018-11-08,-1.466549805220162,-1.448781639232525,-0.017768165987636975,train
2018-11-09,-1.4592439846034544,-1.5127589456030428,0.05351496099958841,train
2018-11-12,-1.4545744468042667,-1.5682185592963809,0.11364411249211415,train
2018-11-13,-1.453231664540902,-1.4879351276525283,0.03470346311162631,train
2018-11-14,-1.4550664876694772,-1.427438172413733,-0.027628315255744162,train
2018-11-15,-1.5032423477054317,-1.3701253641923514,-0.13311698351308032,train
2018-11-16,-1.5673669946616242,-1.2995546073330957,-0.2678123873285285,train
2018-11-19,-1.5880212738469086,-1.325129728501758,-0.2628915453451506,train
2018-11-20,-1.551668609300967,-1.3798895617932345,-0.17177904750773254,train
2018-11-21,-1.524745234510515,-1.4124338751166445,-0.11231135939387049,train
2018-11-22,-1.5160507126631106,-1.3988290844803426,-0.11722162818276805,train
2018-11-23,-1.504374425202557,-1.554522015124832,0.05014758992227497,train
2018-11-26,-1.5110346465463673,-1.532236363328642,0.02120171678227467,train
2018-11-27,-1.4742569039327478,-1.5798305873897558,0.10557368345700802,train
2018-11-28,-1.4664332571164747,-1.531428016683677,0.06499475956720224,train
2018-11-29,-1.527810969311039,-1.3992191479584002,-0.1285918213526389,train
2018-11-30,-1.516791934991288,-1.439916450315947,-0.076875484675341,train
2018-12-03,-1.4634014198080023,-1.513850495053115,0.05044907524511277,train
2018-12-04,-1.4489112515486582,-1.4123232704453517,-0.03658798110330652,train
2018-12-05,-1.4565188685428554,-1.444518201369877,-0.01200066717297843,train
2018-12-06,-1.4517812170148146,-1.536854436550318,0.08507321953550351,train
2018-12-07,-1.443980207128506,-1.4813990560027317,0.03741884887422575,train
2018-12-10,-1.4813022724065674,-1.3525703651255023,-0.1287319072810651,train
2018-12-11,-1.485243956901164,-1.392932148516341,-0.09231180838482289,train
2018-12-12,-1.4924238814691635,-1.4200711337848848,-0.07235274768427868,train
2018-12-13,-1.4904089741843964,-1.3620526167040565,-0.1283563574803399,train
2018-12-14,-1.5113876255912124,-1.3597139550520798,-0.1516736705391326,train
2018-12-17,-1.5226239758712532,-1.4655361996160678,-0.05708777625518535,train
2018-12-18,-1.5280932729904908,-1.5722151399192574,0.04412186692876663,train
2018-12-19,-1.5453958494263167,-1.588099610118173,0.04270376069185633,train
2018-12-20,-1.6009167732170069,-1.4689335192980806,-0.1319832539189263,train
2018-12-21,-1.6483445890892963,-1.4550876095844743,-0.193256979504822,train
2018-12-24,-1.6611858410678375,-1.4148422174763602,-0.24634362359147732,train
2018-12-26,-1.668447294351773,-1.423130886918444,-0.24531640743332894,train
2018-12-27,-1.6808083103973928,-1.434838965601492,-0.24596934479590082,train
2018-12-28,-1.7377639534530795,-1.3535618623165546,-0.3842020911365249,train
2018-12-31,-1.7090372805792284,-1.3913762600858763,-0.3176610204933521,train
2019-01-02,-1.7129453412078737,-1.4872658694856375,-0.22567947172223612,train
2019-01-03,-1.7348870926563613,-1.419288821679575,-0.3155982709767864,train
2019-01-04,-1.8193989261508297,-1.293033755465407,-0.5263651706854227,train
2019-01-07,-1.8891851867274672,-1.3130176228441817,-0.5761675638832855,train
2019-01-08,-1.9168161617372044,-1.4213054902771702,-0.49551067146003414,train
2019-01-09,-1.9447848643684753,-1.3966890473312064,-0.548095817037269,train
2019-01-10,-2.0115988244010916,-1.3524395159011506,-0.659159308499941,train
2019-01-11,-2.046010001361549,-1.4283055885819895,-0.6177044127795595,train
2019-01-14,-2.087030151035152,-1.4453789091535076,-0.6416512418816442,train
2019-01-15,-2.089245279641587,-1.4906399646646444,-0.5986053149769424,train
2019-01-16,-2.093710664662648,-1.4150378073350605,-0.6786728573275878,train
2019-01-17,-2.0996602803002964,-1.5301429101891353,-0.5695173701111611,train
2019-01-18,-2.111904143164212,-1.5927838941589223,-0.5191202490052897,train
2019-01-21,-2.0929380997382645,-1.6799363249027943,-0.4130017748354702,train
2019-01-22,-2.0676953214688094,-1.8174083655345477,-0.25028695593426176,train
2019-01-23,-2.044328342381427,-1.8859193889179031,-0.1584089534635238,train
2019-01-24,-2.0388171967469964,-1.9256409886346542,-0.11317620811234219,train
2019-01-25,-2.0952401968898333,-1.7837434130059195,-0.3114967838839138,train
2019-01-28,-2.113506909357212,-1.7949382325087837,-0.31856867684842816,train
2019-01-29,-2.1086345314045865,-1.7954054798255228,-0.31322905157906367,train
2019-01-30,-2.0924578323887584,-1.81886591649672,-0.27359191589203835,train
2019-01-31,-2.194658492562758,-1.5899059682396344,-0.6047525243231238,train
2019-02-01,-2.2265645747474654,-1.7064353094124292,-0.5201292653350362,train
2019-02-04,-2.2442718531573163,-1.6968366691357608,-0.5474351840215554,train
2019-02-05,-2.248598522947463,-1.8163353866886063,-0.4322631362588567,train
2019-02-06,-2.209125968971564,-1.8758674220859637,-0.3332585468856004,train
2019-02-07,-2.1861838591525338,-2.0405789421695726,-0.14560491698296119,train
2019-02-08,-2.1870085456313006,-2.049356841061984,-0.13765170456931664,train
2019-02-11,-2.1461643141336872,-2.181978208730759,0.03581389459707163,train
2019-02-12,-2.1454633983306546,-2.111666815973118,-0.033796582357536575,train
2019-02-13,-2.153945306117164,-2.0913054243312694,-0.06263988178589441,train
2019-02-14,-2.1736780813632124,-2.005587530632817,-0.16809055073039536,train
2019-02-15,-2.245147266145811,-1.8867036913620254,-0.3584435747837855,train
2019-02-18,-2.2661132165359543,-1.9073752849434291,-0.3587379315925252,train
2019-02-19,-2.1549446425630454,-1.9678576416347848,-0.18708700092826058,train
2019-02-20,-2.1571394948753064,-1.8888482080173306,-0.2682912868579759,train
2019-02-21,-2.0593500243878764,-1.8963979734284084,-0.16295205095946796,train
2019-02-22,-2.0758950791687054,-1.9042493812219914,-0.17164569794671403,train
2019-02-25,-2.0832353575691642,-1.941482640232929,-0.14175271733623518,train
2019-02-26,-2.0595468005724165,-1.983263172952256,-0.07628362762016039,train
2019-02-27,-2.034093570006829,-1.9905849109715215,-0.04350865903530776,train
2019-02-28,-2.0230240716684786,-1.9823883717686148,-0.04063569989986382,train
2019-03-01,-2.0380016889068058,-1.96542367913947,-0.07257800976733586,train
2019-03-04,-2.034537842334911,-2.0424558394217267,0.007917997086815731,train
2019-03-05,-2.0277071094095738,-2.0893778573154074,0.0616707479058336,train
2019-03-06,-2.0486993567696428,-2.0268281522627203,-0.02187120450692248,train
2019-03-07,-2.0449765012440215,-2.1234837163146305,0.07850721507060898,train
2019-03-08,-2.078605335247719,-2.0123084833145235,-0.06629685193319546,train
2019-03-11,-2.0895553156754683,-2.018344822376048,-0.0712104932994202,train
2019-03-12,-2.0833913274199505,-2.034360684790543,-0.049030642629407595,train
2019-03-13,-2.116215147040371,-1.9339882554468457,-0.18222689159352523,train
2019-03-14,-2.1208109154976507,-1.935602142603179,-0.18520877289447157,train
2019-03-15,-2.134265388450592,-2.003804725656179,-0.13046066279441337,train
2019-03-18,-2.1307463585173605,-2.025657984188195,-0.10508837432916529,train
2019-03-19,-2.124902782091041,-2.1005535396055066,-0.024349242485534273,train
2019-03-20,-2.0923724985648398,-2.1609717797602164,0.06859928119537662,train
2019-03-21,-2.222607616734928,-1.903419544199404,-0.31918807253552406,train
2019-03-22,-2.2714047912513458,-1.9608536682392015,-0.31055112301214427,train
2019-03-25,-2.412021858114895,-1.7440844852232624,-0.6679373728916325,train
2019-03-26,-2.3955775242423267,-1.8494154238526863,-0.5461621003896404,train
2019-03-27,-2.3800931688480964,-1.8560148046001805,-0.5240783642479159,train
2019-03-28,-2.400002360747264,-1.8498931907053313,-0.5501091700419325,train
2019-03-29,-2.4559934161429906,-1.8070417832446943,-0.6489516328982963,train
2019-04-01,-2.490172651132672,-1.8849837274598995,-0.6051889236727725,train
2019-04-02,-2.41248565669287,-1.94279509844706,-0.46969055824580996,train
2019-04-03,-2.424717839798734,-1.9232706647027094,-0.5014471750960245,train
2019-04-04,-2.412315568731749,-1.9618152252391634,-0.4505003434925854,train
2019-04-05,-2.4006263120340283,-2.0760210377288804,-0.32460527430514796,train
2019-04-08,-2.3877838980525374,-2.096993189265887,-0.2907907087866506,train
2019-04-09,-2.368086772759826,-2.1476611795368337,-0.22042559322299216,train
2019-04-10,-2.3420260103853745,-2.147625834477461,-0.19440017590791348,train
2019-04-11,-2.352902644190658,-2.1170376115518073,-0.23586503263885072,train
2019-04-12,-2.3518567443439085,-2.1501187422427392,-0.2017380021011692,train
2019-04-15,-2.3579012400477275,-2.107924176317038,-0.2499770637306895,train
2019-04-16,-2.3176395585733056,-2.195339985027723,-0.12229957354558252,train
2019-04-17,-2.3309444920683964,-2.120527098179653,-0.21041739388874348,train
2019-04-18,-2.341663050786132,-2.154017155940827,-0.1876458948453048,train
2019-04-19,-2.3950885442509224,-2.023592947091319,-0.37149559715960345,train
2019-04-22,-2.3539112647543816,-2.401402297717756,0.0474910329633742,train
2019-04-23,-2.3435138896064855,-2.467172770739685,0.12365888113319956,train
2019-04-24,-2.3252449280053415,-2.375394784177866,0.050149856172524654,train
2019-04-25,-2.3425756550581767,-2.2960605797760683,-0.04651507528210841,train
2019-04-26,-2.3612955393058943,-2.3239610080191473,-0.03733453128674702,train
2019-04-29,-2.3805531852775546,-2.2122990645102636,-0.16825412076729096,train
2019-04-30,-2.3853970437516114,-2.201662372816414,-0.18373467093519746,train
2019-05-01,-2.362537542596337,-2.1923353244885746,-0.17020221810776226,train
2019-05-02,-2.4300582855814885,-2.035204421035697,-0.3948538645457913,train
2019-05-03,-2.3712243899231393,-2.181877890138115,-0.1893464997850245,train
2019-05-06,-2.337485271033621,-2.1322863688128977,-0.20519890222072323,train
2019-05-07,-2.253102816396691,-2.1336530874463615,-0.11944972895032935,train
2019-05-08,-2.2112239959685347,-2.0961669882166096,-0.11505700775192507,train
2019-05-09,-2.2229570884528806,-2.138986857548449,-0.08397023090443145,train
2019-05-10,-2.2383128422521397,-2.065446696397178,-0.17286614585496185,train
2019-05-13,-2.2246191985664407,-2.150887092771799,-0.07373210579464162,train
2019-05-14,-2.2287201933816823,-2.161149596933329,-0.06757059644835328,train
2019-05-15,-2.2093382088439886,-2.1643602130328192,-0.04497799581116935,train
2019-05-16,-2.2333768044522593,-2.085881180000451,-0.1474956244518082,train
2019-05-17,-2.1785408881202364,-2.202462926809019,0.02392203868878262,train
2019-05-20,-2.1422382348531377,-2.251844801083867,0.10960656623072929,train
2019-05-21,-2.1043863115913872,-2.3285577560961777,0.22417144450479043,train
2019-05-22,-2.074671226011283,-2.2075781514158055,0.13290692540452254,train
2019-05-23,-2.0583654079497196,-2.35065319791352,0.29228778996380056,train
2019-05-24,-2.024915917685659,-2.205704743534101,0.1807888258484418,train
2019-05-28,-2.0168344839243875,-2.203861590172663,0.18702710624827557,train
2019-05-29,-2.0142729500253167,-2.1977377378368645,0.18346478781154785,train
2019-05-30,-2.0093756041897315,-2.245292253214049,0.23591664902431742,train
2019-05-31,-1.9895771900574317,-2.2494190627722053,0.25984187271477355,train
2019-06-03,-1.9954667284968883,-2.1590622946397056,0.16359556614281723,train
2019-06-04,-1.9953191758990463,-2.1898799233830912,0.19456074748404495,train
2019-06-05,-2.0509575573872434,-2.0502340660940797,-0.0007234912931637361,train
2019-06-06,-2.076576167945009,-1.976373255718189,-0.1002029122268202,train
2019-06-07,-2.1607291425462347,-1.8101375092874423,-0.3505916332587924,train
2019-06-10,-2.222214051065236,-1.7968616860451705,-0.4253523650200657,train
2019-06-11,-2.187830320041312,-1.9082890725962298,-0.27954124744508224,train
2019-06-12,-2.1754735316202134,-1.937347156377876,-0.23812637524233748,train
2019-06-13,-2.1933001800440333,-1.957624532072886,-0.23567564797114726,train
2019-06-14,-2.1954199566103307,-2.1058924827223966,-0.08952747388793414,train
2019-06-17,-2.218966782637898,-2.0608950046543564,-0.15807177798354166,train
2019-06-18,-2.229999918945121,-2.116830048016059,-0.11316987092906228,train
2019-06-19,-2.2660876873811384,-1.961759532311162,-0.30432815506997635,train
2019-06-20,-2.2601002205245564,-1.9531784402343253,-0.3069217802902311,train
2019-06-21,-2.300518451157681,-1.87884946986733,-0.4216689812903509,train
2019-06-24,-2.358199816973418,-1.8240807947946678,-0.5341190221787504,train
2019-06-25,-2.3621159318720526,-1.8703397974537872,-0.4917761344182654,train
2019-06-26,-2.3789637414936906,-1.7701754059150079,-0.6087883355786827,train
2019-06-27,-2.396516142650014,-1.8418193017038527,-0.5546968409461615,train
2019-06-28,-2.4100118543064335,-1.9121415344802069,-0.49787031982622665,train
2019-07-01,-2.412291213758475,-1.9648811374519366,-0.4474100763065385,train
2019-07-02,-2.348945858228977,-1.9024364007543217,-0.4465094574746551,train
2019-07-03,-2.320377037706081,-1.9537022002966378,-0.3666748374094433,train
2019-07-04,-2.30485540405993,-1.9705199011444927,-0.3343355029154371,train
2019-07-05,-2.2427924028428707,-2.201470404304237,-0.04132199853863394,train
2019-07-08,-2.2128646682906865,-2.057548083535786,-0.1553165847549005,train
2019-07-09,-2.163691480397553,-2.219181672335977,0.05549019193842408,train
2019-07-10,-2.1141861410630733,-2.297037117395184,0.18285097633211045,train
2019-07-11,-2.1333655283588993,-2.1438430848477363,0.010477556488837081,train
2019-07-12,-2.1482685005184976,-2.0550067075421903,-0.09326179297630732,train
2019-07-15,-2.10886525689464,-2.1679814603279577,0.05911620343331769,train
2019-07-16,-2.0850665067662515,-2.1640347345104427,0.07896822774419121,train
2019-07-17,-2.057177812914502,-2.1270181480029984,0.06984033508849619,train
2019-07-18,-2.0334589448436984,-2.2413184499184666,0.20785950507476825,train
2019-07-19,-2.053289044193673,-2.182882223751518,0.12959317955784488,train
2019-07-22,-2.0865662919971455,-2.089162505837916,0.002596213840770467,train
2019-07-23,-2.0837442858596105,-2.218341125512356,0.13459683965274571,train
2019-07-24,-2.062539053883913,-2.244538314201593,0.1819992603176801,train
2019-07-25,-2.022478177745915,-2.187079709034034,0.16460153128811905,train
2019-07-26,-2.0383130999431827,-2.081831008880139,0.043517908936956395,train
2019-07-29,-2.043998170163097,-2.2135314956077843,0.16953332544468713,train
2019-07-30,-2.0406843628769757,-2.2554442528228416,0.2147598899458658,train
2019-07-31,-2.0316958936691627,-2.2074002565375497,0.17570436286838698,train
2019-08-01,-2.073143252293595,-2.010851825289853,-0.062291427003741795,train
2019-08-02,-2.1083130790443425,-2.039690647899027,-0.06862243114531541,train
2019-08-05,-2.077045285812979,-2.021472849371137,-0.055572436441841955,train
2019-08-06,-2.0959438306883307,-1.892626857097381,-0.2033169735909497,train
2019-08-07,-2.125347912321677,-1.8173426961018633,-0.3080052162198137,train
2019-08-08,-2.1576228727494895,-1.824984571168196,-0.3326383015812935,train
2019-08-09,-2.181145446630119,-1.796340367066462,-0.38480507956365706,train
2019-08-12,-2.1974646583152744,-1.861089853897953,-0.33637480441732137,train
2019-08-13,-2.208787744781303,-1.9294298644595895,-0.2793578803217134,train
2019-08-14,-2.0746480733880244,-1.8602001657156242,-0.21444790767240018,train
2019-08-15,-2.0665486538684745,-1.8972908521770688,-0.1692578016914057,train
2019-08-16,-2.083668000303333,-1.8767418564660594,-0.2069261438372738,train
2019-08-19,-2.0838276633013204,-1.8785776566155317,-0.20525000668578874,train
2019-08-20,-2.0477439142905824,-1.9810568835925366,-0.06668703069804582,train
2019-08-21,-2.037906742308889,-2.0468889841965474,0.008982241887658393,train
2019-08-22,-2.023864142472598,-2.1031389226682053,0.07927478019560752,train
2019-08-23,-2.0203619623387277,-2.0462049791684063,0.0258430168296786,train
2019-08-26,-2.0577314827783817,-1.9498505009133291,-0.10788098186505257,train
2019-08-27,-2.0819840283475877,-1.9305705106051865,-0.1514135177424012,train
2019-08-28,-2.0625300862332514,-2.011466787096951,-0.051063299136300255,train
2019-08-29,-2.047984087568137,-2.0054583831813377,-0.04252570438679948,train
2019-08-30,-2.040286482057752,-1.9662203346004201,-0.07406614745733187,train
2019-09-02,-2.023449811931363,-1.9877499405294872,-0.035699871401875694,train
2019-09-03,-2.0200968413563847,-2.0893045745186605,0.0692077331622758,train
2019-09-04,-2.0103084456042386,-1.8974959239620268,-0.11281252164221178,train
2019-09-05,-2.006383674864556,-1.9230842825582806,-0.08329939230627526,train
2019-09-06,-2.0175564278273694,-1.9430269104779727,-0.07452951734939672,train
2019-09-09,-2.021376173446324,-1.9952076759760815,-0.026168497470242524,train
2019-09-10,-2.034959706516471,-1.9434182342586015,-0.09154147225786935,train
2019-09-11,-2.026471453038497,-2.0773696510396897,0.050898198001192885,train
2019-09-12,-1.9953699873013806,-2.137456743889244,0.14208675658786318,train
2019-09-13,-2.1609987440806937,-1.8111088116663003,-0.34988993241439337,train
2019-09-16,-2.13609106022557,-1.8913445990901403,-0.24474646113542953,train
2019-09-17,-2.111925585390498,-1.939166032971117,-0.17275955241938123,train
2019-09-18,-2.0875875818103724,-1.889998992827873,-0.1975885889824993,train
2019-09-19,-2.1154084810900615,-1.7808830682161534,-0.33452541287390813,train
2019-09-20,-2.123229829285467,-1.9372592123057606,-0.18597061697970663,train
2019-09-23,-2.1160755977598606,-1.9479434981309227,-0.16813209962893794,train
2019-09-24,-2.1419086225549844,-1.9114435012176743,-0.23046512133731012,train
2019-09-25,-2.1119097921859225,-1.9804372257635978,-0.13147256642232463,train
2019-09-26,-2.1207838459563737,-2.0665873134038977,-0.05419653255247603,train
2019-09-27,-2.1510286360530944,-1.9952042077934729,-0.1558244282596215,train
2019-09-30,-2.168439415506212,-1.994947943846387,-0.17349147165982481,train
2019-10-01,-2.15184188596135,-1.9782963120807424,-0.17354557388060776,train
2019-10-02,-2.178322392166514,-1.8947444158816507,-0.28357797628486336,train
2019-10-03,-2.171664721795815,-1.9453072883089457,-0.2263574334868692,train
2019-10-04,-2.2444843891959105,-1.7934883178167556,-0.450996071379155,train
2019-10-07,-2.2528392415351317,-1.8402243194467993,-0.4126149220883324,train
2019-10-08,-2.2648638928485045,-1.9409123632281566,-0.3239515296203479,train
2019-10-09,-2.2639512878256216,-1.991680110332648,-0.2722711774929736,train
2019-10-10,-2.2781214875180855,-1.9995904143394616,-0.2785310731786239,train
2019-10-11,-2.3059758726824615,-2.043151423903897,-0.2628244487785647,train
2019-10-14,-2.3548053738083854,-1.969285220773454,-0.3855201530349315,train
2019-10-15,-2.356776637011347,-2.115943608103726,-0.24083302890762104,train
2019-10-16,-2.435881755627487,-1.9190420843069205,-0.5168396713205665,train
2019-10-17,-2.504307028028242,-1.8812926357995199,-0.6230143922287219,train
2019-10-18,-2.5864359735309814,-1.8187968407347959,-0.7676391327961856,train
2019-10-21,-2.6167260335221476,-1.940768943390001,-0.6759570901321466,train
2019-10-22,-2.6283151283184987,-1.9394557865422957,-0.688859341776203,train
2019-10-23,-2.674220984460793,-1.9306595316636606,-0.7435614527971324,train
2019-10-24,-2.6565832244701744,-2.0786854196252946,-0.5778978048448797,train
2019-10-25,-2.7400478617634443,-1.9786234428798721,-0.7614244188835722,train
2019-10-28,-2.747847163875655,-2.1418150153939584,-0.6060321484816966,train
2019-10-29,-2.7438479601243326,-2.2246816995338685,-0.5191662605904641,train
2019-10-30,-2.769754918053107,-2.2399273150943353,-0.5298276029587718,train
2019-10-31,-2.8376153094454177,-2.071293638773401,-0.7663216706720166,train
2019-11-01,-2.853282853147899,-2.149923001590584,-0.7033598515573152,train
2019-11-04,-2.887824543843195,-2.100114874764794,-0.7877096690784011,train
2019-11-05,-2.883953851685068,-2.1114208922112288,-0.772532959473839,train
2019-11-06,-2.9295995763105505,-2.0376757695111154,-0.8919238067994351,train
2019-11-07,-2.8761328979525076,-2.2253515150863086,-0.650781382866199,train
2019-11-08,-2.9162681055230664,-2.1894229424551828,-0.7268451630678836,train
2019-11-11,-2.919026748115032,-2.297145713339952,-0.6218810347750798,train
2019-11-12,-2.8659582776463424,-2.4031591050789993,-0.46279917256734304,train
2019-11-13,-2.818184707721552,-2.438802956462493,-0.37938175125905893,train
2019-11-14,-2.651034051155962,-2.4195795996901044,-0.2314544514658574,train
2019-11-15,-2.6382457830098063,-2.4755836811220444,-0.16266210188776187,train
2019-11-18,-2.6179490709136544,-2.535656930645348,-0.08229214026830656,train
2019-11-19,-2.6059027596186843,-2.5349455744435634,-0.07095718517512095,train
2019-11-20,-2.5807605206464586,-2.5857970441949805,0.0050365235485219095,train
2019-11-21,-2.581436103928713,-2.546119091987056,-0.035317011941656595,train
2019-11-22,-2.5871520537541963,-2.5797938277490164,-0.00735822600517988,train
2019-11-25,-2.619390121373517,-2.466960963662146,-0.15242915771137122,train
2019-11-26,-2.629585608369009,-2.5565931760209346,-0.0729924323480744,train
2019-11-27,-2.5993157520075605,-2.575597696439875,-0.023718055567685692,train
2019-11-28,-2.5756383427432943,-2.5712399499693577,-0.00439839277393661,train
2019-11-29,-2.557014773884054,-2.6915005624601873,0.13448578857613347,train
2019-12-02,-2.5417081605095864,-2.609318987703932,0.06761082719434564,train
2019-12-03,-2.5490973000267094,-2.551093699225669,0.001996399198959775,train
2019-12-04,-2.5453571828219355,-2.5643624704159995,0.019005287594064058,train
2019-12-05,-2.5370121637281056,-2.5010188436861016,-0.03599332004200395,train
2019-12-06,-2.4996932293271787,-2.4950177878304887,-0.00467544149669008,train
2019-12-09,-2.5197684608886233,-2.3901791884085055,-0.12958927248011776,train
2019-12-10,-2.4810975306796466,-2.6005967089878594,0.11949917830821288,train
2019-12-11,-2.476791006503901,-2.583937960004265,0.10714695350036418,train
2019-12-12,-2.5025266464908755,-2.4752608328186545,-0.02726581367222103,train
2019-12-13,-2.529015699012535,-2.4000275146198184,-0.12898818439271675,train
2019-12-16,-2.6630647142095825,-2.211560926160706,-0.4515037880488766,train
2019-12-17,-2.6813295178164127,-2.2779546232006185,-0.40337489461579423,train
2019-12-18,-2.7082056942226815,-2.233116384729743,-0.4750893094929385,train
2019-12-19,-2.7162062155014755,-2.269207022945594,-0.4469991925558814,train
2019-12-20,-2.7326495561713724,-2.2593337690749307,-0.47331578709644173,train
2019-12-23,-2.672894545866727,-2.404612030978817,-0.2682825148879098,train
2019-12-24,-2.667835145171611,-2.4812500042855667,-0.18658514088604417,train
2019-12-26,-2.6526645495130103,-2.5606725163722626,-0.09199203314074778,train
2019-12-27,-2.64314677643939,-2.6487781785877758,0.005631402148385867,train
2019-12-30,-2.6601762707748677,-2.5193514208032006,-0.1408248499716671,train
2019-12-31,-2.681549943346244,-2.4821227140643756,-0.19942722928186862,train
2020-01-02,-2.6702997503802743,-2.482050640732882,-0.1882491096473924,train
2020-01-03,-2.6970488216225714,-2.347369752523214,-0.3496790690993574,train
2020-01-06,-2.7134501990013473,-2.309779846241201,-0.4036703527601464,train
2020-01-07,-2.721605272441714,-2.3371735107684257,-0.3844317616732882,train
2020-01-08,-2.7297041683916374,-2.2965197228819036,-0.4331844455097338,train
2020-01-09,-2.742949068623872,-2.2060615347835926,-0.5368875338402797,train
2020-01-10,-2.758450336292473,-2.2856260154778347,-0.4728243208146381,train
2020-01-13,-2.7857389892086477,-2.2143175026437074,-0.5714214865649403,train
2020-01-14,-2.7658981689852395,-2.2869128055937322,-0.4789853633915073,train
2020-01-15,-2.7452801929451573,-2.341188211771474,-0.4040919811736834,train
2020-01-16,-2.7367335056296556,-2.3728560948843826,-0.3638774107452729,train
2020-01-17,-2.767801425199309,-2.38607434387668,-0.3817270813226292,train
2020-01-20,-2.723109478870502,-2.4970911386698127,-0.22601834020068923,train
2020-01-21,-2.6990702378254974,-2.571321323355641,-0.12774891446985626,train
2020-01-22,-2.6593399858766773,-2.531208355706027,-0.1281316301706501,train
2020-01-23,-2.583910753545637,-2.542844988304484,-0.041065765241152796,train
2020-01-24,-2.573088867465295,-2.3883966699888073,-0.18469219747648769,train
2020-01-27,-2.5233365597900566,-2.4849110500620295,-0.03842550972802705,train
2020-01-28,-2.446830432487401,-2.417657406050263,-0.029173026437137928,train
2020-01-29,-2.355760328026058,-2.453928398714429,0.09816807068837097,train
2020-01-30,-2.1718946432269526,-2.421932579333278,0.25003793610632563,train
2020-01-31,-1.99744906703379,-2.513565325181932,0.5161162581481418,train
2020-02-03,-1.8007583592042637,-2.446674870788831,0.6459165115845673,train
2020-02-04,-1.7339822647017393,-2.467168596990155,0.7331863322884158,train
2020-02-05,-1.6794049966811229,-2.479190488498414,0.7997854918172913,train
2020-02-06,-1.570848811523421,-2.4823621608098483,0.9115133492864274,train
2020-02-07,-1.2070995282730546,-2.417304859536893,1.2102053312638383,train
2020-02-10,-1.1060482631861608,-2.377211857070445,1.271163593884284,train
2020-02-11,-1.0445033964886488,-2.4644412283139525,1.4199378318253038,train
2020-02-12,-0.782125597514814,-2.438531510264264,1.65640591274945,train
2020-02-13,-0.666853501688673,-2.3817518768116885,1.7148983751230156,train
2020-02-14,-0.5429374183824236,-2.3742229753774313,1.8312855569950077,train
2020-02-17,-0.48815636184032185,-2.395176712403431,1.9070203505631094,train
2020-02-18,-0.4136909637466283,-2.5425401136102592,2.128849149863631,train
2020-02-19,-0.24343750699649383,-2.365093965201835,2.121656458205341,train
2020-02-20,-0.1528266468477414,-2.4058057012496126,2.2529790544018713,train
2020-02-21,-0.06805664564353951,-2.3226736627274507,2.2546170170839113,train
2020-02-24,-0.010322126419015473,-2.2036733202127263,2.1933511937937107,train
2020-02-25,0.012380610922358775,-2.0902324060595143,2.102613016981873,train
2020-02-26,0.046131858354153586,-2.0757865577490775,2.121918416103231,train
2020-02-27,0.0687989434358739,-1.9434717083628432,2.0122706517987172,train
2020-02-28,0.08431978958964531,-1.855330105296367,1.9396498948860124,train
2020-03-02,0.10016689577748324,-1.6777887874207498,1.777955683198233,train
2020-03-03,0.09640890219540191,-1.5468375796267015,1.6432464818221035,train
2020-03-04,0.09319779897659415,-1.36247652207667,1.455674321053264,train
2020-03-05,0.09737392652635016,-1.381342450722336,1.4787163772486862,train
2020-03-06,0.09983897218569274,-1.3534594863482425,1.4532984585339352,train
2020-03-09,0.09117869502829154,-1.244180889702453,1.3353595847307447,train
2020-03-10,0.01887466514787175,-0.9597629089219573,0.978637574069829,train
2020-03-11,-4.003630895906657e-05,-1.0097054102194423,1.0096653739104833,train
2020-03-12,-0.0199762023573524,-0.9773141670748636,0.9573379647175112,train
2020-03-13,-0.1269887158118808,-0.614987058175352,0.4879983423634713,train
2020-03-16,-0.1844360371425186,-0.56328470909447,0.37884867195195143,train
2020-03-17,-0.2584204691070499,-0.5124383147204775,0.2540178456134276,train
2020-03-18,-0.28467168109893476,-0.5363469663225009,0.25167528522356614,train
2020-03-19,-0.33205959364004667,-0.3933166386698572,0.06125704502981055,train
2020-03-20,-0.5117989920447517,-0.22969999555465268,-0.28209899649009895,train
2020-03-23,-0.6217564327873408,-0.20457519754393744,-0.4171812352434034,train
2020-03-24,-0.7680515281570148,-0.14206899621637153,-0.6259825319406433,train
2020-03-25,-0.8642880157568505,-0.09090971534496034,-0.7733783004118902,train
2020-03-26,-0.8995746574719652,-0.1704808144014761,-0.7290938430704891,train
2020-03-27,-0.9796015320595058,-0.1847845772039392,-0.7948169548555666,train
2020-03-30,-1.040526965081502,-0.2396348313955698,-0.8008921336859323,train
2020-03-31,-1.088096609491394,-0.316453794787142,-0.771642814704252,train
2020-04-01,-1.1354998902095654,-0.303114512208655,-0.8323853780009105,train
2020-04-02,-1.1659147447517837,-0.3985022577523983,-0.7674124869993855,train
2020-04-03,-1.2340327263155084,-0.3866182759841379,-0.8474144503313705,train
2020-04-06,-1.246170660042496,-0.4617657510891651,-0.7844049089533309,train
2020-04-07,-1.2648477089183294,-0.5198906554898384,-0.7449570534284911,train
2020-04-08,-1.2809188105520408,-0.6010154485490135,-0.6799033620030274,train
2020-04-09,-1.3189876370804745,-0.6121467710114097,-0.7068408660690648,train
2020-04-10,-1.3544165023864014,-0.6664591835987576,-0.6879573187876439,train
2020-04-13,-1.332859891781273,-0.9630164017369863,-0.36984349004428674,train
2020-04-14,-1.3284812792413152,-0.9554126513200278,-0.37306862792128737,train
2020-04-15,-1.3343749379097534,-0.9942690227651463,-0.3401059151446071,train
2020-04-16,-1.3488887790854975,-1.0404291641031207,-0.30845961498237684,train
2020-04-17,-1.3531768292340163,-1.031568293486171,-0.3216085357478453,train
2020-04-20,-1.3739214693308819,-0.9747708644584208,-0.3991506048724611,train
2020-04-21,-1.385583177743693,-1.0513767686999569,-0.3342064090437362,train
2020-04-22,-1.4088958637356832,-1.0130598845189862,-0.395835979216697,train
2020-04-23,-1.4195249954479408,-1.142645487323686,-0.27687950812425477,train
2020-04-24,-1.496089040109959,-1.0535225702087558,-0.4425664699012031,train
2020-04-27,-1.531120892908934,-1.086496473333282,-0.4446244195756519,train
2020-04-28,-1.4783400439535404,-1.1583878455462748,-0.3199521984072655,train
2020-04-29,-1.482711194834611,-1.1883336050304258,-0.29437758980418516,train
2020-04-30,-1.4573536323865832,-1.1885228924115858,-0.2688307399749974,train
2020-05-01,-1.5213153611887884,-1.1131940691007123,-0.4081212920880761,train
2020-05-04,-1.5157096874136138,-1.230737672773099,-0.2849720146405148,train
2020-05-05,-1.4976421665124393,-1.2728658927157028,-0.22477627379673648,train
2020-05-06,-1.4635061937214433,-1.2005994477239916,-0.2629067459974517,train
2020-05-07,-1.417293905748547,-1.2580168097904059,-0.1592770959581411,train
2020-05-08,-1.4137391807812314,-1.3221190102352953,-0.09162017054593607,train
2020-05-11,-1.3981692653450133,-1.3719299250003234,-0.026239340344689888,train
2020-05-12,-1.3505883410544848,-1.392623912661896,0.042035571607411226,train
2020-05-13,-1.3070266541537359,-1.3980147225535142,0.09098806839977835,train
2020-05-14,-1.2731458899798158,-1.3835471587528467,0.11040126877303091,train
2020-05-15,-1.2533916842994324,-1.406971114715593,0.15357943041616062,train
2020-05-18,-1.2279796950525654,-1.4180139935224547,0.19003429846988928,train
2020-05-19,-1.2300871542722212,-1.3198419862057915,0.08975483193357037,train
2020-05-20,-1.2185694455615745,-1.3847428937353565,0.166173448173782,train
2020-05-21,-1.193902889678969,-1.4444550284186617,0.25055213873969273,train
2020-05-22,-1.2005078229242248,-1.4181676001692174,0.21765977724499264,train
2020-05-25,-1.1834228787392307,-1.5065731040793104,0.32315022534007976,train
2020-05-26,-1.160377300329915,-1.69854707143788,0.5381697711079652,train
2020-05-27,-1.1597260761970598,-1.631612749568903,0.4718866733718432,train
2020-05-28,-1.208981385980921,-1.443760577507628,0.234779191526707,train
2020-05-29,-1.2182733199659281,-1.513743371305316,0.295470051339388,train
2020-06-01,-1.2398152731739918,-1.3821155985406393,0.1423003253666475,train
2020-06-02,-1.2490793811391634,-1.3791142071424034,0.13003482600324,train
2020-06-03,-1.2530362398763102,-1.329201119830159,0.0761648799538488,train
2020-06-04,-1.282320292199173,-1.3473080146670133,0.06498772246784035,train
2020-06-05,-1.3395069213869903,-1.2269320405621225,-0.11257488082486788,train
2020-06-08,-1.3876615553695815,-1.2085717370221847,-0.1790898183473968,train
2020-06-09,-1.4014244930191542,-1.2581171523758095,-0.14330734064334472,train
2020-06-10,-1.3986655010236746,-1.2391539928363926,-0.159511508187282,train
2020-06-11,-1.4575051569846749,-1.1433295465801492,-0.3141756104045257,train
2020-06-12,-1.5156142633734302,-1.1328680500823056,-0.38274621329112457,train
2020-06-15,-1.5764433831729585,-1.1313166335698561,-0.4451267496031024,train
2020-06-16,-1.6081906885113186,-1.1309164607385256,-0.47727422777279305,train
2020-06-17,-1.6406799350528005,-1.0934623753728854,-0.5472175596799151,train
2020-06-18,-1.68433157265214,-1.1238525972970628,-0.5604789753550772,train
2020-06-19,-1.6788007678743222,-1.1721944006036469,-0.5066063672706753,train
2020-06-22,-1.6744714596158476,-1.1668921366568554,-0.5075793229589922,train
2020-06-23,-1.6404213049895382,-1.2790362453655395,-0.3613850596239987,train
2020-06-24,-1.6446025715469093,-1.2586905720549226,-0.3859119994919866,train
2020-06-25,-1.648919507781646,-1.2633536871947983,-0.38556582058684774,train
2020-06-26,-1.6145767888431235,-1.3142965797055153,-0.3002802091376082,train
2020-06-29,-1.5887067774399843,-1.4161763997358645,-0.17253037770411983,train
2020-06-30,-1.5618734467079782,-1.410887327540145,-0.15098611916783322,train
2020-07-01,-1.5474915668007676,-1.3896842461090455,-0.1578073206917221,train
2020-07-02,-1.4883932457980205,-1.466748027958416,-0.02164521783960449,train
2020-07-03,-1.4795498544843364,-1.4070663664778715,-0.07248348800646487,train
2020-07-06,-1.4510661026104617,-1.5246250366811909,0.07355893407072922,train
2020-07-07,-1.4304062928949548,-1.4896804524043499,0.059274159509395075,train
2020-07-08,-1.3985630016192336,-1.5120009414221012,0.11343793980286754,train
2020-07-09,-1.3681816521031602,-1.5231041901226217,0.15492253801946143,train
2020-07-10,-1.3899281803677719,-1.4578771309654113,0.06794895059763939,train
2020-07-13,-1.3609115818419388,-1.531974176820794,0.17106259497885512,train
2020-07-14,-1.3446967750138235,-1.5277384244311483,0.18304164941732481,train
2020-07-15,-1.3317218967009388,-1.579361389462155,0.24763949276121622,train
2020-07-16,-1.3307806643068982,-1.564895941049805,0.23411527674290666,train
2020-07-17,-1.3374922155130662,-1.5810917107803153,0.2435994952672491,train
2020-07-20,-1.3197755111374647,-1.6313208537933304,0.31154534265586564,train
2020-07-21,-1.312832641585647,-1.5222605274275165,0.20942788584186944,train
2020-07-22,-1.318558668935275,-1.452601700454931,0.1340430315196559,train
2020-07-23,-1.3237712691820271,-1.4107479044607558,0.08697663527872868,train
2020-07-24,-1.335342200236018,-1.4412208655192473,0.10587866528322931,train
2020-07-27,-1.3410186570943916,-1.4169081711175344,0.07588951402314281,train
2020-07-28,-1.3707930000233404,-1.3561798725712029,-0.014613127452137498,train
2020-07-29,-1.3211251423235775,-1.387156050748278,0.06603090842470061,train
2020-07-30,-1.3155909902690202,-1.3730946822599055,0.05750369199088534,train
2020-07-31,-1.3324769807015375,-1.3448645585621675,0.01238757786062994,train
2020-08-03,-1.3338288263729023,-1.2383982259498896,-0.09543060042301277,train
2020-08-04,-1.3328094077787016,-1.2893780592363056,-0.04343134854239605,train
2020-08-05,-1.3298933205165273,-1.2854594693384525,-0.04443385117807486,train
2020-08-06,-1.328185371396567,-1.2658092845902211,-0.062376086806345876,train
2020-08-07,-1.3762763501618194,-1.217585718202788,-0.15869063195903133,train
2020-08-10,-1.390069344737431,-1.229817377760774,-0.1602519669766571,train
2020-08-11,-1.3821346667297794,-1.3473664405981816,-0.0347682261315978,train
2020-08-12,-1.3677191752276388,-1.2622699780020348,-0.10544919722560397,train
2020-08-13,-1.3872438581477642,-1.270305004066969,-0.11693885408079518,train
2020-08-14,-1.4077119143729864,-1.3123968167524287,-0.09531509762055768,train
2020-08-17,-1.4136117891642481,-1.3702534786243092,-0.04335831053993888,train
2020-08-18,-1.3821995099842117,-1.37959597549965,-0.0026035344845616315,train
2020-08-19,-1.382467912101838,-1.3478352290251898,-0.03463268307664813,train
2020-08-20,-1.4192718033421432,-1.299894980803066,-0.11937682253907722,train
2020-08-21,-1.4291036820122425,-1.2915008247557487,-0.1376028572564938,train
2020-08-24,-1.4323056328255224,-1.2722372005543612,-0.1600684322711612,train
2020-08-25,-1.4165228047888996,-1.3446819696257548,-0.07184083516314477,train
2020-08-26,-1.403168102494008,-1.3526149452325589,-0.050553157261449044,train
2020-08-27,-1.402722372324797,-1.4283803420991923,0.025657969774395273,train
2020-08-28,-1.4749680039335473,-1.2570735582165307,-0.21789444571701666,train
2020-08-31,-1.4992758980682728,-1.2972333248380932,-0.2020425732301796,train
2020-09-01,-1.4893419062716975,-1.334095930911221,-0.15524597536047646,train
2020-09-02,-1.5329382132443203,-1.1994676799350206,-0.33347053330929977,train
2020-09-03,-1.5549877188958896,-1.1974802384747911,-0.3575074804210985,train
2020-09-04,-1.5906185112811715,-1.2510132305901773,-0.33960528069099416,train
2020-09-07,-1.6063475987827855,-1.2479462320628558,-0.3584013667199297,train
2020-09-08,-1.5958242085726269,-1.4565266734474733,-0.13929753512515353,train
2020-09-09,-1.6308652625743996,-1.3857801576574433,-0.24508510491695623,train
2020-09-10,-1.6511024673564643,-1.4259294135459548,-0.22517305381050945,train
2020-09-11,-1.719835698110965,-1.3394347651962133,-0.38040093291475174,train
2020-09-14,-1.7253326545189445,-1.4778112047830558,-0.24752144973588863,train
2020-09-15,-1.7247217786640239,-1.5039323011637509,-0.220789477500273,train
2020-09-16,-1.730894983737162,-1.51126210346871,-0.21963288026845218,train
2020-09-17,-1.7912996254690159,-1.3870904526660528,-0.4042091728029631,train
2020-09-18,-1.8255795971297881,-1.4498642624680649,-0.37571533466172324,train
2020-09-21,-1.8296383316988205,-1.5349309424290147,-0.2947073892698058,train
2020-09-22,-1.8616845744073287,-1.4232891843658415,-0.4383953900414872,train
2020-09-23,-1.9026971606882963,-1.3817315812823798,-0.5209655794059165,train
2020-09-24,-1.9349189264866589,-1.4089919417333787,-0.5259269847532801,train
2020-09-25,-1.9791941337947379,-1.3939166374294607,-0.5852774963652772,train
2020-09-28,-1.9894262614367695,-1.422577824258871,-0.5668484371778986,train
2020-09-29,-1.9916255625592627,-1.4721997863980127,-0.51942577616125,train
2020-09-30,-1.9868295414362522,-1.4840754708561827,-0.5027540705800695,train
2020-10-01,-2.0142913947438528,-1.456001470802331,-0.5582899239415218,train
2020-10-02,-2.054035678154488,-1.4915855251963248,-0.5624501529581631,train
2020-10-05,-2.0698216674756864,-1.5089730565522204,-0.560848610923466,train
2020-10-06,-1.8182803588386354,-1.6123371003490603,-0.20594325848957507,train
2020-10-07,-1.7806507269733902,-1.5353660865919525,-0.2452846403814377,train
2020-10-08,-1.720506614226669,-1.6217667966116487,-0.09873981761502026,train
2020-10-09,-1.6389851930092845,-1.7125291290765263,0.07354393606724186,train
2020-10-12,-1.5960900518147905,-1.738377133429414,0.14228708161462356,train
2020-10-13,-1.5804534365483036,-1.788387547043174,0.20793411049487043,train
2020-10-14,-1.5764188698343187,-1.7946404573928523,0.2182215875585336,train
2020-10-15,-1.5786001743965097,-1.8209134739807444,0.24231329958423475,train
2020-10-16,-1.5749035760636452,-1.794970560590063,0.22006698452641782,train
2020-10-19,-1.576630769338415,-1.8347124464674343,0.2580816771290193,train
2020-10-20,-1.581892936628355,-1.8265585670915587,0.24466563046320378,train
2020-10-21,-1.583799598785077,-1.8365584351604702,0.2527588363753932,train
2020-10-22,-1.5954088871850731,-1.8237068748373466,0.2282979876522735,train
2020-10-23,-1.5810932398320259,-1.8493341675671466,0.26824092773512076,train
2020-10-26,-1.5683339223508317,-1.8420998702050206,0.27376594785418895,train
2020-10-27,-1.5522891810389714,-1.8737707739646312,0.3214815929256598,train
2020-10-28,-1.5606138121747934,-1.8570699789768879,0.2964561668020944,train
2020-10-29,-1.578218274532115,-1.8297430837710489,0.25152480923893394,train
2020-10-30,-1.583802201584555,-1.7629574501173109,0.17915524853275588,train
2020-11-02,-1.5704741685854517,-1.7807905467651115,0.21031637817965976,train
2020-11-03,-1.5547320249193437,-1.8508181685266067,0.29608614360726304,train
2020-11-04,-1.5462953582668597,-1.8229919326215946,0.27669657435473494,train
2020-11-05,-1.7141036474177673,-1.4820862002242987,-0.23201744719346862,train
2020-11-06,-1.7731993065163107,-1.52403417654566,-0.24916512997065077,train
2020-11-09,-1.8337681302964495,-1.4496923012796104,-0.3840758290168391,train
2020-11-10,-1.890896536102221,-1.3014830175427998,-0.5894135185594211,train
2020-11-11,-1.937334348936521,-1.261963957041548,-0.6753703918949729,train
2020-11-12,-1.940261635379315,-1.426106920714765,-0.51415471466455,train
2020-11-13,-1.9318217903411088,-1.4924793347828533,-0.43934245555825546,train
2020-11-16,-1.8564901606915885,-1.6201764481155632,-0.2363137125760253,train
2020-11-17,-1.8554971189712437,-1.6597835537709553,-0.19571356520028838,train
2020-11-18,-1.852086019695809,-1.7709342116693358,-0.08115180802647326,train
2020-11-19,-1.7835538667457145,-1.8235007413640227,0.03994687461830826,train
2020-11-20,-1.7638939362649688,-1.832456207478549,0.06856227121358027,train
2020-11-23,-1.7312563855443954,-1.8877949782457843,0.15653859270138892,train
2020-11-24,-1.7559057802649098,-1.7814591939378797,0.025553413672969816,train
2020-11-25,-1.757535062407267,-1.7309052817752144,-0.02662978063205257,train
2020-11-26,-1.7655504979363332,-1.6740277487363504,-0.09152274919998282,train
2020-11-27,-1.7385399085723159,-1.7630888566483012,0.02454894807598529,train
2020-12-01,-1.7055475443387589,-1.8024670520071184,0.09691950766835955,train
2020-12-02,-1.701861616395126,-1.718698258136869,0.016836641741743152,train
2020-12-03,-1.725447222744522,-1.6833622524198786,-0.04208497032464331,train
2020-12-04,-1.6835288162729765,-1.7034394453232653,0.01991062905028884,train
2020-12-07,-1.6772941441178064,-1.6517081541466903,-0.025585989971116163,train
2020-12-08,-1.6236461527759711,-1.6228390927158363,-0.0008070600601348676,train
2020-12-09,-1.602086055182942,-1.69342513093868,0.09133907575573819,train
2020-12-10,-1.589956737393663,-1.7354774655187906,0.14552072812512762,train
2020-12-11,-1.5974882337215073,-1.669637244948281,0.07214901122677375,train
2020-12-14,-1.5841613789024105,-1.7333255055877899,0.14916412668537937,train
2020-12-15,-1.5860031779876684,-1.7397812192897621,0.15377804130209372,train
2020-12-16,-1.6081715710692317,-1.7027830610705856,0.09461149000135394,train
2020-12-17,-1.6627487499607676,-1.5512388928454697,-0.11150985711529793,train
2020-12-18,-1.6573848768793762,-1.6670730879169968,0.009688211037620631,train
2020-12-21,-1.6467121309756985,-1.7115805019958534,0.06486837102015497,train
2020-12-22,-1.6974961038749312,-1.5300278669728407,-0.16746823690209056,train
2020-12-23,-1.7130865990995587,-1.5778227937826534,-0.1352638053169053,train
2020-12-24,-1.7348465741345382,-1.585931226503759,-0.14891534763077918,train
2020-12-28,-1.7030876525338143,-1.7120692900777277,0.008981637543913346,train
2020-12-29,-1.6999270784678362,-1.6129715378118976,-0.08695554065593858,train
2020-12-30,-1.6918618081265548,-1.6841386011364907,-0.007723206990064124,train
2020-12-31,-1.7009170863637744,-1.6451745348051157,-0.055742551558658704,train
2021-01-04,-1.7071525676749695,-1.622354783954742,-0.0847977837202274,train
2021-01-05,-1.7262086554514908,-1.5700600344364768,-0.15614862101501403,train
2021-01-06,-1.7281063020450813,-1.6473486711351997,-0.08075763090988164,train
2021-01-07,-1.7824525538509044,-1.4873625105139054,-0.29509004333699895,train
2021-01-08,-1.8052112484922949,-1.5334867572612219,-0.271724491231073,train
2021-01-11,-1.8896742169343326,-1.4060992838485504,-0.48357493308578214,train
2021-01-12,-1.9289977497303206,-1.4427060911552823,-0.4862916585750383,train
2021-01-13,-1.9673393119676374,-1.4217697067759822,-0.5455696051916552,train
2021-01-14,-2.006947847853814,-1.4513917767849058,-0.5555560710689083,train
2021-01-15,-2.0626674234618503,-1.4378601852432136,-0.6248072382186367,train
2021-01-18,-2.0706886278954064,-1.542585810273453,-0.5281028176219533,train
2021-01-19,-2.0519841976425175,-1.692676876899097,-0.35930732074342053,train
2021-01-20,-2.0622127392181575,-1.7087146434797815,-0.353498095738376,train
2021-01-21,-2.087662359103464,-1.6834901917188638,-0.4041721673846004,train
2021-01-22,-2.095631690888776,-1.7046155073516425,-0.3910161835371335,train
2021-01-25,-2.107821740477746,-1.752368318065817,-0.35545342241192923,train
2021-01-26,-2.086008127031,-1.7365519341892837,-0.34945619284171636,train
2021-01-27,-2.0367840126117933,-1.744101138575603,-0.2926828740361904,train
2021-01-28,-1.9960115624406638,-1.6553295022028163,-0.34068206023784753,train
2021-01-29,-2.0099624036021617,-1.6500887652171987,-0.359873638384963,train
2021-02-01,-2.0155037110495195,-1.622794777527187,-0.3927089335223326,train
2021-02-02,-2.010471144832625,-1.6251350425388802,-0.3853361022937447,train
2021-02-03,-2.006059191895276,-1.587533456512198,-0.41852573538307825,train
2021-02-04,-1.956739618046323,-1.6732804369887662,-0.28345918105755685,train
2021-02-05,-1.954195349732961,-1.7098862054846378,-0.24430914424832317,train
2021-02-08,-1.9503004953747314,-1.742019094271213,-0.20828140110351834,train
2021-02-09,-1.9308149785266306,-1.7852133026738934,-0.1456016758527372,train
2021-02-10,-1.8950279518742454,-1.8548235770151398,-0.04020437485910566,train
2021-02-11,-1.8825762995232251,-1.898120320779703,0.015544021256477913,train
2021-02-12,-1.8641835050158277,-1.978103992746174,0.11392048773034635,train
2021-02-15,-1.855313511953706,-2.003478045517763,0.14816453356405712,train
2021-02-16,-1.8150704274638387,-2.1343881561848996,0.3193177287210609,train
2021-02-17,-1.8025714086924205,-2.041024533705108,0.23845312501268734,train
2021-02-18,-1.8134153485279454,-2.005220091140412,0.19180474261246672,train
2021-02-19,-1.8037714300783139,-2.035620172067226,0.23184874198891214,train
2021-02-22,-1.7958423642676926,-2.0237962467727835,0.22795388250509085,train
2021-02-23,-1.7977538591772688,-1.9287156348766636,0.13096177569939482,train
2021-02-24,-1.7859225225234379,-1.9881517347717352,0.20222921224829737,train
2021-02-25,-1.8095151704689971,-1.8984318516126102,0.08891668114361306,train
2021-02-26,-1.8498649090072647,-1.7745957225933526,-0.07526918641391211,train
2021-03-01,-1.9219754311110744,-1.6573454628957327,-0.2646299682153417,train
2021-03-02,-1.931238589816852,-1.7294190067296453,-0.2018195830872067,train
2021-03-03,-1.9472211569058626,-1.678459477915571,-0.2687616789902916,train
2021-03-04,-1.9801209860449482,-1.6797504452599177,-0.30037054078503056,train
2021-03-05,-2.015793830200733,-1.6883243139299653,-0.3274695162707677,train
2021-03-08,-2.074253014814953,-1.6555453366042576,-0.4187076782106953,train
2021-03-09,-2.0692188955737394,-1.7392083774029772,-0.3300105181707622,train
2021-03-10,-2.0825746536254495,-1.7378409509847037,-0.34473370264074576,train
2021-03-11,-2.112019550051805,-1.7080863240870228,-0.4039332259647823,train
2021-03-12,-2.15951795992942,-1.6629749588551144,-0.4965430010743057,train
2021-03-15,-2.164356586024035,-1.7504079415464822,-0.41394864447755264,train
2021-03-16,-2.1822435176986366,-1.736486757366042,-0.4457567603325945,train
2021-03-17,-2.181930419724911,-1.7575941659194143,-0.4243362538054969,train
2021-03-18,-2.2231392160163823,-1.679813297531854,-0.5433259184845283,train
2021-03-19,-2.231184516211996,-1.7047100099031711,-0.526474506308825,train
2021-03-22,-2.2222581543923834,-1.7995453682653555,-0.4227127861270279,train
2021-03-23,-2.2277851802210793,-1.7715943930924318,-0.45619078712864747,train
2021-03-24,-2.2257117262078134,-1.756403091498219,-0.4693086347095945,train
2021-03-25,-2.244792670614869,-1.7843708770753892,-0.46042179353947965,train
2021-03-26,-2.2525241087272114,-1.7852326268243806,-0.4672914819028309,train
2021-03-29,-2.2544801760686632,-1.8354146685632065,-0.4190655075054568,train
2021-03-30,-2.2335250701848666,-1.832949875997625,-0.4005751941872415,train
2021-03-31,-2.2324306193815615,-1.8965427761446885,-0.33588784323687304,train
2021-04-01,-2.221290739063392,-1.8789066220022912,-0.34238411706110083,train
2021-04-02,-2.227894813512337,-1.8956426487543943,-0.33225216475794284,train
2021-04-05,-2.1976451791366016,-1.9853664058968796,-0.212278773239722,train
2021-04-06,-2.205207119854765,-2.002432921206247,-0.20277419864851787,train
2021-04-07,-2.2093335995076293,-1.9924169607571591,-0.21691663875047018,train
2021-04-08,-2.099203673056634,-1.9517986344235405,-0.14740503863309362,train
2021-04-09,-2.0819814496851548,-1.9925616924377518,-0.08941975724740292,train
2021-04-12,-2.070541903266406,-1.9885673924204204,-0.08197451084598573,train
2021-04-13,-1.9777892523155354,-1.9926219839900867,0.014832731674551347,train
2021-04-14,-1.9683937622627452,-1.9600055119595359,-0.008388250303209333,train
2021-04-15,-1.971182985009143,-2.030713348340386,0.05953036333124295,train
2021-04-16,-1.9822354407546294,-1.996141921745389,0.01390648099075964,train
2021-04-19,-1.98486778214946,-2.034654523349131,0.04978674119967086,train
2021-04-20,-1.979996448673044,-1.961042525974222,-0.018953922698822012,train
2021-04-21,-1.9850557301170875,-1.9923911442775095,0.007335414160422049,train
2021-04-22,-1.9698614387870719,-1.9835341153325214,0.013672676545449569,train
2021-04-23,-1.975537358949939,-1.9556026288432165,-0.01993473010672253,train
2021-04-26,-1.963809177785859,-2.0146867993396795,0.05087762155382047,train
2021-04-27,-1.9662185374436507,-1.998395202112071,0.032176664668420285,train
2021-04-28,-1.9525898032328066,-2.0471692004331343,0.09457939720032771,train
2021-04-29,-1.965373022528322,-1.952381606721593,-0.012991415806728801,train
2021-04-30,-1.9679275534481213,-2.0245154459524803,0.05658789250435903,train
2021-05-03,-1.9861466080154886,-1.940323445593895,-0.04582316242159368,train
2021-05-04,-1.982365654640099,-1.985300749601544,0.0029350949614450617,train
2021-05-05,-1.9613097214309252,-1.909406919754562,-0.051902801676363186,train
2021-05-06,-1.9567265327078207,-2.050920665971498,0.09419413326367732,train
2021-05-07,-1.9648918726916582,-2.0202948817686446,0.055403009076986365,train
2021-05-10,-2.090481609821446,-1.7871014612408147,-0.3033801485806311,train
2021-05-11,-2.094180806888293,-1.8488035657487063,-0.24537724113958648,train
2021-05-12,-2.1121354386344318,-1.8673281872178769,-0.2448072514165549,train
2021-05-13,-2.229782451323007,-1.6253072337358678,-0.6044752175871393,train
2021-05-14,-2.264216607057012,-1.6715472491881238,-0.5926693578688882,train
2021-05-17,-2.1245989375789547,-1.8491879172626677,-0.27541102031628695,train
2021-05-18,-2.0703404622187125,-1.892123168322446,-0.1782172938962665,train
2021-05-19,-2.0281191558133784,-1.9210980114536707,-0.10702114435970778,train
2021-05-20,-2.030878736438318,-1.9108315078302138,-0.12004722860810402,train
2021-05-21,-2.0190173619764638,-1.996708514076329,-0.022308847900134765,train
2021-05-24,-2.0368189626569553,-1.8994133136709608,-0.1374056489859945,train
2021-05-25,-2.0421213502192583,-1.9084764435937296,-0.13364490662552875,train
2021-05-26,-2.0545117638654604,-1.8742837907655545,-0.1802279730999059,train
2021-05-27,-2.052582565480311,-1.9081634360614652,-0.14441912941884594,train
2021-05-28,-2.066387458826841,-1.8666909699887637,-0.19969648883807745,train
2021-06-01,-2.063661793728739,-1.8918340020896358,-0.1718277916391031,train
2021-06-02,-2.0546799850568935,-1.944004679332782,-0.11067530572411144,train
2021-06-03,-2.0239528867250907,-1.9656532195037437,-0.05829966722134694,train
2021-06-04,-2.042837595350048,-1.9398284592039137,-0.10300913614613427,train
2021-06-07,-2.071841691990789,-1.8470630825627978,-0.22477860942799133,train
2021-06-08,-2.0492079322756607,-1.9634164153687181,-0.08579151690694253,train
2021-06-09,-2.023982862855135,-2.002467272333006,-0.021515590522128925,train
2021-06-10,-2.014725256511279,-2.089585736632713,0.07486048012143387,train
2021-06-11,-2.030860490917801,-1.9879485320313095,-0.042911958886491686,train
2021-06-14,-1.991818116415843,-2.1173659388398294,0.12554782242398632,train
2021-06-15,-1.9845358162909232,-2.165516726024761,0.18098090973383774,train
2021-06-16,-1.9789035049223989,-2.175739297333988,0.19683579241158933,train
2021-06-17,-2.0975905131018013,-1.8397919365323314,-0.2577985765694699,train
2021-06-18,-2.1443599489080074,-1.8442566090295442,-0.30010333987846316,train
2021-06-21,-2.1754595644502013,-1.774908180178556,-0.40055138427164527,train
2021-06-22,-2.2056012177181525,-1.7466148130173493,-0.4589864047008032,train
2021-06-23,-2.1815470615681196,-1.7169196581406765,-0.46462740342744313,train
2021-06-24,-2.189749925288663,-1.8442339622139827,-0.34551596307468024,train
2021-06-25,-2.1915746416444954,-1.9076560802872398,-0.2839185613572557,train
2021-06-28,-2.1824445391457044,-1.9910880369898933,-0.19135650215581101,train
2021-06-29,-2.1639794773963428,-1.9781773047955231,-0.18580217260081966,train
2021-06-30,-2.1681913309200502,-2.0351645005279546,-0.13302683039209562,train
2021-07-01,-2.1859637041679103,-1.9819150254080826,-0.20404867875982768,train
2021-07-02,-2.188557358444849,-1.9822790952568066,-0.20627826318804265,train
2021-07-05,-2.23399206639069,-1.8736922413142536,-0.36029982507643643,train
2021-07-06,-2.2053444553103576,-2.03335038166489,-0.1719940736454677,train
2021-07-07,-2.2184073750758753,-1.951805165051815,-0.26660221002406037,train
2021-07-08,-2.2416744798938404,-1.9218666857540052,-0.3198077941398352,train
2021-07-09,-2.2698141832535628,-1.8955628176165755,-0.37425136563698724,train
2021-07-12,-2.2795924415993736,-1.9905263103592372,-0.28906613124013636,train
2021-07-13,-2.279402319275503,-1.95418115787033,-0.325221161405173,train
2021-07-14,-2.3411200207155156,-1.8399753793544784,-0.5011446413610372,train
2021-07-15,-2.359256727878578,-1.9346627994180012,-0.42459392846057686,train
2021-07-16,-2.3747664522665413,-1.9676183464822534,-0.40714810578428784,train
2021-07-19,-2.3683925735407967,-2.0061585564699866,-0.36223401707081004,train
2021-07-20,-2.3421833591309777,-1.9867452082199764,-0.3554381509110014,train
2021-07-21,-2.3557303910270275,-2.010305710021809,-0.3454246810052184,train
2021-07-22,-2.359659626327953,-2.070799921003274,-0.28885970532467864,train
2021-07-23,-2.407583771813012,-1.9322575815504508,-0.4753261902625612,train
2021-07-26,-2.408182799006152,-2.0155022499437316,-0.39268054906242034,train
2021-07-27,-2.407159085675324,-2.010947236701073,-0.39621184897425143,train
2021-07-28,-2.4173711334373347,-2.006385552051785,-0.41098558138554964,train
2021-07-29,-2.418673691186053,-1.9123290744294401,-0.5063446167566128,train
2021-07-30,-2.4339322048822045,-2.043305639118878,-0.39062656576332655,train
2021-08-02,-2.4322804111003924,-2.0396195231881946,-0.3926608879121978,train
2021-08-03,-2.4450093865237204,-2.012414041991704,-0.4325953445320163,train
2021-08-04,-2.4537857923782496,-2.0973081932407354,-0.3564775991375142,train
2021-08-05,-2.426282235256188,-2.0415456150825517,-0.3847366201736362,train
2021-08-06,-2.4571087345356246,-2.0675458609081674,-0.38956287362745723,train
2021-08-09,-2.456113740391069,-2.080661995398926,-0.37545174499214307,train
2021-08-10,-2.4576099495134884,-2.130513580727566,-0.3270963687859223,train
2021-08-11,-2.4232920099664397,-2.1649645893818645,-0.25832742058457514,train
2021-08-12,-2.439443273532981,-2.143376574818572,-0.29606669871440916,train
2021-08-13,-2.436858439822667,-2.2403031813069902,-0.1965552585156769,train
2021-08-16,-2.4035343618308826,-2.290930856420351,-0.11260350541053166,train
2021-08-17,-2.386372091222993,-2.3172879238074198,-0.0690841674155731,train
2021-08-18,-2.389897360679202,-2.234266631940755,-0.15563072873844686,train
2021-08-19,-2.4329909432419297,-2.1412071076430337,-0.291783835598896,train
2021-08-20,-2.4486734812938318,-2.1598824283680735,-0.28879105292575824,train
2021-08-23,-2.4405818256047356,-2.166954170174175,-0.2736276554305608,train
2021-08-24,-2.3564429183699467,-2.1248761907262343,-0.23156672764371233,train
2021-08-25,-2.348766264326474,-2.1485173966969393,-0.20024886762953464,train
2021-08-26,-2.3578634204548985,-2.166200583280672,-0.19166283717422639,train
2021-08-27,-2.360015504425628,-2.188595342148149,-0.17142016227747892,train
2021-08-30,-2.3810595147862386,-2.076201847126631,-0.30485766765960776,train
2021-08-31,-2.345471711235778,-2.2400658192117913,-0.10540589202398687,train
2021-09-01,-2.3225279653209707,-2.1760932715881074,-0.14643469373286333,train
2021-09-02,-2.305645640783303,-2.2002925379003786,-0.10535310288292443,train
2021-09-03,-2.292226027512344,-2.2788181110796564,-0.013407916432687461,train
2021-09-06,-2.335751118151107,-2.1475806774653017,-0.18817044068580513,train
2021-09-07,-2.3008086398901972,-2.3556801157109932,0.05487147582079599,train
2021-09-08,-2.31079715896435,-2.2601110417080843,-0.05068611725626582,train
2021-09-09,-2.305142797782976,-2.2899823333702267,-0.01516046441274943,train
2021-09-10,-2.337052288317307,-2.1631236422602536,-0.17392864605705327,train
2021-09-13,-2.3335189484997945,-2.3069066192473424,-0.02661232925245205,train
2021-09-14,-2.3169755461744987,-2.2591570525690727,-0.05781849360542601,train
2021-09-15,-2.3425571744986673,-2.1662632861368607,-0.1762938883618066,train
2021-09-16,-2.3535861585754425,-2.1682157952385657,-0.18537036333687684,train
2021-09-17,-2.355124538666097,-2.1985946522934254,-0.15652988637267162,train
2021-09-20,-2.349868056170621,-2.2138916614613753,-0.1359763947092456,train
2021-09-21,-2.3503085504525467,-2.2312999620253855,-0.11900858842716122,train
2021-09-22,-2.3593900503865646,-2.220139921662839,-0.13925012872372555,train
2021-09-23,-2.4506955371883596,-2.0280697356532444,-0.4226258015351152,train
2021-09-24,-2.459164501691749,-2.1110491188427,-0.34811538284904886,train
2021-09-27,-2.4628192356532486,-2.1351166047281183,-0.3277026309251303,train
2021-09-28,-2.45441295590106,-2.1166906680860142,-0.3377222878150459,train
2021-09-29,-2.406252743953362,-2.068779987577346,-0.33747275637601604,train
2021-09-30,-2.3832503749059915,-2.0987028129412018,-0.2845475619647897,train
2021-10-01,-2.402791127662296,-2.0555523249821213,-0.3472388026801747,train
2021-10-04,-2.4194668594642037,-2.034291904058249,-0.3851749554059549,train
2021-10-05,-2.3792554021755494,-2.0585161813099866,-0.32073922086556284,train
2021-10-06,-2.3768256924734943,-2.0874083020695116,-0.28941739040398273,train
2021-10-07,-2.362521954012519,-2.05259743781082,-0.3099245162016988,train
2021-10-08,-2.3450900360251072,-2.1533682258218345,-0.19172181020327272,train
2021-10-11,-2.3268031682413968,-2.152101052584263,-0.17470211565713356,train
2021-10-12,-2.255096638327127,-2.226999214094624,-0.028097424232503165,train
2021-10-13,-2.2348054068259473,-2.2181432694979115,-0.016662137328035787,train
2021-10-14,-2.236187922058701,-2.1845019366969574,-0.051685985361743736,train
2021-10-15,-2.1962130449735966,-2.2392228156871647,0.04300977071356815,train
2021-10-18,-2.1487666997917785,-2.257575449962631,0.10880875017085234,train
2021-10-19,-2.090769417281319,-2.2108743769954753,0.12010495971415613,train
2021-10-20,-2.0751698541023016,-2.1919754311586774,0.11680557705637584,train
2021-10-21,-1.9986632065757246,-2.2486041258478786,0.249940919272154,train
2021-10-22,-1.9372724182971743,-2.241108125948446,0.30383570765127166,train
2021-10-25,-1.9227340182543522,-2.2413750460279855,0.31864102777363335,train
2021-10-26,-1.8821337366701645,-2.244823277216852,0.36268954054668745,train
2021-10-27,-1.8845330253861814,-2.2739964481891155,0.3894634228029341,train
2021-10-28,-1.8302546643270523,-2.212309926813518,0.3820552624864655,train
2021-10-29,-1.8512207593976886,-2.0534359159475715,0.20221515654988287,train
2021-11-01,-1.783626476608277,-2.0152830298899556,0.23165655328167856,train
2021-11-02,-1.7435994305340123,-2.0587395033780718,0.3151400728440594,train
2021-11-03,-1.7355120294481456,-2.064717399011577,0.3292053695634314,train
2021-11-04,-1.7176248503975713,-1.9554925641134155,0.23786771371584425,train
2021-11-05,-1.7133665758613001,-2.0652941024809346,0.35192752661963445,train
2021-11-08,-1.7121788896223031,-2.036004276713957,0.32382538709165365,train
2021-11-09,-1.7037867577284818,-2.052068410161457,0.34828165243297526,train
2021-11-10,-1.7070690462276676,-2.003528735611985,0.2964596893843172,train
2021-11-11,-1.6935177463971347,-1.9062690520034504,0.21275130560631572,train
2021-11-12,-1.6921584089553139,-1.9367292555685909,0.244570846613277,train
2021-11-15,-1.691972151241609,-1.9818184462680377,0.28984629502642867,train
2021-11-16,-1.6777200708336386,-1.8877299603703706,0.21000988953673194,train
2021-11-17,-1.6697261655814497,-1.8269389279706314,0.1572127623891817,train
2021-11-18,-1.6942954418693288,-1.779802258802453,0.08550681693312412,train
2021-11-19,-1.6941863799577823,-1.8235887917958318,0.12940241183804946,train
2021-11-22,-1.740114336789424,-1.6485806180762346,-0.0915337187131895,train
2021-11-23,-1.7701972583180003,-1.6019812189858105,-0.16821603933218987,train
2021-11-24,-1.7732032127932198,-1.6898782090238533,-0.08332500376936647,train
2021-11-25,-1.8084574426124944,-1.6284907121986678,-0.1799667304138266,train
2021-11-26,-1.7978524042189197,-1.7984162648111317,0.0005638605922120288,train
2021-11-29,-1.850558177445947,-1.6353697415281303,-0.21518843591781667,train
2021-11-30,-1.854386507489194,-1.755157497211937,-0.09922901027725706,train
2021-12-01,-1.9243663283537755,-1.5544247365349926,-0.36994159181878294,train
2021-12-02,-1.9377574944651859,-1.5742417307899546,-0.3635157636752313,train
2021-12-03,-1.9183892995841936,-1.5973212703310917,-0.32106802925310185,train
2021-12-06,-1.9486073173270562,-1.5385951327529628,-0.4100121845740934,train
2021-12-07,-1.9326678583465913,-1.6234255244231515,-0.3092423339234398,train
2021-12-08,-1.9187071990212834,-1.6689154437446518,-0.24979175527663156,train
2021-12-09,-1.9198961974547315,-1.708818335694195,-0.21107786176053644,train
2021-12-10,-1.9123941389166605,-1.735641225153509,-0.1767529137631516,train
2021-12-13,-1.9630252604885645,-1.636451009372832,-0.3265742511157326,train
2021-12-14,-1.9566073300157505,-1.6995664353938353,-0.25704089462191515,train
2021-12-15,-1.937971027906376,-1.7492301617637844,-0.18874086614259156,train
2021-12-16,-1.9636921740272952,-1.63505674354096,-0.32863543048633526,train
2021-12-17,-2.003604739775875,-1.5853644003746878,-0.4182403394011871,train
2021-12-20,-1.9960544773553643,-1.6864914052802935,-0.30956307207507083,train
2021-12-21,-2.0048927371248717,-1.6881379655778401,-0.3167547715470316,train
2021-12-22,-1.9988375292281808,-1.723756837700389,-0.2750806915277919,train
2021-12-23,-2.0129495792553858,-1.7310926601601357,-0.28185691909525,train
2021-12-24,-2.0051806968866983,-1.800767291538567,-0.20441340534813124,train
2021-12-27,-2.0000205860503932,-1.8789195990071454,-0.12110098704324779,train
2021-12-28,-1.9842694410831734,-1.8707357046864144,-0.11353373639675901,train
2021-12-29,-1.9496762577990894,-1.8988562887937273,-0.05081996900536212,train
2021-12-30,-1.925124596696208,-1.8873389636932005,-0.037785633003007524,train
2021-12-31,-1.9281939558321501,-1.8370784550677097,-0.09111550076444042,train
2022-01-03,-1.934114248159132,-1.7646508734356208,-0.16946337472351125,train
2022-01-04,-1.9532454820105336,-1.7315959949769786,-0.22164948703355503,train
2022-01-05,-1.8454235490084812,-1.7419797801138275,-0.10344376889465368,train
2022-01-06,-1.7950814744599373,-1.7039579595632728,-0.09112351489666448,train
2022-01-07,-1.7981762034139386,-1.6796191425788911,-0.11855706083504747,train
2022-01-10,-1.7934261719917408,-1.7428807892117724,-0.05054538277996845,train
2022-01-11,-1.7982639489958734,-1.7578775238910924,-0.040386425104780965,train
2022-01-12,-1.6923946076835514,-1.8055040025162366,0.11310939483268512,train
2022-01-13,-1.6418226544132961,-1.7855540022784526,0.1437313478651565,train
2022-01-14,-1.6120551850322093,-1.7821610709039284,0.17010588587171904,train
2022-01-17,-1.5950282062421703,-1.7991710315998097,0.2041428253576394,train
2022-01-18,-1.5878907018305537,-1.8679697798133499,0.2800790779827962,train
2022-01-19,-1.5395524318661715,-1.794886400426857,0.25533396856068546,train
2022-01-20,-1.5325689767669548,-1.8622430178707368,0.32967404110378196,train
2022-01-21,-1.5216959015045035,-1.8613871093469063,0.3396912078424028,train
2022-01-24,-1.4901877439220135,-1.9042054619018294,0.4140177179798159,train
2022-01-25,-1.4905798361618048,-1.851287263012448,0.36070742685064316,train
2022-01-26,-1.363739835991393,-1.9101583893327159,0.5464185533413228,train
2022-01-27,-1.3201313210400323,-1.8415256979858747,0.5213943769458425,train
2022-01-28,-1.256892159418349,-1.7629835021174984,0.5060913426991493,train
2022-01-31,-1.2298384388255825,-1.70842289947146,0.47858446064587756,train
2022-02-01,-1.164335169185419,-1.712312079518457,0.5479769103330381,train
2022-02-02,-1.150726928950181,-1.6600485196621126,0.5093215907119317,train
2022-02-03,-1.1008928607156838,-1.72669593056554,0.6258030698498562,train
2022-02-04,-1.0430858867065176,-1.508806551479188,0.4657206647726704,train
2022-02-07,-0.9852436109008269,-1.4953421741261432,0.5100985632253163,train
2022-02-08,-0.9390974421705102,-1.5543923825556722,0.6152949403851621,train
2022-02-09,-0.8585120931393805,-1.5824254970889098,0.7239134039495293,train
2022-02-10,-0.8274634817583485,-1.610015330710554,0.7825518489522055,train
2022-02-11,-0.8506490858248256,-1.438595681509078,0.5879465956842523,train
2022-02-14,-0.8432590927648372,-1.4550138314306862,0.611754738665849,train
2022-02-15,-0.8018112584694297,-1.4323510616509967,0.630539803181567,train
2022-02-16,-0.7924874360521068,-1.4277556984471367,0.6352682623950299,train
2022-02-17,-0.7835991521044388,-1.4622795591056033,0.6786804070011645,train
2022-02-18,-0.8012436133063656,-1.3658120001236638,0.5645683868172982,train
2022-02-21,-0.7922262722842013,-1.52284798767178,0.7306217153875787,train
2022-02-22,-0.7894772941040527,-1.5275943417929552,0.7381170476889025,train
2022-02-23,-0.7927129840380297,-1.4617905669754556,0.6690775829374259,train
2022-02-24,-0.7850687971577898,-1.521178650756012,0.7361098535982223,train
2022-02-25,-0.8351179526534367,-1.2714317673299016,0.4363138146764649,train
2022-02-28,-0.800460316236168,-1.243144754707292,0.44268443847112404,train
2022-03-01,-0.8311705626100505,-1.1047110193664467,0.27354045675639616,train
2022-03-02,-0.8303792060099293,-1.1107902642651912,0.2804110582552619,train
2022-03-03,-0.8683306935514657,-0.9403413655295227,0.072010671978057,train
2022-03-04,-0.8834930685814938,-1.0734320197170861,0.18993895113559234,train
2022-03-07,-0.9196531714212662,-0.987618715239649,0.06796554381838271,train
2022-03-08,-1.0028485755964511,-0.8813469980986405,-0.12150157749781065,train
2022-03-09,-1.0743921551463382,-0.8284572289061229,-0.2459349262402153,train
2022-03-10,-1.1252317758877137,-0.8455051425036995,-0.27972663338401427,train
2022-03-11,-1.2223178309610931,-0.6960214627855434,-0.5262963681755497,train
2022-03-14,-1.2463270838574836,-0.7547253165050353,-0.4916017673524483,train
2022-03-15,-1.2649049948328173,-0.8719369423766845,-0.39296805245613275,train
2022-03-16,-1.233893673472681,-0.878866234267747,-0.35502743920493407,train
2022-03-17,-1.336261949843641,-0.8045946898446796,-0.5316672599989614,train
2022-03-18,-1.366145672923597,-0.9456231753247479,-0.4205224975988491,train
2022-03-21,-1.3670756327844327,-1.0107903985339437,-0.35628523425048897,train
2022-03-22,-1.3578725353835175,-1.052738943039358,-0.3051335923441594,train
2022-03-23,-1.343956644035153,-1.0776594860895974,-0.26629715794555553,train
2022-03-24,-1.3341088411898945,-1.1698444657281613,-0.16426437546173323,train
2022-03-25,-1.3047084172105359,-1.1834684030801483,-0.12124001413038754,train
2022-03-28,-1.2982477691483982,-1.183572362134256,-0.11467540701414225,train
2022-03-29,-1.2755474632905104,-1.1539692951768017,-0.1215781681137087,train
2022-03-30,-1.2813349313899036,-0.9713515303352911,-0.30998340105461253,train
2022-03-31,-1.2573945479979265,-1.0481967835462807,-0.20919776445164584,train
2022-04-01,-1.263671012033299,-0.9853362810050725,-0.2783347310282265,train
2022-04-04,-1.249758287933402,-1.031698651205418,-0.2180596367279839,train
2022-04-05,-1.157533842040777,-1.1412149333014796,-0.016318908739297422,train
2022-04-06,-1.1086836162278544,-1.2643436302184852,0.15566001399063079,train
2022-04-07,-1.035201662778053,-1.266474520581629,0.2312728578035761,train
2022-04-08,-1.0142571594035337,-1.311942252850048,0.2976850934465143,train
2022-04-11,-1.0002774641052297,-1.370435080333399,0.37015761622816923,train
2022-04-12,-0.9817620510992967,-1.359446490075627,0.3776844389763302,train
2022-04-13,-0.9414292762341661,-1.3133200125722608,0.3718907363380948,train
2022-04-14,-0.9268117911660068,-1.3703877034043517,0.4435759122383449,train
2022-04-15,-0.9662362338863607,-1.1842289921111029,0.21799275822474218,train
2022-04-18,-0.9222410657708856,-1.5235329481464563,0.6012918823755707,train
2022-04-19,-0.9046326132006518,-1.4928679240803717,0.5882353108797199,train
2022-04-20,-0.8831525196235782,-1.4630919482085067,0.5799394285849285,train
2022-04-21,-0.8823616422632464,-1.4174348363984466,0.5350731941352002,train
2022-04-22,-0.8707734952680365,-1.4442351703457414,0.573461675077705,train
2022-04-25,-0.8459000440061544,-1.3579497163902716,0.5120496723841172,train
2022-04-26,-0.8563831157747356,-1.2341487498156556,0.37776563404092,train
2022-04-27,-0.8556940275123076,-1.2642224372584177,0.40852840974611004,train
2022-04-28,-0.8677814166367835,-1.1753295026088333,0.30754808597204975,train
2022-04-29,-0.9239215297469846,-1.071034712678168,0.14711318293118347,train
2022-05-02,-0.9251409887065207,-1.0726232999256493,0.14748231121912858,train
2022-05-03,-0.928329796171327,-1.1077506639195103,0.17942086774818322,train
2022-05-04,-0.9424107249975915,-1.0849291991423402,0.14251847414474872,train
2022-05-05,-1.0097890881827847,-0.9385817647294988,-0.07120732345328584,train
2022-05-06,-1.0482917316691445,-0.9795033629166223,-0.06878836875252214,train
2022-05-09,-1.1242136632777242,-0.875105685572074,-0.24910797770565019,train
2022-05-10,-1.1517641297455743,-0.9151261480873111,-0.23663798165826322,train
2022-05-11,-1.0879023963834449,-0.9409299991381509,-0.14697239724529398,train
2022-05-12,-1.0713406284183355,-0.9642948530188745,-0.10704577539946103,train
2022-05-13,-1.0897238155003088,-0.8900353166296874,-0.19968849887062146,train
2022-05-16,-1.0793904217186747,-1.0063632004234395,-0.0730272212952352,train
2022-05-17,-0.9758995973283501,-1.0532451126009816,0.07734551527263156,train
2022-05-18,-0.9326824431169232,-0.9523899732358133,0.01970753011889015,train
2022-05-19,-0.9074879636505436,-0.9920251932233568,0.08453722957281318,train
2022-05-20,-0.9274425619557738,-0.974924147737227,0.04748158578145323,train
2022-05-23,-0.9260601704334855,-1.0251748880780505,0.09911471764456492,train
2022-05-24,-0.9344195807477393,-0.9528608991797447,0.01844131843200536,train
2022-05-25,-0.9265227604429639,-0.9178089271611332,-0.00871383328183073,train
2022-05-26,-0.9208510294887944,-0.9676358772943546,0.04678484780556025,train
2022-05-27,-0.9235234839601265,-1.0134190085727242,0.08989552461259764,train
2022-05-30,-0.9269585220214229,-0.9925780444252394,0.06561952240381652,train
2022-05-31,-0.9141014378359144,-1.108169743615519,0.19406830577960454,train
2022-06-01,-0.9171876802451174,-1.0449935894778377,0.12780590923272028,train
2022-06-02,-0.912353889391294,-1.071576753732358,0.15922286434106392,train
2022-06-03,-0.915189314708857,-1.1296294498117425,0.2144401351028855,train
2022-06-06,-0.8820326521941673,-1.193882950267159,0.3118502980729918,train
2022-06-07,-0.8487360876519648,-1.2102466176493745,0.3615105299974096,train
2022-06-08,-0.828248100696624,-1.2681798114070877,0.43993171071046366,train
2022-06-09,-0.7833801944093594,-1.307104777678726,0.5237245832693666,train
2022-06-10,-0.8234625707530803,-1.0833876337556312,0.2599250630025509,train
2022-06-13,-0.8296428988507022,-1.0583278835751133,0.22868498472441112,train
2022-06-14,-0.7648415120158469,-1.0094494886443028,0.2446079766284559,train
2022-06-15,-0.7330173097649413,-0.9831910842205034,0.2501737744555621,train
2022-06-16,-0.7944503847663421,-0.7481207654916616,-0.04632961927468049,train
2022-06-17,-0.8402725311391608,-0.7635519680322942,-0.07672056310686659,train
2022-06-20,-0.8287652058560729,-0.7928881592596864,-0.035877046596386575,train
2022-06-21,-0.7965821696572135,-0.9246639624203509,0.12808179276313736,train
2022-06-22,-0.7284869419573891,-0.9292653724047568,0.20077843044736776,train
2022-06-23,-0.6984663889819536,-0.9937086810676752,0.2952422920857216,train
2022-06-24,-0.7127504741270092,-0.969021125274258,0.2562706511472488,train
2022-06-27,-0.7056193647032821,-1.0374759607248254,0.33185659602154327,train
2022-06-28,-0.6595639210623997,-1.0767976119641576,0.4172336909017579,train
2022-06-29,-0.6258112991962854,-1.063003609026885,0.43719230983059965,train
2022-06-30,-0.6003941386730275,-1.0508189715282268,0.4504248328551993,train
2022-07-01,-0.6025365751327836,-1.0509410315114054,0.4484044563786218,train
2022-07-04,-0.5909648601953065,-1.0571145750874789,0.4661497148921724,train
2022-07-05,-0.572115371125208,-1.1356035163479283,0.5634881452227203,train
2022-07-06,-0.5849759118901675,-0.988449393060828,0.4034734811706605,train
2022-07-07,-0.5849048037007487,-0.9357303580564114,0.35082555435566265,train
2022-07-08,-0.5985914882621762,-0.9407573382647063,0.3421658500025301,train
2022-07-11,-0.6383400174858321,-0.8355995096036531,0.197259492117821,train
2022-07-12,-0.6066068228811672,-0.8568755498540344,0.2502687269728672,train
2022-07-13,-0.6179919857050761,-0.8545662492535355,0.23657426354845945,train
2022-07-14,-0.6911436386478815,-0.6953037490504628,0.004160110402581241,train
2022-07-15,-0.7366070794894714,-0.6883198759968129,-0.04828720349265847,train
2022-07-18,-0.7545103303619763,-0.7667361126305061,0.012225782268529772,train
2022-07-19,-0.7584590814793547,-0.8074679452782663,0.04900886379891156,train
2022-07-20,-0.7921405802844551,-0.7264461177499315,-0.0656944625345236,train
2022-07-21,-0.8254161131453022,-0.7714639148239734,-0.053952198321328804,train
2022-07-22,-0.9003182158007156,-0.6725369744077714,-0.2277812413929442,train
2022-07-25,-0.9148189971856726,-0.6742560457253908,-0.24056295146028184,train
2022-07-26,-0.9127699183585568,-0.7193077573350182,-0.19346216102353864,train
2022-07-27,-0.9114835083377759,-0.7362567907444955,-0.17522671759328046,train
2022-07-28,-0.9017594686449152,-0.6416520105341799,-0.2601074581107353,train
2022-07-29,-0.9265387606267537,-0.6622154157904254,-0.26432334483632824,train
2022-08-01,-0.9359847972259056,-0.6637000803757237,-0.27228471685018185,train
2022-08-02,-0.9205931536678914,-0.7172725437489778,-0.20332060991891365,train
2022-08-03,-0.9217892674700318,-0.6734514029492995,-0.24833786452073225,train
2022-08-04,-0.9127439175771781,-0.7144877117368681,-0.19825620584031,train
2022-08-05,-0.9078285920815429,-0.7907790705680418,-0.11704952151350112,train
2022-08-08,-0.9142468064657475,-0.7657052635292947,-0.14854154293645283,train
2022-08-09,-0.8900341381483506,-0.8698694435969787,-0.02016469455137193,train
2022-08-10,-0.8327709232724174,-0.9875321547011611,0.15476123142874365,train
2022-08-11,-0.8545986521200377,-0.8047349553422052,-0.049863696777832534,train
2022-08-12,-0.8215656250881183,-0.908090094331216,0.08652446924309776,train
2022-08-15,-0.7266559056969416,-0.986536333430172,0.2598804277332304,train
2022-08-16,-0.7105106685846401,-1.0274595497290475,0.31694888114440745,train
2022-08-17,-0.7125325933967525,-0.9868263132721709,0.2742937198754184,train
2022-08-18,-0.6997906369520447,-1.0349017895473753,0.33511115259533064,train
2022-08-19,-0.7014980967878718,-1.0633909171769724,0.36189282038910064,train
2022-08-22,-0.6905865497663239,-1.1156582804931277,0.4250717307268037,train
2022-08-23,-0.6278641537482524,-1.099956664998495,0.47209251125024265,train
2022-08-24,-0.6209302805732888,-0.9995426445795716,0.37861236400628284,train
2022-08-25,-0.5963020429040713,-1.002489015389802,0.40618697248573077,train
2022-08-26,-0.4502676245104839,-0.9681560557231151,0.5178884312126313,train
2022-08-29,-0.45667478760032326,-0.8147478866087499,0.3580730990084266,train
2022-08-30,-0.4035185817695929,-0.8485763036396199,0.445057721870027,train
2022-08-31,-0.3676778060944886,-0.8358834641519631,0.46820565805747455,train
2022-09-01,-0.34525182277634575,-0.8221212955816732,0.4768694728053275,train
2022-09-02,-0.3261859409777067,-0.8192605409766129,0.49307459999890624,train
2022-09-05,-0.32177101167503336,-0.8485324724475187,0.5267614607724853,train
2022-09-06,-0.3102399426448323,-0.8849312468346064,0.5746913041897741,train
2022-09-07,-0.3064041601545274,-0.8819986031797438,0.5755944430252163,train
2022-09-08,-0.29741714699250477,-0.8738578651806221,0.5764407181881174,train
2022-09-09,-0.30817074637498804,-0.7817603298396942,0.4735895834647062,train
2022-09-12,-0.3079804351931618,-0.810018453305248,0.5020380181120863,train
2022-09-13,-0.3058019204774644,-0.7528800297368647,0.44707810925940034,train
2022-09-14,-0.27662606925669964,-0.5880874160184373,0.31146134676173765,train
2022-09-15,-0.2562401140142138,-0.6961248194493492,0.4398847054351354,train
2022-09-16,-0.23869726401252586,-0.807339020623151,0.5686417566106251,train
2022-09-19,-0.2344523018581148,-0.7583748768407399,0.5239225749826251,train
2022-09-20,-0.22474958950288143,-0.8690606404119189,0.6443110509090375,train
2022-09-21,-0.21234126977311354,-0.9242965600234838,0.7119552902503703,train
2022-09-22,-0.20487298282572408,-0.737669157734421,0.5327961749086969,train
2022-09-23,-0.1882361717550008,-0.7221044087592452,0.5338682370042445,train
2022-09-26,-0.20220680767606614,-0.6679039996965817,0.4656971920205155,train
2022-09-27,-0.3107981531094658,-0.3690225367768586,0.0582243836673928,train
2022-09-28,-0.3168203599053509,-0.43473130057395676,0.11791094066860586,train
2022-09-29,-0.36432470904219527,-0.3570594650632152,-0.007265243978980096,train
2022-09-30,-0.41185766507158705,-0.31943523314375305,-0.092422431927834,train
2022-10-03,-0.44301734138607807,-0.31986939640797907,-0.123147944978099,train
2022-10-04,-0.4210922995832587,-0.3931034266230475,-0.027988872960211242,train
2022-10-05,-0.4311822407453714,-0.43954906025416396,0.008366819508792533,train
2022-10-06,-0.4181967518777428,-0.48622755906847703,0.06803080719073423,train
2022-10-07,-0.4130727122074241,-0.5430419630265871,0.12996925081916305,train
2022-10-10,-0.42701145957264924,-0.5443246713172286,0.11731321174457937,train
2022-10-11,-0.42622886332433474,-0.5855888162956674,0.15935995297133265,train
2022-10-12,-0.30193467856405015,-0.5893351373299136,0.28740045876586345,train
2022-10-13,-0.30518231842138427,-0.562991616881537,0.2578092984601527,train
2022-10-14,-0.37606480561563266,-0.37639550098258534,0.0003306953669526824,train
2022-10-17,-0.31731327868436693,-0.43603798268678884,0.11872470400242191,train
2022-10-18,-0.3103766643360643,-0.4465915014251586,0.13621483708909427,train
2022-10-19,-0.31194681949238084,-0.45020433776383884,0.138257518271458,train
2022-10-20,-0.31560125069539274,-0.48771339067878405,0.1721121399833913,train
2022-10-21,-0.3289678641257984,-0.5303796159956459,0.20141175186984744,train
2022-10-24,-0.3839883219585047,-0.43275240604313553,0.04876408408463084,train
2022-10-25,-0.41375904383059864,-0.41233314254973263,-0.0014259012808660043,train
2022-10-26,-0.4261044133101138,-0.49427414609815185,0.06816973278803806,train
2022-10-27,-0.4410742232128248,-0.5070566985837799,0.06598247537095508,train
2022-10-28,-0.45134525667423936,-0.4743631873781945,0.023017930703955136,train
2022-10-31,-0.4449083732990099,-0.5826624671509112,0.1377540938519013,train
2022-11-01,-0.4190110906218264,-0.6915562583978883,0.27254516777606186,train
2022-11-02,-0.39601903526893995,-0.70224562340803,0.30622658813909004,train
2022-11-03,-0.3993306058328953,-0.5460208565674443,0.14669025073454894,train
2022-11-04,-0.39152749475123566,-0.6708583137639921,0.2793308190127564,train
2022-11-07,-0.4180990431330517,-0.5797279895764222,0.16162894644337056,train
2022-11-08,-0.4296049952741949,-0.5672209451812034,0.13761594990700848,train
2022-11-09,-0.439417075565208,-0.6083073387298678,0.16889026316465977,train
2022-11-10,-0.4560821931869908,-0.6255618552181967,0.16947966203120596,train
2022-11-11,-0.6258763148185033,-0.3240218165527822,-0.301854498265721,train
2022-11-14,-0.6099678122772513,-0.4913852222081895,-0.1185825900690618,train
2022-11-15,-0.6088001076214038,-0.5067201899334233,-0.10207991768798053,train
2022-11-16,-0.6900097157818107,-0.29789053519928554,-0.39211918058252515,train
2022-11-17,-0.7199373905981645,-0.3693935697278388,-0.3505438208703257,train
2022-11-18,-0.738940356226549,-0.5043895338279163,-0.23455082239863267,train
2022-11-21,-0.7255710587181464,-0.5665388442831486,-0.15903221443499782,train
2022-11-22,-0.7341157186448343,-0.6196649147140558,-0.11445080393077844,train
2022-11-23,-0.7315903503285168,-0.785152141421358,0.053561791092841204,train
2022-11-24,-0.7552211417644994,-0.7701478507725301,0.014926709008030725,train
2022-11-25,-0.7752041778759181,-0.8664898834884985,0.09128570561258043,train
2022-11-28,-0.7827846858964288,-0.8981036071140691,0.11531892121764031,train
2022-11-29,-0.8155866634233205,-0.8223930786495,0.006806415226179419,train
2022-11-30,-0.8524715959492033,-0.7628870406612911,-0.0895845552879122,train
2022-12-01,-0.8922996121554869,-0.6961893923865878,-0.19611021976889909,train
2022-12-02,-0.9502202459528785,-0.6182697491394076,-0.3319504968134709,train
2022-12-05,-1.015924275282918,-0.4953279338403409,-0.5205963414425772,train
2022-12-06,-1.0313037741316256,-0.5498526160202043,-0.48145115811142125,train
2022-12-07,-1.027613135099145,-0.6318047227570638,-0.3958084123420813,train
2022-12-08,-0.9986473241149921,-0.660596520316348,-0.33805080379864416,train
2022-12-09,-0.9965365057988135,-0.7800717254714294,-0.21646478032738403,train
2022-12-12,-1.0062178599342317,-0.8542255550342384,-0.15199230489999338,train
2022-12-13,-1.0087933185836786,-0.9606122890473898,-0.04818102953628878,train
2022-12-14,-1.0172163638885616,-0.8007471408613804,-0.2164692230271812,train
2022-12-15,-1.057139068169951,-0.7967244072158624,-0.2604146609540887,train
2022-12-16,-1.1323482216578489,-0.7277328923214517,-0.4046153293363972,train
2022-12-19,-1.1226263767343236,-0.8029610243200105,-0.31966535241431315,train
2022-12-20,-1.0981063937502487,-0.8148584210007467,-0.283247972749502,train
2022-12-21,-1.13280529813095,-0.7873716017523384,-0.34543369637861154,train
2022-12-22,-1.1385916054168195,-0.9186377532752915,-0.21995385214152796,train
2022-12-23,-1.1439335565086333,-0.9580241767119773,-0.185909379796656,train
2022-12-26,-1.143022934998131,-1.0266311064982354,-0.11639182849989549,train
2022-12-27,-1.1145862970518086,-1.2410155121918605,0.1264292151400519,train
2022-12-28,-1.1107424852168004,-1.2215715314358713,0.11082904621907086,train
2022-12-29,-1.1033359293415874,-1.2795570093939523,0.17622108005236492,train
2022-12-30,-1.1045960935128416,-1.3121475089968921,0.20755141548405054,train
2023-01-02,-1.1212025174727756,-1.239678225023089,0.11847570755031356,train
2023-01-03,-1.10074989690024,-1.227715353910673,0.12696545701043305,train
2023-01-04,-1.0881430819124034,-1.103876708406166,0.015733626493762642,train
2023-01-05,-1.0362880853479086,-1.0683462023320276,0.03205811698411898,train
2023-01-06,-1.057029462901419,-1.0302690077967458,-0.026760455104673175,train
2023-01-09,-1.0822149437057063,-0.9332949081515817,-0.14892003555412459,train
2023-01-10,-1.0872543911635646,-0.9969247607282974,-0.0903296304352672,train
2023-01-11,-1.0898819668131536,-1.0688992757580942,-0.020982691055059455,train
2023-01-12,-1.0905668945332208,-1.1065418213630585,0.0159749268298377,train
2023-01-13,-1.163841989959661,-0.9652562803331295,-0.19858570962653155,train
2023-01-16,-1.1230630060573001,-1.1112139781833896,-0.011849027873910511,train
2023-01-17,-1.1089617637718985,-1.2266247924172062,0.11766302864530775,train
2023-01-18,-1.1363555432712755,-1.1010330629727831,-0.03532248029849239,train
2023-01-19,-1.1671436044467118,-1.0322246132838448,-0.13491899116286699,train
2023-01-20,-1.1939802005596014,-1.1679628270391418,-0.02601737352045963,train
2023-01-23,-1.1824142042808972,-1.214213140359001,0.03179893607810391,train
2023-01-24,-1.1934391717397748,-1.1632382850022334,-0.0302008867375414,train
2023-01-25,-1.2087246332100305,-1.2141070575149577,0.005382424304927191,train
2023-01-26,-1.2213756647619771,-1.210866340163862,-0.010509324598115155,train
2023-01-27,-1.2282420470278117,-1.2370440388528534,0.00880199182504171,train
2023-01-30,-1.2207879311761138,-1.228186134096888,0.0073982029207741995,train
2023-01-31,-1.2073132947655205,-1.267521900371555,0.06020860560603447,train
2023-02-01,-1.2134553389633969,-1.2536012455549062,0.040145906591509295,train
2023-02-02,-1.2478303188553688,-1.1809762157597972,-0.0668541030955716,train
2023-02-03,-1.306803839741409,-1.0686812596296646,-0.23812258011174436,train
2023-02-06,-1.3404606698233084,-0.9427602380578262,-0.3977004317654822,train
2023-02-07,-1.3592230090059292,-1.062478872532391,-0.29674413647353814,train
2023-02-08,-1.4100894992282016,-0.9575141820170379,-0.45257531721116373,train
2023-02-09,-1.3852938676480766,-1.0486278801602729,-0.33666598748780374,train
2023-02-10,-1.3713118890817715,-1.1286417413892147,-0.2426701476925568,train
2023-02-13,-1.2418695262501407,-1.2060117650872604,-0.03585776116288031,train
2023-02-14,-1.2106171156079135,-1.2647605634100216,0.05414344780210811,train
2023-02-15,-1.2693386722707338,-1.1283874557326523,-0.14095121653808151,train
2023-02-16,-1.260502797822282,-1.1864309849262313,-0.07407181289605069,train
2023-02-17,-1.2707572749905924,-1.2175542450627224,-0.05320302992787007,train
2023-02-20,-1.2330370854755892,-1.2015464143368118,-0.03149067113877746,train
2023-02-21,-1.205889739277087,-1.389233949773828,0.18334421049674088,train
2023-02-22,-1.2219563715306618,-1.3123204358796432,0.09036406434898137,train
2023-02-23,-1.2347917199642013,-1.3782371975297916,0.14344547756559023,train
2023-02-24,-1.2362482555095426,-1.4568010118780577,0.220552756368515,train
2023-02-27,-1.2255107710174742,-1.4457811520424912,0.22027038102501706,train
2023-02-28,-1.220622772775446,-1.4012175910462525,0.1805948182708066,train
2023-03-01,-1.2384208612583425,-1.3632499454247369,0.12482908416639438,train
2023-03-02,-1.1912798031215812,-1.3300530490830884,0.1387732459615072,train
2023-03-03,-1.1958445156486022,-1.3393275946892036,0.14348307904060142,train
2023-03-06,-1.2027086008732355,-1.389826196796121,0.18711759592288546,train
2023-03-07,-1.219199534143575,-1.3511135958526101,0.13191406170903508,train
2023-03-08,-1.294956462030998,-1.2139817849039234,-0.08097467712707451,train
2023-03-09,-1.2458071708531009,-1.4383984584199274,0.19259128756682653,train
2023-03-10,-1.2369164496392007,-1.4242026096475997,0.18728616000839904,train
2023-03-14,-1.2813387987862077,-1.286311288527373,0.004972489741165376,train
2023-03-15,-1.304451701286964,-1.2889095036663836,-0.015542197620580511,train
2023-03-16,-1.4599513015260115,-1.1136940986427293,-0.3462572028832822,train
2023-03-17,-1.4858491305547037,-1.1105987509089847,-0.37525037964571895,train
2023-03-20,-1.4921086622120505,-1.1733554252611393,-0.3187532369509112,train
2023-03-21,-1.5136350225490343,-1.140504345214607,-0.3731306773344272,train
2023-03-22,-1.5085096224583283,-1.2600110196376617,-0.2484986028206666,train
2023-03-23,-1.5509185601984616,-1.1863852935453265,-0.3645332666531351,train
2023-03-27,-1.5603530218591974,-1.2551484404109194,-0.305204581448278,train
2023-03-28,-1.542140416382249,-1.3031885143404502,-0.23895190204179872,train
2023-03-29,-1.5400831011618332,-1.4334772482290208,-0.10660585293281244,train
2023-03-30,-1.5401657062883964,-1.4397904169853466,-0.10037528930304984,train
2023-03-31,-1.5531762010294528,-1.4060231106278713,-0.14715309040158142,train
2023-04-03,-1.5707790468566978,-1.4344266418051628,-0.136352405051535,train
2023-04-04,-1.5913305239192133,-1.48079073341232,-0.11053979050689322,train
2023-04-05,-1.7052027955536462,-1.234340728294732,-0.4708620672589141,train
2023-04-06,-1.7184712987030515,-1.3337986493048128,-0.38467264939823864,train
2023-04-10,-1.715276874650578,-1.4337867885035298,-0.2814900861470482,train
2023-04-11,-1.684235950498878,-1.4653760601577934,-0.21885989034108455,train
2023-04-12,-1.6765435791308725,-1.496023384694169,-0.18052019443670342,train
2023-04-14,-1.7208567546053224,-1.3937115851084867,-0.3271451694968357,train
2023-04-18,-1.746705599901427,-1.420409623894307,-0.32629597600712,train
2023-04-19,-1.7271571449853769,-1.5280621957533485,-0.19909494923202842,train
2023-04-20,-1.7215945236560608,-1.4863591468088049,-0.23523537684725593,train
2023-04-21,-1.7223143708537416,-1.5224199538524252,-0.19989441700131638,train
2023-04-25,-1.740819730991229,-1.5112033518506287,-0.2296163791406003,train
2023-04-26,-1.7477721547606209,-1.5646534135950358,-0.18311874116558502,train
2023-04-27,-1.7747840834101316,-1.5017617167623118,-0.27302236664781976,train
2023-05-02,-1.790119096940412,-1.5082333744481526,-0.2818857224922593,train
2023-05-03,-1.8550468465108467,-1.421644217686393,-0.4334026288244537,train
2023-05-05,-1.8578821094168079,-1.4687724481044646,-0.38910966131234326,train
2023-05-08,-1.8467086355921216,-1.412741059660505,-0.4339675759316166,train
2023-05-09,-1.759710793432058,-1.5271885182601554,-0.2325222751719025,train
2023-05-10,-1.7521385239064722,-1.5505167049928663,-0.20162181891360587,train
2023-05-12,-1.7870279104956577,-1.5331469417781842,-0.25388096871747345,train
2023-05-15,-1.7626015441227716,-1.61239907623989,-0.1502024678828815,train
2023-05-16,-1.7580523620040656,-1.784067547173128,0.026015185169062427,train
2023-05-17,-1.7549482453894034,-1.782687719837147,0.027739474447743495,train
2023-05-18,-1.7131630593288665,-1.786928357195034,0.07376529786616759,train
2023-05-19,-1.7191049067009398,-1.8091049374598345,0.09000003075889462,train
2023-05-23,-1.7528575541953477,-1.6883738545494347,-0.06448369964591305,train
2023-05-24,-1.7400666026699319,-1.660277375754757,-0.07978922691517476,train
2023-05-25,-1.737363979625702,-1.5812774063325556,-0.15608657329314646,train
2023-05-30,-1.7326919060120665,-1.63676749987843,-0.0959244061336364,train
2023-06-01,-1.696636716551187,-1.576526538954258,-0.1201101775969291,train
2023-06-02,-1.7109125077764458,-1.5978909234424445,-0.11302158433400122,train
2023-06-05,-1.6942824907307021,-1.6290122335413897,-0.06527025718931245,train
2023-06-06,-1.7030646259226732,-1.631010722688774,-0.07205390323389915,train
2023-06-07,-1.6702436422901878,-1.6410387527473762,-0.02920488954281164,train
2023-06-08,-1.6732044747347787,-1.7061450775430913,0.03294060280831257,train
2023-06-09,-1.6508342413437411,-1.7335342683338328,0.08270002699009171,train
2023-06-13,-1.4571680895524926,-1.860722716740994,0.40355462718850155,train
2023-06-14,-1.4360621844728811,-1.7550323159429628,0.3189701314700817,train
2023-06-15,-1.4670920754723638,-1.6674292991335578,0.200337223661194,train
2023-06-20,-1.5222312002255896,-1.5220039609564684,-0.00022723926912116,train
2023-06-21,-1.508360443385795,-1.6026443617964354,0.09428391841064054,train
2023-06-23,-1.473985158924279,-1.6812538032192554,0.2072686442949765,train
2023-06-26,-1.47035055294736,-1.563183484645302,0.09283293169794216,train
2023-06-28,-1.4656828350637188,-1.7364879542883358,0.27080511922461703,train
2023-06-30,-1.4648206538724122,-1.7938750382011666,0.32905438432875433,train
2023-07-03,-1.494289663183548,-1.658545275323164,0.16425561213961593,train
2023-07-05,-1.472072239553164,-1.7327165299583431,0.2606442904051791,train
2023-07-06,-1.4603251171500764,-1.7674750293105945,0.3071499121605181,train
2023-07-07,-1.473264032871954,-1.646243523929288,0.17297949105733412,train
2023-07-10,-1.4814559463722663,-1.5808279269532337,0.09937198058096741,train
2023-07-12,-1.484765913188721,-1.6678497292313592,0.18308381604263824,train
2023-07-13,-1.5241719349257596,-1.5097120216472448,-0.014459913278514813,train
2023-07-18,-1.5244230226231457,-1.6080994218918585,0.08367639926871284,train
2023-07-20,-1.5487625750503529,-1.5522844696228466,0.0035218945724937445,train
2023-07-24,-1.553403799508542,-1.6244117189887437,0.0710079194802018,train
2023-07-25,-1.5416179507904857,-1.5094116430947664,-0.032206307695719305,train
2023-07-26,-1.5388488393512856,-1.6811670027585826,0.14231816340729697,train
2023-07-27,-1.5158807979011355,-1.564338276468464,0.048457478567328405,train
2023-07-28,-1.7187493051368694,-1.2720715079445735,-0.44667779719229594,train
2023-07-31,-1.7153844522708956,-1.3213878049494325,-0.3939966473214631,train
2023-08-01,-1.7055118799418012,-1.448875628976614,-0.25663625096518716,train
2023-08-02,-1.6986372837125219,-1.426437296139961,-0.2721999875725609,train
2023-08-03,-1.665520988693446,-1.3918897543993083,-0.2736312342941376,train
2023-08-04,-1.7101958035191487,-1.4536363103363408,-0.2565594931828079,train
2023-08-07,-1.735233580352061,-1.4697609847438553,-0.2654725956082058,train
2023-08-08,-1.7158771609890688,-1.5618763890472471,-0.1540007719418217,train
2023-08-09,-1.7166701816032603,-1.5712427733315981,-0.14542740827166223,train
2023-08-10,-1.7240353938993327,-1.614928516009708,-0.1091068778896247,train
2023-08-11,-1.7484863014966896,-1.5642521283292385,-0.18423417316745105,train
2023-08-14,-1.7623327821386583,-1.590577989613661,-0.17175479252499737,train
2023-08-15,-1.7555085071829541,-1.5901250443271364,-0.16538346285581773,train
2023-08-16,-1.725197830913663,-1.5259145924053705,-0.19928323850829255,train
2023-08-17,-1.7208921257730272,-1.5676202253357578,-0.15327190043726935,train
2023-08-18,-1.7326931410876862,-1.6234073609001323,-0.10928578018755397,train
2023-08-21,-1.7403563319350133,-1.6576237508075682,-0.08273258112744508,train
2023-08-22,-1.6908948650818052,-1.724396552924814,0.033501687843008776,train
2023-08-23,-1.6754573359251677,-1.7348549363102026,0.05939760038503494,train
2023-08-24,-1.684978835034836,-1.5775214192528075,-0.1074574157820285,train
2023-08-25,-1.6883262666242904,-1.680015558027593,-0.008310708596697358,train
2023-08-28,-1.740672552491658,-1.5099880471855205,-0.2306845053061375,train
2023-08-29,-1.7165135333763684,-1.6872490196768104,-0.02926451369955796,train
2023-08-30,-1.7301608055269544,-1.4979153883899448,-0.23224541713700964,train
2023-08-31,-1.7298841639784017,-1.5852366584338966,-0.14464750554450512,train
2023-09-01,-1.7320907577796747,-1.5474710102375908,-0.18461974754208388,train
2023-09-04,-1.7507587359719563,-1.4761122509363276,-0.2746464850356287,train
2023-09-05,-1.711599405825799,-1.6796543628794813,-0.031945042946317725,train
2023-09-06,-1.7047095515957889,-1.6658123911747642,-0.038897160421024646,train
2023-09-07,-1.6198670863765416,-1.6361378704584388,0.016270784081897194,train
2023-09-08,-1.6101602038671414,-1.7101038807458084,0.09994367687866701,train
2023-09-11,-1.5937096775830195,-1.8159434615679508,0.22223378398493132,train
2023-09-12,-1.5764336828756451,-1.768115589319295,0.1916819064436499,train
2023-09-13,-1.5509985687925323,-1.7714119758351914,0.2204134070426591,train
2023-09-14,-1.5556784805813044,-1.7415387264779727,0.18586024589666827,train
2023-09-15,-1.5960545330670675,-1.6085324111412536,0.0124778780741861,train
2023-09-18,-1.5785380658095107,-1.6509296759972327,0.072391610187722,train
2023-09-19,-1.5606756473743737,-1.7416507859098302,0.18097513853545655,train
2023-09-20,-1.5083749629992813,-1.7616326244547207,0.2532576614554394,train
2023-09-21,-1.5312077517597886,-1.6010714871381146,0.06986373537832602,train
2023-09-22,-1.537381148946521,-1.6692642236233484,0.13188307467682736,train
2023-09-25,-1.5584219420252963,-1.582077127301766,0.023655185276469703,train
2023-09-26,-1.5564347081166097,-1.6675108049137695,0.1110760967971598,train
2023-09-27,-1.5460513327821774,-1.654684998511081,0.10863366572890354,train
2023-09-28,-1.5355881196762953,-1.635821848492836,0.10023372881654069,train
2023-09-29,-1.5619216462399765,-1.5753395837945696,0.013417937554593085,train
2023-10-02,-1.5429085323679423,-1.6418594713782162,0.09895093901027385,train
2023-10-03,-1.5378915055211526,-1.6073136529400798,0.06942214741892716,train
2023-10-04,-1.563450264942149,-1.512246189883419,-0.051204075058729925,train
2023-10-05,-1.546974852243549,-1.5026656638234175,-0.04430918842013143,train
2023-10-06,-1.5608645939123187,-1.5511630332753041,-0.00970156063701455,train
2023-10-09,-1.6554041073626278,-1.3555605828038644,-0.2998435245587634,train
2023-10-10,-1.6655340330768276,-1.471466170087318,-0.19406786298950962,train
2023-10-11,-1.6550739992205774,-1.488095040586352,-0.1669789586342254,train
2023-10-12,-1.6668969128165378,-1.4736810325463967,-0.19321588027014114,train
2023-10-13,-1.7024243702208715,-1.41685091293233,-0.28557345728854155,train
2023-10-16,-1.6110560941774308,-1.5439223628152674,-0.06713373136216338,train
2023-10-17,-1.6061271202383351,-1.573542652068252,-0.03258446817008309,train
2023-10-18,-1.6178351470091488,-1.5039916497402361,-0.11384349726891263,train
2023-10-19,-1.6170879335975286,-1.5358865665039017,-0.08120136709362691,train
2023-10-20,-1.6622202797003378,-1.4238230464686514,-0.23839723323168638,train
2023-10-23,-1.674791044437409,-1.4802238575915116,-0.19456718684589736,train
2023-10-24,-1.6651892477846482,-1.4869839272211511,-0.17820532056349703,train
2023-10-25,-1.6944111433206668,-1.4796588475964871,-0.21475229572417964,train
2023-10-26,-1.6966841664008558,-1.558821290580683,-0.13786287582017276,train
2023-10-27,-1.7121628427357065,-1.5639509403936276,-0.14821190234207893,train
2023-10-30,-1.7244414888846353,-1.5149625408174494,-0.20947894806718592,train
2023-10-31,-1.7159337275317672,-1.5700193284649435,-0.14591439906682369,train
2023-11-01,-1.7231307048659799,-1.4852695229068025,-0.23786118195917738,train
2023-11-02,-1.7202987382157244,-1.4696276765759793,-0.2506710616397452,train
2023-11-03,-1.7160009308982358,-1.5028614797688409,-0.21313945112939492,train
2023-11-06,-1.7370812250705863,-1.427082981978149,-0.3099982430924373,train
2023-11-07,-1.7288858742383633,-1.549010399828056,-0.17987547441030727,train
2023-11-08,-1.716090924704812,-1.619578646031565,-0.09651227867324685,train
2023-11-09,-1.6696358295909575,-1.6655073998862902,-0.0041284297046673135,train
2023-11-10,-1.692871710130064,-1.5862718428489324,-0.10659986728113169,train
2023-11-13,-1.6858697456390164,-1.673634524673645,-0.01223522096537133,train
2023-11-14,-1.6132836735387865,-1.725037756006682,0.11175408246789553,train
2023-11-15,-1.6598988719880543,-1.449002804507281,-0.21089606748077339,train
2023-11-16,-1.6353899794437983,-1.5327260722794758,-0.1026639071643225,train
2023-11-17,-1.6528743065064575,-1.543807603120782,-0.10906670338567559,train
2023-11-20,-1.6605461501851646,-1.5414353410308814,-0.11911080915428318,train
2023-11-21,-1.6660036942689485,-1.5453852738544018,-0.12061842041454662,train
2023-11-22,-1.6631829011699557,-1.659025175803553,-0.004157725366402687,train
2023-11-23,-1.6739282959747261,-1.6013902958644373,-0.07253800011028888,train
2023-11-24,-1.6757692635943537,-1.748327501636964,0.07255823804261019,train
2023-11-27,-1.6691657240222941,-1.7628145910371196,0.09364886701482544,train
2023-11-28,-1.641939398344117,-1.7919762107319566,0.1500368123878395,train
2023-11-29,-1.6471485535785932,-1.7237183837382022,0.07656983015960894,train
2023-11-30,-1.6520987764663269,-1.724787501572162,0.07268872510583524,train
2023-12-01,-1.6663146299851521,-1.6250450521913409,-0.04126957779381124,train
2023-12-04,-1.6901002724960543,-1.5866747970726318,-0.10342547542342251,train
2023-12-05,-1.6430434251421508,-1.5661636426919028,-0.07687978245024807,train
2023-12-06,-1.6672427704383583,-1.5477070494197986,-0.11953572101855969,train
2023-12-07,-1.667436167792695,-1.5984501916670406,-0.06898597612565438,train
2023-12-08,-1.6830775408777654,-1.5979536261680443,-0.08512391470972114,train
2023-12-11,-1.6933260492670275,-1.5045882963626966,-0.1887377529043308,train
2023-12-12,-1.684086371433225,-1.6276584558628477,-0.056427915570377296,train
2023-12-13,-1.7097919287228858,-1.6022760637570577,-0.1075158649658281,train
2023-12-14,-1.7634315965940104,-1.4268501502140825,-0.33658144637992793,train
2023-12-15,-1.817350622912029,-1.4047265830624247,-0.4126240398496044,train
2023-12-18,-1.8525425658197945,-1.4270805285162123,-0.42546203730358223,train
2023-12-19,-1.852939772460461,-1.5355897228250135,-0.31735004963544755,train
2023-12-20,-1.8605932893201973,-1.5339618475692052,-0.3266314417509921,train
2023-12-21,-1.8611462647128603,-1.6261195723893356,-0.2350266923235247,train
2023-12-22,-1.8451837132975226,-1.6713841277513044,-0.17379958554621822,train
2023-12-26,-1.8329742792041315,-1.703179086109669,-0.12979519309446252,train
2023-12-27,-1.8131914470059023,-1.791416185005002,-0.021775262000900186,train
2023-12-28,-1.8204288068471177,-1.7396685541298251,-0.08076025271729259,train
2023-12-29,-1.85182489055349,-1.6394914343125822,-0.21233345624090783,train
2024-01-02,-1.7961971668072378,-1.6649925104380023,-0.1312046563692355,test
2024-01-03,-1.795306554516317,-1.6619525048129424,-0.1333540497033745,test
2024-01-04,-1.7168937139946736,-1.5918722684977764,-0.1250214454968972,test
2024-01-05,-1.7151898274671087,-1.6511772579180222,-0.06401256954908652,test
2024-01-08,-1.7869147236363845,-1.4953375140192113,-0.29157720961717315,test
2024-01-09,-1.7917126495274742,-1.6481720204286177,-0.14354062909885656,test
2024-01-10,-1.807948595433094,-1.6348494730620797,-0.17309912237101432,test
2024-01-11,-1.809961802379691,-1.7051993759007702,-0.10476242647892087,test
2024-01-12,-1.8637283050655717,-1.5702937129890935,-0.29343459207647826,test
2024-01-15,-1.7809922466427288,-1.6714619059726044,-0.10953034067012446,test
2024-01-16,-1.7774520821593474,-1.7888683189056975,0.011416236746350172,test
2024-01-17,-1.806611955759576,-1.6793962275972405,-0.1272157281623354,test
2024-01-18,-1.8110741610671617,-1.7075751408965187,-0.10349902017064294,test
2024-01-19,-1.8413503386726977,-1.7564304438575848,-0.08491989481511286,test
2024-01-22,-1.8449510408663334,-1.8191415693941106,-0.02580947147222279,test
2024-01-23,-1.8549839714996117,-1.7910691865265784,-0.06391478497303327,test
2024-01-24,-1.8419377479493513,-1.8149606937823792,-0.026977054166972048,test
2024-01-25,-1.8770941231928677,-1.7430152734682025,-0.13407884972466522,test
2024-01-26,-1.9174321547198563,-1.7168813015925464,-0.2005508531273099,test
2024-01-29,-1.9425041619295351,-1.7091402801764288,-0.2333638817531063,test
2024-01-30,-1.9536952657096427,-1.7466760222471165,-0.2070192434625262,test
2024-01-31,-1.9537226151420177,-1.7623703394787928,-0.19135227566322488,test
2024-02-01,-2.0402623008608374,-1.598086737482632,-0.4421755633782054,test
2024-02-02,-2.0783561585891435,-1.6809953860763482,-0.3973607725127952,test
2024-02-05,-2.23659921025548,-1.4839276796500949,-0.7526715306053853,test
2024-02-06,-2.2648651207690333,-1.5952101096322506,-0.6696550111367827,test
2024-02-07,-2.252995086152319,-1.6434348843131046,-0.6095602018392143,test
2024-02-08,-2.2286501119404636,-1.7495706530381288,-0.47907945890233483,test
2024-02-09,-2.238625731300389,-1.8191710279873,-0.4194547033130891,test
2024-02-12,-2.2443955749353672,-1.9061441874208684,-0.3382513875144988,test
2024-02-13,-2.255915000376908,-1.9880931802338937,-0.2678218201430145,test
2024-02-14,-2.433357440193159,-1.7035961962354795,-0.7297612439576793,test
2024-02-15,-2.4501183541246543,-1.8597528841416913,-0.590365469982963,test
2024-02-16,-2.4804306582540807,-1.8505256185541294,-0.6299050396999513,test
2024-02-19,-2.525522969051011,-1.8102986030650536,-0.7152243659859574,test
2024-02-20,-2.446673511822792,-1.9867299860586556,-0.4599435257641362,test
2024-02-21,-2.441870588259415,-2.0206650162770505,-0.42120557198236463,test
2024-02-22,-2.4460010394593987,-2.057065305913603,-0.3889357335457957,test
2024-02-23,-2.5041632750539544,-1.9376405407946167,-0.5665227342593377,test
2024-02-26,-2.5139759309468337,-2.06216055692449,-0.4518153740223436,test
2024-02-27,-2.5251845434844955,-2.0599686863128333,-0.46521585717166225,test
2024-02-28,-2.506898999675368,-2.091779314105291,-0.41511968557007695,test
2024-02-29,-2.519657020366866,-2.098586790645093,-0.421070229721773,test
2024-03-01,-2.5274623432379295,-2.085526760005257,-0.44193558323267235,test
2024-03-04,-2.530088395510642,-2.103442090050905,-0.4266463054597369,test
2024-03-05,-2.511130871620628,-2.1762024372434827,-0.3349284343771455,test
2024-03-06,-2.52073083139887,-2.158584800123948,-0.3621460312749223,test
2024-03-07,-2.4344598983363124,-2.210272692156087,-0.22418720618022547,test
2024-03-08,-2.4697408319291734,-2.1250633504052043,-0.34467748152396904,test
2024-03-11,-2.5187258100471626,-2.07554186578692,-0.44318394426024277,test
2024-03-12,-2.2524516416479368,-2.1724029099882687,-0.08004873165966808,test
2024-03-13,-2.207417421755638,-2.133289067056802,-0.07412835469883605,test
2024-03-14,-2.1729892771976025,-2.207291518729329,0.03430224153172645,test
2024-03-15,-2.1377214232754174,-2.2290168748865544,0.09129545161113706,test
2024-03-18,-2.0852142789733517,-2.342991024730117,0.25777674575676546,test
2024-03-19,-2.044216883949727,-2.4124081866299503,0.3681913026802235,test
2024-03-20,-2.0272138270382203,-2.456740840268271,0.4295270132300506,test
2024-03-21,-2.0345122734663006,-2.2132392885473475,0.17872701508104694,test
2024-03-22,-2.0380978778663335,-2.2525064297665587,0.21440855190022523,test
2024-03-25,-1.9815727689095959,-2.279469422791023,0.29789665388142694,test
2024-03-26,-1.9708235870509148,-2.2799207444540652,0.30909715740315047,test
2024-03-27,-1.944095765991585,-2.2695446595074777,0.3254488935158928,test
2024-03-28,-1.9227555363041242,-2.3905733312153155,0.46781779491119124,test
2024-03-29,-1.9172213178368318,-2.3117169329625353,0.3944956151257035,test
2024-04-01,-1.8777164626387641,-2.410476239084323,0.5327597764455589,test
2024-04-02,-1.8491926228643214,-2.315368857331011,0.46617623446668954,test
2024-04-03,-1.8326128043359429,-2.288156988832963,0.45554418449702005,test
2024-04-04,-1.7700201244552647,-2.233916306456422,0.4638961820011571,test
2024-04-05,-1.775853336622557,-2.293279813256863,0.5174264766343057,test
2024-04-08,-1.8180074449349006,-2.0571516688311156,0.23914422389621492,test
2024-04-09,-1.8229159708399483,-2.216111741494812,0.39319577065486366,test
2024-04-10,-1.8163391281445458,-2.2680301743519204,0.45169104620737466,test
2024-04-11,-1.9779375440163738,-1.884499653952799,-0.09343789006357484,test
2024-04-12,-2.0267159515022137,-1.903604099658042,-0.12311185184417184,test
2024-04-15,-2.043757233594213,-1.9536431423164589,-0.09011409127775427,test
2024-04-16,-2.0493264704389906,-1.8521742588735073,-0.19715221156548335,test
2024-04-17,-2.097390587324367,-1.7361308831639994,-0.36125970416036735,test
2024-04-18,-2.1332072168721417,-1.8254552244954967,-0.30775199237664497,test
2024-04-19,-2.1539240638213832,-1.9055591460113486,-0.24836491781003467,test
2024-04-22,-2.1957408626655592,-1.8445298815015296,-0.3512109811640296,test
2024-04-23,-2.20533779340633,-1.9455913039896053,-0.25974648941672474,test
2024-04-24,-2.252070612808999,-1.8218242431733405,-0.43024636963565843,test
2024-04-25,-2.2732183008618656,-1.9351064893672625,-0.3381118114946031,test
2024-04-26,-2.3139110838797365,-1.8523089319264021,-0.4616021519533344,test
2024-04-29,-2.3443809606251906,-1.8804002620597808,-0.4639806985654098,test
2024-04-30,-2.35420997153447,-1.8558910193199167,-0.49831895221455347,test
2024-05-01,-2.4071234567832445,-1.8125544875078075,-0.594568969275437,test
2024-05-02,-2.4573705216030626,-1.7421884585976586,-0.715182063005404,test
2024-05-03,-2.4876256364900247,-1.7527786906945577,-0.7348469457954669,test
2024-05-06,-2.6315265069120124,-1.5920801888017797,-1.0394463181102327,test
2024-05-07,-2.6051629055294954,-1.8428560570507186,-0.7623068484787767,test
2024-05-08,-2.59052426867321,-1.8947772896415853,-0.6957469790316249,test
2024-05-09,-2.419683343056311,-2.0362664497775165,-0.38341689327879447,test
2024-05-10,-2.416863331189017,-2.0147867539587594,-0.40207657723025747,test
2024-05-13,-2.3981525498091982,-2.1860741321033883,-0.21207841770580993,test
2024-05-14,-2.251834873328041,-2.230786672707026,-0.02104820062101531,test
2024-05-15,-2.2270491448409517,-2.170246768216856,-0.05680237662409571,test
2024-05-16,-2.231355734006545,-2.0357494087223698,-0.19560632528417532,test
2024-05-17,-2.221272698858747,-2.1642410512845265,-0.0570316475742203,test
2024-05-20,-2.201602999566391,-2.1894504593177095,-0.012152540248681287,test
2024-05-21,-2.1974035176459683,-2.2456121145717227,0.04820859692575441,test
2024-05-22,-2.186815015961357,-2.2588282492378107,0.07201323327645381,test
2024-05-23,-2.1529463294493074,-2.309180333949488,0.15623400450018066,test
2024-05-24,-2.175512705680867,-2.2163964109971483,0.04088370531628138,test
2024-05-27,-2.1699715327526348,-2.345245646484324,0.17527411373168933,test
2024-05-28,-2.1531196870568547,-2.3340542472975376,0.18093456024068288,test
2024-05-29,-2.139609187340849,-2.3648171271759755,0.22520793983512633,test
2024-05-30,-2.1354685438740146,-2.2782277766093024,0.1427592327352878,test
2024-05-31,-2.1163751866191296,-2.362613831036586,0.24623864441745624,test
2024-06-03,-2.124647794248851,-2.2923806923417334,0.16773289809288228,test
2024-06-04,-2.121528793344916,-2.2617916618265212,0.14026286848160519,test
2024-06-05,-2.1365377072033906,-2.2802598498636133,0.14372214266022265,test
2024-06-06,-2.1339470270093917,-2.260535122086833,0.1265880950774414,test
2024-06-07,-2.1362432009513155,-2.2346461093974925,0.09840290844617705,test
2024-06-10,-2.258395514469508,-1.9849059121643169,-0.27348960230519115,test
2024-06-11,-2.282232327625002,-2.116375601423346,-0.16585672620165592,test
2024-06-12,-2.2229860313848366,-2.0749816874344247,-0.14800434395041195,test
2024-06-13,-2.3591645932590843,-1.825023038644963,-0.5341415546141213,test
2024-06-14,-2.396066921348117,-1.8709467401030304,-0.5251201812450867,test
2024-06-17,-2.4359204194305333,-1.9336549193674943,-0.5022655000630389,test
2024-06-18,-2.441181157773316,-1.980431431671704,-0.460749726101612,test
2024-06-19,-2.468768932925534,-1.9451178928772819,-0.5236510400482521,test
2024-06-20,-2.467696747939415,-2.138688145129198,-0.3290086028102168,test
2024-06-21,-2.484089649640764,-2.1231848068161594,-0.36090484282460444,test
2024-06-24,-2.536841658083712,-2.0505443815765103,-0.48629727650720156,test
2024-06-25,-2.534533488680159,-2.1585908434756784,-0.37594264520448073,test
2024-06-26,-2.5116970164913512,-2.206150255852089,-0.30554676063926234,test
2024-06-27,-2.5343504437080675,-2.1095206354505027,-0.4248298082575648,test
2024-06-28,-2.5493727075571075,-2.1115050069075214,-0.43786770064958613,test
2024-07-01,-2.5748530767904723,-2.108491948786162,-0.4663611280043103,test
2024-07-02,-2.569161683390801,-2.046959224463576,-0.5222024589272252,test
2024-07-03,-2.533969145351167,-2.0797328546856724,-0.45423629066549465,test
2024-07-04,-2.4671058446380583,-2.0423400141298056,-0.4247658305082527,test
2024-07-05,-2.285937189213419,-2.2119108438807826,-0.07402634533263619,test
2024-07-08,-2.2775401048236192,-2.1278950746373093,-0.14964503018630992,test
2024-07-09,-2.2782315381735776,-2.162952798282729,-0.11527873989084858,test
2024-07-10,-2.248716011246411,-2.2612973097606006,0.012581298514189765,test
2024-07-11,-2.243288319492215,-2.3957592889135038,0.15247096942128868,test
2024-07-12,-2.3244871232948747,-2.070862789978747,-0.2536243333161279,test
2024-07-15,-2.313963314533852,-2.258922525149316,-0.05504078938453594,test
2024-07-16,-2.2934778088340146,-2.275815208162512,-0.017662600671502826,test
2024-07-17,-2.2408344172912953,-2.28330907609152,0.042474658800224496,test
2024-07-18,-2.2528099071203194,-2.2197166318441797,-0.0330932752761397,test
2024-07-19,-2.2409493607990956,-2.3614489372630407,0.12049957646394516,test
2024-07-22,-2.23031638142708,-2.3680368468880593,0.13772046546097938,test
2024-07-23,-2.1943232747796135,-2.391869391474896,0.19754611669528233,test
2024-07-24,-2.1640676915430155,-2.412740668887028,0.2486729773440124,test
2024-07-25,-2.091927548787178,-2.399288677213044,0.30736112842586616,test
2024-07-26,-2.098351124128411,-2.3167283952969813,0.2183772711685701,test
2024-07-29,-2.08745469895505,-2.381730091933462,0.2942753929784119,test
2024-07-30,-2.05963624700072,-2.3775478235540444,0.31791157655332425,test
2024-07-31,-1.9949620180280232,-2.367195903632872,0.3722338856048486,test
2024-08-01,-1.9958703765995518,-2.2576849927006872,0.26181461610113543,test
2024-08-02,-2.0192299241025182,-2.222429569669977,0.20319964556745873,test
2024-08-05,-2.059665209682449,-2.065799570593725,0.006134360911275838,test
2024-08-06,-2.1647151334656405,-1.834122659770045,-0.3305924736955954,test
2024-08-07,-2.1585622497270496,-1.9123861915609877,-0.24617605816606192,test
2024-08-08,-2.0794384895969698,-1.9717911152972363,-0.10764737429973348,test
2024-08-09,-2.0923781514863906,-1.9298171931461567,-0.16256095834023387,test
2024-08-12,-2.0868718925647833,-2.1197672485516645,0.0328953559868812,test
2024-08-13,-2.057953839423538,-2.26137484690413,0.20342100748059178,test
2024-08-14,-2.043923808840719,-2.239453794476189,0.1955299856354702,test
2024-08-15,-2.063139290889633,-2.1812505395623094,0.11811124867267653,test
2024-08-16,-2.1036274647238913,-2.0899556489539117,-0.013671815769979556,test
2024-08-19,-2.0875711253731266,-2.2271320310370615,0.13956090566393486,test
2024-08-20,-1.9911087937601635,-2.141322676262229,0.15021388250206558,test
2024-08-21,-1.9553821538124778,-2.14087324047508,0.18549108666260206,test
2024-08-22,-1.9678462520963325,-2.0557025189070597,0.08785626681072722,test
2024-08-23,-1.9558215038317905,-2.069293877020203,0.11347237318841263,test
2024-08-26,-2.009796523444824,-1.867832092365037,-0.14196443107978718,test
2024-08-27,-1.9932517584912677,-1.9804387736784985,-0.012812984812769157,test
2024-08-28,-1.940723515084116,-1.96518003213098,0.024456517046864024,test
2024-08-29,-1.9208272181422925,-1.9084590507473869,-0.01236816739490565,test
2024-08-30,-1.9297816456060175,-1.7829712291110695,-0.14681041649494797,test
2024-09-02,-1.9182199747207962,-1.894561226743746,-0.023658747977050254,test
2024-09-03,-1.904703989250021,-1.9833196370011357,0.07861564775111463,test
2024-09-04,-1.908611732116392,-1.9330659664842762,0.024454234367884187,test
2024-09-05,-1.8463757197996211,-1.94289452350118,0.09651880370155896,test
2024-09-06,-1.8525366359261954,-1.9836292080511262,0.13109257212493075,test
2024-09-09,-1.916082263634271,-1.8285409006100894,-0.08754136302418147,test
2024-09-10,-1.9172626319860635,-1.931289913511245,0.014027281525181401,test
2024-09-11,-1.886359293401404,-1.995282917536713,0.1089236241353091,test
2024-09-12,-1.8958268143097665,-1.900189062938137,0.004362248628370535,test
2024-09-13,-1.911007374341567,-1.9057259411244578,-0.005281433217109166,test
2024-09-16,-1.9074584560842227,-2.094088578314315,0.18663012223009212,test
2024-09-17,-1.9098872063931835,-2.100611294930605,0.1907240885374215,test
2024-09-18,-1.8835310947931656,-2.04495310703594,0.16142201224277453,test
2024-09-19,-1.9770717535047064,-1.8239032849828958,-0.15316846852181065,test
2024-09-20,-2.0240100698485946,-1.8394088448362726,-0.1846012250123219,test
2024-09-23,-2.035438343793556,-1.8655666101412614,-0.16987173365229458,test
2024-09-24,-2.069378995122162,-1.7576327416358362,-0.3117462534863258,test
2024-09-25,-2.0604447656508893,-1.8268175345030029,-0.23362723114788642,test
2024-09-26,-2.0841586810653774,-1.8573139102621075,-0.22684477080326992,test
2024-09-27,-2.1521504246488963,-1.7605532253539053,-0.3915971992949909,test
2024-09-30,-2.177925508878076,-1.728853247171201,-0.44907226170687475,test
2024-10-01,-2.1953584418868983,-1.7009734097070373,-0.4943850321798611,test
2024-10-02,-2.211813672699149,-1.687733471829927,-0.524080200869222,test
2024-10-03,-2.178352297162663,-1.7280909453083968,-0.4502613518542664,test
2024-10-04,-2.16963390199156,-1.8084291983421763,-0.3612047036493835,test
2024-10-07,-2.285854390269127,-1.6385363451001802,-0.6473180451689466,test
2024-10-08,-1.9503060273556574,-1.7953161724789042,-0.1549898548767532,test
2024-10-09,-1.861999190210103,-1.8947660203552004,0.0327668301450974,test
2024-10-10,-1.8274126244989788,-1.9132109265354944,0.08579830203651562,test
2024-10-11,-1.819544437616801,-1.7950140549176057,-0.024530382699195385,test
2024-10-14,-1.808214705023605,-1.9200669755565085,0.11185227053290347,test
2024-10-15,-1.7420339218942997,-1.9878530757742503,0.24581915387995057,test
2024-10-16,-1.6825560750553208,-1.9967837335596492,0.31422765850432843,test
2024-10-17,-1.6314065796798536,-2.021037800921107,0.3896312212412534,test
2024-10-18,-1.6377183094556829,-1.9110868428413843,0.27336853338570144,test
2024-10-21,-1.5829336032053802,-2.0838764036737354,0.5009428004683552,test
2024-10-22,-1.5554352546382177,-2.1530512724553468,0.597616017817129,test
2024-10-23,-1.5152813458603864,-2.128904863873233,0.6136235180128464,test
2024-10-24,-1.3092254600621624,-2.1302233039104093,0.8209978438482468,test
2024-10-25,-1.265857451915821,-2.108027437088804,0.8421699851729831,test
2024-10-28,-1.2000926175296416,-2.1731684208653874,0.9730758033357458,test
2024-10-29,-1.1558853045820667,-2.1742827111549916,1.0183974065729249,test
2024-10-30,-1.152936602109712,-2.070579661690016,0.917643059580304,test
2024-10-31,-1.1430837825536715,-1.9856380045161104,0.8425542219624389,test
2024-11-01,-1.1072980734961515,-2.022310296185471,0.9150122226893194,test
2024-11-04,-1.1039318696630585,-1.8984970670674126,0.7945651974043542,test
2024-11-05,-1.0855316705116316,-1.9016182376332313,0.8160865671215998,test
2024-11-06,-1.0642228778816674,-2.0471964147897705,0.9829735369081032,test
2024-11-07,-1.154534564446051,-1.6273062632816506,0.47277169883559966,test
2024-11-08,-1.1844962168731183,-1.6211670666649063,0.43667084979178794,test
2024-11-11,-1.1934927414101204,-1.657880041327001,0.46438729991688055,test
2024-11-12,-1.188213332764958,-1.6270644784034236,0.4388511456384656,test
2024-11-13,-1.174173169620728,-1.5872659758292968,0.4130928062085688,test
2024-11-14,-1.1962733522532674,-1.5644394234627812,0.36816607120951383,test
2024-11-15,-1.2128725373661597,-1.554959810435062,0.3420872730689022,test
2024-11-18,-1.2359624770331572,-1.5158823178571463,0.27991984082398913,test
2024-11-19,-1.1654050174679251,-1.5941411111372774,0.4287360936693523,test
2024-11-20,-1.1635323691519983,-1.45151211827279,0.2879797491207916,test
2024-11-21,-1.150163175064838,-1.5202201369626038,0.3700569618977658,test
2024-11-22,-1.1624000248921131,-1.4712561452275237,0.30885612033541054,test
2024-11-25,-1.3306849034108532,-1.1803183020687853,-0.15036660134206792,test
2024-11-26,-1.385906703416385,-1.2037562150828205,-0.1821504883335645,test
2024-11-27,-1.456128045356796,-1.1127028624333897,-0.3434251829234063,test
2024-11-28,-1.479921228772594,-1.0594528087079285,-0.42046842006466556,test
2024-11-29,-1.4821155197923759,-1.1735872910605512,-0.3085282287318247,test
2024-12-02,-1.4453475317154603,-1.2277906493044355,-0.21755688241102478,test
2024-12-03,-1.4919446844162538,-1.1690438822146958,-0.32290080220155803,test
2024-12-04,-1.395591842529743,-1.2747418113912077,-0.12085003113853543,test
2024-12-05,-1.3867940226142579,-1.27172892793837,-0.11506509467588799,test
2024-12-06,-1.3826743782389908,-1.2370505617475316,-0.14562381649145917,test
2024-12-09,-1.4248601592027825,-1.192465797206976,-0.23239436199580643,test
2024-12-10,-1.2927190105343862,-1.3325720884657648,0.0398530779313786,test
2024-12-11,-1.2684052583486343,-1.3810150152019818,0.11260975685334751,test
2024-12-12,-1.2589770003068388,-1.341632620493093,0.08265562018625427,test
2024-12-13,-1.2385325484976266,-1.321153291290325,0.08262074279269838,test
2024-12-16,-1.2220879140350904,-1.4110301104955343,0.18894219646044386,test
2024-12-17,-1.216877084663405,-1.3932172232436548,0.17634013858024988,test
2024-12-18,-1.0673995877006162,-1.4509255030648285,0.3835259153642123,test
2024-12-19,-1.087894573209308,-1.2127000224941584,0.12480544928485049,test
2024-12-20,-1.1003054682536286,-1.257166253488911,0.15686078523528235,test
2024-12-23,-1.1152089710644728,-1.2345488606773538,0.119339889612881,test
2024-12-24,-1.1038916721054972,-1.289668513901186,0.18577684179568887,test
2024-12-26,-1.0905011025989177,-1.380325598426953,0.28982449582803516,test
2024-12-27,-1.067338391632999,-1.603547699786636,0.536209308153637,test
2024-12-30,-1.0521358903140043,-1.6541814367754415,0.6020455464614372,test
2024-12-31,-1.0219976666192059,-1.594761504089492,0.5727638374702861,test
2025-01-02,-0.9881766623763955,-1.6599766802330902,0.6718000178566947,test
2025-01-03,-0.9056726018841789,-1.4547908873478637,0.5491182854636848,test
2025-01-06,-0.8921895088555946,-1.5270958297291362,0.6349063208735416,test
2025-01-07,-0.9520073277343222,-1.2297369588473115,0.2777296311129893,test
2025-01-08,-0.9694090991232828,-1.2946956578100963,0.32528655868681355,test
2025-01-09,-0.9423691352331712,-1.2764460639938007,0.33407692876062944,test
2025-01-10,-0.9370643411288052,-1.4538797309004132,0.516815389771608,test
2025-01-13,-1.0358588512993239,-1.104965495584536,0.06910664428521218,test
2025-01-14,-1.017470367740118,-1.2614259516986215,0.24395558395850347,test
2025-01-15,-1.0037959535037921,-1.2623869778232368,0.2585910243194447,test
2025-01-16,-1.0309955594651818,-1.2029622002044495,0.1719666407392677,test
2025-01-17,-1.0566637576424152,-1.1620939814191225,0.1054302237767073,test
2025-01-20,-1.071424969255434,-1.2691343454720048,0.1977093762165707,test
2025-01-21,-1.22394553919046,-0.9797565425155201,-0.24418899667493976,test
2025-01-22,-1.2753878180996014,-1.042613184388738,-0.23277463371086338,test
2025-01-23,-1.2834980757376762,-1.152321198291487,-0.13117687744618922,test
2025-01-24,-1.2746102235726644,-1.2300233709798694,-0.044586852592795045,test
2025-01-27,-1.2911440541750108,-1.1709696749819867,-0.1201743791930241,test
2025-01-28,-1.2897381973778552,-1.2940562473176214,0.004318049939766144,test
2025-01-29,-1.2953528322622871,-1.3030770083835728,0.00772417612128562,test
2025-01-30,-1.297866986338825,-1.294438225228627,-0.0034287611101979643,test
2025-01-31,-1.3369636162497027,-1.1385829233065348,-0.19838069294316796,test
2025-02-03,-1.3384293482561327,-1.1002177999857374,-0.23821154827039526,test
2025-02-04,-1.4300541339724953,-0.8728078334784197,-0.5572463004940755,test
2025-02-05,-1.3725948138427058,-0.9950322062796122,-0.37756260756309357,test
2025-02-06,-1.3181479174428,-1.0592171735861298,-0.25893074385667014,test
2025-02-07,-1.2682596579165772,-1.1696106123532983,-0.09864904556327891,test
2025-02-10,-1.2874867563864085,-1.0443987838808106,-0.24308797250559788,test
2025-02-11,-1.2770262462182036,-1.2705727976559436,-0.006453448562260045,test
2025-02-12,-1.2531057461286899,-1.4189098076852007,0.16580406155651084,test
2025-02-13,-1.2788909020118853,-1.2202901604587602,-0.05860074155312511,test
2025-02-14,-1.321812207675047,-1.1593514357146089,-0.16246077196043807,test
2025-02-17,-1.3162610861293353,-1.3399014185800295,0.02364033245069419,test
2025-02-18,-1.2808095828967472,-1.4736236116393693,0.1928140287426221,test
2025-02-19,-1.2635251305278503,-1.4352099598210755,0.17168482929322515,test
2025-02-20,-1.2524775509606736,-1.569502769172662,0.31702521821198837,test
2025-02-21,-1.2360078375041932,-1.643990994171233,0.40798315666703977,test
2025-02-24,-1.2409363352058973,-1.6209919232372942,0.38005558803139694,test
2025-02-25,-1.2494468890652315,-1.5276296089167214,0.2781827198514899,test
2025-02-26,-1.238335868778431,-1.5476259246489878,0.3092900558705569,test
2025-02-27,-1.2424200112271084,-1.4707255319993537,0.2283055207722453,test
2025-02-28,-1.2355345415293575,-1.4504324147955279,0.21489787326617038,test
2025-03-03,-1.2353883993887846,-1.4352127891603756,0.199824389771591,test
2025-03-04,-1.1985289611233672,-1.4216379961611896,0.22310903503782242,test
2025-03-05,-1.0686332329258388,-1.3109789617932819,0.2423457288674431,test
2025-03-06,-1.0076573670857625,-1.2075192393851273,0.1998618722993648,test
2025-03-07,-0.9348257102451575,-1.1347242570734632,0.19989854682830577,test
2025-03-10,-0.9247109137295693,-1.0718381074479215,0.14712719371835226,test
2025-03-11,-0.7874099270911795,-1.0216650929399407,0.23425516584876116,test
2025-03-12,-0.7176053367738252,-1.059545865473547,0.3419405286997218,test
2025-03-13,-0.500280385286953,-1.1659011309536953,0.6656207456667423,test
2025-03-14,-0.4576204934981601,-1.197183194448722,0.7395627009505619,test
2025-03-17,-0.4392300779681828,-1.2371005397031576,0.7978704617349748,test
2025-03-18,-0.41253675635059067,-1.4025553444626204,0.9900185881120298,test
2025-03-19,-0.4000770285541443,-1.4145078847262855,1.0144308561721411,test
2025-03-20,-0.41316423892857534,-1.3319445867402955,0.9187803478117201,test
2025-03-21,-0.3873989161452919,-1.3510983630893705,0.9636994469440785,test
2025-03-24,-0.36759334200854477,-1.3890158590192545,1.0214225170107096,test
2025-03-25,-0.31983544611056075,-1.3141905825575935,0.9943551364470327,test
2025-03-26,-0.30918566377999057,-1.388354513254997,1.0791688494750065,test
2025-03-27,-0.30209152801564,-1.4224401138076144,1.1203485857919744,test
2025-03-28,-0.29566592354796717,-1.3825750082270913,1.086909084679124,test
2025-03-31,-0.28622845150327636,-1.3951482371238084,1.108919785620532,test
2025-04-01,-0.2816984717495836,-1.364587399015122,1.0828889272655384,test
2025-04-02,-0.27504653263456164,-1.3516942360069595,1.0766477033723978,test
2025-04-03,-0.2798753562941003,-1.1866931286507603,0.90681777235666,test
2025-04-04,-0.34726315297978233,-0.9498872057461667,0.6026240527663844,test
2025-04-07,-0.40072039186459124,-0.8393737717839165,0.43865337991932524,test
2025-04-08,-0.45243655080156253,-0.716160576721323,0.2637240259197605,test
2025-04-09,-0.46755663558528,-0.7100461736775708,0.24248953809229085,test
2025-04-10,-0.587437497141685,-0.4962224507064371,-0.09121504643524792,test
2025-04-11,-0.6207223846174961,-0.5378435356454419,-0.08287884897205422,test
2025-04-14,-0.869327271840669,-0.33356602414226827,-0.5357612476984008,test
2025-04-15,-0.9161822214331284,-0.45693733138523246,-0.459244890047896,test
2025-04-16,-0.9464507198317562,-0.494283678840823,-0.4521670409909332,test
2025-04-17,-0.9868931077072319,-0.5547788530421209,-0.432114254665111,test
2025-04-18,-0.9990727567876785,-0.6481218362624552,-0.35095092052522325,test
2025-04-21,-0.9872106072850914,-1.0167120426469047,0.029501435361813377,test
2025-04-22,-1.0264681829030098,-0.850901195473316,-0.1755669874296938,test
2025-04-23,-1.050035306406959,-0.8618457823821509,-0.18818952402480804,test
2025-04-24,-1.1197868118750307,-0.7256693772799001,-0.3941174345951306,test
2025-04-25,-1.142289650313007,-0.832141209854377,-0.3101484404586301,test
2025-04-28,-1.1547379703475376,-0.765896460127408,-0.3888415102201296,test
2025-04-29,-1.1718024564261071,-0.7823851332100862,-0.38941732321602096,test
2025-04-30,-1.1484347679218203,-0.7886695888569066,-0.3597651790649137,test
2025-05-01,-1.1573771658984668,-0.8647907197221316,-0.2925864461763352,test
2025-05-02,-1.176553613507118,-0.8555149426366031,-0.32103867087051485,test
2025-05-05,-1.2120092683716124,-0.8102652288738947,-0.40174403949771764,test
2025-05-06,-1.2164678413032781,-0.9097974614442346,-0.30667037985904355,test
2025-05-07,-1.2190183235585086,-0.9229030913655197,-0.29611523219298885,test
2025-05-08,-1.2546634426910037,-0.8851464924901802,-0.36951695020082354,test
2025-05-09,-1.2968963538012228,-0.8948551750847471,-0.4020411787164757,test
2025-05-12,-1.2941262780916098,-1.059647730859962,-0.23447854723164796,test
2025-05-13,-1.3628312387396013,-0.8748732589050405,-0.4879579798345608,test
2025-05-14,-1.342673675692406,-1.040365954663693,-0.30230772102871306,test
2025-05-15,-1.3166157951507913,-1.0032631028018435,-0.3133526923489478,test
2025-05-16,-1.328718797985253,-1.0770918859406975,-0.25162691204455556,test
2025-05-19,-1.3203980141240943,-1.1330023724393268,-0.18739564168476752,test
2025-05-20,-1.311814624897431,-1.1646030419260045,-0.14721158297142645,test
2025-05-21,-1.3168653017417478,-1.192410934954006,-0.1244543667877418,test
2025-05-22,-1.3403300370896822,-1.192059102334333,-0.14827093475534925,test
2025-05-23,-1.332550154018206,-1.190922154509514,-0.14162799950869198,test
2025-05-26,-1.3707891721070904,-1.097946940769462,-0.2728422313376284,test
2025-05-27,-1.3754607134334225,-1.2553823155864776,-0.12007839784694485,test
2025-05-28,-1.3635991616295795,-1.245171236613157,-0.11842792501642241,test
2025-05-29,-1.360086190713399,-1.2612197741839106,-0.09886641652948835,test
2025-05-30,-1.4194013675393007,-1.136597701904205,-0.2828036656350956,test
2025-06-02,-1.427598292620661,-1.2400463305962919,-0.18755196202436908,test
2025-06-03,-1.4240832011099396,-1.26254525716627,-0.1615379439436695,test
2025-06-04,-1.36896628838655,-1.2944742977082309,-0.07449199067831924,test
2025-06-05,-1.392144062223821,-1.276468468996188,-0.11567559322763299,test
