date,Y_h,fitted,residual,split
2012-02-10,-1.1818951128493007,-0.9670408770271789,-0.21485423582212182,train
2012-02-13,-0.952188085918865,-1.0102717409117399,0.058083654992874933,train
2012-02-14,-0.7309168640257547,-0.9898678728849171,0.25895100885916233,train
2012-02-15,-0.6926329383424135,-0.9073594560983761,0.21472651775596263,train
2012-02-16,-1.2207651059779296,-0.9005975090487335,-0.32016759692919616,train
2012-02-17,-1.3066127250432753,-1.0361241289889926,-0.27048859605428266,train
2012-02-20,-0.22475103542218708,-1.0714347388470598,0.8466837034248726,train
2012-02-21,-1.2335429001102702,-0.7484534394061779,-0.4850894607040923,train
2012-02-22,-1.1354960668485614,-1.028824013969712,-0.1066720528788494,train
2012-02-23,-1.4352007790644172,-1.0507719825570239,-0.38442879650739337,train
2012-02-24,-1.141687369445755,-1.1487371006920566,0.007049731246301594,train
2012-02-27,-1.1986812360300558,-1.0675790922062125,-0.13110214382384333,train
2012-02-28,-0.9190341646223363,-1.1763495321517894,0.25731536752945305,train
2012-02-29,-1.1593712765029778,-1.080790677572795,-0.07858059893018288,train
2012-03-01,-1.3472100170918513,-1.1410598294477055,-0.20615018764414583,train
2012-03-02,-1.056224598026966,-1.1855558538798279,0.12933125585286187,train
2012-03-05,-1.458868128292556,-1.116493305902994,-0.34237482238956196,train
2012-03-06,-1.4427711035392803,-1.2419872868596789,-0.20078381667960143,train
2012-03-07,-1.095453659881163,-1.2930251723010378,0.1975715124198747,train
2012-03-08,-1.182382104527938,-1.2122638340866763,0.029881729558738357,train
2012-03-09,-1.3824982379669781,-1.219207890778762,-0.1632903471882161,train
2012-03-12,-1.2252586826658478,-1.3030981201971814,0.0778394375313336,train
2012-03-13,-1.1569521233386253,-1.2465808601648651,0.08962873682623984,train
2012-03-14,-1.339158977885046,-1.2046706761576105,-0.13448830172743542,train
2012-03-15,-1.1596339256763506,-1.2729785490930248,0.11334462341667417,train
2012-03-16,-1.5892659799571627,-1.2345121857726573,-0.35475379418450537,train
2012-03-19,-1.4214909407459018,-1.3620046914357566,-0.05948624931014512,train
2012-03-20,-1.4123324535028927,-1.3435526641110773,-0.0687797893918154,train
2012-03-21,-1.253245554261195,-1.3658212334099715,0.11257567914877642,train
2012-03-22,-1.202235610869455,-1.3330543066862564,0.1308186958168014,train
2012-03-23,-1.074403461566573,-1.3248577202586196,0.2504542586920466,train
2012-03-26,-1.5173532710317807,-1.2480815730281216,-0.26927169800365913,train
2012-03-27,-1.3173799464261422,-1.3594101021950702,0.04203015576892799,train
2012-03-28,-1.3268487729063927,-1.3068503685196893,-0.019998404386703417,train
2012-03-29,-1.1123805726748044,-1.317146550425251,0.2047659777504467,train
2012-03-30,-1.6183543821946518,-1.2619198935055156,-0.3564344886891362,train
2012-04-02,-0.948934881674069,-1.4326312496246012,0.48369636795053217,train
2012-04-03,-1.1618757495081873,-1.2228533113680469,0.060977561859859586,train
2012-04-04,-1.67545895203622,-1.2588161864464786,-0.41664276558974134,train
2012-04-05,-1.6141700093956985,-1.4108175883532965,-0.20335242104240203,train
2012-04-06,-1.0867270403168965,-1.4442237907646864,0.35749675044778995,train
2012-04-10,-1.2844508521923295,-1.2747621561374511,-0.00968869605487832,train
2012-04-11,-1.424755522183331,-1.351765283760405,-0.07299023842292596,train
2012-04-12,-1.640696440276799,-1.408318692753836,-0.23237774752296292,train
2012-04-13,-0.9784932112530155,-1.4594128878528392,0.4809196765998237,train
2012-04-16,-1.4900956467003967,-1.2476566657975638,-0.2424389809028329,train
2012-04-17,-1.1111177898369804,-1.4034363195881823,0.29231852975120187,train
2012-04-18,-1.3440282529847565,-1.3001412950393423,-0.043886957945414196,train
2012-04-19,-1.4843366163657266,-1.3435338399566337,-0.1408027764090929,train
2012-04-20,-1.8032993808445317,-1.3622612620477894,-0.44103811879674226,train
2012-04-23,-1.852668309852308,-1.5147655685656327,-0.3379027412866753,train
2012-04-24,-1.1698496704686532,-1.565751769798662,0.39590209933000886,train
2012-04-25,-1.5878078444879014,-1.4139417245910317,-0.17386611989686962,train
2012-04-26,-1.4133419739013677,-1.5378066937210064,0.12446471981963869,train
2012-04-27,-2.296491542565298,-1.490134872446947,-0.8063566701183511,train
2012-04-30,-1.6913048042074952,-1.748685026073188,0.057380221865692915,train
2012-05-01,-1.258683352854635,-1.599179549645345,0.34049619679070986,train
2012-05-02,-1.8724307771592785,-1.5095565922781342,-0.3628741848811443,train
2012-05-03,-1.8968442649851136,-1.6791686589078632,-0.21767560607725045,train
2012-05-04,-1.170270854092208,-1.7393195032305895,0.5690486491383815,train
2012-05-07,-1.4661919617161943,-1.470352514135512,0.004160552419317787,train
2012-05-08,-1.323254684960175,-1.5155096053541879,0.19225492039401293,train
2012-05-09,-1.6393063424256762,-1.4852828349630192,-0.15402350746265703,train
2012-05-10,-1.6329545407926387,-1.5428970176247567,-0.09005752316788196,train
2012-05-11,-1.6367716654057574,-1.5213997325035133,-0.11537193290224401,train
2012-05-14,-1.2949164105567317,-1.5670075510103196,0.27209114045358795,train
2012-05-15,-0.9628762038079871,-1.4690818682372655,0.5062056644292784,train
2012-05-16,-1.0555265426262703,-1.3599538235398476,0.3044272809135773,train
2012-05-17,-0.9429264409509985,-1.3233475479392163,0.38042110698821774,train
2012-05-18,-1.302378665358349,-1.232963673770636,-0.06941499158771292,train
2012-05-21,-1.141521060659652,-1.2846712205897441,0.14315015993009217,train
2012-05-22,-0.8659499373581044,-1.2299597375959868,0.3640098002378823,train
2012-05-23,-0.7842285655041834,-1.1473539041407246,0.3631253386365412,train
2012-05-24,-1.1042328537515698,-1.0919540593372972,-0.012278794414272598,train
2012-05-25,-1.5098806096431314,-1.1793340333331312,-0.3305465763100002,train
2012-05-28,-1.1812401192337798,-1.2904333020127345,0.10919318277895473,train
2012-05-29,-1.0346990687733477,-1.215973315265591,0.18127424649224322,train
2012-05-30,-0.9593292185616948,-1.1834646711300174,0.22413545256832257,train
2012-05-31,-0.3568842574148018,-1.1738283533883727,0.8169440959735709,train
2012-06-01,-0.9341009643095939,-0.9575258161276502,0.023424851818056314,train
2012-06-05,-0.9526792864797294,-1.0272422992905492,0.07456301281081978,train
2012-06-06,-0.7409431213874159,-1.0001479933325064,0.25920487194509045,train
2012-06-07,-1.090894288367501,-0.9200404809958149,-0.1708538073716861,train
2012-06-08,-0.8820666078086316,-1.0081159969763578,0.12604938916772623,train
2012-06-11,-0.7931442817952783,-1.0028855319461305,0.2097412501508522,train
2012-06-12,-1.0146499939721558,-0.96016275771371,-0.05448723625844587,train
2012-06-13,-1.1156770084991463,-1.0096978670612562,-0.10597914143789011,train
2012-06-14,-1.377052555133588,-1.0610555387434832,-0.3159970163901047,train
2012-06-15,-0.7435570081178774,-1.147968668238503,0.4044116601206257,train
2012-06-18,-1.169313473416749,-0.987477040988651,-0.181836432428098,train
2012-06-19,-0.6059175375364395,-1.1206594779851131,0.5147419404486736,train
2012-06-20,-0.8366343789628735,-0.9504096676995626,0.11377528873668907,train
2012-06-21,-1.3146048060081206,-0.9728173882279462,-0.3417874177801744,train
2012-06-22,-1.6842969139577721,-1.0788374911563392,-0.605459422801433,train
2012-06-25,-1.1233479835769773,-1.258317102029485,0.1349691184525077,train
2012-06-26,-1.7560019725105667,-1.129159771466319,-0.6268422010442476,train
2012-06-27,-1.2038990091042554,-1.3861483757369244,0.182249366632669,train
2012-06-28,0.020641706560124214,-1.2892845651994274,1.3099262717595517,train
2012-06-29,-1.4825039904049746,-0.8734050383960626,-0.609098952008912,train
2012-07-02,-1.736284414404955,-1.2052471170222008,-0.5310372973827542,train
2012-07-03,-1.8215919236070384,-1.327890046001084,-0.4937018776059543,train
2012-07-04,-0.8781322873297239,-1.3698928984395493,0.4917606111098254,train
2012-07-05,-1.516014448428412,-1.1230692011712051,-0.3929452472572068,train
2012-07-06,-1.44124551734572,-1.4153569743307235,-0.025888543014996435,train
2012-07-09,-1.634812553879811,-1.4023149813457607,-0.23249757253405035,train
2012-07-10,-1.3854042135197182,-1.4436602122429123,0.05825599872319409,train
2012-07-11,-1.5092043971748828,-1.3524553397632952,-0.1567490574115875,train
2012-07-12,-1.1558537581184054,-1.4462162702959667,0.29036251217756126,train
2012-07-13,-1.411803401072602,-1.3339775379526264,-0.07782586311997552,train
2012-07-16,-0.9782238777155224,-1.3933999352345838,0.4151760575190614,train
2012-07-17,-1.1911269686745025,-1.229761483728141,0.03863451505363846,train
2012-07-18,-1.1534343887466658,-1.2660386972187003,0.11260430847203451,train
2012-07-19,-1.1161492804429178,-1.2249093681261845,0.10876008768326662,train
2012-07-20,-1.1710683879289323,-1.2184786818697924,0.04741029394086005,train
2012-07-23,-1.3539374341827102,-1.2129932625797764,-0.14094417160293382,train
2012-07-24,-0.8742521804283256,-1.289529698584938,0.4152775181566124,train
2012-07-25,-0.4525147844220459,-1.1415225242469336,0.6890077398248877,train
2012-07-26,-0.1726048402197721,-0.9735217072992413,0.8009168670794692,train
2012-07-27,-1.4204555090367443,-0.8058034849590296,-0.6146520240777147,train
2012-07-30,-1.094250826142564,-1.117387649182584,0.02313682304001996,train
2012-07-31,-0.925490483140053,-1.0314458923058367,0.10595540916578372,train
2012-08-01,0.25448104314189546,-0.9910890328600517,1.2455700760019472,train
2012-08-02,-0.7476334226345569,-0.6336086397558057,-0.11402478287875117,train
2012-08-03,-1.028863368771948,-0.903828331293604,-0.125035037478344,train
2012-08-06,-1.7356350289792486,-0.9345454123336118,-0.8010896166456368,train
2012-08-07,-1.7491951112539668,-1.1575154377598111,-0.5916796734941556,train
2012-08-08,-1.3915350343875876,-1.2388651327666413,-0.1526699016209463,train
2012-08-09,-1.5925821321402591,-1.3034348626545014,-0.28914726948575775,train
2012-08-10,-1.6713048411954903,-1.4286282279753018,-0.24267661322018852,train
2012-08-13,-1.8458965979610513,-1.5068453969233235,-0.3390512010377278,train
2012-08-14,-2.0263533216616345,-1.5646971020933225,-0.46165621956831204,train
2012-08-15,-1.8906106480951237,-1.6381977066906463,-0.25241294140447734,train
2012-08-16,-1.6311668229445166,-1.6625905995665529,0.031423776622036215,train
2012-08-17,-1.634302401292552,-1.6114695927925462,-0.022832808500005797,train
2012-08-20,-1.3192962036777327,-1.6142349184308495,0.29493871475311684,train
2012-08-21,-1.2424204482928383,-1.4963871266825903,0.25396667838975207,train
2012-08-22,-1.51129690102186,-1.4083733056363794,-0.10292359538548057,train
2012-08-23,-1.2657313580738607,-1.4374430970641445,0.1717117389902838,train
2012-08-24,-2.148830514748292,-1.3522862080967932,-0.7965443066514986,train
2012-08-27,-1.751000445825303,-1.6208222457839219,-0.13017820004138114,train
2012-08-28,-1.8639853801696906,-1.5864082009725786,-0.277577179197112,train
2012-08-29,-1.8880816003719698,-1.6737599111629433,-0.2143216892090265,train
2012-08-30,-0.7668256343579883,-1.7224184974543904,0.955592863096402,train
2012-08-31,-2.1554987859187706,-1.417900492674577,-0.7375982932441936,train
2012-09-03,-1.6068733551909866,-1.7644359094498292,0.15756255425884258,train
2012-09-04,-1.1585413913289901,-1.6350426626408037,0.4765012713118135,train
2012-09-05,-1.0524874183210362,-1.4695217945087788,0.41703437618774264,train
2012-09-06,-1.205152461911656,-1.3616390150669324,0.15648655315527638,train
2012-09-07,-1.9235735949910266,-1.430367974175094,-0.49320562081593255,train
2012-09-10,-1.6140163274571404,-1.5802456926372703,-0.03377063481987008,train
2012-09-11,-1.0566986586092966,-1.5100595252960454,0.4533608666867488,train
2012-09-12,-0.7987050231414439,-1.3659446115464688,0.567239588405025,train
2012-09-13,-1.2724227871310871,-1.2719008572964654,-0.0005219298346217371,train
2012-09-14,-1.284843228754163,-1.3783015954693976,0.09345836671523466,train
2012-09-17,-1.3351487533417181,-1.3163617865115855,-0.01878696683013259,train
2012-09-18,-1.4258544852367776,-1.2992698294999654,-0.1265846557368122,train
2012-09-19,-1.2000661442729341,-1.35126513580806,0.15119899153512595,train
2012-09-20,-0.7399420852352845,-1.3345185105793873,0.5945764253441028,train
2012-09-21,-1.2878341819712302,-1.174886844749352,-0.11294733722187833,train
2012-09-24,-1.364383164009965,-1.2984449409031837,-0.06593822310678132,train
2012-09-25,-1.5145217710799803,-1.3197834866912774,-0.1947382843887029,train
2012-09-26,-1.3202882704488752,-1.3551760673903137,0.03488779694143851,train
2012-09-27,-1.342852460725303,-1.316652261573181,-0.026200199152121906,train
2012-09-28,-1.278911169008069,-1.3707078216982787,0.09179665269020965,train
2012-10-01,-1.5389653726908175,-1.3483702232809494,-0.1905951494098681,train
2012-10-02,-1.5300224778066644,-1.4326060786561923,-0.09741639915047218,train
2012-10-03,-1.3507114783686407,-1.4249302210916672,0.07421874272302653,train
2012-10-04,-1.76677182106771,-1.3836425614557657,-0.3831292596119442,train
2012-10-05,-1.878312397409645,-1.5244904638912444,-0.3538219335184005,train
2012-10-08,-1.3806368481513043,-1.6137951248148574,0.23315827666355315,train
2012-10-09,-1.478021081431999,-1.4871262926841988,0.009105211252199874,train
2012-10-10,-1.3792797433477495,-1.499757901781885,0.12047815843413545,train
2012-10-11,-1.4989604206444644,-1.477041742375917,-0.02191867826854743,train
2012-10-12,-1.7862299514431101,-1.4851797150154926,-0.3010502364276175,train
2012-10-15,-1.7586292510602672,-1.5538774087897633,-0.20475184227050391,train
2012-10-16,-1.460762100262756,-1.5873184600677681,0.12655635980501212,train
2012-10-17,-1.7102493853569367,-1.5193374382898428,-0.1909119470670939,train
2012-10-18,-1.7557376873444959,-1.6108815225785815,-0.14485616476591434,train
2012-10-19,-1.8292993495008683,-1.6483433652449588,-0.18095598425590942,train
2012-10-22,-1.9004850655332062,-1.6762151010883413,-0.2242699644448649,train
2012-10-23,-1.4762728716884008,-1.7184804077653741,0.24220753607697332,train
2012-10-24,-1.646028320155034,-1.624605615559804,-0.02142270459522999,train
2012-10-25,-1.5014148218647596,-1.6609175479992937,0.1595027261345341,train
2012-10-26,-1.957379732951535,-1.6044792232736362,-0.35290050967789877,train
2012-10-29,-2.056518451847373,-1.7279577102346546,-0.3285607416127183,train
2012-10-30,-1.9641613591039426,-1.7729057444796152,-0.19125561462432739,train
2012-10-31,-1.8930860713448778,-1.8036918001509716,-0.0893942711939062,train
2012-11-01,-1.3924575006723772,-1.8137802835515695,0.42132278287919234,train
2012-11-02,-1.7383678257923023,-1.6873969678042315,-0.05097085798807077,train
2012-11-05,-1.7513704305319548,-1.7512943794369744,-7.605109498043383e-05,train
2012-11-06,-1.096232699914384,-1.7264056440874336,0.6301729441730495,train
2012-11-07,-1.3905074250001288,-1.4884040088519515,0.09789658385182265,train
2012-11-08,-1.6644980863439016,-1.5104578360109806,-0.154040250332921,train
2012-11-09,-2.043549325106726,-1.6001585295820409,-0.4433907955246852,train
2012-11-12,-1.6448429605037485,-1.7223598983522288,0.07751693784848035,train
2012-11-13,-1.6710829886336585,-1.6227845228205149,-0.048298465813143565,train
2012-11-14,-1.8264924159197211,-1.6796996403341489,-0.14679277558557224,train
2012-11-15,-1.67596551012148,-1.7557232895742163,0.07975777945273621,train
2012-11-16,-1.8522430478690857,-1.7246214101165962,-0.12762163775248947,train
2012-11-19,-1.1973501901469947,-1.7493246155900712,0.5519744254430765,train
2012-11-20,-1.5635273105940855,-1.5520600870389483,-0.011467223555137185,train
2012-11-21,-1.8442357837387358,-1.6233849067732267,-0.2208508769655091,train
2012-11-22,-1.6952029597299823,-1.6888151614352642,-0.006387798294718028,train
2012-11-23,-1.9659400897028025,-1.658803569095753,-0.30713652060704955,train
2012-11-26,-1.5362013077364762,-1.7348826053774238,0.19868129764094755,train
2012-11-27,-1.8002647844132134,-1.6673645744555805,-0.13290020995763285,train
2012-11-28,-1.8550962730333884,-1.7477195601924804,-0.107376712840908,train
2012-11-29,-1.5830436844532723,-1.7590312123918481,0.17598752793857586,train
2012-11-30,-1.8965373785097799,-1.6821018509488077,-0.21443552756097217,train
2012-12-03,-2.0915227813382185,-1.7478196346078834,-0.3437031467303351,train
2012-12-04,-2.279061980939125,-1.850857371606862,-0.4282046093322631,train
2012-12-05,-1.6576151489159847,-1.9434587015570102,0.28584355264102546,train
2012-12-06,-1.508911588504196,-1.7817913200232498,0.27287973151905387,train
2012-12-07,-1.984127755051183,-1.7455568441268694,-0.2385709109243137,train
2012-12-10,-1.9177093192771955,-1.8692912727296476,-0.04841804654754789,train
2012-12-11,-2.135493231786056,-1.8411085304028554,-0.2943847013832006,train
2012-12-12,-1.7284927464806288,-1.8791128220539082,0.1506200755732794,train
2012-12-13,-1.4938663644302195,-1.7930383430810153,0.2991719786507958,train
2012-12-14,-1.8644397194084301,-1.7358097386142322,-0.12862998079419796,train
2012-12-17,-2.41682854523218,-1.8104560615347827,-0.6063724836973974,train
2012-12-18,-1.9202367965942013,-1.9909227187694092,0.07068592217520786,train
2012-12-19,-1.392931357645805,-1.8581267838288624,0.46519542618305754,train
2012-12-20,-1.3400855011050425,-1.708791631303839,0.3687061301987964,train
2012-12-21,-2.3925866499142283,-1.6801866818027573,-0.712399968111471,train
2012-12-24,-3.748327061167596,-1.9759524673859594,-1.7723745937816366,train
2012-12-25,-1.9143863139472226,-2.4311827336301812,0.5167964196829586,train
2012-12-26,-1.5021561394958496,-2.008992620016129,0.5068364805202796,train
2012-12-27,-1.6153993647171119,-1.9238757469150365,0.3084763821979246,train
2012-12-28,-1.1441239834712702,-1.972791890787131,0.8286679073158607,train
2012-12-31,-0.8017871423588401,-1.7432603392262132,0.9414731968673731,train
2013-01-02,-1.1262382334490086,-1.3883935781352545,0.2621553446862459,train
2013-01-03,-1.28661072142747,-1.3826839885402396,0.09607326711276953,train
2013-01-04,-1.5463357582097201,-1.3908927302031138,-0.15544302800660637,train
2013-01-07,-1.5214794413566501,-1.4360219750996122,-0.08545746625703798,train
2013-01-08,-1.8870477515789774,-1.46304087285558,-0.4240068787233975,train
2013-01-09,-1.2471562371658704,-1.6497456218217823,0.4025893846559119,train
2013-01-10,-1.15267866989062,-1.5055182292725386,0.3528395593819187,train
2013-01-11,-1.4795255869446866,-1.4630694705580034,-0.016456116386683206,train
2013-01-14,-0.9732125599941895,-1.5246773966992913,0.5514648367051017,train
2013-01-15,-1.196649784587787,-1.3501662969449397,0.1535165123571527,train
2013-01-16,-1.3490457531328726,-1.335454159952664,-0.013591593180208639,train
2013-01-17,-1.0422201024545157,-1.3739018158818672,0.33168171342735153,train
2013-01-18,-2.0339147671684468,-1.2779770575913392,-0.7559377095771076,train
2013-01-21,-0.9533093221868285,-1.5572784454290756,0.603969123242247,train
2013-01-22,-1.23951039606575,-1.3024197484646984,0.06290935239894835,train
2013-01-23,-1.1174865844753492,-1.370893073082298,0.2534064886069487,train
2013-01-24,-1.1892769488330743,-1.307524456438947,0.11824750760587266,train
2013-01-25,-1.5391733448112996,-1.308596535134367,-0.23057680967693273,train
2013-01-28,-1.6984203738115897,-1.3398048386337402,-0.3586155351778495,train
2013-01-29,-1.7536436324876041,-1.4462149144413456,-0.3074287180462585,train
2013-01-30,-1.9006265414993837,-1.5071206884819217,-0.393505853017462,train
2013-01-31,-1.0388891841183834,-1.6204635823580258,0.5815743982396424,train
2013-02-01,-1.3759326447342723,-1.4116181791780884,0.03568553444381606,train
2013-02-04,-0.8168115765074511,-1.4769920472410436,0.6601804707335925,train
2013-02-05,-1.2533321086572,-1.2633040180110098,0.00997190935380976,train
2013-02-06,-0.920402579898598,-1.314819839304494,0.3944172594058961,train
2013-02-07,-1.2971183358091236,-1.1426386040001966,-0.15447973180892705,train
2013-02-08,-1.5035467184600702,-1.2459456016253403,-0.25760111683472986,train
2013-02-11,-1.2287008214780994,-1.3078085769685004,0.07910775549040094,train
2013-02-12,-1.4784764660403744,-1.282948312863028,-0.1955281531773465,train
2013-02-13,-1.3119786309387953,-1.3607243568120841,0.04874572587328885,train
2013-02-14,-1.1365848358829016,-1.3618501522760476,0.22526531639314595,train
2013-02-15,-1.8755021859630334,-1.3063309215960641,-0.5691712643669693,train
2013-02-18,-1.7914628325073871,-1.5156717005596079,-0.27579113194777927,train
2013-02-19,-1.0238197289615292,-1.555883703938495,0.5320639749769658,train
2013-02-20,-1.0814085436776344,-1.327004257267143,0.2455957135895086,train
2013-02-21,-1.3472596906580239,-1.3207355964684688,-0.026524094189555036,train
2013-02-22,-0.5128023934046049,-1.4021118823863692,0.8893094889817643,train
2013-02-25,-0.571470166674291,-1.080016625616,0.508546458941709,train
2013-02-26,-1.386912095461468,-0.975793552210972,-0.411118543250496,train
2013-02-28,-1.1018522373092672,-1.19427202088767,0.09241978357840286,train
2013-03-01,-1.4681977945328848,-1.123972300512963,-0.34422549401992186,train
2013-03-04,-1.7157401109069816,-1.215857159547715,-0.49988295135926664,train
2013-03-05,-2.037017407001753,-1.379817568512022,-0.6571998384897308,train
2013-03-06,-1.2802920180988981,-1.5978430843011795,0.31755106620228135,train
2013-03-07,-0.7414380055067697,-1.4133423459121428,0.6719043404053731,train
2013-03-08,-1.954223053530663,-1.2560542391743528,-0.6981688143563103,train
2013-03-11,-1.7611604175738487,-1.586512417718312,-0.17464799985553658,train
2013-03-12,-1.2894205589727141,-1.5557569466524155,0.26633638767970136,train
2013-03-13,-1.5015887392324347,-1.3794909816869025,-0.1220977575455322,train
2013-03-14,-1.1557463528169911,-1.4482727123953552,0.29252635957836404,train
2013-03-15,-0.7676142441741645,-1.4056566588445971,0.6380424146704327,train
2013-03-18,-0.4274069054127587,-1.2008313906656678,0.7734244852529091,train
2013-03-19,-0.9862983676143108,-0.9916998453833261,0.005401477769015339,train
2013-03-20,-1.1134044154945475,-1.0908171587919882,-0.022587256702559344,train
2013-03-21,-1.2406419549283758,-1.0761969705968895,-0.16444498433148635,train
2013-03-22,-0.4997102992110975,-1.106927304116126,0.6072170049050285,train
2013-03-25,-1.237347940357738,-0.9065961226137814,-0.3307518177439567,train
2013-03-26,-1.4977855337763795,-1.1512388349587446,-0.3465466988176349,train
2013-03-27,-1.4350436558408057,-1.2591604055249843,-0.17588325031582142,train
2013-03-28,-2.190709320888993,-1.2843177776717258,-0.9063915432172673,train
2013-03-29,-2.100497013032745,-1.5622662508627732,-0.5382307621699718,train
2013-04-01,-1.6860433242089825,-1.6948911955252979,0.00884787131631537,train
2013-04-02,-1.9506833324565558,-1.64702896440393,-0.3036543680526258,train
2013-04-03,-0.4254079279598491,-1.7543275982551931,1.328919670295344,train
2013-04-04,-0.6532213431460553,-1.29796286380708,0.6447415206610246,train
2013-04-05,-1.6608153088604714,-1.1951454030886899,-0.46566990577178147,train
2013-04-08,-1.2369971268603268,-1.3908554439621175,0.15385831710179065,train
2013-04-09,-1.6133747841327462,-1.2583507197929797,-0.3550240643397664,train
2013-04-10,-1.7851327444435352,-1.3103170682052023,-0.4748156762383329,train
2013-04-11,-1.4502380267148933,-1.473457458269522,0.023219431554628578,train
2013-04-12,-1.3532808547558655,-1.4707243221459054,0.11744346739003997,train
2013-04-15,-0.9688534741006108,-1.418878050273398,0.4500245761727871,train
2013-04-16,-0.9194075898343479,-1.3041697624170945,0.3847621725827466,train
2013-04-17,-1.1861498489496154,-1.2315250250677285,0.04537517611811315,train
2013-04-18,-1.3101047114470408,-1.2469223126502016,-0.06318239879683918,train
2013-04-19,-1.8152673539007345,-1.2663008549906958,-0.5489664989100387,train
2013-04-22,-1.0568737255293632,-1.4321150078901446,0.37524128236078136,train
2013-04-23,-1.5609186415756222,-1.2639100657473057,-0.2970085758283165,train
2013-04-24,-1.522196017418964,-1.4498033295549961,-0.0723926878639678,train
2013-04-25,-1.4923594705244567,-1.4746198506887744,-0.017739619835682285,train
2013-04-26,-1.9243024261867194,-1.484253222994868,-0.4400492031918515,train
2013-04-29,-1.4301057827543935,-1.598825782572689,0.16871999981829555,train
2013-04-30,-1.3361024113313869,-1.5106897373559414,0.1745873260245545,train
2013-05-01,-0.2790361297143054,-1.4601066131766973,1.181070483462392,train
2013-05-02,-0.2521414729269392,-1.0887339989700024,0.8365925260430632,train
2013-05-03,-1.9414508031926672,-0.9508831417833193,-0.9905676614093478,train
2013-05-06,-1.9256679823916334,-1.3573502321218582,-0.5683177502697752,train
2013-05-07,-1.6809073936203769,-1.4130140910764906,-0.2678933025438863,train
2013-05-08,-1.4061232043097676,-1.388343077701937,-0.01778012660783057,train
2013-05-09,-0.9814718258618369,-1.4294684407521845,0.4479966148903476,train
2013-05-10,-1.3887335329899484,-1.3910730125672552,0.0023394795773068466,train
2013-05-13,-1.1756113907464016,-1.429951494153815,0.2543401034074133,train
2013-05-14,-1.1981025016184041,-1.3098418316771807,0.11173933005877656,train
2013-05-15,-1.1968432957377815,-1.269433205919157,0.07258991018137562,train
2013-05-16,-1.4779458372873002,-1.252708188380057,-0.22523764890724318,train
2013-05-17,-1.7752849979685206,-1.3685972439680534,-0.4066877540004672,train
2013-05-20,-1.425236204393511,-1.4785794851904475,0.05334328079693651,train
2013-05-21,-0.6421893660069443,-1.4221616718021934,0.7799723057952491,train
2013-05-22,-1.1229667316172642,-1.178721745703083,0.05575501408581873,train
2013-05-23,-1.200015655092995,-1.2831463735310777,0.08313071843808273,train
2013-05-24,-2.838680005617692,-1.2715506595611665,-1.5671293460565257,train
2013-05-27,-1.3150466904062503,-1.7591240581596688,0.44407736775341844,train
2013-05-28,-1.0845648874733271,-1.3972964760341717,0.3127315885608446,train
2013-05-29,-1.1345381322904147,-1.3750977433883536,0.24055961109793889,train
2013-05-30,-1.168098485732558,-1.3843003674638386,0.21620188173128052,train
2013-05-31,-0.7649610434874474,-1.3872203523777886,0.6222593088903412,train
2013-06-03,-1.5020817242299889,-1.111869265852035,-0.3902124583779538,train
2013-06-04,-1.1325273351740024,-1.3121417733405174,0.179614438166515,train
2013-06-05,-0.5070978438812178,-1.2225532807020936,0.7154554368208758,train
2013-06-06,-0.8026126083390991,-1.0060506401574865,0.20343803181838738,train
2013-06-07,-1.6989130278148799,-1.0308523359573873,-0.6680606918574925,train
2013-06-10,-1.1880845814021195,-1.3247202740190975,0.13663569261697806,train
2013-06-11,-1.5558247101762852,-1.1812498677948342,-0.374574842381451,train
2013-06-12,-1.04690280397551,-1.3059888784167717,0.25908607444126175,train
2013-06-13,-2.037130700056521,-1.236695025224505,-0.800435674832016,train
2013-06-14,-1.9105888938060398,-1.585553333341615,-0.32503556046442483,train
2013-06-17,-1.2860344147970417,-1.5837363546037297,0.297701939806688,train
2013-06-18,-1.0497533019988614,-1.447071256561232,0.3973179545623706,train
2013-06-19,-0.674462091427202,-1.3387252978687332,0.6642632064415311,train
2013-06-20,-1.2498440017399166,-1.2103092920459657,-0.0395347096939509,train
2013-06-21,-1.102248340453481,-1.2777792555030343,0.1755309150495532,train
2013-06-24,-1.5384935015909988,-1.170277400137495,-0.3682161014535039,train
2013-06-25,-1.415877830841631,-1.2971630617893941,-0.11871476905223699,train
2013-06-26,-1.7038001449099975,-1.2862557752004344,-0.4175443697095631,train
2013-06-27,-1.5425770909214593,-1.4501754384392205,-0.09240165248223886,train
2013-06-28,-1.9406015179680212,-1.4448796578904068,-0.4957218600776143,train
2013-07-01,-1.6619081418508994,-1.6214318370342349,-0.04047630481666453,train
2013-07-02,-1.1951492247372943,-1.5741961694390352,0.37904694470174083,train
2013-07-03,-0.905546955156553,-1.4518238778090555,0.5462769226525025,train
2013-07-04,-1.397154138071022,-1.3061609474197877,-0.09099319065123423,train
2013-07-05,-2.211926482701219,-1.408808524229747,-0.803117958471472,train
2013-07-08,-1.3302407270841843,-1.639674366087135,0.3094336390029506,train
2013-07-09,-0.28748225541998423,-1.4130575177618792,1.1255752623418949,train
2013-07-10,0.2483090186651321,-1.0753760851180079,1.32368510378314,train
2013-07-11,-1.0813191046975859,-0.831466812078019,-0.24985229261956687,train
2013-07-12,-1.242494039814182,-1.1027501900226577,-0.1397438497915242,train
2013-07-15,-1.2601971016889628,-1.053950506543981,-0.2062465951449819,train
2013-07-16,-1.0182853752945578,-1.0429247992522528,0.024639423957695028,train
2013-07-17,-1.7973341615769507,-1.0436941494371863,-0.7536400121397644,train
2013-07-18,-1.7573385651359135,-1.4140149059657168,-0.3433236591701967,train
2013-07-19,-1.9718301088869483,-1.4741527527878804,-0.49767735609906794,train
2013-07-22,-2.08020063973704,-1.6041903497475067,-0.4760102899895331,train
2013-07-23,-1.1730255887590078,-1.7128441838456288,0.539818595086621,train
2013-07-24,-1.374242896984524,-1.5193960739837258,0.14515317699920183,train
2013-07-25,-1.900204671914677,-1.5253424382960912,-0.37486223361858584,train
2013-07-26,-2.20377304391327,-1.6645177917329417,-0.5392552521803282,train
2013-07-29,-2.0898707472462057,-1.7608929604162056,-0.3289777868300001,train
2013-07-30,-0.9372176565304007,-1.7417694034159275,0.8045517468855268,train
2013-07-31,-1.3122015118644412,-1.4444325756636422,0.13223106379920102,train
2013-08-01,-0.8946288912597252,-1.5209678705262948,0.6263389792665696,train
2013-08-02,-1.986735129317351,-1.3304287801052916,-0.6563063492120593,train
2013-08-05,-2.086685729385452,-1.5736292881028553,-0.5130564412825969,train
2013-08-06,-1.8909533148184339,-1.6040387727998706,-0.28691454201856326,train
2013-08-07,-2.0929558407822144,-1.6420698322218892,-0.45088600856032524,train
2013-08-08,-2.533123829030017,-1.7678986914224066,-0.7652251376076102,train
2013-08-09,-2.3738175518262974,-2.042942701962676,-0.33087484986362137,train
2013-08-12,-1.8116447597374892,-2.0709742800163697,0.25932952027888057,train
2013-08-13,-2.4837646182728754,-1.925137397330283,-0.5586272209425924,train
2013-08-14,-0.7932675844441069,-2.1472240734264325,1.3539564889823255,train
2013-08-15,-2.0128004175170027,-1.6358472646388182,-0.3769531528781844,train
2013-08-16,-2.3695798867323687,-1.8797992713382836,-0.48978061539408513,train
2013-08-19,-1.7094945004859226,-1.9677638929909094,0.2582693925049868,train
2013-08-20,-1.445014011668473,-1.806395005999358,0.361380994330885,train
2013-08-21,-1.4245925708433251,-1.6454515342495617,0.22085896340623656,train
2013-08-22,-1.8170525522158145,-1.6907055337332249,-0.12634701848258967,train
2013-08-23,-2.5367308837555838,-1.7702841382451595,-0.7664467455104242,train
2013-08-26,-1.7004256780450095,-1.9637638922305953,0.2633382141855858,train
2013-08-27,-1.8957411217071485,-1.7686765526923847,-0.12706456901476382,train
2013-08-28,-1.6316066062348282,-1.8509763947078786,0.21936978847305033,train
2013-08-29,-2.1559360150186633,-1.803972300346015,-0.3519637146726482,train
2013-08-30,-2.6324476336540976,-1.9688209172715534,-0.6636267163825442,train
2013-09-02,-1.8948788675611146,-2.101756979889394,0.20687811232827946,train
2013-09-03,-2.286695168826297,-1.961302481990677,-0.32539268683561984,train
2013-09-04,-1.4484842607507715,-2.090126672738215,0.6416424119874435,train
2013-09-05,-1.2531943599952193,-1.8738739466529715,0.6206795866577521,train
2013-09-06,-1.9542302273663983,-1.7399167939279825,-0.2143134334384158,train
2013-09-09,-2.2150091009703448,-1.83775008642426,-0.3772590145460848,train
2013-09-10,-1.9836162760120146,-1.9231117779422382,-0.060504498069776425,train
2013-09-11,-2.0068079495221247,-1.8380844332625057,-0.168723516259619,train
2013-09-12,-1.8899348001591603,-1.8962869165271692,0.00635211636800892,train
2013-09-13,-2.0530181848949605,-1.920581176870538,-0.13243700802442238,train
2013-09-16,-2.608441242382026,-1.9811518510603454,-0.6272893913216806,train
2013-09-17,-0.6327938934872364,-2.151088851879457,1.5182949583922205,train
2013-09-18,-1.6356757197641745,-1.5553267451515886,-0.08034897461258583,train
2013-09-19,-1.8919403174979041,-1.7510714128696994,-0.14086890462820478,train
2013-09-20,-1.6913973911808626,-1.815115743187803,0.12371835200694048,train
2013-09-23,-2.2622439675883097,-1.7392413019151551,-0.5230026656731546,train
2013-09-24,-2.402129699392967,-1.8438857605188943,-0.5582439388740728,train
2013-09-25,-2.1874601595125385,-2.035110122993607,-0.15235003651893164,train
2013-09-26,-2.2609611472544824,-2.0413854786989956,-0.21957566855548682,train
2013-09-27,-2.1303838390752157,-2.0958656641107476,-0.034518174964468074,train
2013-09-30,-1.8066095321091122,-2.111341175142927,0.30473164303381495,train
2013-10-01,-1.6446816873938388,-1.9917132209064639,0.34703153351262506,train
2013-10-02,-1.6751866107830702,-1.874672057655496,0.19948544687242586,train
2013-10-03,-2.1772016596334365,-1.8327032260565461,-0.34449843357689036,train
2013-10-04,-2.4339741490282685,-1.9391335386115904,-0.49484061041667804,train
2013-10-07,-2.4503218240141287,-2.0367249745616105,-0.4135968494525182,train
2013-10-08,-1.8085645312636396,-2.1123685522253655,0.3038040209617259,train
2013-10-09,-2.1835935359333396,-1.978258720759791,-0.20533481517354857,train
2013-10-10,-2.131429006594501,-2.110166458328342,-0.021262548266159254,train
2013-10-11,-2.5483722467986456,-2.095695340126604,-0.45267690667204175,train
2013-10-14,-1.77141763965861,-2.2078986179496805,0.43648097829107035,train
2013-10-15,-0.8893116910439647,-1.9665445873758587,1.077232896331894,train
2013-10-16,-1.5516577704610341,-1.6674819674326544,0.11582419697162027,train
2013-10-17,-2.4647292074956804,-1.7503153730666767,-0.7144138344290036,train
2013-10-18,0.4518133725500927,-2.010805653978622,2.4626190265287144,train
2013-10-21,-1.2979846006941245,-1.0453411465431883,-0.25264345415093614,train
2013-10-22,-2.4223346450836765,-1.3974479741200379,-1.0248866709636386,train
2013-10-23,-1.8280399517652612,-1.8029844262153845,-0.025055525549876778,train
2013-10-24,-2.009014685873331,-1.6867419225851927,-0.32227276328813836,train
2013-10-25,-2.5443152639595055,-1.6825068158753862,-0.8618084480841193,train
2013-10-28,-1.7979454532544432,-2.081410577204042,0.28346512394959866,train
2013-10-29,-2.0212636711898235,-1.950223538143771,-0.07104013304605261,train
2013-10-30,-1.5748099513824296,-1.9638629437353963,0.38905299235296664,train
2013-10-31,-1.818464294604082,-1.83576232453127,0.017298029927187875,train
2013-11-01,-1.747416921280934,-1.8763613866958866,0.12894446541495252,train
2013-11-04,-2.0265342057021623,-1.7885186597341793,-0.2380155459679829,train
2013-11-05,-1.7930911301399886,-1.871662784240485,0.07857165410049638,train
2013-11-06,0.3288569174721596,-1.7901472398582123,2.119004157330372,train
2013-11-07,-1.0968165948994886,-1.0988918144178204,0.0020752195183317834,train
2013-11-08,-2.4620682514008463,-1.3527218825442253,-1.109346368856621,train
2013-11-11,-1.48254869520777,-1.734193945757904,0.2516452505501341,train
2013-11-12,-1.4595666648034193,-1.4526173492369034,-0.006949315566515901,train
2013-11-13,-1.6548744767665162,-1.4048265157980409,-0.25004796096847537,train
2013-11-14,-2.1332730206807695,-1.628441601605386,-0.5048314190753835,train
2013-11-15,-2.2576688309323774,-1.8463531256712582,-0.41131570526111916,train
2013-11-18,-1.7272952971275428,-1.8642944546031748,0.13699915747563196,train
2013-11-19,-0.6676379414375015,-1.7564486585460157,1.0888107171085142,train
2013-11-20,-1.2062938972444548,-1.453838179291267,0.24754428204681211,train
2013-11-21,-2.152535538959813,-1.5357633053520598,-0.6167722336077532,train
2013-11-22,-2.173660875796641,-1.7517402840995882,-0.42192059169705276,train
2013-11-25,-1.8023365364208186,-1.7528489720271625,-0.04948756439365609,train
2013-11-26,-1.9990875337741063,-1.6720808686138457,-0.32700666516026056,train
2013-11-27,-2.332827156776094,-1.8319957581959017,-0.5008313985801922,train
2013-11-28,-2.245795751659009,-2.01690087004457,-0.22889488161443916,train
2013-11-29,-1.7935054190904502,-2.0079077195824047,0.2144023004919544,train
2013-12-02,-2.316628924480575,-1.8720078808142548,-0.44462104366632005,train
2013-12-03,-1.9996876333623956,-2.0444048514903734,0.0447172181279778,train
2013-12-04,-1.1197360035512565,-1.9745236810719964,0.8547876775207399,train
2013-12-05,-1.5656194854080423,-1.652168671361618,0.08654918595357564,train
2013-12-06,-2.695932713459514,-1.6902427959546484,-1.0056899175048657,train
2013-12-09,-2.248262636144859,-2.065683880673616,-0.1825787554712428,train
2013-12-10,-1.9321662949357432,-1.9696319417196166,0.03746564678387343,train
2013-12-11,-1.837015653397882,-1.8849699920364351,0.04795433863855303,train
2013-12-12,-2.177976009293743,-1.9322209340938228,-0.24575507519992001,train
2013-12-13,-2.196899122976678,-2.074170063521436,-0.1227290594552417,train
2013-12-16,-2.1478183991112427,-2.0393047919984695,-0.10851360711277325,train
2013-12-17,-0.5796542125552127,-2.019080904615354,1.4394266920601413,train
2013-12-18,-1.8013923173805841,-1.5173855816053474,-0.2840067357752367,train
2013-12-19,-1.9232998226165758,-1.7955000985982266,-0.12779972401834927,train
2013-12-20,-2.704743830967803,-1.8144835005974826,-0.8902603303703205,train
2013-12-23,-2.7697547698698473,-2.05684862731741,-0.7129061425524372,train
2013-12-24,-3.471299947435166,-2.1351711295214715,-1.3361288179136945,train
2013-12-25,-3.0039950822432626,-2.5733337901420508,-0.43066129210121185,train
2013-12-26,-1.0130600099511546,-2.5887154917777497,1.575655481826595,train
2013-12-27,-1.9596954244988616,-2.0378767038615777,0.07818127936271613,train
2013-12-30,-1.7128079070599722,-2.183399229512585,0.4705913224526128,train
2013-12-31,-1.3734259546511063,-2.0247739643398623,0.6513480096887561,train
2014-01-02,-1.8783884961206423,-1.7516860919061445,-0.12670240421449774,train
2014-01-03,-1.9279171647172015,-1.7605203762297688,-0.16739678848743278,train
2014-01-06,-1.9438287297554322,-1.8541357008929844,-0.08969302886244779,train
2014-01-07,-1.772021711750339,-1.8656106005966582,0.09358888884631922,train
2014-01-08,-1.4911193621908674,-1.833858189839582,0.34273882764871466,train
2014-01-09,-0.6395119611702403,-1.7665052797302028,1.1269933185599625,train
2014-01-10,-2.28137659615266,-1.4404282478964856,-0.8409483482561744,train
2014-01-13,-2.3507155950194205,-1.8534179653544829,-0.4972976296649376,train
2014-01-14,-1.9148315164357261,-1.9120487439138651,-0.0027827725218609878,train
2014-01-15,-1.805302051301348,-1.8219748388135264,0.016672787512178378,train
2014-01-16,-2.1612929562415477,-1.8209465859746774,-0.3403463702668703,train
2014-01-17,-2.4903097383803114,-2.040980887161143,-0.44932885121916843,train
2014-01-20,-2.2205071678404544,-2.156964841979698,-0.06354232586075659,train
2014-01-21,-2.2283376038045386,-2.0879073538208353,-0.14043024998370335,train
2014-01-22,-1.5353322927218007,-2.1215933707476475,0.5862610780258468,train
2014-01-23,-1.4040709016478061,-1.9248262253297137,0.5207553236819076,train
2014-01-24,-2.0444334408810136,-1.810599317242815,-0.23383412363819867,train
2014-01-27,-2.2185343520249368,-1.9011162131113977,-0.3174181389135391,train
2014-01-28,-1.4643916222643627,-1.9320836089764408,0.4676919867120781,train
2014-01-29,-1.7459771567039706,-1.6946517294406567,-0.051325427263313905,train
2014-01-30,-1.6291277392532848,-1.7760250189133748,0.14689727966009003,train
2014-01-31,-1.8505519581800498,-1.768685959196757,-0.08186599898329283,train
2014-02-03,-2.022403165924539,-1.807287760212764,-0.21511540571177523,train
2014-02-04,-1.9965150124717066,-1.8305593765605175,-0.16595563591118911,train
2014-02-05,-1.068808595382493,-1.8736920502573018,0.8048834548748087,train
2014-02-06,-1.6488238399304616,-1.5893801278609003,-0.05944371206956123,train
2014-02-07,-2.812519989635744,-1.7229571659792078,-1.0895628236565362,train
2014-02-10,-1.9599606499994777,-2.092323902775657,0.1323632527761791,train
2014-02-11,-1.8936743147559365,-1.9057450484338483,0.012070733677911782,train
2014-02-12,-1.7181669695851047,-1.876832311495123,0.15866534191001835,train
2014-02-13,-2.4426753336352673,-1.8883742310118454,-0.5543011026234219,train
2014-02-14,-2.478830417650972,-2.1327216206635384,-0.34610879698743346,train
2014-02-17,-2.363067823623147,-2.118300627226048,-0.24476719639709899,train
2014-02-18,-2.8066262665436565,-2.1305825752539334,-0.6760436912897232,train
2014-02-19,-2.265000345630373,-2.3188573239836034,0.053856978353230556,train
2014-02-20,-2.449400089412349,-2.244639141927706,-0.20476094748464302,train
2014-02-21,-2.5233490645892878,-2.2900729785903398,-0.233276085998948,train
2014-02-24,-2.4445025694710627,-2.322197543757305,-0.12230502571375768,train
2014-02-25,-2.3675291198599013,-2.3231800016513033,-0.04434911820859799,train
2014-02-26,-2.1256776882364705,-2.2692769795922048,0.14359929135573424,train
2014-02-27,-1.0591845837490133,-2.200055788326761,1.1408712045777478,train
2014-02-28,-1.8853310893288935,-1.8244283025157009,-0.06090278681319261,train
2014-03-03,-2.04994329721564,-1.957762046564243,-0.09218125065139704,train
2014-03-04,-1.9582203248020944,-1.9644693655924346,0.006249040790340166,train
2014-03-05,-1.7212422350721077,-1.9074627904748955,0.1862205554027878,train
2014-03-06,-2.066129629153193,-1.8129527001515315,-0.25317692900166167,train
2014-03-07,-2.7170301352148076,-1.9843321630062984,-0.7326979722085092,train
2014-03-10,-2.658385271920007,-2.227806518627119,-0.43057875329288775,train
2014-03-11,-2.493618562642387,-2.280921681407576,-0.21269688123481112,train
2014-03-12,-1.331150802525375,-2.2881095384730794,0.9569587359477043,train
2014-03-13,-1.9895676067902774,-1.9787233035234568,-0.01084430326682062,train
2014-03-14,-2.353807105810175,-2.1240257451290376,-0.22978136068113741,train
2014-03-17,-1.8784242350702558,-2.181827305461402,0.30340307039114633,train
2014-03-18,-1.6662893440004503,-1.9955318395991823,0.3292424955987321,train
2014-03-19,-2.0124064154677144,-1.8625885316396797,-0.14981788382803463,train
2014-03-20,-2.1907428813627536,-1.9999610659585016,-0.190781815404252,train
2014-03-21,-1.417705689699595,-2.0522484435996455,0.6345427539000505,train
2014-03-24,-1.7813704655236606,-1.7802550420209102,-0.0011154235027504011,train
2014-03-25,-1.9895383272507752,-1.84743543259574,-0.14210289465503512,train
2014-03-26,-1.9306325469177394,-1.9185763682230845,-0.012056178694654918,train
2014-03-27,-1.9532756568128906,-1.8918526745973274,-0.06142298221556319,train
2014-03-28,-1.8577970191575517,-1.870838776288033,0.01304175713048128,train
2014-03-31,-2.625064899038999,-1.8858569670699301,-0.7392079319690688,train
2014-04-01,-2.609934817191407,-2.15621320880074,-0.453721608390667,train
2014-04-02,-1.4095695343460724,-2.2172021316392865,0.8076325972932141,train
2014-04-03,-1.746990407647283,-1.8870950264599669,0.14010461881268377,train
2014-04-04,-3.096822417987784,-1.9434677102009903,-1.1533547077867936,train
2014-04-07,-2.4985848362840852,-2.381331891315047,-0.11725294496903826,train
2014-04-08,-1.999779840016032,-2.2373528945195305,0.23757305450349842,train
2014-04-09,-2.702025591514188,-2.0593749308239895,-0.6426506606901987,train
2014-04-10,-2.955077635276144,-2.3384317311074105,-0.6166459041687333,train
2014-04-11,-2.479486714198072,-2.511388886536008,0.03190217233793602,train
2014-04-14,-2.505156958098027,-2.3590562711735523,-0.14610068692447475,train
2014-04-15,-2.439861509337772,-2.3713415328738443,-0.06851997646392771,train
2014-04-16,-2.8640558497008435,-2.397266866288505,-0.46678898341233843,train
2014-04-17,-4.2499880319669625,-2.520449868315818,-1.7295381636511444,train
2014-04-18,-3.668310255329677,-2.985253922276598,-0.683056333053079,train
2014-04-21,-2.911448252116575,-2.9782295380441255,0.06678128592755028,train
2014-04-22,-2.23013255506325,-2.8494339514038387,0.6193013963405889,train
2014-04-23,-2.4491360341915422,-2.683093115389864,0.2339570811983216,train
2014-04-24,-3.2500045451972737,-2.703216009793934,-0.5467885354033397,train
2014-04-25,-2.658956100019082,-2.810486990066156,0.15153089004707443,train
2014-04-28,-2.3482899071317545,-2.5913373010410834,0.24304739390932895,train
2014-04-29,-2.097977952863339,-2.473323670969932,0.3753457181065931,train
2014-04-30,-3.579998532086218,-2.4065536048123737,-1.1734449272738443,train
2014-05-01,-2.005684547563493,-2.8602222205123446,0.8545376729488519,train
2014-05-02,-3.5196849733707114,-2.3790044194252697,-1.1406805539454417,train
2014-05-05,-2.6330612412039347,-2.8284762120301465,0.19541497082621184,train
2014-05-06,-2.8397245877610073,-2.66071389755473,-0.17901069020627736,train
2014-05-07,-0.9874948299840762,-2.772610217685862,1.7851153877017858,train
2014-05-08,-2.421930264021626,-2.0950030166146982,-0.3269272474069278,train
2014-05-09,-3.1733872814472015,-2.4668856750388013,-0.7065016064084002,train
2014-05-12,-2.083047237125032,-2.613283971097959,0.5302367339729268,train
2014-05-13,-2.6151789797440306,-2.303207351860679,-0.31197162788335175,train
2014-05-14,-1.999869630860454,-2.406527743633814,0.40665811277336017,train
2014-05-15,-2.5850182582510075,-2.351474102929511,-0.2335441553214963,train
2014-05-16,-3.0700012717168366,-2.5022627987597454,-0.5677384729570911,train
2014-05-19,-3.0018157651855515,-2.606546005593132,-0.3952697595924195,train
2014-05-20,-2.3300033582182085,-2.6602673062606996,0.33026394804249115,train
2014-05-21,-2.626631992657641,-2.4650875534068586,-0.16154443925078255,train
2014-05-22,-3.1334859511111968,-2.586890534563651,-0.5465954165475457,train
2014-05-23,-3.437446857599453,-2.7632082464067653,-0.6742386111926875,train
2014-05-26,-2.9864060136562625,-2.8774627518296336,-0.10894326182662883,train
2014-05-27,-2.654955182419681,-2.7695406529052495,0.11458547048556866,train
2014-05-28,-2.859807413670225,-2.7228922054100635,-0.13691520826016168,train
2014-05-29,-2.764643929052946,-2.7968434147212498,0.03219948566830366,train
2014-05-30,-2.7045777565612674,-2.7490029541048804,0.04442519754361296,train
2014-06-02,-2.5130117489442942,-2.65884350043553,0.14583175149123573,train
2014-06-03,-2.70881038213789,-2.5775867005342294,-0.1312236816036605,train
2014-06-04,-0.7665601459445903,-2.6183183710002638,1.8517582250556734,train
2014-06-05,-1.859525027958301,-1.9613697867139144,0.10184475875561327,train
2014-06-06,-2.8764495299022017,-2.1191362475331847,-0.757313282369017,train
2014-06-09,-2.5865356301603697,-2.3894580738200433,-0.19707755634032642,train
2014-06-10,-2.7566579372472786,-2.3314171901114906,-0.42524074713578797,train
2014-06-11,-2.350304903694798,-2.370137877984298,0.019832974289499816,train
2014-06-12,-2.7138533071492996,-2.4236124482682095,-0.2902408588810901,train
2014-06-13,-2.4003761010798033,-2.5857487231971072,0.185372622117304,train
2014-06-16,-2.7606440803423524,-2.4750568978237677,-0.2855871825185847,train
2014-06-17,-2.3915423166314635,-2.5755550294757112,0.1840127128442477,train
2014-06-18,-2.5803220992974225,-2.450037853606068,-0.13028424569135444,train
2014-06-19,-2.89132084324275,-2.509526031613167,-0.3817948116295833,train
2014-06-20,-2.8610885895320255,-2.6033514561037556,-0.25773713342826987,train
2014-06-23,-2.893897499661908,-2.640868158191253,-0.2530293414706546,train
2014-06-24,-2.751002311245554,-2.657805126644279,-0.09319718460127513,train
2014-06-25,-2.2655411026484265,-2.649912449808515,0.3843713471600885,train
2014-06-26,-3.2539672795524317,-2.5017714522195913,-0.7521958273328404,train
2014-06-27,-2.76167936105238,-2.768370764948202,0.006691403895822123,train
2014-06-30,-3.221064836087109,-2.645212490284473,-0.5758523458026361,train
2014-07-01,-3.205408300257928,-2.78551875985065,-0.419889540407278,train
2014-07-02,-2.413419305830852,-2.82880335705495,0.41538405122409783,train
2014-07-03,-4.032845134484957,-2.659264694634904,-1.3735804398500533,train
2014-07-04,-3.4211130108449286,-3.1166774862331454,-0.30443552461178314,train
2014-07-07,-3.618626727788413,-3.0659186677405383,-0.5527080600478746,train
2014-07-08,-2.957943112495971,-3.1671292925140206,0.20918618001804967,train
2014-07-09,-2.9527619440540525,-2.993885095331656,0.041123151277603576,train
2014-07-10,-3.2980736163982436,-3.0457725490683045,-0.25230106732993907,train
2014-07-11,-3.18658914182269,-3.06444036259236,-0.12214877923033018,train
2014-07-14,-2.407673176753175,-3.026952159476955,0.6192789827237797,train
2014-07-15,-3.1004840810474237,-2.7347396606335486,-0.3657444204138751,train
2014-07-16,-3.2107792747700423,-2.914619824306521,-0.29615945046352143,train
2014-07-17,-2.5230399395295784,-2.9684256441807317,0.44538570465115335,train
2014-07-18,-3.353527150510081,-2.7416391105577604,-0.6118880399523206,train
2014-07-21,-2.5619535924639285,-2.956166540556871,0.3942129480929424,train
2014-07-22,-3.2309121270724623,-2.7847220311745224,-0.4461900958979399,train
2014-07-23,-2.7985309813459662,-2.954313961209576,0.15578297986360967,train
2014-07-24,-3.022377034521297,-2.8165422672856115,-0.2058347672356855,train
2014-07-25,-3.94850908772051,-2.9163175216001305,-1.0321915661203795,train
2014-07-28,-3.6043178172166415,-3.201887589870495,-0.40243022734614664,train
2014-07-29,-2.2002584031931125,-3.221422525642843,1.0211641224497305,train
2014-07-30,-2.9074570414696317,-2.7991736098447877,-0.108283431624844,train
2014-07-31,-2.2153248913960084,-2.96791264810154,0.7525877567055317,train
2014-08-01,-3.7322457784798164,-2.7246055402389375,-1.007640238240879,train
2014-08-04,-3.1585036364856043,-3.068086183974322,-0.09041745251128219,train
2014-08-05,-2.5400996166367436,-2.886055560761128,0.34595594412438446,train
2014-08-06,-2.387207429545333,-2.765016570973496,0.377809141428163,train
2014-08-07,-2.4223252490780487,-2.6688443040324845,0.24651905495443582,train
2014-08-08,-3.416780071863466,-2.6896790427591317,-0.7271010291043343,train
2014-08-11,-3.120518810137728,-2.8945869055104114,-0.22593190462731672,train
2014-08-12,-2.1309234659874337,-2.8211204648390793,0.6901969988516456,train
2014-08-13,-2.4454240167843317,-2.544896485464526,0.09947246868019421,train
2014-08-14,-2.2982119635447917,-2.6228161118869457,0.324604148342154,train
2014-08-15,-3.2514766872140295,-2.5687321051448246,-0.6827445820692049,train
2014-08-18,-2.4390118733369,-2.7730565135385405,0.3340446402016406,train
2014-08-19,-2.5297922336999554,-2.5237005520726687,-0.0060916816272866825,train
2014-08-20,-2.735735683124738,-2.5714951494023293,-0.16424053372240888,train
2014-08-21,-2.2654743987003956,-2.6470879071227014,0.3816135084223058,train
2014-08-22,-2.7819227495331393,-2.5252918056677345,-0.25663094386540486,train
2014-08-25,-2.4692572586549666,-2.601057884735337,0.13180062608037035,train
2014-08-26,-2.3702320355476574,-2.5257979107125466,0.15556587516488918,train
2014-08-27,-2.2148734006945134,-2.470838481362323,0.25596508066780954,train
2014-08-28,-2.4386639233674443,-2.3722682597408262,-0.06639566362661808,train
2014-08-29,-3.4852089221694107,-2.4420528173661564,-1.0431561048032543,train
2014-09-01,-3.025688457273941,-2.752680480920841,-0.2730079763530999,train
2014-09-02,-2.1516040172898427,-2.706792853502549,0.5551888362127064,train
2014-09-03,-0.17052511263520656,-2.468488246074144,2.2979631334389374,train
2014-09-04,-1.8528183341024675,-1.794459271387037,-0.058359062715430454,train
2014-09-05,-2.1838095139056857,-2.119813160009649,-0.06399635389603686,train
2014-09-08,-1.6326634300154947,-2.0753840217701454,0.4427205917546506,train
2014-09-09,-1.5812821538963013,-1.813506222863293,0.23222406896699166,train
2014-09-10,-1.9332876994273134,-1.7293065297694339,-0.2039811696578795,train
2014-09-11,-2.0252195312441574,-1.9568072556635105,-0.06841227558064689,train
2014-09-12,-2.2411057859238195,-1.9923775866485736,-0.24872819927524592,train
2014-09-15,-1.9279023570935738,-2.0448508646670196,0.11694850757344577,train
2014-09-16,-0.8925232722535903,-1.9955778626778307,1.1030545904242404,train
2014-09-17,-1.4749924117379745,-1.6688139314342532,0.1938215196962787,train
2014-09-18,-1.7146311509384493,-1.7501128022246266,0.03548165128617731,train
2014-09-19,-2.1189538108353614,-1.7677782594316092,-0.35117555140375223,train
2014-09-22,-2.1846877532598525,-1.8425914259196001,-0.3420963273402524,train
2014-09-23,-2.047740758906756,-1.8800869959002402,-0.16765376300651602,train
2014-09-24,-1.5349954836147532,-1.9452617406663635,0.41026625705161024,train
2014-09-25,-2.260632038456171,-1.8224804600190483,-0.4381515784371226,train
2014-09-26,-2.019192411721288,-2.037423033095979,0.01823062137469078,train
2014-09-29,-1.3993218690269023,-1.9707320980978464,0.5714102290709442,train
2014-09-30,-1.495274026488573,-1.7454315703905028,0.2501575439019297,train
2014-10-01,-0.9504435450247815,-1.6949453500773626,0.7445018050525811,train
2014-10-02,-1.196192278900468,-1.4934615963935736,0.2972693174931056,train
2014-10-03,-1.5511943969549056,-1.4425196564876073,-0.1086747404672983,train
2014-10-06,-1.2371169303251575,-1.4970622144932506,0.25994528416809315,train
2014-10-07,-0.6293606466794821,-1.4033042134794513,0.7739435667999692,train
2014-10-08,-0.9120993715629648,-1.1676838857519198,0.255584514188955,train
2014-10-09,-1.5542729670615796,-1.2210225333266795,-0.33325043373490004,train
2014-10-10,-1.27518185618139,-1.4006706911842173,0.12548883500282737,train
2014-10-13,-1.4983358580024504,-1.3041377466632338,-0.1941981113392166,train
2014-10-14,-0.14721597652988877,-1.3731663709039583,1.2259503943740695,train
2014-10-15,-0.3001593580663452,-0.9956424773521457,0.6954831192858005,train
2014-10-16,-1.1133434466834204,-0.9569133631691757,-0.1564300835142447,train
2014-10-17,-1.6252957049149768,-1.1060780086275954,-0.5192176962873813,train
2014-10-20,-1.2220137636821953,-1.2570964414209291,0.03508267773873386,train
2014-10-21,-1.3167332806373582,-1.1338806314895384,-0.18285264914781973,train
2014-10-22,-1.3831781831672816,-1.2527803132639483,-0.13039786990333324,train
2014-10-23,-2.008111668591002,-1.3573437681722786,-0.6507679004187235,train
2014-10-24,-2.04475087939856,-1.5816117521168447,-0.46313912728171513,train
2014-10-27,-1.6462659663897186,-1.633831146317625,-0.012434820072093622,train
2014-10-28,-1.176230958950366,-1.573945987503699,0.39771502855333307,train
2014-10-29,-1.5390593155606367,-1.4437955448438153,-0.09526377071682135,train
2014-10-30,-0.7477678451686918,-1.5428235411828537,0.7950556960141619,train
2014-10-31,-1.2918583696911925,-1.238325944597547,-0.05353242509364553,train
2014-11-03,-1.8436908660342324,-1.2987413184286045,-0.5449495476056279,train
2014-11-04,-1.4878480848338576,-1.4506433618496735,-0.03720472298418409,train
2014-11-05,-0.50986842712734,-1.3965169411034715,0.8866485139761314,train
2014-11-06,-0.961827951636206,-1.0703665916789353,0.10853864004272928,train
2014-11-07,-1.659085362112849,-1.1973069496166409,-0.4617784124962081,train
2014-11-10,-1.6687064971501513,-1.3991317184095178,-0.2695747787406335,train
2014-11-11,-1.182877371836022,-1.3867419385669326,0.2038645667309107,train
2014-11-12,-1.8114200789898638,-1.2464713747078953,-0.5649487042819685,train
2014-11-13,-0.8741041060489136,-1.5124596310418952,0.6383555249929815,train
2014-11-14,-1.3841490741522546,-1.2974543421155542,-0.08669473203670042,train
2014-11-17,-1.8206730021238688,-1.4017869415204525,-0.4188860606034164,train
2014-11-18,-1.550437153232129,-1.5237594692729375,-0.026677683959191567,train
2014-11-19,-1.0236181124092374,-1.4942377611374507,0.47061964872821327,train
2014-11-20,-1.1793043679109043,-1.299532386022189,0.1202280181112847,train
2014-11-21,-1.6229932749403826,-1.3614398048975735,-0.26155347004280904,train
2014-11-24,-1.6842677797941417,-1.4876897674299503,-0.19657801236419137,train
2014-11-25,-1.3925723147535574,-1.485736212154807,0.09316389740124964,train
2014-11-26,-2.00093399592465,-1.3971012286871332,-0.603832767237517,train
2014-11-27,-1.6938302551324511,-1.6294893468862615,-0.06434090824618965,train
2014-11-28,-1.42405222956318,-1.6115026816230482,0.18745045205986832,train
2014-12-01,-2.031950548591638,-1.5302083856580428,-0.5017421629335952,train
2014-12-02,-1.6521825480747045,-1.7157792767674729,0.06359672869276833,train
2014-12-03,-0.30597920662205963,-1.6561999919059494,1.3502207852838897,train
2014-12-04,-0.748217109368877,-1.1759578887040731,0.42774077933519616,train
2014-12-05,-1.6948678709801361,-1.1833427160634469,-0.5115251549166893,train
2014-12-08,-1.101500667389694,-1.4385997781711652,0.33709911078147115,train
2014-12-09,-1.4798402277673754,-1.2194647601209532,-0.2603754676464223,train
2014-12-10,-0.76214623194721,-1.288673311858133,0.5265270799109231,train
2014-12-11,-1.2536071375508362,-1.1551098174783498,-0.09849732007248635,train
2014-12-12,-1.3030920749752224,-1.314624883281597,0.011532808306374598,train
2014-12-15,-0.8085861848125407,-1.2847086667762657,0.476122481963725,train
2014-12-16,-0.4769733093216135,-1.1438413921884962,0.6668680828668827,train
2014-12-17,-1.027746822679283,-0.9664667357734464,-0.06128008690583653,train
2014-12-18,-1.578592000934478,-1.1081257497280539,-0.47046625120642416,train
2014-12-19,-2.012634574472206,-1.2644201362790115,-0.7482144381931946,train
2014-12-22,-2.062301101220393,-1.439605082700127,-0.6226960185202661,train
2014-12-23,-2.4110461913330448,-1.574743839912724,-0.8363023514203207,train
2014-12-24,-2.6533519417189764,-1.839247416810751,-0.8141045249082253,train
2014-12-26,-1.7344530080455574,-2.0533442714837524,0.31889126343819507,train
2014-12-29,-1.746768720078682,-1.8603529688334477,0.1135842487547658,train
2014-12-30,-2.1627604307592403,-1.8361890754106833,-0.32657135534855697,train
2014-12-31,-1.481773125318841,-1.9460921996348364,0.4643190743159953,train
2015-01-02,-0.8474216614253823,-1.7060250614707868,0.8586034000454045,train
2015-01-05,-1.097307056047282,-1.3831219200846427,0.2858148640373608,train
2015-01-06,-0.9835664900466221,-1.3764207478132984,0.39285425776667626,train
2015-01-07,-1.3584014818999441,-1.2886379683273679,-0.06976351357257626,train
2015-01-08,-1.1340688821280904,-1.308540241525863,0.17447135939777247,train
2015-01-09,-1.3857410972143294,-1.2191655643494377,-0.16657553286489168,train
2015-01-12,-1.2340634027857704,-1.3290131902239752,0.09494978743820481,train
2015-01-13,-0.716447099039486,-1.3038397917268867,0.5873926926874007,train
2015-01-14,0.8356825174168171,-1.1602306793618085,1.9959131967786257,train
2015-01-15,-0.44916991544931684,-0.581197459372061,0.13202754392274418,train
2015-01-16,-1.0797800225473617,-0.8044326202486396,-0.2753474022987221,train
2015-01-19,-1.2417897224245715,-0.9244960719671642,-0.3172936504574073,train
2015-01-20,-0.06483925988170064,-0.9709911985522212,0.9061519386705206,train
2015-01-21,0.3925255104538021,-0.630784539887113,1.0233100503409152,train
2015-01-22,0.6275641353615501,-0.5438480912929223,1.1714122266544724,train
2015-01-23,-0.20539247322846912,-0.3624643403960464,0.1570718671675773,train
2015-01-26,-0.12498369971732351,-0.4534684417933505,0.32848474207602696,train
2015-01-27,-0.5900011932500124,-0.30793068608001767,-0.28207050716999477,train
2015-01-28,-0.8506362609983974,-0.4391843670778833,-0.4114518939205141,train
2015-01-29,-0.6367396495527046,-0.6019472062039389,-0.034792443348765634,train
2015-01-30,-0.9941285547087072,-0.6551326831730173,-0.3389958715356899,train
2015-02-02,-0.6673370278469095,-0.7956571577215272,0.12832012987461772,train
2015-02-03,-0.729399112372216,-0.7607056189582452,0.03130650658602918,train
2015-02-04,-0.41241650316176565,-0.786283286726414,0.37386678356464836,train
2015-02-05,-0.1280672201803011,-0.6660242444670464,0.5379570242867453,train
2015-02-06,-1.1711106519863106,-0.54494484196488,-0.6261658100214306,train
2015-02-09,-0.8194115134186556,-0.7983928286223171,-0.021018684796338505,train
2015-02-10,-1.1583473490777356,-0.7279101893507515,-0.43043715972698415,train
2015-02-11,-0.7105758908670408,-0.8421150240914006,0.13153913322435984,train
2015-02-12,-1.3199801511744822,-0.7604882661072436,-0.5594918850672386,train
2015-02-13,-1.3578950612986793,-1.0153936816790987,-0.3425013796195806,train
2015-02-16,-1.0874993353994984,-1.0657086602073083,-0.021790675192190134,train
2015-02-17,-0.748206345356813,-1.0351357223064979,0.2869293769496849,train
2015-02-18,-1.1969978458446746,-0.9162739995268206,-0.28072384631785396,train
2015-02-19,-0.43793933628010284,-1.0629717671288876,0.6250324308487848,train
2015-02-20,-1.2281446535383347,-0.8128114165070784,-0.41533323703125624,train
2015-02-23,-1.262869568133697,-1.0006814346406667,-0.2621881334930303,train
2015-02-24,-1.6614422882372575,-1.0458207995343163,-0.6156214887029412,train
2015-02-25,-1.2664598775774591,-1.2366018090987059,-0.029858068478753275,train
2015-02-26,-1.035994976714876,-1.1650470451669923,0.12905206845211636,train
2015-02-27,-1.8650935754601399,-1.1714349358943783,-0.6936586395657616,train
2015-03-02,-1.698826883306984,-1.4310221544300683,-0.26780472887691564,train
2015-03-03,-1.187417368401764,-1.4443592633261801,0.2569418949244162,train
2015-03-04,-0.8121232024082344,-1.2860785047934706,0.4739553023852362,train
2015-03-05,0.058265167850944086,-1.160292501092886,1.21855766894383,train
2015-03-06,-1.3451084063697483,-0.8522595690337107,-0.49284883733603757,train
2015-03-09,-0.3179269685798309,-1.1377579724563673,0.8198310038765364,train
2015-03-10,-0.15037000207137802,-0.7786901599340342,0.6283201578626563,train
2015-03-11,0.30123635999186593,-0.6346041297326509,0.9358404897245168,train
2015-03-12,-0.2552400828200179,-0.41724889636391815,0.16200881354390023,train
2015-03-13,-0.5945101699402566,-0.5633277535316257,-0.031182416408630953,train
2015-03-16,-0.912274324333412,-0.5717822804326858,-0.3404920439007263,train
2015-03-17,1.5494645557254734,-0.6941143019961132,2.2435788577215865,train
2015-03-18,0.47386431290882586,0.05809524447835995,0.4157690684304659,train
2015-03-19,-0.0834893590639647,-0.1556475015396179,0.0721581424756532,train
2015-03-20,0.09096490792739047,-0.26055588394503615,0.35152079187242663,train
2015-03-23,0.11907306144830117,-0.14379836408245925,0.2628714255307604,train
2015-03-24,-0.6969156127617507,-0.037459542452727,-0.6594560703090238,train
2015-03-25,-0.4814578838660447,-0.4227676773798042,-0.058690206486240515,train
2015-03-26,-0.328517219768718,-0.45123892520561515,0.12272170543689714,train
2015-03-27,-0.6445129564414993,-0.4233859729851456,-0.22112698345635373,train
2015-03-30,-0.7195707172614254,-0.5557158327516208,-0.16385488450980457,train
2015-03-31,-0.5742505922738285,-0.6455245001149745,0.07127390784114607,train
2015-04-01,-0.5364202350102226,-0.58651535138895,0.05009511637872732,train
2015-04-02,0.46036416232376637,-0.5697546046699822,1.0301187669937486,train
2015-04-03,-0.8639553569387772,-0.2507559213034577,-0.6131994356353195,train
2015-04-06,-0.6514481366277618,-0.5753279368352082,-0.07612019979255358,train
2015-04-07,-0.471349264200031,-0.5283277881908959,0.05697852399086489,train
2015-04-08,-0.8498238695396123,-0.4678150129335794,-0.3820088566060329,train
2015-04-09,-0.7034128982967994,-0.5891426574646856,-0.11427024083211379,train
2015-04-10,-0.6844235592537359,-0.6673884844404993,-0.017035074813236628,train
2015-04-13,-0.08791172228802632,-0.6578084639099828,0.5698967416219565,train
2015-04-14,-0.19369632709239534,-0.46780916944680506,0.2741128423544097,train
2015-04-15,0.11211965964111749,-0.4623878878005318,0.5745075474416493,train
2015-04-16,-0.2457499202216502,-0.29333387846906966,0.047583958247419456,train
2015-04-17,-0.7889944471903647,-0.35413206203127706,-0.43486238515908765,train
2015-04-20,-0.6840311276654866,-0.5025490476147543,-0.1814820800507323,train
2015-04-21,-0.6829502599937993,-0.5393137496150664,-0.14363651037873293,train
2015-04-22,-0.33088873096406135,-0.5921776178308983,0.26128888686683693,train
2015-04-23,-0.309696424515014,-0.5566160055410836,0.2469195810260696,train
2015-04-24,-0.8040681656913715,-0.5532032596222085,-0.250864906069163,train
2015-04-27,-0.7274229437355537,-0.6717070168285225,-0.0557159269070312,train
2015-04-28,0.115810122633687,-0.6625313316273208,0.7783414542610078,train
2015-04-29,0.41977657843465116,-0.38786586929635414,0.8076424477310054,train
2015-04-30,-0.3136906182234958,-0.2371242314772354,-0.0765663867462604,train
2015-05-01,-0.9942865111004066,-0.40296519973536493,-0.5913213113650416,train
2015-05-04,-0.12704525785107917,-0.5816463298305468,0.4546010719794676,train
2015-05-05,-0.09639831834588225,-0.33462457236489135,0.2382262540190091,train
2015-05-06,-0.35895282252955285,-0.3382255183878619,-0.02072730414169094,train
2015-05-07,0.2023096551244696,-0.46591409146375284,0.6682237465882225,train
2015-05-08,-0.6729919334546228,-0.28263286478350863,-0.3903590686711142,train
2015-05-11,-0.7595124734061323,-0.4524511010428149,-0.3070613723633174,train
2015-05-12,-0.2964611934604794,-0.5303618909590578,0.23390069749857845,train
2015-05-13,-0.5598612361568064,-0.4378448644074473,-0.12201637174935909,train
2015-05-14,-0.4788625557104603,-0.5218649946894335,0.043002438978973156,train
2015-05-15,-0.7613837522474209,-0.5683086106551447,-0.19307514159227623,train
2015-05-18,0.11061843009039309,-0.6510178962429107,0.7616363263333038,train
2015-05-19,-0.19093254753045075,-0.36780799503966827,0.17687544750921752,train
2015-05-20,-0.5069095878046269,-0.42074384620853267,-0.08616574159609425,train
2015-05-21,-0.14378617297100962,-0.4864957858716973,0.3427096129006877,train
2015-05-22,-1.4532430090749076,-0.36664372207404256,-1.086599287000865,train
2015-05-25,-0.6081238352187359,-0.7427203351925948,0.13459649997385892,train
2015-05-26,-0.335850708010451,-0.6172786695699479,0.2814279615594969,train
2015-05-27,-0.45421198223044135,-0.5626570427191723,0.10844506048873093,train
2015-05-28,-0.6944633540932756,-0.5819787896052065,-0.1124845644880691,train
2015-05-29,-0.521096351213739,-0.6962380158904918,0.17514166467675285,train
2015-06-01,-0.11020768245469928,-0.5823871946706907,0.4721795122159914,train
2015-06-02,0.19334765485709537,-0.44055828375949074,0.6339059386165862,train
2015-06-03,-0.18817845055361657,-0.30947293554967753,0.12129448499606096,train
2015-06-04,0.8496698992958965,-0.3736095110342416,1.223279410330138,train
2015-06-05,-0.22118123731911368,0.015492254084113775,-0.23667349140322747,train
2015-06-08,-0.33714739321713,-0.2016046905090545,-0.1355427027080755,train
2015-06-09,-0.08318529593762322,-0.25489526455869294,0.17170996862106971,train
2015-06-10,-0.5639793209971143,-0.2150592698308279,-0.34892005116628644,train
2015-06-11,-0.2643744382844173,-0.3573686758029679,0.09299423751855057,train
2015-06-12,-0.6151317098671404,-0.3893496919779647,-0.22578201788917568,train
2015-06-15,-0.9426257797429695,-0.5062685441036173,-0.43635723563935214,train
2015-06-16,-0.8540309980844544,-0.6416394256729574,-0.21239157241149698,train
2015-06-17,-0.272058466002965,-0.6923157293587963,0.42025726335583125,train
2015-06-18,-0.9459515128081453,-0.5364932147518007,-0.4094582980563446,train
2015-06-19,-0.7076214051804457,-0.7615801630771759,0.053958757896730214,train
2015-06-22,-0.7566623599687302,-0.7175106079896433,-0.039151751979086935,train
2015-06-23,-0.9104867254294507,-0.718777052162479,-0.19170967326697175,train
2015-06-24,-1.012698081980482,-0.7531207084694217,-0.25957737351106036,train
2015-06-25,-0.9364333251171804,-0.8483704481297227,-0.08806287698745763,train
2015-06-26,0.5873587384481185,-0.8367456225762607,1.424104361024379,train
2015-06-29,-0.3356781849770188,-0.35761394681574066,0.021935761838721868,train
2015-06-30,-0.6159806607020579,-0.5272976958719882,-0.08868296483006977,train
2015-07-01,-0.3755239829123292,-0.5659875631350363,0.1904635802227071,train
2015-07-02,-1.3810515937195402,-0.45591754432644827,-0.925134049393092,train
2015-07-03,-0.33286887940994775,-0.7448470418603228,0.41197816245037505,train
2015-07-06,-0.5146052544471245,-0.5893440710044013,0.07473881655727688,train
2015-07-07,-0.49749753080488485,-0.6626472466668241,0.16514971586193922,train
2015-07-08,-0.6907163546943782,-0.651068944868136,-0.03964740982624215,train
2015-07-09,-0.28538969966777034,-0.7280193412863732,0.4426296416186029,train
2015-07-10,-0.07016237918566967,-0.5377641089003566,0.46760172971468694,train
2015-07-13,-0.9551255116982537,-0.45894886868070695,-0.4961766430175467,train
2015-07-14,-0.9085949817232246,-0.7098930507247755,-0.19870193099844913,train
2015-07-15,-0.6591731358972394,-0.7398267669362019,0.0806536310389625,train
2015-07-16,-1.427957441458835,-0.6765094167143944,-0.7514480247444406,train
2015-07-17,-1.5003661323310062,-0.9631968202811722,-0.5371693120498341,train
2015-07-20,-1.0153718303526154,-1.123459695769002,0.1080878654163866,train
2015-07-21,-1.0451547995511004,-1.0183525243852907,-0.026802275165809686,train
2015-07-22,-0.6921629642258486,-1.0413811029844027,0.3492181387585541,train
2015-07-23,-0.9001107344075253,-0.9626027534048218,0.062492018997296506,train
2015-07-24,-0.7904137516040465,-0.9623142279673917,0.17190047636334527,train
2015-07-27,-1.4823461157240654,-0.8701802642174071,-0.6121658515066583,train
2015-07-28,-0.922797664893603,-1.0775775146442363,0.1547798497506333,train
2015-07-29,-1.1547263856982959,-0.9549681576306083,-0.19975822806768762,train
2015-07-30,0.047921006809641765,-1.0594161960319464,1.1073372028415882,train
2015-07-31,-1.4239427149110668,-0.6897608113790452,-0.7341819035320216,train
2015-08-03,-1.3043477398795689,-1.0970005165811967,-0.20734722329837219,train
2015-08-04,-1.0046892782247152,-1.0525204517137114,0.04783117348899624,train
2015-08-05,-1.5134422980703452,-0.9987023445803225,-0.5147399534900228,train
2015-08-06,-0.19709940756764613,-1.1593037101332926,0.9622043025656465,train
2015-08-07,-1.1199997944039735,-0.875933098330148,-0.24406669607382547,train
2015-08-10,-0.661948925282947,-1.0650674457210365,0.4031185204380895,train
2015-08-11,-0.7385772549730852,-0.9058129476630556,0.1672356926899704,train
2015-08-12,-0.8038230193092775,-0.9067619259197752,0.10293890661049776,train
2015-08-13,-1.2424726604762653,-0.8556234640806194,-0.38684919639564586,train
2015-08-14,-1.2302636784870455,-1.054989598973483,-0.17527407951356255,train
2015-08-17,-1.6146775534484938,-1.0686144761555785,-0.5460630772929154,train
2015-08-18,-0.8576336638376083,-1.245463783015143,0.3878301191775346,train
2015-08-19,-0.915392612999428,-1.0752279211904197,0.15983530819099168,train
2015-08-20,-0.8831276360099621,-1.0974941281158912,0.21436649210592906,train
2015-08-21,0.8878479865772972,-1.055643913467185,1.9434919000444821,train
2015-08-24,0.270102866725828,-0.4389832859796996,0.7090861527055277,train
2015-08-25,0.09226174337761632,-0.39656910526323247,0.4888308486408488,train
2015-08-26,-0.4179878569936866,-0.34125104481822893,-0.07673681217545769,train
2015-08-27,-0.5567858565195392,-0.40129001640958484,-0.15549584010995432,train
2015-08-28,-0.8154682782806209,-0.39941993684236926,-0.4160483414382516,train
2015-08-31,-0.3714390655038676,-0.6096271381516808,0.23818807264781316,train
2015-09-01,-0.8397858590735789,-0.5706281858791216,-0.2691576731944574,train
2015-09-02,-0.4495788282024213,-0.7562075726131527,0.30662874441073146,train
2015-09-03,-0.5538477613735774,-0.6598757143714583,0.10602795299788093,train
2015-09-04,-1.5030650750847385,-0.678482559622679,-0.8245825154620595,train
2015-09-07,-1.2015852056539358,-0.9587292218152966,-0.24285598383863916,train
2015-09-08,-1.286201246865418,-0.9761576431837815,-0.3100436036816365,train
2015-09-09,-0.7891487176732547,-1.0379789470441794,0.2488302293709247,train
2015-09-10,-0.9858989202464262,-0.956109305021559,-0.029789615224867227,train
2015-09-11,-1.462598663099144,-1.0432847591028493,-0.41931390399629476,train
2015-09-14,-1.5145747223404427,-1.156467207518189,-0.35810751482225367,train
2015-09-15,-1.1636697181750093,-1.199872167691881,0.03620244951687179,train
2015-09-16,-0.312726722160508,-1.107431320625238,0.79470459846473,train
2015-09-17,-0.7983198362977054,-0.8541699337491726,0.055850097451467184,train
2015-09-18,-1.1831864627146793,-0.9479690168148603,-0.23521744589981897,train
2015-09-21,-1.2287100506870985,-1.0139807260079767,-0.21472932467912176,train
2015-09-22,-0.549622566209819,-1.0023665232586711,0.4527439570488522,train
2015-09-23,-0.8867012436188385,-0.8068584342275535,-0.07984280939128496,train
2015-09-24,-0.6814762324472962,-0.9493591121747291,0.26788287972743297,train
2015-09-25,-1.1139846950413512,-0.900327699367456,-0.21365699567389518,train
2015-09-28,-0.8844007347898857,-1.0011734197811395,0.11677268499125382,train
2015-09-29,-1.2003415940269275,-0.920886010327948,-0.2794555836989795,train
2015-09-30,-1.5259778733706415,-1.0568245028670313,-0.46915337050361017,train
2015-10-01,0.4160730314719943,-1.2026005759404579,1.6186736074124521,train
2015-10-02,-1.1077800114012146,-0.6429493635293002,-0.4648306478719144,train
2015-10-05,-1.4078201132442305,-0.9996658917749385,-0.40815422146929203,train
2015-10-06,-1.28674858430547,-1.12566951954641,-0.1610790647590601,train
2015-10-07,-1.030117638100863,-1.1032838393247002,0.07316620122383721,train
2015-10-08,-1.1388605207325841,-0.9974195267072709,-0.1414409940253133,train
2015-10-09,-2.0056865907423576,-1.1618869362874322,-0.8437996544549253,train
2015-10-12,-1.4912752730172372,-1.4560972109143655,-0.035178062102871666,train
2015-10-13,-1.2673335060360191,-1.3512423373163451,0.083908831280326,train
2015-10-14,-0.7444554059755037,-1.2958674223692133,0.5514120163937095,train
2015-10-15,-1.113090670528306,-1.1412251788974264,0.02813450836912046,train
2015-10-16,-1.6524966563086823,-1.2229573843534323,-0.42953927195525,train
2015-10-19,-1.8769705064097386,-1.3298022736352497,-0.5471682327744889,train
2015-10-20,-1.7838365121301805,-1.4284782660302733,-0.3553582460999072,train
2015-10-21,-0.32404336157306046,-1.460732730654158,1.1366893690810975,train
2015-10-22,-0.4860093558531664,-1.0772266696812505,0.5912173138280841,train
2015-10-23,-1.5673912059030126,-1.056773792901641,-0.5106174130013716,train
2015-10-26,-1.4109644273875492,-1.304987495636487,-0.10597693175106215,train
2015-10-27,0.09144587764615973,-1.2349663358534892,1.326412213499649,train
2015-10-28,-0.952424132731213,-0.7062230225492436,-0.24620111018196933,train
2015-10-29,-0.9223728413864871,-1.003707851248008,0.08133500986152087,train
2015-10-30,-1.4174654153309014,-1.0332966138453707,-0.3841688014855307,train
2015-11-02,-1.4192683708501173,-1.1321420037949521,-0.28712636705516514,train
2015-11-03,-1.1454604378093203,-1.1539370463174283,0.008476608508108052,train
2015-11-04,-1.2854854681705412,-1.2037785549650786,-0.08170691320546264,train
2015-11-05,-0.0631225510279023,-1.2647889470277052,1.2016663959998028,train
2015-11-06,-1.2329931992597694,-0.8923756154922701,-0.3406175837674993,train
2015-11-09,-1.1834425709139544,-1.1465161243757738,-0.03692644653818067,train
2015-11-10,-1.335257347361377,-1.1142320978170432,-0.22102524954433367,train
2015-11-11,-0.3501522551238956,-1.1587840420425508,0.8086317869186552,train
2015-11-12,-0.8522284929220183,-0.834866487209243,-0.017362005712775352,train
2015-11-13,-1.131941244684924,-1.0171141128700676,-0.11482713181485638,train
2015-11-16,-1.3773928408849294,-1.0765187071989752,-0.30087413368595417,train
2015-11-17,-1.4931155172002795,-1.1534524214486137,-0.33966309575166576,train
2015-11-18,-0.9979651133294383,-1.1925617408535139,0.19459662752407558,train
2015-11-19,-1.3306359893467705,-1.1278022194665713,-0.2028337698801992,train
2015-11-20,-1.34559371510231,-1.2425206432922542,-0.10307307181005587,train
2015-11-23,-1.3973659240222664,-1.276831309358017,-0.12053461466424942,train
2015-11-24,-1.0865531007469655,-1.3007742027911209,0.21422110204415534,train
2015-11-25,-2.440388813049653,-1.1870989225172088,-1.253289890532444,train
2015-11-26,-1.8740744393391862,-1.640456282398339,-0.2336181569408471,train
2015-11-27,-1.8377850083018734,-1.5818516184150553,-0.25593338988681813,train
2015-11-30,-1.6157918742398598,-1.62815065015032,0.012358775910460196,train
2015-12-01,-1.1610806832458507,-1.6048020107379113,0.4437213274920606,train
2015-12-02,1.3207574986543422,-1.5042826991078806,2.825040197762223,train
2015-12-03,0.006838609441969126,-0.5622147410168995,0.5690533504588686,train
2015-12-04,-1.4501224370742263,-0.6801970588654004,-0.7699253782088259,train
2015-12-07,-1.4429630999173242,-0.9813793749084839,-0.46158372500884026,train
2015-12-08,-1.1269965309424386,-0.9795542255696571,-0.14744230537278147,train
2015-12-09,-1.2270367580906394,-0.9027217092616597,-0.32431504882897966,train
2015-12-10,-0.7963132498196166,-1.1574679378413926,0.36115468802177597,train
2015-12-11,-1.2314604076545284,-1.1254245388502522,-0.10603586880427618,train
2015-12-14,-1.2323729267500254,-1.2153909324319165,-0.016981994318108873,train
2015-12-15,-0.15471577947995802,-1.2007556595206572,1.0460398800406991,train
2015-12-16,-0.8447957844506543,-0.8540757733297245,0.009279988879070222,train
2015-12-17,-0.9632814696032465,-0.9718353675896185,0.008553897986372072,train
2015-12-18,-1.4920789143768027,-1.0082425969561846,-0.48383631742061817,train
2015-12-21,-1.721187942539903,-1.1588684916900602,-0.5623194508498428,train
2015-12-22,-1.4739057778683227,-1.260236382041904,-0.21366939582641864,train
2015-12-23,-1.6751130620419448,-1.3246565522637603,-0.35045650977818443,train
2015-12-24,-1.747664961569796,-1.449351589303597,-0.2983133722661988,train
2015-12-28,-1.4946140997526987,-1.5446456459509665,0.050031546198267884,train
2015-12-29,-1.7494277624824701,-1.4761448860938513,-0.2732828763886188,train
2015-12-30,-1.3377259884788586,-1.5358137427317982,0.19808775425293956,train
2015-12-31,-0.7356213935565776,-1.4233030753552334,0.6876816817986557,train
2016-01-04,-1.3001422244847352,-1.189879179435718,-0.11026304504901718,train
2016-01-05,-0.9050181563150058,-1.2804324125251616,0.3754142562101558,train
2016-01-06,-0.5532778540407385,-1.1612027351803835,0.607924881139645,train
2016-01-07,-0.19689550234734984,-0.9781514532972697,0.7812559509499198,train
2016-01-08,-0.5925786160340655,-0.7786761730423384,0.1860975570082729,train
2016-01-11,-1.1348013088540438,-0.8469837771017419,-0.28781753175230196,train
2016-01-12,-0.9828103996743502,-0.9565583248094418,-0.026252074864908437,train
2016-01-13,-0.6984627237832436,-0.9259777237449593,0.22751499996171576,train
2016-01-14,-0.5025675551368715,-0.8727704710316196,0.3702029158947482,train
2016-01-15,-1.6563973012809343,-0.8473489037890475,-0.8090483974918868,train
2016-01-18,-1.1881342806191468,-1.2136106579916892,0.02547637737254238,train
2016-01-19,-0.9265345863222282,-1.1225517597803958,0.1960171734581676,train
2016-01-20,0.028719900828968116,-1.0582974825544311,1.0870173833833991,train
2016-01-21,-1.0876762715830595,-0.7618054428833645,-0.32587082869969497,train
2016-01-22,-1.8371770128043923,-1.0667047883399705,-0.7704722244644218,train
2016-01-25,-1.5602493291043842,-1.2565075659658342,-0.30374176313854995,train
2016-01-26,-1.0608764302481033,-1.2276746483880472,0.1667982181399439,train
2016-01-27,-1.3652463106372374,-1.118308864102953,-0.2469374465342844,train
2016-01-28,-0.683960407703539,-1.3104384539654603,0.6264780462619213,train
2016-01-29,-1.612097601282928,-1.1082528167182875,-0.5038447845646405,train
2016-02-01,-1.6781067254434132,-1.2993805949646158,-0.37872613047879744,train
2016-02-02,-0.3643156376472388,-1.329061043802499,0.9647454061552603,train
2016-02-03,-0.40003084077328516,-0.9600034418339809,0.5599726010606958,train
2016-02-04,-0.6038792672992168,-0.8704660393208785,0.2665867720216617,train
2016-02-05,-0.7085679151246677,-0.9066162192029117,0.19804830407824403,train
2016-02-08,-0.39992543704668254,-0.850376730997121,0.4504512939504384,train
2016-02-09,-0.6152641229980756,-0.6657608619172295,0.05049673891915385,train
2016-02-10,-0.24907437460955395,-0.7382392814253513,0.4891649068157974,train
2016-02-11,-0.797556807183661,-0.6305024393049753,-0.16705436787868566,train
2016-02-12,-1.4005277103745262,-0.7719358796964434,-0.6285918306780828,train
2016-02-15,-1.4336160491376095,-0.981086230011159,-0.4525298191264505,train
2016-02-16,-1.2425116596151105,-1.0929849979457529,-0.14952666166935757,train
2016-02-17,-1.1592805086400844,-1.1013961099235523,-0.05788439871653206,train
2016-02-18,-1.1839709775560945,-1.1645894086306035,-0.019381568925491033,train
2016-02-19,-1.4168025537682223,-1.2082300994529775,-0.20857245431524474,train
2016-02-22,-1.3053469872611696,-1.279412619278763,-0.02593436798240667,train
2016-02-23,-1.0833138034465322,-1.244624230826776,0.16131042738024393,train
2016-02-24,-1.2865499723278264,-1.170720130041368,-0.11582984228645832,train
2016-02-25,-1.043152394586264,-1.22586124145489,0.18270884686862598,train
2016-02-26,-1.4154135199522768,-1.1569936598760902,-0.25841986007618667,train
2016-02-29,-1.0774563873802794,-1.2429039258673822,0.1654475384871028,train
2016-03-01,-1.600326603470441,-1.149042461497892,-0.45128414197254907,train
2016-03-02,-1.2543271496740283,-1.3158971079148805,0.06156995824085221,train
2016-03-03,-0.17524092865389934,-1.228766363615189,1.0535254349612897,train
2016-03-04,-1.6475056246378526,-0.9000908767451864,-0.7474147478926662,train
2016-03-07,-1.3655309368627806,-1.2732177135909906,-0.09231322327179003,train
2016-03-08,-1.445278318441324,-1.2431865904552253,-0.20209172798609876,train
2016-03-09,1.1992969712280377,-1.255701557372897,2.4549985286009344,train
2016-03-10,-0.6983357563982975,-0.4077857425112424,-0.2905500138870551,train
2016-03-11,-1.3854338520917908,-0.8919090145956238,-0.49352483749616705,train
2016-03-14,-1.558384539019453,-1.0386500789061697,-0.5197344601132834,train
2016-03-15,-0.41109667540355643,-1.1044181708892433,0.6933214954856869,train
2016-03-16,-0.8382830251205973,-0.7359943242781288,-0.10228870084246844,train
2016-03-17,-1.5394234472880404,-1.0123568347884822,-0.5270666124995582,train
2016-03-18,-1.6973610741002583,-1.2530314952069863,-0.44432957889327196,train
2016-03-21,-1.0728552686930568,-1.3236585010455464,0.2508032323524896,train
2016-03-22,-1.7646513754496829,-1.1349448813672134,-0.6297064940824695,train
2016-03-23,-1.524029930952591,-1.4205678635390364,-0.10346206741355468,train
2016-03-24,-2.9983859929739016,-1.4300295872238968,-1.5683564057500048,train
2016-03-25,-2.3109402227365528,-1.9225139729195926,-0.38842624981696017,train
2016-03-28,-0.6658611526450817,-1.831887121739877,1.1660259690947952,train
2016-03-29,-1.3357062668889144,-1.4129839239609143,0.07727765707199996,train
2016-03-30,-1.417549616403193,-1.526947740700306,0.10939812429711293,train
2016-03-31,-0.8097525553194365,-1.5398953620778308,0.7301428067583944,train
2016-04-01,-1.8010636664370119,-1.1927753581644283,-0.6082883082725836,train
2016-04-04,-1.3797196117766246,-1.380242621040038,0.0005230092634134209,train
2016-04-05,-1.1304505461593592,-1.36184098410313,0.2313904379437708,train
2016-04-06,-0.8516231964812166,-1.2801637958880063,0.4285405994067897,train
2016-04-07,-1.5040514224309347,-1.1589938988344264,-0.3450575235965083,train
2016-04-08,-1.5980040785457093,-1.3724822681433264,-0.22552181040238284,train
2016-04-11,-1.1856923994021311,-1.40705920212051,0.22136680271837883,train
2016-04-12,-1.269522795251972,-1.3002546406884807,0.030731845436508642,train
2016-04-13,-1.4795926188924302,-1.3308245603688824,-0.1487680585235478,train
2016-04-14,-1.5910642800859691,-1.4351783839591419,-0.15588589612682724,train
2016-04-15,-1.648039390525553,-1.4819332063826076,-0.16610618414294542,train
2016-04-18,-1.8388759140906419,-1.5086578533766337,-0.33021806071400817,train
2016-04-19,-1.6234881767155958,-1.6151356122240248,-0.008352564491570957,train
2016-04-20,-0.5607042140642673,-1.5969842233126754,1.0362800092484081,train
2016-04-21,-1.584517271181636,-1.2637931221875154,-0.3207241489941206,train
2016-04-22,-1.744883873659899,-1.4962455558027867,-0.24863831785711232,train
2016-04-25,-1.5872336547295682,-1.544339945032261,-0.042893709697307214,train
2016-04-26,-1.3674954268886594,-1.4694391661682524,0.101943739279593,train
2016-04-27,-1.1449281045414037,-1.3851443429028376,0.2402162383614339,train
2016-04-28,-1.1455448130025947,-1.392461618712018,0.24691680570942331,train
2016-04-29,-1.3389323023879551,-1.3506164490875483,0.011684146699593168,train
2016-05-02,-1.2133626417890007,-1.3572834107669038,0.14392076897790318,train
2016-05-03,-0.8623420504556563,-1.2990485879666664,0.4367065375110102,train
2016-05-04,-1.5657679010150298,-1.1620453331769356,-0.40372256783809424,train
2016-05-05,-1.2448692264743313,-1.3638489920199288,0.11897976554559753,train
2016-05-06,-1.6055030866630648,-1.3004719960666242,-0.3050310905964406,train
2016-05-09,-1.5748766306064528,-1.4159467402964125,-0.15892989031004023,train
2016-05-10,-2.161923566257127,-1.442528733948838,-0.7193948323082888,train
2016-05-11,-2.0729412681242043,-1.7016296768552106,-0.3713115912689937,train
2016-05-12,-1.3788845943358408,-1.737211510077996,0.35832691574215514,train
2016-05-13,-2.0760301441891853,-1.5912484348447276,-0.48478170934445775,train
2016-05-16,-2.195399547754184,-1.800733013169621,-0.3946665345845628,train
2016-05-17,-1.1680674785623255,-1.8912633066645457,0.7231958281022202,train
2016-05-18,-1.6302706664843016,-1.559768245962642,-0.07050242052165956,train
2016-05-19,-2.221684608434509,-1.6233620426603759,-0.5983225657741333,train
2016-05-20,-2.064848571552799,-1.8423846527236818,-0.2224639188291171,train
2016-05-23,-1.8445984181597805,-1.8222644180691931,-0.02233400009058739,train
2016-05-24,-2.217527986940747,-1.7427717577137316,-0.4747562292270153,train
2016-05-25,-1.9097614255773183,-1.9289789423562202,0.019217516778901933,train
2016-05-26,-1.9454418486117322,-1.8873114022461701,-0.05813044636556208,train
2016-05-27,-2.8167623784770504,-1.876922161633433,-0.9398402168436173,train
2016-05-30,-1.6643269112746988,-2.164028316033652,0.4997014047589534,train
2016-05-31,-1.4105396216964692,-1.88889050538006,0.4783508836835908,train
2016-06-01,-1.0836445539501314,-1.7581670496308421,0.6745224956807108,train
2016-06-02,0.12130529079201911,-1.6066586267486602,1.7279639175406794,train
2016-06-03,-1.6250317953267979,-1.1313249302037585,-0.4937068651230394,train
2016-06-06,-1.9586903884994518,-1.4247721461225342,-0.5339182423769175,train
2016-06-07,-2.150217900359357,-1.5361260499773153,-0.6140918503820416,train
2016-06-08,-1.445082260110263,-1.6533708693983966,0.20828860928813353,train
2016-06-09,-1.6233665926612735,-1.5228213787309026,-0.10054521393037086,train
2016-06-10,-1.7133262545884476,-1.7160832057366635,0.002756951148215947,train
2016-06-13,-1.6396045320617125,-1.7407118927540863,0.1011073606923738,train
2016-06-14,-1.2250780525757428,-1.6977489697813064,0.47267091720556365,train
2016-06-15,-0.4407585698764913,-1.509024935014394,1.0682663651379027,train
2016-06-16,-1.0269336446184152,-1.2180503243517584,0.19111667973334323,train
2016-06-17,-1.3602389517713167,-1.2969084126494526,-0.06333053912186415,train
2016-06-20,-1.2156288236451742,-1.3383487086968837,0.1227198850517095,train
2016-06-21,-1.3001369586575424,-1.2553505412224595,-0.04478641743508294,train
2016-06-22,-0.38559187178789567,-1.2729731771956736,0.8873813054077779,train
2016-06-23,1.9253192182964363,-1.041584587658583,2.9669038059550195,train
2016-06-24,-0.17181099635681438,-0.19642661268932024,0.024615616332505863,train
2016-06-27,-0.821354901337748,-0.5505182979011143,-0.27083660343663374,train
2016-06-28,-0.7394482456455623,-0.6512306053837015,-0.08821764026186085,train
2016-06-29,-0.08035398432981261,-0.5581789086281987,0.47782492429838613,train
2016-06-30,-0.9739913600226935,-0.36133703276539003,-0.6126543272573035,train
2016-07-01,-1.896447781932148,-0.824810193530442,-1.071637588401706,train
2016-07-04,-1.0378987811575016,-1.2023057517071745,0.1644069705496729,train
2016-07-05,-0.9558132927107162,-1.0378655896740543,0.08205229696333805,train
2016-07-06,-1.242442873084508,-1.031138605983796,-0.21130426710071215,train
2016-07-07,-0.26813618567506287,-1.1943934489126014,0.9262572632375385,train
2016-07-08,-1.9187195996212034,-0.8854595014856171,-1.0332600981355862,train
2016-07-11,-1.3800968049602085,-1.2717845687737792,-0.10831223618642927,train
2016-07-12,-1.7610897954520952,-1.1764451420271715,-0.5846446534249237,train
2016-07-13,-1.0784202926987771,-1.3375616967520283,0.25914140405325115,train
2016-07-14,-1.3061460854151203,-1.159621306012519,-0.14652477940260145,train
2016-07-15,-1.9955292627124293,-1.3070487962689166,-0.6884804664435127,train
2016-07-18,-1.8941526338423782,-1.4897803915953105,-0.4043722422470677,train
2016-07-19,-1.4943086012535738,-1.5229161105210094,0.028607509267435605,train
2016-07-20,-1.2653521621726962,-1.4083990566573548,0.14304689448465857,train
2016-07-21,-1.562980137516908,-1.373358166468597,-0.1896219710483109,train
2016-07-22,-2.3134952050633504,-1.467963911638002,-0.8455312934253483,train
2016-07-25,-2.1865543530995804,-1.6908171920598054,-0.49573716103977494,train
2016-07-26,-1.2854088717050025,-1.7344281002594217,0.4490192285544192,train
2016-07-27,-1.7377684563420146,-1.5210736424942646,-0.21669481384775002,train
2016-07-28,-1.5099230109621153,-1.6781221423960524,0.16819913143393705,train
2016-07-29,-2.3063534095277607,-1.6296508029813426,-0.6767026065464181,train
2016-08-01,-2.271523366265795,-1.8368836780956244,-0.43463968817017085,train
2016-08-02,-2.253895426243412,-1.8511828443023068,-0.40271258194110526,train
2016-08-03,-2.232660341305171,-1.939071142508653,-0.2935891987965178,train
2016-08-04,-0.9833234729671952,-1.9925491945065115,1.0092257215393161,train
2016-08-05,-2.557584079866996,-1.6582017233638695,-0.8993823565031265,train
2016-08-08,-2.421091805345792,-2.057245080619069,-0.36384672472672275,train
2016-08-09,-2.023012836592086,-2.0636805400907057,0.04066770349861981,train
2016-08-10,-2.1689120488021034,-1.952492942597372,-0.21641910620473137,train
2016-08-11,-1.4483406008284474,-1.9890703557389395,0.5407297549104921,train
2016-08-12,-2.5793815063968313,-1.862323386810835,-0.7170581195859962,train
2016-08-15,-1.2271785290421444,-2.140862509947545,0.9136839809054005,train
2016-08-16,-1.5229690109676883,-1.7211217108082426,0.19815269984055428,train
2016-08-17,-1.4826305138289386,-1.7383316696376225,0.2557011558086839,train
2016-08-18,-1.8698503164912834,-1.6621446635209267,-0.2077056529703567,train
2016-08-19,-2.1026812340180405,-1.7935367558947632,-0.3091444781232773,train
2016-08-22,-2.239052956318982,-1.8131318127190004,-0.42592114359998146,train
2016-08-23,-1.9784671823143432,-1.9438987227717976,-0.034568459542545504,train
2016-08-24,-2.5931767615919936,-1.9216516590174757,-0.6715251025745179,train
2016-08-25,-0.8739333574649516,-2.1681757322209636,1.2942423747560121,train
2016-08-26,-2.262547731748449,-1.6783980019369176,-0.5841497298115315,train
2016-08-29,-2.1883096334956917,-2.0176395173782833,-0.17067011611740845,train
2016-08-30,-1.9963763241463446,-2.003612069124763,0.007235744978418612,train
2016-08-31,-1.5563066657707925,-1.9576854389093241,0.40137877313853165,train
2016-09-01,-0.5875162595993325,-1.7544793342986165,1.166963074699284,train
2016-09-02,-2.528710862661307,-1.4873124528437973,-1.0413984098175098,train
2016-09-05,-1.1146025481978736,-1.9605072971808994,0.8459047489830258,train
2016-09-06,-1.9816991475446193,-1.5398279668406158,-0.44187118070400344,train
2016-09-07,-1.2779622766457002,-1.7311118588698762,0.453149582224176,train
2016-09-08,-1.541726794874128,-1.5314158467609196,-0.010310948113208429,train
2016-09-09,-1.574579018269831,-1.6731904732016663,0.09861145493183532,train
2016-09-12,-1.6390427839903603,-1.5874385002604186,-0.05160428372994175,train
2016-09-13,-1.7896186934722158,-1.6519911601789925,-0.1376275332932233,train
2016-09-14,-1.8345066612225696,-1.660250962359307,-0.17425569886326264,train
2016-09-15,-1.7747860867243714,-1.7279057596571195,-0.04688032706725198,train
2016-09-16,-2.487714998465107,-1.7381807766710728,-0.7495342217940342,train
2016-09-19,-2.1774665608554407,-1.9960616976525722,-0.18140486320286842,train
2016-09-20,-1.1658041348827788,-1.97716244675253,0.8113583118697512,train
2016-09-21,-1.9286767242503744,-1.677722140245392,-0.2509545840049825,train
2016-09-22,-2.041272205132411,-1.8579409063010976,-0.18333129883131316,train
2016-09-23,-2.207520484457526,-1.9086904980803054,-0.29882998637722036,train
2016-09-26,-2.1714349769317414,-1.9170915329176372,-0.25434344401410414,train
2016-09-27,-2.1497338556984684,-1.9228411389090767,-0.2268927167893917,train
2016-09-28,-1.9312484944015593,-2.0059109067301613,0.07466241232860193,train
2016-09-29,-1.2840072472685997,-1.9530902308253724,0.6690829835567726,train
2016-09-30,-2.489803566570376,-1.727731089373345,-0.7620724771970311,train
2016-10-03,-1.0112792701233788,-2.0407033217558674,1.0294240516324886,train
2016-10-04,-1.884583362383937,-1.600673311059083,-0.28391005132485403,train
2016-10-05,-1.9218524441314337,-1.7698777319327799,-0.15197471219865388,train
2016-10-06,-1.063749285267282,-1.7866545013456423,0.7229052160783602,train
2016-10-07,-2.452308886184017,-1.559319230540324,-0.8929896556436931,train
2016-10-10,-1.7654955642074457,-1.8879323183987475,0.12243675419130184,train
2016-10-11,-1.3625134053184114,-1.8012194847990517,0.43870607948064033,train
2016-10-12,-1.371482275424243,-1.6589168153825378,0.2874345399582947,train
2016-10-13,-1.6201526241241597,-1.6080068587746343,-0.012145765349525384,train
2016-10-14,-2.3083286229936824,-1.7137077165713077,-0.5946209064223746,train
2016-10-17,-1.906953771411322,-1.8639703166465507,-0.04298345476477139,train
2016-10-18,-1.947940561778053,-1.7861400425181038,-0.1618005192599492,train
2016-10-19,-0.6979351524660278,-1.8426288772562331,1.1446937247902054,train
2016-10-20,-2.0597157220778612,-1.4778506082881329,-0.5818651137897284,train
2016-10-21,-2.3607585129289714,-1.8404702580617034,-0.520288254867268,train
2016-10-24,-2.0631528512225135,-1.919206474535424,-0.14394637668708943,train
2016-10-25,-1.9157718492050622,-1.865300648870276,-0.05047120033478625,train
2016-10-26,-1.7590675540554521,-1.8252622353696075,0.0661946813141554,train
2016-10-27,-1.4854912927992083,-1.8809765114415153,0.395485218642307,train
2016-10-28,-2.004115221379944,-1.758569396520305,-0.24554582485963872,train
2016-10-31,-2.207501351379901,-1.8460905337645472,-0.36141081761535365,train
2016-11-01,-1.5931963064764212,-1.9162716572063507,0.32307535072992954,train
2016-11-02,-1.5883375381057656,-1.7358649001551043,0.1475273620493387,train
2016-11-03,-1.9389767617432097,-1.7257360890404732,-0.2132406727027365,train
2016-11-04,-1.9161061101123673,-1.8480225176167808,-0.06808359249558649,train
2016-11-07,-2.20637431163056,-1.8347173537103907,-0.3716569579201692,train
2016-11-08,1.0692908959313436,-1.914103567798681,2.9833944637300247,train
2016-11-09,-0.8606345488080808,-0.880721304052439,0.020086755244358212,train
2016-11-10,-1.038195091280028,-1.247609411240577,0.20941431996054893,train
2016-11-11,-0.7251907602838494,-1.2029607637996895,0.4777700035158401,train
2016-11-14,-1.0877428421810569,-1.015719872925236,-0.07202296925582097,train
2016-11-15,-0.9946475879010176,-0.9914310208103182,-0.003216567090699396,train
2016-11-16,-0.8931281961687788,-1.1426542910504784,0.24952609488169963,train
2016-11-17,-0.7787752539422375,-1.1109005056815577,0.3321252517393203,train
2016-11-18,-1.0932918307255737,-1.0479545725886674,-0.045337258136906256,train
2016-11-21,-1.317817907826601,-1.158028040248247,-0.159789867578354,train
2016-11-22,-1.1308518565754366,-1.2221279574914765,0.09127610091603988,train
2016-11-23,-1.262375314253075,-1.1777415493151615,-0.08463376493791341,train
2016-11-24,-1.1595728742858133,-1.2324599001195646,0.07288702583375128,train
2016-11-25,-0.997452418107239,-1.2349257149579533,0.2374732968507144,train
2016-11-28,-1.0992725299606798,-1.1804423030127713,0.0811697730520915,train
2016-11-29,-0.5805889534991923,-1.179640527651405,0.5990515741522128,train
2016-11-30,-0.9845108926858414,-0.9945975434854077,0.010086650799566388,train
2016-12-01,-1.2990032100827618,-1.0483701262627274,-0.25063308382003435,train
2016-12-02,0.1041330465194512,-1.1299296888595245,1.2340627353789757,train
2016-12-05,-1.2080348153185296,-0.6887418339275125,-0.5192929813910171,train
2016-12-06,-1.750251728311088,-0.9916787997122416,-0.7585729285988465,train
2016-12-07,0.026696518578071482,-1.2204908175370466,1.247187336115118,train
2016-12-08,-1.2923771436896696,-0.6956030255328111,-0.5967741181568585,train
2016-12-09,-1.2259199686172957,-1.024408319924265,-0.20151164869303062,train
2016-12-12,-1.2791694874260937,-1.1339960388948462,-0.14517344853124747,train
2016-12-13,-0.38650876183604344,-1.1553881647162716,0.7688794028802282,train
2016-12-14,-0.1541660687924601,-0.82282406319551,0.66865799440305,train
2016-12-15,-0.7409563836850395,-0.7754034824599138,0.034447098774874285,train
2016-12-16,-1.1631517006106527,-0.8572239785431167,-0.30592772206753593,train
2016-12-19,-1.4359589315212793,-0.951498310749421,-0.48446062077185825,train
2016-12-20,-1.4611113040096495,-1.0357551141866632,-0.4253561898229863,train
2016-12-21,-1.2959506958443978,-1.1432156212612283,-0.15273507458316948,train
2016-12-22,-2.085389062838761,-1.2086986392137387,-0.8766904236250224,train
2016-12-23,-2.0695223695098015,-1.522731078399003,-0.5467912911107986,train
2016-12-26,-2.366508305188404,-1.6104390712545011,-0.7560692339339028,train
2016-12-27,-1.7819625052612476,-1.7766673008496143,-0.005295204411633225,train
2016-12-28,-1.3615257864331145,-1.680397068664714,0.31887128223159955,train
2016-12-29,0.19819927727257464,-1.5927635331874839,1.7909628104600586,train
2016-12-30,-2.2162965259549634,-1.018589858228871,-1.1977066677260924,train
2017-01-02,-0.641268226238144,-1.6001350324143804,0.9588668061762364,train
2017-01-03,-0.9596178384473828,-1.0744945816740314,0.11487674322664865,train
2017-01-04,-0.35275100916722385,-1.0848924703166587,0.7321414611494348,train
2017-01-05,-0.8879228247168727,-0.8443653833154885,-0.04355744140138418,train
2017-01-06,-1.1365071393132762,-1.056148446717842,-0.08035869259543427,train
2017-01-09,-1.1266548690353566,-1.0282750854861318,-0.09837978354922483,train
2017-01-10,-0.11025106255944776,-1.0682134292358327,0.957962366676385,train
2017-01-11,-0.7382686441893395,-0.7451996126623629,0.0069309684730234355,train
2017-01-12,-0.8336853533820889,-0.9183126143439952,0.08462726096190631,train
2017-01-13,-1.4240526453717213,-0.9403227930381488,-0.48372985233357246,train
2017-01-16,-0.8753972009813858,-1.1162486109568428,0.24085140997545695,train
2017-01-17,-1.3381964885007438,-0.9689772890486564,-0.36921919945208737,train
2017-01-18,-0.7107628310271435,-1.1886769143830176,0.47791408335587404,train
2017-01-19,-1.165764725820391,-1.0339684428190294,-0.13179628300136148,train
2017-01-20,-1.201387325178501,-1.165265083335794,-0.03612224184270696,train
2017-01-23,-1.6976595736074565,-1.1521679995333185,-0.545491574074138,train
2017-01-24,-1.424615075074492,-1.336400592511064,-0.0882144825634279,train
2017-01-25,-1.3742442409907338,-1.2743055100397644,-0.09993873095096939,train
2017-01-26,-1.4263707973317212,-1.3118185021497795,-0.11455229518194177,train
2017-01-27,-1.3344332048892042,-1.3434480918994178,0.00901488701021358,train
2017-01-30,-0.945548477392733,-1.3341121837638474,0.3885637063711145,train
2017-01-31,-1.0141906101864584,-1.1894012669644491,0.17521065677799075,train
2017-02-01,-1.4902336614635676,-1.1543933895140566,-0.33584027194951105,train
2017-02-02,-1.045328669658954,-1.2837655185739751,0.23843684891502104,train
2017-02-03,-1.7664442373971003,-1.1479862867317803,-0.61845795066532,train
2017-02-06,-1.6130352754914885,-1.368663087104341,-0.24437218838714747,train
2017-02-07,-1.5592103193943945,-1.402183202791347,-0.15702711660304747,train
2017-02-08,-1.5724592223838627,-1.4440519610476583,-0.1284072613362044,train
2017-02-09,-1.7922353089591274,-1.4595686859293693,-0.33266662302975814,train
2017-02-10,-2.0969664401713275,-1.5967373458425445,-0.500229094328783,train
2017-02-13,-1.4332763604102683,-1.7119795722604012,0.2787032118501329,train
2017-02-14,-1.3247186498114651,-1.5500142541145228,0.22529560430305762,train
2017-02-15,-1.4862794576668912,-1.5026856330202434,0.016406175353352204,train
2017-02-16,-1.9602313029190275,-1.538822921730247,-0.42140838118878055,train
2017-02-17,-2.2440895673718493,-1.6698855614340997,-0.5742040059377496,train
2017-02-20,-1.6722043166696912,-1.7656491231444866,0.09344480647479547,train
2017-02-21,-0.788580021061313,-1.6617236635865327,0.8731436425252197,train
2017-02-22,-1.578216081431177,-1.4055305135680414,-0.1726855678631356,train
2017-02-23,-1.453507955884784,-1.5938373995919939,0.1403294437072098,train
2017-02-24,-1.8204170918676799,-1.5195287466278502,-0.30088834523982966,train
2017-02-27,-1.4658980244557833,-1.5703263071184401,0.1044282826626568,train
2017-02-28,-1.2478633165368935,-1.4706433408605555,0.22278002432366195,train
2017-03-01,-2.000218366853581,-1.4613021709568912,-0.5389161958966899,train
2017-03-02,-1.376377562476943,-1.6842080526756498,0.3078304901987068,train
2017-03-03,-1.6985588330874772,-1.5380406441848535,-0.1605181889026237,train
2017-03-06,-2.3533629444205957,-1.6032938167758315,-0.7500691276447642,train
2017-03-07,-2.1012856443883456,-1.8489034980136478,-0.2523821463746978,train
2017-03-08,-1.1365223549840562,-1.8722618472873587,0.7357394923033025,train
2017-03-09,-1.1780294227148482,-1.5669875107501405,0.3889580880352923,train
2017-03-10,-2.035857505183096,-1.5542277454323155,-0.4816297597507804,train
2017-03-13,-2.257985407938083,-1.7870160491221192,-0.4709693588159638,train
2017-03-14,-0.8489724601967639,-1.8345936730106558,0.9856212128138919,train
2017-03-15,-1.5671653897108644,-1.3833690056690882,-0.18379638404177623,train
2017-03-16,-1.7022537804403897,-1.5888669569077234,-0.11338682353266627,train
2017-03-17,-2.215875266833871,-1.6717154958777236,-0.5441597709561474,train
2017-03-20,-1.5868390983294645,-1.8141866278640315,0.22734752953456705,train
2017-03-21,-1.8721428074762667,-1.6046349535551667,-0.2675078539211,train
2017-03-22,-2.072122106186491,-1.7588440285196985,-0.3132780776667925,train
2017-03-23,-2.0393145643485253,-1.8550942170599771,-0.1842203472885482,train
2017-03-24,-2.0224104848937894,-1.8922164880892474,-0.13019399680454202,train
2017-03-27,-1.9235124642275376,-1.8757649393406093,-0.04774752488692835,train
2017-03-28,-1.4094989639478974,-1.8889028605434817,0.47940389659558424,train
2017-03-29,-1.6964086656204276,-1.7242667496062258,0.027858083985798254,train
2017-03-30,-1.8797958333713058,-1.758626014867668,-0.12116981850363784,train
2017-03-31,-2.1767345945516645,-1.7933536478723868,-0.3833809466792777,train
2017-04-03,-2.3470147509474226,-1.8775251569983207,-0.46948959394910195,train
2017-04-04,-1.792487299147724,-1.965976214704437,0.17348891555671297,train
2017-04-05,-1.5741764537806915,-1.8744776742270797,0.3003012204463882,train
2017-04-06,-1.5937723647611755,-1.8044993407010606,0.2107269759398851,train
2017-04-07,-2.4492384895253587,-1.777329758804504,-0.6719087307208547,train
2017-04-10,-2.3168844672448414,-2.0132391455490293,-0.30364532169581215,train
2017-04-11,-1.616785900094041,-1.992914467152352,0.376128567058311,train
2017-04-12,-2.0983692059553603,-1.811509297254494,-0.2868599087008663,train
2017-04-13,-2.8090223152132454,-1.9678744858176334,-0.8411478293956121,train
2017-04-14,-2.1960210486830176,-2.263391309909937,0.06737026122691958,train
2017-04-17,-1.6974267912920775,-2.1067247298435876,0.4092979385515101,train
2017-04-18,-2.2917279484135107,-1.935957528556966,-0.3557704198565448,train
2017-04-19,-1.730483586667688,-2.1345344669712345,0.4040508803035465,train
2017-04-20,-1.7413431951507419,-1.9738887326149779,0.232545537464236,train
2017-04-21,-0.805961295006078,-1.877989059468496,1.072027764462418,train
2017-04-24,-1.74072199442981,-1.5228031427682358,-0.2179188516615742,train
2017-04-25,-1.412915482010245,-1.7380021145507958,0.3250866325405508,train
2017-04-26,-1.0069406051603336,-1.576108584233391,0.5691679790730575,train
2017-04-27,-1.3805057837596497,-1.4069113318749258,0.026405548115276067,train
2017-04-28,-2.5495664381344647,-1.459600907753963,-1.0899655303805018,train
2017-05-01,-2.2014374469840665,-1.8958931864153485,-0.305544260568718,train
2017-05-02,-2.2819828350478217,-1.8613997519508563,-0.42058308309696546,train
2017-05-03,-1.6098206604574044,-1.9599693687601096,0.3501487083027053,train
2017-05-04,-1.8812992140049494,-1.8520821304782957,-0.029217083526653642,train
2017-05-05,-1.4469035667591699,-1.9608743801135533,0.5139708133543834,train
2017-05-08,-1.729271389379411,-1.7596062878901804,0.030334898510769426,train
2017-05-09,-1.9278968720915965,-1.7830990037285108,-0.14479786836308572,train
2017-05-10,-2.150794373786762,-1.7907012031566596,-0.36009317063010227,train
2017-05-11,-1.921130129041895,-1.8891217732027679,-0.03200835583912709,train
2017-05-12,-2.280548739282339,-1.8434263277932843,-0.4371224114890546,train
2017-05-15,-1.7439545083765275,-2.0036752996262255,0.25972079124969794,train
2017-05-16,-1.6472765705337375,-1.8698339838492286,0.22255741331549106,train
2017-05-17,-1.2989755146258881,-1.8159945956626957,0.5170190810368076,train
2017-05-18,-1.9301996650420552,-1.6542178027740644,-0.2759818622679908,train
2017-05-19,-1.2874282895995695,-1.795909348925225,0.5084810593256555,train
2017-05-22,-1.1972785608124457,-1.5531925343849258,0.3559139735724801,train
2017-05-23,-1.272203083309666,-1.476752330635521,0.204549247325855,train
2017-05-24,-1.9278928671479367,-1.4651464694371528,-0.46274639771078396,train
2017-05-25,-1.7834656598334253,-1.6748914763940328,-0.10857418343939251,train
2017-05-26,-2.622249949568731,-1.6325746442244593,-0.9896753053442715,train
2017-05-29,-1.1261013922455503,-1.9644909740881655,0.8383895818426153,train
2017-05-30,-1.5942572806981927,-1.6116490767398173,0.017391796041624552,train
2017-05-31,-2.0175535596501923,-1.7376385803610277,-0.27991497928916464,train
2017-06-01,-1.2100642718794221,-1.8409016452549496,0.6308373733755275,train
2017-06-02,-2.2718678515589255,-1.5913989953789103,-0.6804688561800152,train
2017-06-05,-2.1614785133931944,-1.8108263338410053,-0.3506521795521891,train
2017-06-06,-1.057444620261069,-1.8826201287837427,0.8251755085226737,train
2017-06-07,-1.5387763896924307,-1.57602133928054,0.03724494958810931,train
2017-06-08,-1.5072006636105482,-1.6409329442827685,0.13373228067222032,train
2017-06-09,-2.3606930090056215,-1.6559286675918177,-0.7047643414138038,train
2017-06-12,-2.347710556841416,-1.862316186591529,-0.48539437024988685,train
2017-06-13,-0.7635048805365162,-1.8810356618747925,1.1175307813382762,train
2017-06-14,-1.729439760723912,-1.4735626181261328,-0.2558771425977793,train
2017-06-15,-2.291142262010406,-1.712489986179285,-0.578652275831121,train
2017-06-16,-2.4531947117593074,-1.919860893636025,-0.5333338181232823,train
2017-06-19,-2.2634328661259793,-1.9784381414617183,-0.284994724664261,train
2017-06-20,-2.5778811277779794,-1.9309626385255165,-0.6469184892524629,train
2017-06-21,-2.5783924917478975,-2.1823720058071014,-0.3960204859407961,train
2017-06-22,-2.51359628659597,-2.275078875004972,-0.2385174115909976,train
2017-06-23,-1.8160914624337219,-2.294347536181792,0.4782560737480701,train
2017-06-26,-1.191944350626819,-2.0751056030604365,0.8831612524336174,train
2017-06-27,-0.1550364736730179,-1.827882202566435,1.672845728893417,train
2017-06-28,-1.518353876143151,-1.3421316471486497,-0.17622222899450124,train
2017-06-29,-1.7961310382651716,-1.563333442159172,-0.2327975961059996,train
2017-06-30,-2.2154868501926614,-1.5642500464904392,-0.6512368037022223,train
2017-07-03,-2.3760924017636564,-1.6990170387817753,-0.6770753629818811,train
2017-07-04,-2.0400827002677357,-1.8564935517499777,-0.1835891485177581,train
2017-07-05,-1.9956159913962646,-1.9478624105395657,-0.047753580856698896,train
2017-07-06,-1.5532373897466178,-1.979114036539035,0.4258766467924171,train
2017-07-07,-2.6228517956249253,-1.8610647561023461,-0.7617870395225792,train
2017-07-10,-2.03963067562715,-2.155816283984764,0.11618560835761382,train
2017-07-11,-1.4287561407237697,-1.9973467683015325,0.5685906275777628,train
2017-07-12,-1.648463708368993,-1.791118022406132,0.14265431403713902,train
2017-07-13,-1.608345466572442,-1.8021907181997787,0.1938452516273368,train
2017-07-14,-2.456495195855259,-1.807477181236153,-0.649018014619106,train
2017-07-17,-1.436735394584913,-1.995285108483985,0.558549713899072,train
2017-07-18,-2.301276134867613,-1.696811525578821,-0.6044646092887922,train
2017-07-19,-1.1412277176296832,-1.9728125364276459,0.8315848187979626,train
2017-07-20,-1.771092145952131,-1.647802275347608,-0.1232898706045229,train
2017-07-21,-2.211739395076587,-1.7981280604740626,-0.4136113346025245,train
2017-07-24,-1.5395907159678444,-1.8729627897799213,0.3333720738120769,train
2017-07-25,-0.9414584117661461,-1.717025310664663,0.7755668988985168,train
2017-07-26,-1.2595589703344898,-1.446418848228124,0.18685987789363412,train
2017-07-27,-1.5242250318712316,-1.5309578463236457,0.0067328144524141376,train
2017-07-28,-1.4324475641230219,-1.5847039609954972,0.15225639687247527,train
2017-07-31,-1.596624109270729,-1.491922547495516,-0.10470156177521295,train
2017-08-01,-1.366347849985068,-1.5325532941799218,0.16620544419485372,train
2017-08-02,-1.5585751848237857,-1.5087087205886565,-0.04986646423512919,train
2017-08-03,-0.8826064302454351,-1.5708012672864773,0.6881948370410422,train
2017-08-04,-2.0281264540277784,-1.344341941326756,-0.6837845127010223,train
2017-08-07,-1.7118888708817868,-1.6617982135222866,-0.050090657359500135,train
2017-08-08,-1.1380347164849536,-1.6014356019981981,0.46340088551324454,train
2017-08-09,-1.3794048845519222,-1.4322627415273785,0.05285785697545631,train
2017-08-10,-1.123235303173911,-1.4639970716581399,0.3407617684842288,train
2017-08-11,-1.8724496224139355,-1.4235899525745923,-0.4488596698393432,train
2017-08-14,-1.3009187112165772,-1.5839974857719703,0.2830787745553931,train
2017-08-15,-0.9822507593655417,-1.4120091894419262,0.4297584300763845,train
2017-08-16,-1.1295892600137138,-1.3081309924116094,0.1785417323978955,train
2017-08-17,-1.3408021615697432,-1.315830411581395,-0.02497174998834817,train
2017-08-18,-2.1046808894104876,-1.3732815299297827,-0.7313993594807049,train
2017-08-21,-1.9288090210851963,-1.5805808563914712,-0.3482281646937251,train
2017-08-22,-1.9366932657219615,-1.5989719561927707,-0.3377213095291909,train
2017-08-23,-2.5052680089174424,-1.684334493689638,-0.8209335152278043,train
2017-08-24,-0.7724643035805977,-1.9506175200981721,1.1781532165175745,train
2017-08-25,-2.275443346718926,-1.499266802564881,-0.7761765441540451,train
2017-08-28,-0.9872217145413108,-1.8712754868503239,0.884053772309013,train
2017-08-29,-1.4249770592637314,-1.483983159803684,0.05900610053995248,train
2017-08-30,-1.253778392753339,-1.537956274613224,0.284177881859885,train
2017-08-31,-0.4920406960951736,-1.3811860110749181,0.8891453149797446,train
2017-09-01,-1.8849352439955636,-1.1710053170530963,-0.7139299269424673,train
2017-09-04,-1.3482075854070044,-1.4590370047943158,0.11082941938731139,train
2017-09-05,-1.8445149128569025,-1.373805196259946,-0.4707097165969565,train
2017-09-06,-0.8044974472165336,-1.5237809074590145,0.7192834602424809,train
2017-09-07,-0.991579241997111,-1.234005583702595,0.24242634170548394,train
2017-09-08,-1.9359424818524942,-1.3206619559164405,-0.6152805259360536,train
2017-09-11,-1.9459495983828594,-1.5483765368889122,-0.3975730614939472,train
2017-09-12,-1.6966614068726882,-1.6141831556243953,-0.08247825124829289,train
2017-09-13,-1.0213533980038132,-1.5415479723229464,0.5201945743191332,train
2017-09-14,-1.411331811987954,-1.4030387401708078,-0.008293071817146336,train
2017-09-15,-1.7842193794329353,-1.5355064319419958,-0.24871294749093953,train
2017-09-18,-1.5699782233396984,-1.6147068373767832,0.044728614037084835,train
2017-09-19,-0.43268609020804805,-1.5339615911741085,1.1012755009660604,train
2017-09-20,-1.595339369798862,-1.1393010420896283,-0.4560383277092337,train
2017-09-21,-1.7445496872208246,-1.45460868752989,-0.28994099969093456,train
2017-09-22,-1.783194781028633,-1.5169576892506658,-0.2662370917779673,train
2017-09-25,-1.2562999305490818,-1.5176224120171276,0.2613224814680457,train
2017-09-26,-1.6752739165424533,-1.3736077299304472,-0.30166618661200606,train
2017-09-27,-1.7684859824243702,-1.5758615591754157,-0.19262442324895446,train
2017-09-28,-1.7346823772645468,-1.621762068025033,-0.11292030923951368,train
2017-09-29,-1.9098600664052556,-1.6165856412804087,-0.2932744251248469,train
2017-10-02,-2.077052985178206,-1.675679307824845,-0.4013736773533607,train
2017-10-03,-1.8659882653502236,-1.8063885342400314,-0.05959973111019212,train
2017-10-04,-2.3176557413508685,-1.7750272394857576,-0.5426285018651109,train
2017-10-05,-1.4966003081792554,-1.9394804966994352,0.44288018852017985,train
2017-10-06,-2.5451692885630104,-1.7254400431210133,-0.8197292454419971,train
2017-10-09,-1.9793711939859293,-2.0434314910687696,0.06406029708284033,train
2017-10-10,-1.8724694611262254,-1.915756388668958,0.043286927542732556,train
2017-10-11,-2.3040928138801644,-1.8910863435316798,-0.4130064703484846,train
2017-10-12,-1.0749845859286649,-1.9929825783842934,0.9179979924556285,train
2017-10-13,-2.1631761560185745,-1.665513863039101,-0.4976622929794734,train
2017-10-16,-2.355230853426716,-1.8935225167022176,-0.4617083367244985,train
2017-10-17,-2.2077384577070736,-1.9823476234338906,-0.22539083427318296,train
2017-10-18,-1.6019581618188983,-1.9836781623042747,0.38172000048537646,train
2017-10-19,-1.845550038271157,-1.7812089707985077,-0.06434106747264923,train
2017-10-20,-2.1415583406166876,-1.9229689310343334,-0.21858940958235418,train
2017-10-23,-2.1912440939948548,-1.9951099988656966,-0.19613409512915814,train
2017-10-24,-1.9451410609369815,-1.9966518109087195,0.05151074997173799,train
2017-10-25,-0.8249617655399794,-1.918127366071076,1.0931656005310968,train
2017-10-26,-1.3561359094627121,-1.5855471729370105,0.2294112634742984,train
2017-10-27,-2.024954738330427,-1.659491349495135,-0.36546338883529206,train
2017-10-30,-1.9649330401290452,-1.8053518873496182,-0.15958115277942708,train
2017-10-31,-1.893917810205542,-1.7736141194856732,-0.1203036907198689,train
2017-11-01,-1.576297937873754,-1.7524795807593412,0.17618164288558713,train
2017-11-02,-1.6968142901536525,-1.7421306145307045,0.04531632437705202,train
2017-11-03,-2.1232237800472307,-1.7988267873978292,-0.32439699264940147,train
2017-11-06,-2.005904394601086,-1.903467567008041,-0.10243682759304518,train
2017-11-07,-2.2450722244884007,-1.8859739735526933,-0.35909825093570746,train
2017-11-08,-1.9917584447954388,-1.969392537922169,-0.02236590687326978,train
2017-11-09,-2.236405818593811,-1.949085136645982,-0.2873206819478289,train
2017-11-10,-2.6183985435531794,-2.0583310084310757,-0.5600675351221036,train
2017-11-13,-1.8835579206416657,-2.1945219706495034,0.31096405000783767,train
2017-11-14,-1.5529508378749857,-2.0237808132413253,0.47082997536633964,train
2017-11-15,-1.8071309360502965,-1.878183716477452,0.07105278042715546,train
2017-11-16,-1.8460598380177788,-1.9136240267420428,0.06756418872426395,train
2017-11-17,-1.3140451784727876,-1.8830620832325673,0.5690169047597797,train
2017-11-20,-1.879170902917758,-1.6392655851893312,-0.23990531772842671,train
2017-11-21,-1.8375612568299646,-1.7690001614873958,-0.06856109534256882,train
2017-11-22,-2.2137281506137394,-1.7818665339283692,-0.43186161668537015,train
2017-11-23,-2.016981572217515,-1.9053991066164644,-0.11158246560105067,train
2017-11-24,-1.9563223081367365,-1.876548906170065,-0.07977340196667138,train
2017-11-27,-1.5972007801955808,-1.9336419728774368,0.336441192681856,train
2017-11-28,-1.7487803630551113,-1.8282986293348538,0.07951826627974246,train
2017-11-29,-1.4131880547443332,-1.851938506361716,0.4387504516173828,train
2017-11-30,-1.1607331777371832,-1.696011877631641,0.5352786998944579,train
2017-12-01,-1.9706459294251821,-1.5520775727719966,-0.4185683566531855,train
2017-12-04,-1.9354501994240272,-1.743768878292535,-0.19168132113149228,train
2017-12-05,-2.003600964363504,-1.7690758219313751,-0.23452514243212907,train
2017-12-06,-2.1277408333264236,-1.8065114643247897,-0.3212293690016339,train
2017-12-07,-1.9567185867683516,-1.9012502630373733,-0.05546832373097832,train
2017-12-08,-2.347789485832233,-1.9310010389563605,-0.41678844687587224,train
2017-12-11,-2.1544187700731934,-2.0590305549955796,-0.09538821507761375,train
2017-12-12,-1.5795894343997046,-2.033588262106034,0.4539988277063296,train
2017-12-13,-1.2445958757284648,-1.851438803868927,0.6068429281404621,train
2017-12-14,-2.07930236472834,-1.687170623385245,-0.39213174134309514,train
2017-12-15,-2.047583097920444,-1.8958660080583476,-0.15171708986209653,train
2017-12-18,-1.995591150950039,-1.8640330795927806,-0.1315580713572584,train
2017-12-19,-2.1312234336428455,-1.8393578650050741,-0.29186556863777136,train
2017-12-20,-2.188882589635785,-1.929760621487096,-0.25912196814868915,train
2017-12-21,-1.916609657613657,-2.0322017742158387,0.1155921166021816,train
2017-12-22,-2.9360719452943864,-1.9558062065994573,-0.9802657386949292,train
2017-12-26,-2.475907515825905,-2.2786531825275422,-0.19725433329836273,train
2017-12-27,-2.673705514105619,-2.2217582776501263,-0.4519472364554926,train
2017-12-28,-2.4406061546464906,-2.324482121109257,-0.11612403353723355,train
2017-12-29,-2.1261560831733277,-2.3032918654768215,0.1771357823034938,train
2018-01-02,-2.063456264136418,-2.2543567091201,0.19090044498368197,train
2018-01-03,-1.8976820386298912,-2.168053574544462,0.27037153591457064,train
2018-01-04,-1.853726183327996,-2.0857828712743083,0.23205668794631218,train
2018-01-05,-2.1078795656916496,-1.9999393422395648,-0.10794022345208476,train
2018-01-08,-2.039761451356644,-2.030027175371683,-0.009734275984961016,train
2018-01-09,-1.2909679494107507,-2.0069505745311105,0.7159826251203598,train
2018-01-10,-0.9212916272747863,-1.7554945303706402,0.8342029030958539,train
2018-01-11,-0.8229822707813579,-1.570342476182831,0.7473602054014732,train
2018-01-12,-1.2223375245366668,-1.437063013691521,0.21472548915485423,train
2018-01-15,-0.9816917515564615,-1.437892098331768,0.4562003467753065,train
2018-01-16,-0.8363498830269075,-1.2798685142667872,0.44351863123987967,train
2018-01-17,-1.0931392293075861,-1.2006393838099076,0.10750015450232153,train
2018-01-18,-1.333030545005238,-1.2641159481134001,-0.06891459689183788,train
2018-01-19,-1.9720173671777532,-1.3574668502035419,-0.6145505169742114,train
2018-01-22,-1.6205539244256681,-1.5719709728306943,-0.04858295159497383,train
2018-01-23,-1.0968161537516414,-1.5435296721102731,0.4467135183586317,train
2018-01-24,0.08115363199769267,-1.4346488045377668,1.5158024365354594,train
2018-01-25,-0.8470142868156574,-1.0351285295947623,0.18811424277910493,train
2018-01-26,-1.358443442533757,-1.1806404240014643,-0.17780301853229274,train
2018-01-29,-1.052306158653182,-1.2298076322731,0.17750147361991786,train
2018-01-30,-1.2547740608483653,-1.0897095353040698,-0.16506452554429552,train
2018-01-31,-1.2378804786006667,-1.1372087362043921,-0.10067174239627463,train
2018-02-01,-0.9927815578279805,-1.2430874830201253,0.2503059251921448,train
2018-02-02,-1.1717974183881696,-1.1880112685931168,0.016213850204947144,train
2018-02-05,-0.9174315461042749,-1.2040122439798824,0.28658069787560747,train
2018-02-06,-1.3690636687187954,-1.1228421500672483,-0.24622151865154707,train
2018-02-07,-0.9066264411951168,-1.2286101870299562,0.32198374583483935,train
2018-02-08,-1.2506117386971578,-1.079626701887924,-0.17098503680923383,train
2018-02-09,-1.5894074914224356,-1.1815590548801442,-0.4078484365422914,train
2018-02-12,-1.5152933088908134,-1.3047670162468097,-0.2105262926440037,train
2018-02-13,-0.39111368845649713,-1.349804351705971,0.9586906632494738,train
2018-02-14,-1.2414481424231718,-0.9935689854392464,-0.24787915698392538,train
2018-02-15,-1.3358879384881601,-1.2221231522428215,-0.11376478624533859,train
2018-02-16,-1.7071025460676066,-1.2571624507242682,-0.44994009534333834,train
2018-02-19,-1.5180899277449484,-1.3599792464591973,-0.15811068128575112,train
2018-02-20,-1.3202029628811836,-1.3189149897457264,-0.0012879731354571433,train
2018-02-21,-1.3976327780558475,-1.3504956803153672,-0.04713709774048036,train
2018-02-22,-1.7396894144368098,-1.379946773652882,-0.3597426407839277,train
2018-02-23,-1.7676789137081608,-1.5023662133533688,-0.26531270035479193,train
2018-02-26,-1.2266958296151849,-1.5350706571053594,0.30837482749017453,train
2018-02-27,-1.6554618777219015,-1.3886736259289383,-0.26678825179296317,train
2018-02-28,-1.2006109631011432,-1.5208925968997642,0.32028163379862096,train
2018-03-01,-1.4545707575577558,-1.4002384456257566,-0.05433231193199917,train
2018-03-02,-1.155136816145514,-1.4349112184101247,0.2797744022646107,train
2018-03-05,-1.4889642959548244,-1.3096240563309665,-0.17934023962385792,train
2018-03-06,-1.5676641743598165,-1.4156571579971402,-0.15200701636267633,train
2018-03-07,-0.9591123262299981,-1.4302058529481532,0.4710935267181551,train
2018-03-08,-1.685644055206534,-1.269025488767199,-0.4166185664393349,train
2018-03-09,-2.1897302048867515,-1.460374535770178,-0.7293556691165735,train
2018-03-12,-1.5683481810349598,-1.6844548231157546,0.1161066420807948,train
2018-03-13,-1.688286918354788,-1.5525606217329275,-0.13572629662186042,train
2018-03-14,-1.9760241773308627,-1.5921603324276388,-0.3838638449032239,train
2018-03-15,-1.8745897372864675,-1.7557184141612159,-0.11887132312525162,train
2018-03-16,-1.8674652565606031,-1.766253690128243,-0.10121156643236007,train
2018-03-19,-1.8624591207647765,-1.7423986908456999,-0.12006042991907662,train
2018-03-20,-1.663214712412235,-1.773866503475332,0.11065179106309708,train
2018-03-21,-1.4139966453575046,-1.7253499617108141,0.31135331635330954,train
2018-03-22,-1.719464610785936,-1.6159382749111115,-0.1035263358748244,train
2018-03-23,-1.948258361204499,-1.6764799911298065,-0.2717783700746925,train
2018-03-26,-1.8776102625283273,-1.742534653092135,-0.13507560943619223,train
2018-03-27,-1.6937495703524326,-1.729239076745038,0.03548950639260551,train
2018-03-28,-1.9301322203037845,-1.6889650228213535,-0.24116719748243098,train
2018-03-29,-2.784575647732584,-1.7979995842816323,-0.9865760634509515,train
2018-03-30,-2.3591249225271613,-2.1035628891579448,-0.25556203336921657,train
2018-04-02,-1.8919081435961613,-2.0561963960747405,0.16428825247857914,train
2018-04-03,-1.8385988683061132,-1.955134838428654,0.1165359701225408,train
2018-04-04,-1.9975569436298535,-1.9637255053838327,-0.03383143824602075,train
2018-04-05,-1.5771923793147864,-2.0120596617211524,0.43486728240636596,train
2018-04-06,-1.957069102458142,-1.8060442229024045,-0.1510248795557374,train
2018-04-09,-1.3182848148589337,-1.8679829862186528,0.5496981713597191,train
2018-04-10,-2.138803381071792,-1.6651139676610967,-0.4736894134106955,train
2018-04-11,-2.01857866839639,-1.8801880327655822,-0.13839063563080778,train
2018-04-12,-2.313495102264434,-1.8595524310447331,-0.4539426712197008,train
2018-04-13,-2.294266568995294,-2.001133958963369,-0.2931326100319249,train
2018-04-16,-2.19479156352467,-2.0309062255910373,-0.1638853379336327,train
2018-04-17,-2.030874903593611,-2.0912336798429707,0.06035877624935981,train
2018-04-18,-1.9133642350540623,-2.045636695435623,0.1322724603815606,train
2018-04-19,-1.8288229461547436,-2.009676648350193,0.18085370219544927,train
2018-04-20,-1.8305935943388003,-1.9481287718537754,0.11753517751497511,train
2018-04-23,-1.7848485205415916,-1.9111255665978837,0.12627704605629209,train
2018-04-24,-1.9016674020274058,-1.8641428796053634,-0.037524522422042406,train
2018-04-25,-1.1915300375742217,-1.878711945581967,0.6871819080077453,train
2018-04-26,-1.640432720208015,-1.6424234557101587,0.0019907355021437922,train
2018-04-27,-1.7363355285378899,-1.727792044246939,-0.008543484290950865,train
2018-04-30,-1.741361186075216,-1.7390769500541496,-0.0022842360210664214,train
2018-05-01,-0.6988039643680766,-1.7245585130757755,1.0257545487076989,train
2018-05-02,-1.253302221073631,-1.3573283388167379,0.10402611774310677,train
2018-05-03,-1.1750418265791054,-1.4830735850688563,0.30803175848975095,train
2018-05-04,-1.9589201793380282,-1.4153992416199612,-0.543520937718067,train
2018-05-07,-1.3750620660469381,-1.615152437382719,0.24009037133578093,train
2018-05-08,-1.6543605280631635,-1.4455723880853728,-0.20878813997779067,train
2018-05-09,-1.12019578230947,-1.5930428746000036,0.4728470922905337,train
2018-05-10,-1.826747956459195,-1.4560870666032575,-0.3706608898559376,train
2018-05-11,-1.9509339769201006,-1.673968250088111,-0.2769657268319896,train
2018-05-14,-1.4376977421852712,-1.700996587293869,0.2632988451085978,train
2018-05-15,-1.2314865247507636,-1.5789986429715708,0.3475121182208072,train
2018-05-16,-1.2904169637099314,-1.4813191293025534,0.19090216559262196,train
2018-05-17,-1.789613093096467,-1.500138123597143,-0.28947496949932416,train
2018-05-18,-1.701466028072744,-1.6086728136940625,-0.0927932143786816,train
2018-05-21,-1.6373057199068917,-1.5634059182813926,-0.07389980162549903,train
2018-05-22,-0.8290319972867104,-1.5646422751488347,0.7356102778621243,train
2018-05-23,-1.5970551657495813,-1.3312686678739998,-0.2657864978755815,train
2018-05-24,-1.4171096569986268,-1.5333354080654022,0.11622575106677546,train
2018-05-25,-1.6245993778148407,-1.4527577904983153,-0.17184158731652532,train
2018-05-28,-0.8707060513542901,-1.4982875401455427,0.6275814887912525,train
2018-05-29,-0.9040097326982856,-1.2469486507421024,0.3429389180438168,train
2018-05-30,-0.7124738326786803,-1.2520472752032807,0.5395734425246005,train
2018-05-31,-1.1223185826312085,-1.116204773972379,-0.006113808658829489,train
2018-06-01,-1.7249395037256514,-1.1883056044945075,-0.5366338992311439,train
2018-06-04,-1.3885410116193841,-1.3410790919223854,-0.047461919696998756,train
2018-06-05,-1.1886422686636429,-1.3132488816464916,0.1246066129828487,train
2018-06-06,-1.5830585766023078,-1.2845330055410862,-0.2985255710612216,train
2018-06-07,-1.6527287957823418,-1.4564610775160993,-0.19626771826624245,train
2018-06-08,-1.726230751238265,-1.5205894829525297,-0.20564126828573537,train
2018-06-11,-1.451112783860288,-1.5443942006481555,0.0932814167878675,train
2018-06-12,-1.1951684674532113,-1.4826845751972606,0.28751610774404934,train
2018-06-13,-0.6493086384459621,-1.416017266263645,0.7667086278176829,train
2018-06-14,-0.8639324005266122,-1.1970601303315926,0.3331277298049804,train
2018-06-15,-1.862790395496487,-1.1706013432346851,-0.6921890522618019,train
2018-06-18,-1.1346770812900453,-1.4187724770802141,0.28409539579016885,train
2018-06-19,-1.4953359100991697,-1.2155084120153405,-0.2798274980838291,train
2018-06-20,-1.0062411405867575,-1.3232492921289973,0.3170081515422398,train
2018-06-21,-1.2359275290457714,-1.236260873656618,0.0003333446108466642,train
2018-06-22,-1.4141604785161395,-1.3273401988223945,-0.08682027969374495,train
2018-06-25,-1.6742756538581893,-1.3254813518444715,-0.34879430201371786,train
2018-06-26,-1.3715037244420065,-1.437079344378825,0.06557561993681849,train
2018-06-27,-1.0782137505237144,-1.353475880076408,0.2752621295526936,train
2018-06-28,-0.7135901239886044,-1.2950011898889273,0.5814110659003229,train
2018-06-29,-1.4332277074907755,-1.161724780847455,-0.27150292664332065,train
2018-07-02,-1.7898814276777524,-1.3367876425259506,-0.45309378515180176,train
2018-07-03,-1.9989506417092546,-1.4366739419897532,-0.5622766997195014,train
2018-07-04,-1.8708654534284552,-1.5447157140587673,-0.32614973936968794,train
2018-07-05,-1.6583092171240401,-1.592683954805049,-0.06562526231899102,train
2018-07-06,-1.7899388901301239,-1.6349196256047598,-0.15501926452536408,train
2018-07-09,-1.8620600390398305,-1.6998493461797919,-0.16221069286003864,train
2018-07-10,-1.3440293246958257,-1.7253136014594115,0.3812842767635858,train
2018-07-11,-1.7813716628451786,-1.5426230768377318,-0.23874858600744675,train
2018-07-12,-1.7466642766204028,-1.6386260808101938,-0.10803819581020901,train
2018-07-13,-2.153454686090973,-1.6448761521627218,-0.5085785339282511,train
2018-07-16,-1.776922668519966,-1.7881813800030404,0.011258711483074446,train
2018-07-17,-1.9194845239067604,-1.7042605536049404,-0.21522397030181994,train
2018-07-18,-1.0164464264879474,-1.789869815692197,0.7734233892042497,train
2018-07-19,-1.4543300564080726,-1.5117608473242918,0.057430790916219276,train
2018-07-20,-1.860837052156293,-1.585301832331879,-0.27553521982441387,train
2018-07-23,-1.7479608595489609,-1.6616784926733632,-0.08628236687559765,train
2018-07-24,-1.5919666296906694,-1.6388872714113172,0.046920641720647804,train
2018-07-25,-1.620117938650197,-1.575336960633792,-0.044780978016405015,train
2018-07-26,-2.271780942765554,-1.6359927354785935,-0.6357882072869607,train
2018-07-27,-2.4580221118286727,-1.8699426421419518,-0.5880794696867209,train
2018-07-30,-1.8319528276807975,-1.982423828430894,0.15047100075009645,train
2018-07-31,-2.1558161936975675,-1.85886990582125,-0.2969462878763176,train
2018-08-01,-1.996185020369131,-1.992537049974261,-0.0036479703948699704,train
2018-08-02,-1.7682244745798492,-1.992342830004224,0.22411835542437486,train
2018-08-03,-2.2487837614266506,-1.8916966874823822,-0.3570870739442684,train
2018-08-06,-2.4985582809622926,-1.9872877909523363,-0.5112704900099563,train
2018-08-07,-2.100496172741607,-2.114594333776712,0.014098161035104972,train
2018-08-08,-2.182604697600695,-2.0216662180411764,-0.16093847955951857,train
2018-08-09,-0.6080695320629225,-2.0610442405085188,1.4529747084455962,train
2018-08-10,-1.1807994764854963,-1.585935817431542,0.4051363409460458,train
2018-08-13,-1.4865153064406766,-1.613736220815505,0.1272209143748284,train
2018-08-14,-1.345940264025482,-1.5891334873112735,0.2431932232857914,train
2018-08-15,-1.3233889198522255,-1.479283381641852,0.15589446178962652,train
2018-08-16,-1.6260045680497333,-1.391009378116249,-0.23499518993348434,train
2018-08-17,-2.0055486419204103,-1.5495999632884243,-0.45594867863198596,train
2018-08-20,-1.2198437437376382,-1.7227311821592104,0.5028874384215722,train
2018-08-21,-1.5192405430946125,-1.5154868231942487,-0.0037537199003638833,train
2018-08-22,-1.4119996300798474,-1.5961223213597364,0.184122691279889,train
2018-08-23,-1.2910619327110682,-1.5757675763349577,0.2847056436238895,train
2018-08-24,-1.9103596673277718,-1.5142121715303813,-0.3961474957973905,train
2018-08-27,-1.8071268876195088,-1.6510260563198484,-0.15610083129966035,train
2018-08-28,-1.8315582907964767,-1.675414299287303,-0.1561439915091738,train
2018-08-29,-1.540457314400507,-1.7023350130026451,0.1618776986021382,train
2018-08-30,-1.3753716037412522,-1.6438823370837004,0.2685107333424481,train
2018-08-31,-2.0049772855826458,-1.6048602548265927,-0.4001170307560531,train
2018-09-03,-1.7540394457264759,-1.758108181604773,0.004068735878297147,train
2018-09-04,-1.2395605593393326,-1.6955132633789642,0.4559527040396316,train
2018-09-05,-1.6594092520159427,-1.5123033565354014,-0.14710589548054132,train
2018-09-06,-1.3867904471392458,-1.6100694065988952,0.22327895945964937,train
2018-09-07,-2.0823845289877143,-1.5404904299517759,-0.5418940990359384,train
2018-09-10,-1.8294219630661563,-1.706102012784666,-0.12331995028149034,train
2018-09-11,-1.5969299253731684,-1.6685907118686156,0.07166078649544727,train
2018-09-12,-1.4888254892854131,-1.6523282306145184,0.16350274132910525,train
2018-09-13,-1.8138584821088326,-1.6120475609303337,-0.20181092117849886,train
2018-09-14,-2.2902854446138186,-1.7307041225640623,-0.5595813220497563,train
2018-09-17,-1.6180497985154012,-1.8698334669710264,0.25178366845562516,train
2018-09-18,-1.743323992061371,-1.6962080729102418,-0.047115919151129226,train
2018-09-19,-1.5197326589377804,-1.7353139044440504,0.21558124550627,train
2018-09-20,-1.9388736014967642,-1.6901526589024785,-0.2487209425942858,train
2018-09-21,-1.424807404327341,-1.8024539666120714,0.37764656228473026,train
2018-09-24,-1.8738605371341637,-1.6059990196221294,-0.26786151751203424,train
2018-09-25,-1.5151964649164167,-1.738875600348028,0.22367913543161122,train
2018-09-26,-1.280877170271818,-1.6313745615960882,0.35049739132427016,train
2018-09-27,-1.8940449914527273,-1.5499763991623747,-0.3440685922903526,train
2018-09-28,-1.9162619505685186,-1.6873947854426707,-0.22886716512584782,train
2018-10-01,-1.7524188479684653,-1.7413333592972389,-0.011085488671226384,train
2018-10-02,-1.2554755840839067,-1.6969276011715382,0.4414520170876315,train
2018-10-03,-1.5275865914997782,-1.5508267466010488,0.023240155101270643,train
2018-10-04,-1.5218261619256437,-1.6331554374035482,0.1113292754779045,train
2018-10-05,-2.0032331096804032,-1.6012154618764352,-0.4020176478039681,train
2018-10-08,-1.67354145744257,-1.7235076626290973,0.04996620518652728,train
2018-10-09,-1.920363552966263,-1.6438715819638052,-0.2764919710024578,train
2018-10-10,-1.253429953930976,-1.7590798943585395,0.5056499404275636,train
2018-10-11,-1.800868497027934,-1.5745882229732775,-0.22628027405465656,train
2018-10-12,-2.068408179011691,-1.7279054273842287,-0.34050275162746235,train
2018-10-15,-1.9481969495767684,-1.8017639531940488,-0.14643299638271956,train
2018-10-16,-1.8273634733725472,-1.8006058277095653,-0.026757645662981888,train
2018-10-17,-1.7670032772291417,-1.759216800013819,-0.0077864772153226625,train
2018-10-18,-1.4619417028408295,-1.7936537152892982,0.3317120124484687,train
2018-10-19,-1.8325376581913988,-1.6896805169537468,-0.14285714123765203,train
2018-10-22,-1.6982005332513435,-1.7568741816321038,0.05867364838076039,train
2018-10-23,-1.7021706080429406,-1.700630504852218,-0.0015401031907227303,train
2018-10-24,-1.7485975516197458,-1.6932944056803416,-0.05530314593940422,train
2018-10-25,-1.6097153498603107,-1.7008755271461178,0.09116017728580705,train
2018-10-26,-1.4130148337846775,-1.6834647184122695,0.270449884627592,train
2018-10-29,-2.0070582599805014,-1.6017026968410892,-0.4053555631394121,train
2018-10-30,-1.7161431012812756,-1.7674052701080365,0.051262168826760934,train
2018-10-31,-1.7837492616588662,-1.6996293618879652,-0.08411989977090095,train
2018-11-01,-1.477338894026594,-1.718695150576285,0.24135625654969117,train
2018-11-02,-2.1716635502849035,-1.6388186705121632,-0.5328448797727403,train
2018-11-05,-2.08471107369688,-1.8743464244037022,-0.21036464929317789,train
2018-11-06,-0.7230612024906088,-1.8677572891950962,1.1446960867044873,train
2018-11-07,-1.6082336211044381,-1.4505785180637782,-0.15765510304065988,train
2018-11-08,-1.8646647940057808,-1.6371502359340253,-0.22751455807175547,train
2018-11-09,-1.4778961388903844,-1.7305629182795126,0.2526667793891282,train
2018-11-12,-1.4127722774808642,-1.5813025208727374,0.16853024339187317,train
2018-11-13,-0.9023105449663181,-1.5009900069422697,0.5986794619759516,train
2018-11-14,-0.8721066259088432,-1.3869525303966372,0.514845904487794,train
2018-11-15,-1.470910937700532,-1.3010985033484057,-0.16981243435212634,train
2018-11-16,-1.8236427372515764,-1.398835403497725,-0.4248073337538514,train
2018-11-19,-1.8141468284397744,-1.5118470924008687,-0.3022997360389057,train
2018-11-20,-1.405209376941995,-1.550061653123784,0.14485227618178897,train
2018-11-21,-2.083356023230076,-1.4970181315203448,-0.586337891709731,train
2018-11-22,-1.67644008096158,-1.7670080750248367,0.09056799406325666,train
2018-11-23,-2.0030080748539354,-1.6919472477450277,-0.3110608271089077,train
2018-11-26,-1.6054011115349092,-1.7860704084066577,0.18066929687174849,train
2018-11-27,-0.7810409920773993,-1.6757801216934942,0.8947391296160949,train
2018-11-28,-1.6393284862816366,-1.4227397827478128,-0.21658870353382387,train
2018-11-29,-2.0631592154637635,-1.575364437364605,-0.4877947780991585,train
2018-11-30,-1.4905627746667836,-1.7116836770861639,0.22112090241938032,train
2018-12-03,-1.7003298621945775,-1.5303989465242438,-0.1699309156703337,train
2018-12-04,-1.904495560746088,-1.5896859797241252,-0.3148095810219629,train
2018-12-05,-1.5205079337551755,-1.7355467855540767,0.21503885179890125,train
2018-12-06,-0.9177763152605064,-1.6302543359392536,0.7124780206787472,train
2018-12-07,-1.41851990787813,-1.3900763875760074,-0.028443520302122716,train
2018-12-10,-1.7263233752196743,-1.4963768059550167,-0.22994656926465762,train
2018-12-11,-1.4420036424535074,-1.5678544864413684,0.12585084398786095,train
2018-12-12,-1.4400440514413284,-1.4601855912026807,0.020141539761352245,train
2018-12-13,-1.7917230153583976,-1.452737721937693,-0.3389852934207047,train
2018-12-14,-2.1520592343364284,-1.6228167150113757,-0.5292425193250527,train
2018-12-17,-2.0113528499641102,-1.7865266286543255,-0.2248262213097847,train
2018-12-18,-1.1086551941132992,-1.7861686445778961,0.677513450464597,train
2018-12-19,-1.2322109381097943,-1.5406091272136535,0.3083981891038592,train
2018-12-20,-1.2334389544260584,-1.5435707354403803,0.3101317810143218,train
2018-12-21,-1.711272947047056,-1.4912416103857007,-0.22003133666135533,train
2018-12-24,-1.8877069886663955,-1.5567580404111907,-0.3309489482552048,train
2018-12-26,-1.1521332011710923,-1.5884178930728903,0.43628469190179797,train
2018-12-27,-1.4399363181569291,-1.413911405673874,-0.026024912483055163,train
2018-12-28,-1.8298923851113185,-1.4969895636816695,-0.332902821429649,train
2018-12-31,-1.386113260583676,-1.6524584316855995,0.2663451711019236,train
2019-01-02,-0.9396984942211005,-1.5182015029900513,0.5785030087689508,train
2019-01-03,-1.180555728323476,-1.3170171000086655,0.13646137168518946,train
2019-01-04,-1.9352030490593486,-1.3714148447904615,-0.5637882042688871,train
2019-01-07,-1.7556855279894383,-1.5922842983142595,-0.16340122967517878,train
2019-01-08,-1.3432944776377458,-1.5426575078006164,0.1993630301628706,train
2019-01-09,-1.5740377565793782,-1.4420922503983598,-0.1319455061810184,train
2019-01-10,-1.5036657145815289,-1.5600322295776436,0.05636651499611478,train
2019-01-11,-1.9411534112711675,-1.5741631534010143,-0.36699025787015316,train
2019-01-14,-1.3996463774035555,-1.6775665786805616,0.2779202012770061,train
2019-01-15,-2.0257419080319368,-1.520437562254096,-0.5053043457778408,train
2019-01-16,-2.1797753444409618,-1.7327260475301383,-0.4470492969108235,train
2019-01-17,-2.4071821235234485,-1.8274423453116597,-0.5797397782117888,train
2019-01-18,-2.9577658893925927,-1.9645435685576687,-0.993222320834924,train
2019-01-21,-2.568482285146302,-2.19388354933626,-0.374598735810042,train
2019-01-22,-2.4523399802686354,-2.227015429729076,-0.22532455053955935,train
2019-01-23,-1.4384675007986114,-2.2527878785873376,0.8143203777887262,train
2019-01-24,-1.8944135514592522,-1.9550079759574968,0.06059442449824459,train
2019-01-25,-2.297972726063395,-2.015204474171588,-0.2827682518918069,train
2019-01-28,-2.4175433265401396,-2.052578620390817,-0.36496470614932264,train
2019-01-29,-1.0505939021750252,-2.0805522004458714,1.0299582982708462,train
2019-01-30,-1.9317399277994511,-1.6350703936366209,-0.29666953416283026,train
2019-01-31,-1.8082373622378138,-1.8833083137341526,0.0750709514963388,train
2019-02-01,-2.5742263811476676,-1.851872880883554,-0.7223535002641135,train
2019-02-04,-2.7092619058619203,-2.071195208131628,-0.6380666977302925,train
2019-02-05,-2.9235142006827393,-2.1458628426593065,-0.7776513580234328,train
2019-02-06,-2.4823584015793863,-2.3761856791893323,-0.10617272239005393,train
2019-02-07,-2.8537055386756083,-2.3330463799654364,-0.5206591587101719,train
2019-02-08,-2.228814627054685,-2.530191189747961,0.3013765626932763,train
2019-02-11,-2.2253163829725673,-2.3627167053961577,0.13740032242359046,train
2019-02-12,-1.984135473537529,-2.3260918914742366,0.3419564179367076,train
2019-02-13,-1.4500810291503925,-2.185922902181056,0.7358418730306633,train
2019-02-14,-2.1557680750756365,-1.9701595584940474,-0.18560851658158906,train
2019-02-15,-2.522341524930646,-2.0702910875525675,-0.4520504373780785,train
2019-02-18,-1.9587028629563403,-2.184953916284901,0.22625105332856066,train
2019-02-19,-2.1095414580661807,-2.026297009245648,-0.08324444882053283,train
2019-02-20,-1.9488636809101565,-2.062781237745115,0.11391755683495841,train
2019-02-21,-2.2844259823856787,-2.064204260192087,-0.2202217221935916,train
2019-02-22,-2.5236181531240343,-2.1510428976056812,-0.372575255518353,train
2019-02-25,-2.2885903595017028,-2.21827411864569,-0.07031624085601296,train
2019-02-26,-2.176444318492801,-2.1986879017064496,0.0222435832136485,train
2019-02-27,-2.019681571854194,-2.1776462932819216,0.15796472142772755,train
2019-02-28,-2.4531989085068013,-2.143610238974653,-0.30958866953214814,train
2019-03-01,-2.6891731819242244,-2.27423225929528,-0.41494092262894444,train
2019-03-04,-2.1014428465891255,-2.3519545083516213,0.25051166176249584,train
2019-03-05,-2.7159163257347583,-2.2033156567798655,-0.5126006689548928,train
2019-03-06,-1.832109175519463,-2.394966315789722,0.5628571402702591,train
2019-03-07,-2.2090738028671146,-2.165154997592391,-0.04391880527472347,train
2019-03-08,-2.507047751337839,-2.221516461478499,-0.2855312898593403,train
2019-03-11,-1.8289301138002345,-2.2736766707058953,0.4447465569056608,train
2019-03-12,-2.2121987894461244,-2.0817224947472672,-0.13047629469885713,train
2019-03-13,-2.4500349857276684,-2.1238085971481704,-0.32622638857949804,train
2019-03-14,-2.434699984686717,-2.2370370620679676,-0.19766292261874918,train
2019-03-15,-2.781775370908893,-2.25906210606862,-0.5227132648402733,train
2019-03-18,-2.696060711810824,-2.37865825457051,-0.317402457240314,train
2019-03-19,-1.0539349054500637,-2.443767558810728,1.3898326533606644,train
2019-03-20,-1.9991490815944781,-1.9450798324037895,-0.05406924919068867,train
2019-03-21,-0.9605471738147878,-2.1216280355475146,1.1610808617327266,train
2019-03-22,-2.3392961219596895,-1.7364253483291447,-0.6028707736305448,train
2019-03-25,-2.5053234483146136,-2.0172113601656614,-0.48811208814895224,train
2019-03-26,-1.9252407808312753,-2.0404995270561326,0.11525874622485732,train
2019-03-27,-1.7502605256428547,-1.9796817105809796,0.2294211849381249,train
2019-03-28,-1.9277545993378244,-1.9108614508174164,-0.01689314852040802,train
2019-03-29,-2.403552136037232,-2.0366220410539277,-0.3669300949833043,train
2019-04-01,-2.3437841641973147,-2.1560143196642163,-0.18776984453309842,train
2019-04-02,-2.4343856668205834,-2.126397264600298,-0.30798840222028545,train
2019-04-03,-2.778692376858849,-2.190555924318872,-0.588136452539977,train
2019-04-04,-2.567573736285121,-2.3705817736932078,-0.19699196259191343,train
2019-04-05,-2.7189335039033944,-2.3785231955589228,-0.3404103083444716,train
2019-04-08,-2.527867608610192,-2.4518729676935274,-0.07599464091666475,train
2019-04-09,-2.31931694527402,-2.4282973703151347,0.1089804250411146,train
2019-04-10,-2.6292133862299276,-2.367857628694217,-0.2613557575357106,train
2019-04-11,-2.3298986524305723,-2.434435740183459,0.10453708775288684,train
2019-04-12,-2.9753817900552755,-2.3454588365675657,-0.6299229534877098,train
2019-04-15,-2.335095531373343,-2.5228486554781844,0.18775312410484135,train
2019-04-16,-2.5608465894959567,-2.3572174166982856,-0.20362917279767112,train
2019-04-17,-1.8684754258113683,-2.4284935597621313,0.560018133950763,train
2019-04-18,-4.070282846757018,-2.1911622400727677,-1.8791206066842503,train
2019-04-19,-3.8189917949282486,-2.888596532264779,-0.9303952626634695,train
2019-04-22,-2.465673722664826,-2.9279344607859414,0.46226073812111546,train
2019-04-23,-2.047238589010647,-2.6459773832891424,0.5987387942784954,train
2019-04-24,-2.1809754061935593,-2.4999958003200087,0.31902039412644934,train
2019-04-25,-2.2470757813723923,-2.555425440309785,0.30834965893739286,train
2019-04-26,-2.732551511550088,-2.408710169478285,-0.32384134207180315,train
2019-04-29,-2.5002537118153385,-2.432590930894615,-0.06766278092072353,train
2019-04-30,-1.440665414550077,-2.388827907574046,0.9481624930239692,train
2019-05-01,-2.631080076423265,-2.0796564817895073,-0.5514235946337576,train
2019-05-02,-2.1897028609172744,-2.3970691343158377,0.20736627339856328,train
2019-05-03,-2.4615960692941248,-2.287769050644147,-0.17382701864997774,train
2019-05-06,-2.277878550390077,-2.3220358085735517,0.04415725818347482,train
2019-05-07,-2.243051382247919,-2.256410689298737,0.013359307050818003,train
2019-05-08,-2.0081746514468546,-2.3159057809093,0.30773112946244563,train
2019-05-09,-2.584123632023997,-2.1995895822407547,-0.38453404978324235,train
2019-05-10,-2.5993160940523747,-2.3706109403328535,-0.22870515371952127,train
2019-05-13,-2.4688141038936986,-2.3862652834916926,-0.08254882040200595,train
2019-05-14,-1.991086024320981,-2.37519577424429,0.38410974992330926,train
2019-05-15,-2.685916417097436,-2.2315720060086193,-0.4543444110888166,train
2019-05-16,-2.9106516350368925,-2.4565753313032173,-0.45407630373367525,train
2019-05-17,-3.116916510095699,-2.5417487457274945,-0.5751677643682043,train
2019-05-20,-2.288854745793337,-2.6501263945758384,0.3612716487825014,train
2019-05-21,-3.1282795022028216,-2.4236424522480444,-0.7046370499547772,train
2019-05-22,-2.0883928532812295,-2.7118481228390916,0.6234552695578621,train
2019-05-23,-2.384460612512512,-2.4146033611933846,0.030142748680872522,train
2019-05-24,-3.5926240336585007,-2.438604439701058,-1.1540195939574427,train
2019-05-27,-2.60734404446897,-2.77505298753953,0.1677089430705596,train
2019-05-28,-2.7159958629062073,-2.581790267245909,-0.1342055956602981,train
2019-05-29,-2.896434753745003,-2.569124290400243,-0.3273104633447601,train
2019-05-30,-2.048785448518393,-2.6883597557747194,0.6395743072563262,train
2019-05-31,-2.287823652207206,-2.47009862467509,0.18227497246788404,train
2019-06-03,-1.6640911073171973,-2.40267614589744,0.7385850385802426,train
2019-06-04,-1.7013639560746756,-2.167929804072339,0.4665658479976633,train
2019-06-05,-1.3006523995363666,-2.07583615091956,0.7751837513831936,train
2019-06-06,-1.602640269595494,-1.8279845141136444,0.22534424451815038,train
2019-06-07,-2.5508253071492724,-1.8496238290189004,-0.7012014781303719,train
2019-06-10,-2.3235001601466814,-2.0973045137536928,-0.22619564639298861,train
2019-06-11,-2.2273940185540013,-2.1020413023926356,-0.12535271616136567,train
2019-06-12,-2.739686318069471,-2.1235475506583996,-0.6161387674110714,train
2019-06-13,-2.032235448561443,-2.374850391819891,0.342614943258448,train
2019-06-14,-2.5359587954692397,-2.251877818653043,-0.2840809768161967,train
2019-06-17,-1.6041865701568736,-2.364499637688688,0.7603130675318144,train
2019-06-18,-1.9206288412381047,-2.0705793252268085,0.1499504839887038,train
2019-06-19,-1.9384673382768278,-2.1019427751018966,0.16347543682506882,train
2019-06-20,-1.7022013472109672,-2.029366584015512,0.3271652368045448,train
2019-06-21,-2.4166743467916603,-1.9291312350058993,-0.48754311178576093,train
2019-06-24,-1.5167660191661432,-2.0860378723768664,0.5692718532107233,train
2019-06-25,-2.156727713963213,-1.8617276655537582,-0.2950000484094548,train
2019-06-26,-2.510359174283139,-2.0139601864211767,-0.4963989878619621,train
2019-06-27,-2.5188906648944007,-2.145981148372012,-0.3729095165223888,train
2019-06-28,-2.1698135659938615,-2.219863146405191,0.05004958041132923,train
2019-07-01,-2.1962060838627804,-2.10913749371778,-0.08706859014500035,train
2019-07-02,-2.2834842694893216,-2.1785331731672994,-0.10495109632202215,train
2019-07-03,-3.5944995278432335,-2.210030654564039,-1.3844688732791943,train
2019-07-04,-2.1994114951916535,-2.6311576974034834,0.4317462022118299,train
2019-07-05,-3.0004159298328243,-2.287435765739242,-0.7129801640935822,train
2019-07-08,-2.992203298102751,-2.5658542608545303,-0.4263490372482206,train
2019-07-09,-1.8237601973914292,-2.6518457686645824,0.8280855712731532,train
2019-07-10,-2.0509710777920853,-2.333662096654865,0.2826910188627796,train
2019-07-11,-2.7540551277867085,-2.2426473814162837,-0.5114077463704247,train
2019-07-12,-2.82356100103427,-2.460347283558953,-0.3632137174753174,train
2019-07-15,-2.6029745918357667,-2.4611940056158916,-0.1417805862198751,train
2019-07-16,-2.9385776710894635,-2.3816271756780396,-0.5569504954114239,train
2019-07-17,-2.143831378552719,-2.564410103468535,0.42057872491581616,train
2019-07-18,-1.8312208373365553,-2.3964282104292014,0.5652073730926461,train
2019-07-19,-2.9375561476194947,-2.2398726817748105,-0.6976834658446842,train
2019-07-22,-2.8350055099221603,-2.5154684388641124,-0.31953707105804785,train
2019-07-23,-2.512264920522791,-2.5257175013574775,0.01345258083468659,train
2019-07-24,-1.6885361457929964,-2.4139890774303825,0.7254529316373861,train
2019-07-25,-2.5227388535395305,-2.1854570763901546,-0.3372817771493759,train
2019-07-26,-2.9115391283305554,-2.443882121265149,-0.46765700706540647,train
2019-07-29,-2.5763612905449045,-2.5352991326277996,-0.04106215791710488,train
2019-07-30,-1.4142042942618496,-2.4355074548429494,1.0213031605810998,train
2019-07-31,-1.7597158545086515,-2.0604986222537227,0.3007827677450712,train
2019-08-01,-1.9970467867797541,-2.14138531643897,0.14433852965921568,train
2019-08-02,-1.7836745372010854,-2.1449362380082397,0.36126170080715436,train
2019-08-05,-1.7047229866302038,-1.9732068423361244,0.2684838557059206,train
2019-08-06,-1.7657414052625673,-1.8703929003664779,0.10465149510391059,train
2019-08-07,-1.7233579721680783,-1.9024387998105463,0.17908082764246802,train
2019-08-08,-2.198578125185428,-1.8751464186031972,-0.32343170658223097,train
2019-08-09,-2.40721089312488,-2.006766127105142,-0.4004447660197381,train
2019-08-12,-1.7907187375489182,-2.1152768533720216,0.32455811582310345,train
2019-08-13,-2.0898537449768853,-1.970707730740659,-0.11914601423622617,train
2019-08-14,-1.8878953655209743,-2.06056681482793,0.17267144930695588,train
2019-08-15,-2.1166566980540416,-2.021096273654235,-0.09556042439980672,train
2019-08-16,-2.8023312868114045,-2.056946462216489,-0.7453848245949155,train
2019-08-19,-2.6908043449217938,-2.2576494243508485,-0.4331549205709453,train
2019-08-20,-2.8016240035139197,-2.323412245339034,-0.4782117581748859,train
2019-08-21,-2.142024758152246,-2.4119430393803465,0.26991828122810047,train
2019-08-22,-1.632684483338919,-2.275777907729726,0.6430934243908073,train
2019-08-23,-1.9728906230649323,-2.1050113572860996,0.1321207342211672,train
2019-08-26,-2.7489439065339547,-2.1110238444522818,-0.637920062081673,train
2019-08-27,-2.751228606484033,-2.297028720705124,-0.4541998857789089,train
2019-08-28,-2.2841445588350657,-2.2911767266943004,0.0070321678592346615,train
2019-08-29,-2.071406643267354,-2.19354981437218,0.12214317110482575,train
2019-08-30,-2.5710231814304296,-2.191917480070722,-0.37910570135970767,train
2019-09-02,-1.5114282913365658,-2.3700474907899944,0.8586191994534287,train
2019-09-03,-2.150610090731837,-2.0089620934256276,-0.14164799730620947,train
2019-09-04,-2.2687349543919137,-2.105320910397862,-0.1634140439940519,train
2019-09-05,-2.43452262578352,-2.137382830754587,-0.29713979502893295,train
2019-09-06,-2.1257656146826327,-2.215928043577918,0.09016242889528536,train
2019-09-09,-2.6485774302891922,-2.1091387982537753,-0.539438632035417,train
2019-09-10,-2.771785623143739,-2.3374653018095923,-0.4343203213341469,train
2019-09-11,-0.6660921334149623,-2.4262415903573653,1.760149456942403,train
2019-09-12,-1.9229402557425737,-1.7846403638113955,-0.1382998919311782,train
2019-09-13,-2.2623372927625636,-2.0249004036188336,-0.23743688914372996,train
2019-09-16,-2.120293407143949,-2.1194334100898833,-0.0008599970540656976,train
2019-09-17,-1.8246840530873574,-2.03890328974931,0.21421923666195242,train
2019-09-18,-2.34457854236023,-1.874065484929674,-0.4705130574305558,train
2019-09-19,-2.2901602285733547,-2.1419156032496445,-0.1482446253237102,train
2019-09-20,-2.0588432565901376,-2.1570085842863858,0.0981653276962482,train
2019-09-23,-2.425931990427348,-2.0844894573669315,-0.3414425330604165,train
2019-09-24,-2.635042632225253,-2.205435256675559,-0.42960737554969386,train
2019-09-25,-2.138085209711984,-2.3344533946546697,0.1963681849426857,train
2019-09-26,-2.2554111644984824,-2.1947394397102338,-0.06067172478824867,train
2019-09-27,-2.089165804825413,-2.212950971216062,0.12378516639064907,train
2019-09-30,-1.7454538273954905,-2.1753417252835896,0.4298878978880991,train
2019-10-01,-2.450791406985593,-2.0309875737614655,-0.4198038332241274,train
2019-10-02,-1.3891030223862675,-2.1748582502117926,0.7857552278255251,train
2019-10-03,-2.0557131565035656,-1.8617238648760126,-0.19398929162755296,train
2019-10-04,-2.651106039166731,-1.995585066044715,-0.6555209731220162,train
2019-10-07,-2.570647650412699,-2.1875993921468577,-0.3830482582658412,train
2019-10-08,-2.525462654264316,-2.24556616281361,-0.2798964914507063,train
2019-10-09,-2.351143994334493,-2.2464622768346176,-0.10468171749987532,train
2019-10-10,-1.8698362268461726,-2.2904285244817877,0.4205922976356151,train
2019-10-11,-2.8639715600050444,-2.152907783957693,-0.7110637760473515,train
2019-10-14,-1.560167652040709,-2.4251904909863042,0.8650228389455952,train
2019-10-15,-1.785776523718923,-2.030024558367755,0.24424803464883227,train
2019-10-16,-1.68426067617587,-2.0093210659200342,0.3250603897441642,train
2019-10-17,-2.448446888862691,-1.9205729944999435,-0.5278738943627477,train
2019-10-18,-2.5873423118744174,-2.1555692056139595,-0.43177310626045795,train
2019-10-21,-2.1190227301418134,-2.1650763365822763,0.04605360644046286,train
2019-10-22,-2.813525513514945,-2.106357426789837,-0.7071680867251082,train
2019-10-23,-1.7893364835501258,-2.367597864978091,0.5782613814279651,train
2019-10-24,-3.0324710744469594,-2.1348243126093056,-0.8976467618376538,train
2019-10-25,-3.237284370211641,-2.4777365306238486,-0.7595478395877926,train
2019-10-28,-2.8027293310731225,-2.596117439256554,-0.2066118918165687,train
2019-10-29,-1.7963978989598717,-2.564559576971738,0.7681616780118663,train
2019-10-30,-2.228226637616501,-2.2378777409347976,0.009651103318296439,train
2019-10-31,-2.274332948311612,-2.3822951540319646,0.10796220572035242,train
2019-11-01,-2.614871697804934,-2.322074975637785,-0.2927967221671488,train
2019-11-04,-2.2200614934138514,-2.3575381394801815,0.13747664606633014,train
2019-11-05,-3.148042183430075,-2.2158412409616424,-0.9322009424684325,train
2019-11-06,-2.543741704361761,-2.557195234420777,0.01345353005901595,train
2019-11-07,-3.0397388835782153,-2.4467854061650565,-0.5929534774131588,train
2019-11-08,-3.401315620802336,-2.635931030134166,-0.76538459066817,train
2019-11-11,-3.002565894952589,-2.802145917499452,-0.20041997745313722,train
2019-11-12,-2.9369618144366507,-2.794357263265087,-0.1426045511715639,train
2019-11-13,-2.9642079278023554,-2.7609529518785556,-0.20325497592379982,train
2019-11-14,-3.2108166889633027,-2.8211582329392346,-0.3896584560240681,train
2019-11-15,-3.12760337953366,-2.9093267325087826,-0.2182766470248776,train
2019-11-18,-3.296580936109092,-2.8815948861066314,-0.4149860500024607,train
2019-11-19,-2.8699019699018278,-2.9566153134861612,0.08671334358433347,train
2019-11-20,-3.018377628950684,-2.85573626637911,-0.1626413625715739,train
2019-11-21,-2.4419702433453274,-2.904852086022154,0.4628818426768264,train
2019-11-22,-3.13677023432798,-2.698535682689578,-0.4382345516384021,train
2019-11-25,-3.292502579046573,-2.874040197024155,-0.41846238202241803,train
2019-11-26,-3.102909236756601,-2.9123491643639428,-0.19056007239265815,train
2019-11-27,-3.7131085215499877,-2.888459806346047,-0.8246487152039408,train
2019-11-28,-2.5845915140729905,-3.1018626041671222,0.5172710900941317,train
2019-11-29,-2.435906804211706,-2.8645563957674107,0.4286495915557049,train
2019-12-02,-2.8167375380752797,-2.7691281284911655,-0.04760940958411419,train
2019-12-03,-2.5519535337508894,-2.8194747598835117,0.2675212261326223,train
2019-12-04,-2.924040643148058,-2.7079569314368466,-0.21608371171121155,train
2019-12-05,-2.2304454353349676,-2.7296705432760517,0.4992251079410841,train
2019-12-06,-3.5132625617890807,-2.527956624040934,-0.9853059377481466,train
2019-12-09,-3.1107744370586667,-2.931194034259218,-0.17958040279944854,train
2019-12-10,-2.3221651175155906,-2.866272057749727,0.5441069402341365,train
2019-12-11,-2.198723417806732,-2.652215942764874,0.4534925249581421,train
2019-12-12,-1.2308867452113434,-2.548995248523522,1.3181085033121784,train
2019-12-13,-2.636863621230982,-2.2168628009418527,-0.42000082028912944,train
2019-12-16,-2.623196202482208,-2.4564425387260296,-0.1667536637561784,train
2019-12-17,-2.760548281603367,-2.402438278426328,-0.358110003177039,train
2019-12-18,-2.546335278086109,-2.469645586867493,-0.07668969121861569,train
2019-12-19,-2.8899407610985643,-2.443585455578174,-0.4463553055203904,train
2019-12-20,-3.234176700438553,-2.6733113248652893,-0.5608653755732638,train
2019-12-23,-3.3673339475851813,-2.8089981130646824,-0.558335834520499,train
2019-12-24,-3.6057841508632387,-2.917523811526643,-0.6882603393365958,train
2019-12-26,-2.454402715329122,-3.0542738902276434,0.5998711748985213,train
2019-12-27,-2.4757947266244167,-2.7721475404174627,0.296352813793046,train
2019-12-30,-2.883684958937467,-2.73241530008685,-0.15126965885061683,train
2019-12-31,-2.2853584777758904,-2.7849292354479975,0.4995707576721071,train
2020-01-02,-2.5910880808586856,-2.5459673545160637,-0.045120726342621875,train
2020-01-03,-2.7144205590561166,-2.5257948002571484,-0.18862575879896815,train
2020-01-06,-2.3817225224050063,-2.576566669124126,0.19484414671911976,train
2020-01-07,-2.1212004951750436,-2.489724955126998,0.3685244599519546,train
2020-01-08,-2.63697104751368,-2.35166736258612,-0.28530368492755986,train
2020-01-09,-2.3065095592407143,-2.5065782042514724,0.20006864501075805,train
2020-01-10,-2.946771763678807,-2.3913066170962987,-0.5554651465825082,train
2020-01-13,-2.973942901924454,-2.5575626346410822,-0.41638026728337163,train
2020-01-14,-2.751124020316592,-2.6248877856443924,-0.12623623467219947,train
2020-01-15,-2.6316288735307185,-2.637120068713607,0.005491195182888653,train
2020-01-16,-3.1276923029694377,-2.624941407636793,-0.5027508953326447,train
2020-01-17,-3.4227108640341966,-2.818902090682075,-0.6038087733521214,train
2020-01-20,-2.964783952597982,-2.9388304878789313,-0.02595346471905069,train
2020-01-21,-2.906935372491798,-2.83515271536797,-0.07178265712382803,train
2020-01-22,-1.9400476745123771,-2.840067648198698,0.900019973686321,train
2020-01-23,-3.055523370380805,-2.5446096998707377,-0.5109136705100674,train
2020-01-24,-2.850398540651271,-2.7921677535616474,-0.0582307870896237,train
2020-01-27,-3.170301534463881,-2.687306493896147,-0.4829950405677339,train
2020-01-28,-2.8219685354419086,-2.774519772416087,-0.047448763025821794,train
2020-01-29,-2.965013593773784,-2.6909590454268555,-0.27405454834692833,train
2020-01-30,-2.617743254587777,-2.8223465767934606,0.20460332220568356,train
2020-01-31,-2.7881272341761636,-2.699881801532257,-0.08824543264390661,train
2020-02-03,-2.9795564760801017,-2.739000234623736,-0.24055624145636578,train
2020-02-04,-2.911838488434758,-2.770003383983787,-0.14183510445097092,train
2020-02-05,-2.5167668596353243,-2.764832167142305,0.24806530750698075,train
2020-02-06,-2.2926028213049765,-2.634948536699826,0.3423457153948495,train
2020-02-07,-2.9999090946902514,-2.5558900367428072,-0.4440190579474441,train
2020-02-10,-2.7795453880214964,-2.7415945969256676,-0.03795079109582877,train
2020-02-11,-2.521535560780261,-2.678157840682058,0.1566222799017969,train
2020-02-12,-2.5265076438791736,-2.578707252568696,0.052199608689522226,train
2020-02-13,-2.5772214228223205,-2.5757044333848085,-0.0015169894375119952,train
2020-02-14,-3.5626332523885798,-2.6112314710157434,-0.9514017813728364,train
2020-02-17,-2.235247175873285,-2.8990328037191406,0.6637856278458556,train
2020-02-18,-2.691557932050037,-2.5348189710287388,-0.15673896102129836,train
2020-02-19,-2.193265318274,-2.6468067375375233,0.4535414192635234,train
2020-02-20,-1.7413276026986062,-2.4934744043564057,0.7521468016577995,train
2020-02-21,-1.821612719306291,-2.3007259025311315,0.47911318322484053,train
2020-02-24,-2.019482526119048,-2.1597801688053466,0.14029764268629874,train
2020-02-25,-1.619024180193203,-2.1739808948612356,0.5549567146680325,train
2020-02-26,-1.498005513904738,-1.9708311234533753,0.4728256095486374,train
2020-02-27,-0.7327799077660649,-1.8611348762390383,1.1283549684729732,train
2020-02-28,-0.6360338960081707,-1.5704008851281877,0.9343669891200169,train
2020-03-02,-0.3260001380802087,-1.41438655755796,1.0883864194777513,train
2020-03-03,-1.1632351592724746,-1.1637120023052165,0.00047684303274198037,train
2020-03-04,-1.3140586668255554,-1.2963060887256619,-0.0177525780998935,train
2020-03-05,-0.6446653513093179,-1.2955187884251154,0.6508534371157975,train
2020-03-06,0.7357301965957312,-1.1083440577614492,1.8440742543571804,train
2020-03-09,-0.22237825527675725,-0.6303179500011189,0.40793969472436165,train
2020-03-10,-0.6697240366540171,-0.8176294127768885,0.14790537612287136,train
2020-03-11,0.8689986490770469,-0.8493523708939275,1.7183510199709744,train
2020-03-12,0.26945485034861144,-0.256874092612427,0.5263289429610385,train
2020-03-13,0.45090297510135363,-0.28018078007831626,0.7310837551796698,train
2020-03-16,-0.22843397818938854,-0.23091312360064484,0.002479145411256295,train
2020-03-17,0.06973865965624723,-0.3610433130460774,0.43078197270232466,train
2020-03-18,1.032072218483202,-0.18463002136025394,1.216702239843456,train
2020-03-19,0.5326708225179198,0.08785015621780908,0.4448206663001107,train
2020-03-20,0.5777313912310829,0.033317115263653566,0.5444142759674293,train
2020-03-23,0.33418574411671664,0.08631957415825633,0.2478661699584603,train
2020-03-24,-0.41286751569783936,0.10480127069959146,-0.5176687863974309,train
2020-03-25,-0.10832901039489266,-0.0947027506061856,-0.01362625978870706,train
2020-03-26,-0.31982644096651763,-0.10682496785491563,-0.213001473111602,train
2020-03-27,-0.4913743140298656,-0.21817298695946502,-0.27320132707040057,train
2020-03-30,-0.14745550998433468,-0.3433001072036131,0.1958445972192784,train
2020-03-31,-0.8251410876551998,-0.30147965749485905,-0.5236614301603407,train
2020-04-01,-0.4398458117935752,-0.49662999806776287,0.05678418627418769,train
2020-04-02,-0.8830166443811734,-0.43953909767118704,-0.4434775467099864,train
2020-04-03,-1.1129802759035392,-0.5892693568329722,-0.523710919070567,train
2020-04-06,-1.1544935154305416,-0.6962388351817168,-0.45825468024882476,train
2020-04-07,-0.9014828433892135,-0.802918428993491,-0.0985644143957225,train
2020-04-08,-0.9661495243485334,-0.7701569850165981,-0.19599253933193528,train
2020-04-09,-2.555999837313955,-0.8411412981887846,-1.7148585391251703,train
2020-04-10,-1.62965410573896,-1.3792485708766045,-0.2504055348623555,train
2020-04-13,-1.480605514795603,-1.2415415324166625,-0.23906398237894044,train
2020-04-14,-1.3277612942120764,-1.25659238755012,-0.07116890666195652,train
2020-04-15,-1.034018303460774,-1.2801862571466351,0.2461679536858612,train
2020-04-16,-1.1833140325386087,-1.2279567445609938,0.04464271202238512,train
2020-04-17,-1.5594408518092298,-1.1517072652829305,-0.4077335865262992,train
2020-04-20,-1.1076721734814887,-1.2608192812907102,0.15314710780922147,train
2020-04-21,-1.7479136996419804,-1.1416726143996612,-0.6062410852423192,train
2020-04-22,-0.7757036235873009,-1.3529532706867484,0.5772496470994475,train
2020-04-23,-1.0777630024755054,-1.1187545899944078,0.04099158751890242,train
2020-04-24,-1.5648019812431817,-1.185999414853387,-0.3788025663897947,train
2020-04-27,-1.4352889931720727,-1.314681231863575,-0.12060776130849771,train
2020-04-28,-1.4646653373403382,-1.3272219473089424,-0.13744339003139583,train
2020-04-29,-0.6543143953942895,-1.3191925496291297,0.6648781542348402,train
2020-04-30,-1.485254669385103,-1.1278098966233017,-0.3574447727618013,train
2020-05-01,-1.6467853024093664,-1.3630075892605442,-0.28377771314882216,train
2020-05-04,-1.0898547101083473,-1.4211026950611252,0.33124798495277785,train
2020-05-05,-1.5535306986350734,-1.2641957594934299,-0.28933493914164354,train
2020-05-06,-1.5315054072107257,-1.3836759222726032,-0.14782948493812254,train
2020-05-07,-1.7276949842181093,-1.4624867188857418,-0.2652082653323675,train
2020-05-08,-1.7385851417746407,-1.5388268373626441,-0.1997583044119966,train
2020-05-11,-1.6027347675231773,-1.5583421127612926,-0.0443926547618847,train
2020-05-12,-1.5075256908961603,-1.562995524607527,0.05546983371136682,train
2020-05-13,-1.6437368058854205,-1.535586279123589,-0.10815052676183146,train
2020-05-14,-1.7059647664832633,-1.578882550149782,-0.12708221633348127,train
2020-05-15,-1.105200358730518,-1.5954482674979538,0.49024790876743585,train
2020-05-18,-1.6631572326367323,-1.4008123885447987,-0.2623448440919336,train
2020-05-19,-1.9262545629103918,-1.5397993781321055,-0.3864551847782862,train
2020-05-20,-1.5920887850011622,-1.6423419540902933,0.05025316908913102,train
2020-05-21,-2.1431417122417535,-1.566372004913418,-0.5767697073283355,train
2020-05-22,-2.6846612452388148,-1.737024301784464,-0.9476369434543508,train
2020-05-25,-1.7678210081962664,-2.0261959770980327,0.25837496890176626,train
2020-05-26,-0.7613605055507735,-1.8329428525837939,1.0715823470330204,train
2020-05-27,-1.5317031195668964,-1.487077846657498,-0.04462527290939833,train
2020-05-28,-1.0232572220458405,-1.6595531996449726,0.6362959775991321,train
2020-05-29,-1.5975184780384222,-1.4361889905175504,-0.16132948752087173,train
2020-06-01,-1.3725592969230718,-1.4799521728055507,0.10739287588247892,train
2020-06-02,-1.2702181878119563,-1.3911526022789085,0.12093441446695219,train
2020-06-03,-0.6789889664200945,-1.40961617907517,0.7306272126550755,train
2020-06-04,-0.7934042573831491,-1.1918413784377806,0.39843712105463147,train
2020-06-05,-1.4473280769073036,-1.1887026916614893,-0.25862538524581424,train
2020-06-08,-1.3407025024074237,-1.3242658045422055,-0.016436697865218175,train
2020-06-09,-0.8195591223848698,-1.2925428663336258,0.472983743948756,train
2020-06-10,-0.7871693346556158,-1.1216470937716259,0.3344777591160101,train
2020-06-11,-0.8518385612250248,-1.1148647299687588,0.2630261687437341,train
2020-06-12,-1.1516012885088331,-1.1276484284496746,-0.02395286005915853,train
2020-06-15,-1.0692240235946229,-1.1640981575368834,0.09487413394226052,train
2020-06-16,-1.14702698175417,-1.1133831612655225,-0.03364382048864756,train
2020-06-17,-1.3317107860764776,-1.1614443585077068,-0.17026642756877086,train
2020-06-18,-1.177239378584504,-1.2495563715820606,0.07231699299755667,train
2020-06-19,-1.8350128580279,-1.2352106614575944,-0.5998021965703055,train
2020-06-22,-1.4635645327724727,-1.451007638574467,-0.012556894198005653,train
2020-06-23,-1.4902959763889123,-1.3938819193910568,-0.09641405699785555,train
2020-06-24,-1.741852155167656,-1.4177578617228181,-0.32409429344483787,train
2020-06-25,-1.9989962371548906,-1.512456528849036,-0.4865397083058547,train
2020-06-26,-1.861563376974111,-1.6600058639738178,-0.20155751300029312,train
2020-06-29,-1.5106654870043188,-1.6345682759243298,0.12390278892001105,train
2020-06-30,-1.9401656059369878,-1.5637545454967898,-0.376411060440198,train
2020-07-01,-1.4760295469499294,-1.707059145530573,0.23102959858064365,train
2020-07-02,-2.3084241905150553,-1.5775235192587969,-0.7309006712562585,train
2020-07-03,-1.784201821441477,-1.8084023470233201,0.024200525581843157,train
2020-07-06,-1.7073697166325004,-1.693437523759246,-0.013932192873254312,train
2020-07-07,-1.831813294509606,-1.7039252188014673,-0.12788807570813865,train
2020-07-08,-1.2850779617557375,-1.7269829903322764,0.4419050285765389,train
2020-07-09,-2.038617466876339,-1.5834909408127842,-0.45512652606355464,train
2020-07-10,-1.795880572870342,-1.7457144726545695,-0.0501661002157725,train
2020-07-13,-1.9560438405297245,-1.7023781914374911,-0.2536656490922333,train
2020-07-14,-1.7485628434993647,-1.7741367778002868,0.02557393430092203,train
2020-07-15,-1.5972928102682067,-1.725650165331997,0.12835735506379042,train
2020-07-16,-1.9993392606534035,-1.7251955336164437,-0.2741437270369598,train
2020-07-17,-1.2494330335139032,-1.8235203157505644,0.5740872822366612,train
2020-07-20,-1.1210445199462389,-1.6008082907885146,0.4797637708422757,train
2020-07-21,-1.1959507639728262,-1.4948976897255628,0.2989469257527366,train
2020-07-22,-1.5435992458277827,-1.4547484041307193,-0.08885084169706348,train
2020-07-23,-1.575001245349932,-1.5305950319258592,-0.044406213424072805,train
2020-07-24,-1.130174443683285,-1.5002359867442316,0.37006154306094663,train
2020-07-27,-1.3855213335636822,-1.3804013092984657,-0.005120024265216516,train
2020-07-28,-1.2815700520884605,-1.4561440965794596,0.17457404449099911,train
2020-07-29,-1.2461658211751274,-1.4335304475415684,0.18736462636644102,train
2020-07-30,-0.8470715236535953,-1.39542805262787,0.5483565289742747,train
2020-07-31,-1.2995448212560108,-1.2254284633072685,-0.07411635794874227,train
2020-08-03,-1.409843904943034,-1.3427098182862718,-0.06713408665676224,train
2020-08-04,-1.2890183939162698,-1.36014380994897,0.07112541603270017,train
2020-08-05,-1.0452065328344544,-1.3275126523930036,0.28230611955854923,train
2020-08-06,-1.1156085082714329,-1.2458476270577405,0.13023911878630767,train
2020-08-07,-1.856927213960431,-1.2783403817186778,-0.5785868322417531,train
2020-08-10,-1.2325420500787871,-1.505575590971157,0.27303354089236986,train
2020-08-11,-1.3540171000192045,-1.3370597072169612,-0.016957392802243287,train
2020-08-12,-1.5311147755022503,-1.3658852912548947,-0.16522948424735562,train
2020-08-13,-1.71761586239553,-1.4458821829546715,-0.27173367944085847,train
2020-08-14,-1.8106133040466053,-1.5430054472333568,-0.2676078568132485,train
2020-08-17,-1.4327503297765234,-1.5625511579391334,0.12980082816260996,train
2020-08-18,-1.1158962085101019,-1.4875993129165372,0.3717031044064354,train
2020-08-19,-1.230514503512193,-1.3917312021706492,0.16121669865845623,train
2020-08-20,-1.3026240491762822,-1.391990066610242,0.08936601743395989,train
2020-08-21,-1.922402284079121,-1.37207296241136,-0.5503293216677612,train
2020-08-24,-1.7472764362040083,-1.5287817938588815,-0.21849464234512683,train
2020-08-25,-1.869770664852805,-1.5190608574900974,-0.3507098073627075,train
2020-08-26,-0.6261625143504853,-1.6239343524071908,0.9977718380567054,train
2020-08-27,-1.1706067600997219,-1.2750003561021697,0.1043935960024478,train
2020-08-28,-1.6672514116729371,-1.3867752474168467,-0.28047616425609045,train
2020-08-31,-0.8655322977033343,-1.4823768628664835,0.6168445651631492,train
2020-09-01,-1.2780941454717727,-1.2184626490156734,-0.05963149645609933,train
2020-09-02,-1.3427532204634671,-1.2592353898917525,-0.08351783057171458,train
2020-09-03,-1.2535539609022677,-1.3383788424072287,0.08482488150496104,train
2020-09-04,-2.5519774444082577,-1.3250296581963033,-1.2269477862119544,train
2020-09-07,-1.3798489596236034,-1.7204016872156753,0.3405527275920719,train
2020-09-08,-1.6104336398975165,-1.5009356572037011,-0.10949798269381539,train
2020-09-09,-0.9895530392100721,-1.5812779408393332,0.5917249016292611,train
2020-09-10,-1.8980342543659183,-1.4039272943494814,-0.49410696001643695,train
2020-09-11,-2.2540794973053537,-1.677137509467756,-0.5769419878375976,train
2020-09-14,-1.911723630492549,-1.73996922937696,-0.17175440111558893,train
2020-09-15,-1.095615077786909,-1.7118277585994028,0.6162126808124939,train
2020-09-16,-1.4389798744647033,-1.4696755928110132,0.030695718346309908,train
2020-09-17,-2.0548046276193204,-1.5893820368957141,-0.46542259072360626,train
2020-09-18,-1.4267937085579985,-1.755561486798811,0.3287677782408125,train
2020-09-21,-1.366602162002944,-1.5384734903540336,0.17187132835108954,train
2020-09-22,-1.470481184928041,-1.4758866535392534,0.005405468611212383,train
2020-09-23,-1.402465891979069,-1.5286885957259306,0.12622270374686173,train
2020-09-24,-1.854251791701383,-1.5058820251305887,-0.3483697665707943,train
2020-09-25,-1.8480218090356046,-1.5912333076470186,-0.256788501388586,train
2020-09-28,-1.6643959656170302,-1.6417739982085935,-0.022621967408436694,train
2020-09-29,-1.4362903161154852,-1.6321959563522466,0.19590564023676138,train
2020-09-30,-1.5645924654388825,-1.5741224806591585,0.009530015220275967,train
2020-10-01,-1.7430666001352177,-1.6261555276491446,-0.11691107248607313,train
2020-10-02,-2.3177828719603966,-1.6622663385305911,-0.6555165334298054,train
2020-10-05,-1.5347139116886046,-1.8478261297928507,0.31311221810424605,train
2020-10-06,-2.0824950741318977,-1.6594180932521996,-0.42307698087969814,train
2020-10-07,-2.322489470000834,-1.8385761445109432,-0.48391332548989063,train
2020-10-08,-2.1757682731330585,-1.9730752757693086,-0.2026929973637499,train
2020-10-09,-2.3924786001649747,-1.9850215965177733,-0.4074570036472014,train
2020-10-12,-2.053666437073897,-2.0573272746136637,0.00366083753976687,train
2020-10-13,-2.2315249933539336,-2.028393965652314,-0.20313102770161962,train
2020-10-14,-2.0899330239424954,-2.0825062757737087,-0.007426748168786634,train
2020-10-15,-2.2450793420192796,-2.0308878317129353,-0.2141915103063443,train
2020-10-16,-2.175516518417066,-2.085720739078485,-0.0897957793385813,train
2020-10-19,-2.173665275175377,-2.0583310921944955,-0.11533418298088138,train
2020-10-20,-2.049993341241556,-2.070135300924062,0.020141959682506094,train
2020-10-21,-2.140593870283743,-2.0322645613468495,-0.1083293089368933,train
2020-10-22,-2.073381145706653,-2.06636455870151,-0.007016587005142849,train
2020-10-23,-2.222202558802718,-2.042121589847562,-0.1800809689551559,train
2020-10-26,-2.0744678540914134,-2.089742612522493,0.015274758431079505,train
2020-10-27,-1.8908858669996562,-2.0492921058871167,0.15840623888746053,train
2020-10-28,-1.5909145313164035,-1.9931791000590973,0.4022645687426938,train
2020-10-29,-1.8573398493139714,-1.873579277268798,0.01623942795482658,train
2020-10-30,-2.355917834967764,-1.9198716091191173,-0.43604622584864683,train
2020-11-02,-2.034054577039405,-2.055379169387343,0.021324592347938154,train
2020-11-03,-0.11360443296120408,-1.9810798766574373,1.8674754436962333,train
2020-11-04,-1.0428704219870841,-1.3540246651733503,0.31115424318626617,train
2020-11-05,-1.0371793440087764,-1.5121088027608376,0.47492945875206116,train
2020-11-06,-0.8382581711734451,-1.4246003951426438,0.5863422239691987,train
2020-11-09,-1.201471514447565,-1.2244743036770094,0.02300278922944443,train
2020-11-10,-1.822158152879599,-1.2213381873804068,-0.6008199654991921,train
2020-11-11,-1.9202191197490799,-1.51254146166125,-0.40767765808782985,train
2020-11-12,-2.3283599492240863,-1.6132018141774669,-0.7151581350466194,train
2020-11-13,-1.9661206139615115,-1.8252130983726227,-0.1409075155888888,train
2020-11-16,-2.3221834699771966,-1.843036510848975,-0.4791469591282216,train
2020-11-17,-2.4114339809836256,-2.027393741891452,-0.3840402390921738,train
2020-11-18,-2.252419707995639,-2.104031423171108,-0.14838828482453126,train
2020-11-19,-2.568748828223326,-2.098563166981282,-0.4701856612420441,train
2020-11-20,-1.7041708641638418,-2.1988460626515254,0.4946751984876836,train
2020-11-23,-1.6934450351212538,-1.9716512472904733,0.2782062121692195,train
2020-11-24,-1.7008813891958192,-1.9078421276230406,0.2069607384272214,train
2020-11-25,-2.441828468775661,-1.8391870755328157,-0.6026413932428454,train
2020-11-26,-2.654778489460697,-2.0306343829494606,-0.6241441065112365,train
2020-11-27,-1.8841170030491996,-2.095923526891951,0.21180652384275134,train
2020-11-30,-1.6968621607156884,-1.9386074302937786,0.24174526957809017,train
2020-12-01,-1.5279598855610819,-1.8941196316490836,0.3661597460880017,train
2020-12-02,-1.7874059666476452,-1.8303360185347857,0.0429300518871405,train
2020-12-03,-1.7709067264842808,-1.8277258010772102,0.05681907459292934,train
2020-12-04,-1.7803620960469249,-1.7623266468405177,-0.018035449206407206,train
2020-12-07,-2.0790787824875583,-1.7633674582409,-0.31571132424665826,train
2020-12-08,-2.003055432013256,-1.8783610518450446,-0.12469438016821144,train
2020-12-09,-1.4386865588103874,-1.9171256530493215,0.47843909423893405,train
2020-12-10,-1.8966170176530917,-1.7585540440295304,-0.13806297362356124,train
2020-12-11,-1.881176166752807,-1.8759452912209238,-0.005230875531883283,train
2020-12-14,-1.7523664268645054,-1.8811130324992187,0.1287466056347133,train
2020-12-15,-1.0588723420734456,-1.8154056147091069,0.7565332726356613,train
2020-12-16,-1.9385289152145422,-1.560268144220081,-0.3782607709944612,train
2020-12-17,-2.20896426645823,-1.8033039748839685,-0.40566029157426153,train
2020-12-18,-1.0949537925405568,-1.8914760214223505,0.7965222288817937,train
2020-12-21,-1.722920177565174,-1.5513137954361884,-0.1716063821289855,train
2020-12-22,-1.6009040786965203,-1.6833179029511296,0.0824138242546093,train
2020-12-23,-2.4409437525553876,-1.703347142540923,-0.7375966100144646,train
2020-12-24,-1.727670523095263,-1.95023325299588,0.22256272990061698,train
2020-12-28,-1.8823565127168693,-1.7430727021803474,-0.13928381053652195,train
2020-12-29,-1.6604365749871908,-1.8437810920429558,0.18334451705576504,train
2020-12-30,-1.6070545642423597,-1.7759799129477472,0.16892534870538745,train
2020-12-31,-1.643923087863941,-1.7611676590438734,0.11724457117993237,train
2021-01-04,-2.0943676192248515,-1.696684949826419,-0.39768266939843255,train
2021-01-05,-1.0932566039695026,-1.8397629576079146,0.746506353638412,train
2021-01-06,-1.6310103732882717,-1.5304688230634937,-0.10054155022477795,train
2021-01-07,-0.9284499985511544,-1.6496955144765648,0.7212455159254104,train
2021-01-08,-1.5160069655119177,-1.4172073091611324,-0.09879965635078536,train
2021-01-11,-1.6659416668175635,-1.5341721310653464,-0.13176953575221706,train
2021-01-12,-1.5917178949057393,-1.5259167449573487,-0.06580114994839059,train
2021-01-13,-1.5615256262730843,-1.5558445045993308,-0.005681121673753564,train
2021-01-14,-1.93719903706625,-1.5388384146282945,-0.39836062243795545,train
2021-01-15,-2.595506175818952,-1.717297469679779,-0.8782087061391732,train
2021-01-18,-2.181727197247081,-1.975919262539891,-0.20580793470718994,train
2021-01-19,-1.7936527179388622,-1.9403563338716792,0.146703615932817,train
2021-01-20,-1.8655201639658863,-1.8679562185339453,0.002436054568059065,train
2021-01-21,-2.0821970462880497,-1.908193685092168,-0.17400336119588178,train
2021-01-22,-2.1523110912692025,-1.9822018479847188,-0.17010924328448374,train
2021-01-25,-2.151330405415208,-1.9628932966813148,-0.18843710873389297,train
2021-01-26,-1.5496322601015695,-1.9660949282952342,0.41646266819366473,train
2021-01-27,-1.6587268509660862,-1.7957734469573874,0.1370465959913012,train
2021-01-28,-1.6885946835033252,-1.8012745905968124,0.11267990709348719,train
2021-01-29,-1.8738545869044623,-1.7702237833005057,-0.1036308036039566,train
2021-02-01,-1.7425858376901195,-1.7898806796737046,0.04729484198358502,train
2021-02-02,-2.137925383796189,-1.7241586164407001,-0.413766767355489,train
2021-02-03,-2.1565323993499756,-1.8738868616035549,-0.28264553774642076,train
2021-02-04,-2.052412207026441,-1.9240481450553384,-0.1283640619711024,train
2021-02-05,-2.185209872105264,-1.9439486897824183,-0.24126118232284566,train
2021-02-08,-2.2812665137987427,-2.0089327065120113,-0.2723338072867314,train
2021-02-09,-2.3926560120243883,-2.0950928515321827,-0.29756316049220555,train
2021-02-10,-2.676914935999703,-2.153645117968742,-0.5232698180309612,train
2021-02-11,-2.475602132276506,-2.277514167202736,-0.1980879650737699,train
2021-02-12,-3.0043283485265837,-2.279642736709172,-0.7246856118174119,train
2021-02-15,-2.10565981369212,-2.4916146828234544,0.38595486913133437,train
2021-02-16,-2.063679956267705,-2.271228936407879,0.20754898014017398,train
2021-02-17,-2.475959330164308,-2.225748877803088,-0.2502104523612201,train
2021-02-18,-2.3429161415544084,-2.3054740184753846,-0.03744212307902384,train
2021-02-19,-2.0161602719103078,-2.269054810039938,0.25289453812963014,train
2021-02-22,-2.387359064231968,-2.106018395154729,-0.2813406690772391,train
2021-02-23,-1.7420280946182118,-2.220249133250511,0.47822103863229914,train
2021-02-24,-1.3697344661892372,-2.0382683183959593,0.6685338522067221,train
2021-02-25,-1.1033589562168054,-1.8435818421193368,0.7402228859025315,train
2021-02-26,-1.9040247297370125,-1.6648794241001996,-0.2391453056368129,train
2021-03-01,-1.7808837332714607,-1.8412925680980718,0.06040883482661119,train
2021-03-02,-1.7818809970008616,-1.759000834998205,-0.022880162002656634,train
2021-03-03,-1.6708078595178957,-1.7618139405279374,0.0910060810100417,train
2021-03-04,-1.3185826260294247,-1.7628356243496444,0.4442529983202197,train
2021-03-05,-2.0903331879044176,-1.6922927049430794,-0.3980404829613382,train
2021-03-08,-1.9619189065828233,-1.8856584198443702,-0.07626048673845309,train
2021-03-09,-1.7485622789888775,-1.8715912016942586,0.12302892270538113,train
2021-03-10,-1.521396396669734,-1.8146716355690518,0.29327523889931784,train
2021-03-11,-2.018756176825967,-1.7404099377553317,-0.27834623907063527,train
2021-03-12,-2.0330903578848036,-1.913964539458152,-0.11912581842665171,train
2021-03-15,-2.167197906349667,-1.9048233717182677,-0.2623745346313995,train
2021-03-16,-1.656173613108735,-1.9507838916973002,0.29461027858856514,train
2021-03-17,-1.7908396223485477,-1.8099120489877252,0.01907242663917752,train
2021-03-18,-2.4319563554373858,-1.8617534608390145,-0.5702028945983713,train
2021-03-19,-2.1298663675205116,-2.05060524363312,-0.0792611238873917,train
2021-03-22,-2.0803424809138606,-1.9861397972051822,-0.09420268370867846,train
2021-03-23,-2.0699490145087918,-1.963933220925101,-0.10601579358369073,train
2021-03-24,-2.0006274214573674,-1.9997135607600092,-0.0009138606973582153,train
2021-03-25,-2.417206017826353,-1.9984949844035835,-0.4187110334227695,train
2021-03-26,-2.1941748175146047,-2.1003922224076943,-0.09378259510691045,train
2021-03-29,-2.396260223477851,-2.0642871169645653,-0.3319731065132858,train
2021-03-30,-2.126218414307138,-2.1538962411455516,0.027677826838413466,train
2021-03-31,-2.1377400405822375,-2.0994989459526514,-0.038241094629586136,train
2021-04-01,-2.70698900618866,-2.1186020039201217,-0.5883870022685382,train
2021-04-02,-2.505181687445881,-2.286007154366708,-0.219174533079173,train
2021-04-05,-2.291662215821737,-2.277281852340245,-0.014380363481492076,train
2021-04-06,-1.9834271652536901,-2.229698029901194,0.2462708646475038,train
2021-04-07,-2.2659701475621383,-2.1447621378201585,-0.12120800974197987,train
2021-04-08,-2.3593605658612913,-2.224692886150067,-0.13466767971122406,train
2021-04-09,-2.3546304974308874,-2.2214429606593025,-0.1331875367715849,train
2021-04-12,-2.113411966738101,-2.2160546560254284,0.10264268928732756,train
2021-04-13,-2.4516956614470518,-2.145552403516615,-0.3061432579304366,train
2021-04-14,-2.1604344730202407,-2.2704372956939256,0.11000282267368489,train
2021-04-15,-2.4006201423483553,-2.1939061901936343,-0.206713952154721,train
2021-04-16,-1.9123437203045923,-2.2611659955926315,0.3488222752880392,train
2021-04-19,-2.21594313693029,-2.1102710610145348,-0.10567207591575523,train
2021-04-20,-2.247027098379598,-2.186858554481091,-0.06016854389850712,train
2021-04-21,-2.0416955719800924,-2.176732663274802,0.13503709129470964,train
2021-04-22,-2.5097369389058697,-2.1183744133042737,-0.391362525601596,train
2021-04-23,-2.143031109894341,-2.240686722167484,0.09765561227314334,train
2021-04-26,-2.4692234268950557,-2.1790317777925226,-0.29019164910253314,train
2021-04-27,-1.8288013674650525,-2.2775039406237063,0.4487025731586538,train
2021-04-28,-2.3683060109735306,-2.0883880679786913,-0.2799179429948393,train
2021-04-29,-1.9260455297967967,-2.241595588931842,0.3155500591350455,train
2021-04-30,-2.280691133877473,-2.0848141875312662,-0.1958769463462069,train
2021-05-03,-1.969381177129294,-2.180345414176909,0.21096423704761524,train
2021-05-04,-2.7606052260271072,-2.055202309625421,-0.7054029164016864,train
2021-05-05,-2.3956642054176798,-2.3243293612556593,-0.07133484416202052,train
2021-05-06,-0.8704540413656229,-2.244189972586922,1.3737359312212991,train
2021-05-07,-1.89335471600662,-1.7856617153724794,-0.10769300063414056,train
2021-05-10,-2.071158052235465,-1.981173630949962,-0.08998442128550299,train
2021-05-11,-1.0089785842750407,-2.027998073538941,1.0190194892639002,train
2021-05-12,-1.901764411156569,-1.6099828255423194,-0.2917815856142496,train
2021-05-13,-2.5563412830833045,-1.7677552581452258,-0.7885860249380787,train
2021-05-14,-2.5060227953763428,-2.0722681000680216,-0.4337546953083211,train
2021-05-17,-2.4926050884132565,-2.120216332365716,-0.3723887560475405,train
2021-05-18,-1.8171105494612687,-2.156428004055866,0.33931745459459717,train
2021-05-19,-2.367425675649767,-2.0736231886389556,-0.2938024870108116,train
2021-05-20,-1.8839804656368682,-2.243952431236858,0.3599719655999898,train
2021-05-21,-2.185323671531474,-2.067835002426957,-0.11748866910451694,train
2021-05-24,-2.143154876036774,-2.1095259425231356,-0.03362893351363816,train
2021-05-25,-2.208459535529775,-2.064001041494785,-0.14445849403499,train
2021-05-26,-2.064277474275376,-2.1152569179048397,0.05097944362946372,train
2021-05-27,-2.112364899927423,-2.0500814822953566,-0.06228341763206657,train
2021-05-28,-2.570214811785261,-2.085042032418765,-0.4851727793664957,train
2021-05-31,-2.410639908789178,-2.2273754097016667,-0.1832644990875112,train
2021-06-01,-2.4055314512225623,-2.220464807816667,-0.18506664340589518,train
2021-06-02,-2.174636102792217,-2.2385849837342673,0.06394888094205031,train
2021-06-03,-1.5895056865281,-2.19789566365492,0.6083899771268197,train
2021-06-04,-2.5578617427478307,-2.0029209262414045,-0.5549408165064262,train
2021-06-07,-2.7206934862998553,-2.225960594583807,-0.4947328917160485,train
2021-06-08,-2.9039696255198155,-2.3122884663297145,-0.591681159190101,train
2021-06-09,-1.9623816848132087,-2.410975374585974,0.44859368977276515,train
2021-06-10,-2.553342851887685,-2.1742924779362833,-0.37905037395140173,train
2021-06-11,-2.6709607256083725,-2.4148326853730278,-0.25612804023534474,train
2021-06-14,-2.670527152163124,-2.460750153051046,-0.20977699911207814,train
2021-06-15,-0.8672232853178407,-2.4573798700318554,1.5901565847140149,train
2021-06-16,-1.4777300828591637,-1.840022115197886,0.3622920323387222,train
2021-06-17,-1.5976422071292673,-1.9247943704899708,0.3271521633607035,train
2021-06-18,-1.8674504213744096,-1.8631023331419896,-0.004348088232420055,train
2021-06-21,-2.0544172597516397,-1.846490114268679,-0.20792714548296076,train
2021-06-22,-2.298190308886036,-1.8354039696727185,-0.46278633921331735,train
2021-06-23,-2.330315044667769,-2.0225456763681695,-0.30776936829959967,train
2021-06-24,-2.4994134413086004,-2.1094220752147783,-0.3899913660938221,train
2021-06-25,-2.160094385570198,-2.2333797537552957,0.07328536818509779,train
2021-06-28,-2.4283642143842226,-2.1831136961426285,-0.24525051824159405,train
2021-06-29,-2.051390541519084,-2.2822075324419524,0.23081699092286856,train
2021-06-30,-2.198393217889764,-2.167417674151677,-0.030975543738086753,train
2021-07-01,-1.724960937866242,-2.1868088560245256,0.4618479181582835,train
2021-07-02,-2.8256770525861747,-2.000154008768754,-0.8255230438174208,train
2021-07-05,-2.099809040764147,-2.320620558208643,0.220811517444496,train
2021-07-06,-1.9596832422324912,-2.129867857317278,0.17018461508478677,train
2021-07-07,-1.9787876146731922,-2.082646461256253,0.10385884658306099,train
2021-07-08,-2.5029846240008014,-2.0587590603516093,-0.4442255636491921,train
2021-07-09,-2.369101386547762,-2.2452383528483835,-0.12386303369937846,train
2021-07-12,-1.646301372007792,-2.1776217901900874,0.5313204181822955,train
2021-07-13,-2.395514410391884,-1.9603010052078202,-0.4352134051840637,train
2021-07-14,-2.4499878790505902,-2.1687917765816573,-0.2811961024689329,train
2021-07-15,-2.528215438413507,-2.2215956372148065,-0.3066198011987007,train
2021-07-16,-2.256080581871538,-2.2605151629299534,0.004434581058415432,train
2021-07-19,-2.091851537256491,-2.1965198716040657,0.10466833434757472,train
2021-07-20,-2.521489775045625,-2.2048133296231898,-0.3166764454224351,train
2021-07-21,-1.6756684893322014,-2.322246498760742,0.6465780094285405,train
2021-07-22,-2.5237870541298117,-2.0534939874000457,-0.470293066729766,train
2021-07-23,-2.3775746852884185,-2.2503586162945335,-0.12721606899388505,train
2021-07-26,-2.256843248320724,-2.2283479958247367,-0.028495252495987167,train
2021-07-27,-1.8229487593106335,-2.212879195162261,0.38993043585162757,train
2021-07-28,-2.5567077233951623,-2.0460532782235354,-0.5106544451716268,train
2021-07-29,-2.474231225822724,-2.2959495200986906,-0.17828170572403357,train
2021-07-30,-2.2578239472034216,-2.27726624463585,0.0194422974324282,train
2021-08-02,-2.6786248119484912,-2.2173753936716136,-0.4612494182768776,train
2021-08-03,-2.0577255965500276,-2.362999968395374,0.30527437184534634,train
2021-08-04,-2.396759088235566,-2.233121108573818,-0.16363797966174776,train
2021-08-05,-2.455004587632024,-2.2997818483402632,-0.1552227392917609,train
2021-08-06,-2.6123973112209926,-2.3169767289162753,-0.29542058230471735,train
2021-08-09,-2.8180903660154724,-2.3924236487891486,-0.42566671722632377,train
2021-08-10,-2.3645370379248263,-2.455853553794565,0.09131651586973888,train
2021-08-11,-2.8473213100940105,-2.3795168183860547,-0.4678044917079558,train
2021-08-12,-2.9359659887958727,-2.5447657126347925,-0.3912002761610802,train
2021-08-13,-2.913195665210584,-2.614854231920735,-0.2983414332898491,train
2021-08-16,-2.3763500129166903,-2.6421382630357595,0.26578825011906915,train
2021-08-17,-1.8359499698003134,-2.477068879092977,0.6411189092926637,train
2021-08-18,-2.353824342224945,-2.3002845098643445,-0.05353983236060067,train
2021-08-19,-2.6288831923482943,-2.377335429684599,-0.2515477626636953,train
2021-08-20,-2.408529065062803,-2.4138202245129343,0.005291159450131477,train
2021-08-23,-2.5386957256860425,-2.325649439726152,-0.21304628595989072,train
2021-08-24,-2.3559560863929017,-2.3704413559460957,0.014485269553194069,train
2021-08-25,-2.4704403167490194,-2.375446414862231,-0.09499390188678847,train
2021-08-26,-1.8388795462165213,-2.4147193214712224,0.5758397752547011,train
2021-08-27,-3.038700876154992,-2.198173787093521,-0.8405270890614709,train
2021-08-30,-2.4370654299881096,-2.536280779024061,0.0992153490359513,train
2021-08-31,-2.524027122528662,-2.388499429289069,-0.13552769323959302,train
2021-09-01,-2.9567853145228735,-2.4267153430149286,-0.5300699715079449,train
2021-09-02,-1.7121176579358266,-2.573354452766168,0.8612367948303412,train
2021-09-03,-3.442043341227226,-2.2721825392872645,-1.1698608019399614,train
2021-09-06,-2.433385247870262,-2.717742859399344,0.284357611529082,train
2021-09-07,-2.6516121819956333,-2.4855741552430426,-0.16603802675259072,train
2021-09-08,-2.07545420077777,-2.5477026689651296,0.47224846818735955,train
2021-09-09,-2.7685443488196917,-2.3270617161775853,-0.4414826326421064,train
2021-09-10,-2.7651735702847624,-2.58663993912688,-0.17853363115788223,train
2021-09-13,-2.1348636502129668,-2.5234970623781385,0.3886334121651718,train
2021-09-14,-2.4221795620357116,-2.342672495963311,-0.07950706607240043,train
2021-09-15,-2.4560940694083397,-2.382295101173644,-0.07379896823469556,train
2021-09-16,-2.59792218240594,-2.425532409462651,-0.17238977294328928,train
2021-09-17,-2.734014861962176,-2.451171474003242,-0.28284338795893404,train
2021-09-20,-2.4349346330852146,-2.4838632266355183,0.048928593550303656,train
2021-09-21,-1.3541326664459732,-2.4402537212356616,1.0861210547896885,train
2021-09-22,-2.353520274812633,-2.0832908831377273,-0.2702293916749059,train
2021-09-23,-2.5799342825362057,-2.301361251055044,-0.27857303148116186,train
2021-09-24,-2.5248231396060095,-2.354231093525273,-0.17059204608073664,train
2021-09-27,-2.156414810660693,-2.3231983219438668,0.1667835112831737,train
2021-09-28,-2.107145536618948,-2.216895354353233,0.10974981773428505,train
2021-09-29,-1.9926528703342643,-2.263471161540992,0.27081829120672785,train
2021-09-30,-2.1468381285054017,-2.1994292574072425,0.05259112890184081,train
2021-10-01,-2.5057168145849076,-2.1912754556436402,-0.31444135894126735,train
2021-10-04,-2.455663386847116,-2.2668713555737163,-0.18879203127339972,train
2021-10-05,-2.228596599048077,-2.290901092383443,0.06230449333536603,train
2021-10-06,-2.72060254678218,-2.236153113934242,-0.48444943284793807,train
2021-10-07,-2.4899970937105995,-2.418430191166722,-0.07156690254387765,train
2021-10-08,-2.87204236990751,-2.3948176333395934,-0.47722473656791653,train
2021-10-11,-2.6553170304484284,-2.5247441691852477,-0.13057286126318068,train
2021-10-12,-2.3172365438022577,-2.491835067954062,0.1745985241518042,train
2021-10-13,-2.75689199475186,-2.4172228670263283,-0.3396691277255317,train
2021-10-14,-2.7250475437441546,-2.528454642533398,-0.19659290121075657,train
2021-10-15,-2.4942829707047087,-2.545884633638982,0.051601662934273484,train
2021-10-18,-2.460065901161114,-2.4590367451148585,-0.0010291560462554195,train
2021-10-19,-2.748343597781205,-2.4319062863402716,-0.31643731144093357,train
2021-10-20,-2.678858079893857,-2.5373924992281265,-0.14146558066573034,train
2021-10-21,-2.566580331534048,-2.5170959474049384,-0.04948438412910949,train
2021-10-22,-2.537863631272872,-2.4905576365318414,-0.04730599474103059,train
2021-10-25,-2.6748601489233548,-2.489992212045987,-0.1848679368773678,train
2021-10-26,-2.344505784486779,-2.5420128304259677,0.19750704593918877,train
2021-10-27,-1.5654473888153455,-2.4274756051597683,0.8620282163444228,train
2021-10-28,-1.7853690974285474,-2.1408845633135347,0.3555154658849873,train
2021-10-29,-2.3324241654883036,-2.116845270765911,-0.21557889472239244,train
2021-11-01,-2.4776570716842454,-2.2276201808907046,-0.25003689079354086,train
2021-11-02,-1.8206059843659341,-2.246782308968888,0.42617632460295374,train
2021-11-03,-2.3995022315574497,-2.0406618423119736,-0.3588403892454761,train
2021-11-04,-1.9870008278299456,-2.2486621922622594,0.2616613644323138,train
2021-11-05,-2.2801302875835647,-2.1695390265181524,-0.11059126106541228,train
2021-11-08,-2.1051957128911245,-2.227145011527709,0.12194929863658466,train
2021-11-09,-1.5314679934982807,-2.148842896391067,0.6173749028927862,train
2021-11-10,-2.1407512499932673,-1.9757985672347327,-0.16495268275853459,train
2021-11-11,-2.350799447522013,-2.08641990020629,-0.2643795473157229,train
2021-11-12,-1.8364968592743198,-2.1680502965960193,0.3315534373216995,train
2021-11-15,-1.6904381432359483,-1.9993475893997816,0.3089094461638333,train
2021-11-16,-1.444916320784633,-1.916532724073364,0.4716164032887311,train
2021-11-17,-2.054339500697167,-1.840509166497719,-0.21383033419944808,train
2021-11-18,-1.2601178416378653,-1.9680306772314577,0.7079128355935924,train
2021-11-19,-1.3571071124514897,-1.669937208393782,0.3128300959422923,train
2021-11-22,-2.093760565448106,-1.6338326464547908,-0.4599279189933154,train
2021-11-23,-1.5496838885758129,-1.83427030906392,0.28458642048810723,train
2021-11-24,-2.7987044261988143,-1.7077529268463125,-1.0909514993525018,train
2021-11-25,-1.2648027464257863,-2.063497390646219,0.7986946442204326,train
2021-11-26,-1.9966310979396384,-1.699598468882368,-0.29703262905727046,train
2021-11-29,-0.8931920427352517,-1.9305304753550778,1.0373384326198263,train
2021-11-30,-1.3942228408564343,-1.5581630432077997,0.16394020235136542,train
2021-12-01,-2.161235648810069,-1.6485445799860088,-0.51269106882406,train
2021-12-02,-1.461307013161379,-1.7632284413093595,0.3019214281479805,train
2021-12-03,-2.229203163105291,-1.6163225926326021,-0.612880570472689,train
2021-12-06,-1.953205172022944,-1.8118331226963815,-0.14137204932656244,train
2021-12-07,-1.9970795766652993,-1.8443102539196443,-0.15276932274565502,train
2021-12-08,-2.2191488369339676,-1.905929635488761,-0.31321920144520665,train
2021-12-09,-1.3068709843541966,-1.963455583433961,0.6565845990797645,train
2021-12-10,-2.0950102328955342,-1.7374493989541984,-0.35756083394133586,train
2021-12-13,-2.342912520666865,-1.9057130923810313,-0.4371994282858336,train
2021-12-14,-1.525420716476818,-1.9979210502707598,0.47250033379394174,train
2021-12-15,-1.5259151281657264,-1.7639089343877643,0.23799380622203792,train
2021-12-16,-2.000807691970615,-1.6992422058401353,-0.30156548613047973,train
2021-12-17,-2.0509059866741137,-1.8775219231793814,-0.17338406349473234,train
2021-12-20,-2.2812424834886724,-1.8849823413788573,-0.3962601421098151,train
2021-12-21,-1.9450250226864536,-1.9437464371428976,-0.0012785855435559768,train
2021-12-22,-2.1894553868018414,-1.9112485557122365,-0.27820683108960487,train
2021-12-23,-2.4898463474210732,-2.0286818204606716,-0.46116452696040167,train
2021-12-24,-2.309271196478075,-2.152613636490167,-0.1566575599879081,train
2021-12-27,-2.3518962759560758,-2.129106392972603,-0.2227898829834727,train
2021-12-28,-2.098977946057682,-2.1575249180422933,0.05854697198461123,train
2021-12-29,-1.7340326577891796,-2.114579918468637,0.38054726067945754,train
2021-12-30,-1.5693751899682344,-1.9988943634223377,0.4295191734541033,train
2021-12-31,-1.730754856677093,-1.879497305069346,0.14874244839225303,train
2022-01-03,-1.9967763837333623,-1.8591952990460365,-0.13758108468732577,train
2022-01-04,-1.8453187941544806,-1.8940554335272288,0.04873663937274819,train
2022-01-05,-1.6788317341224193,-1.831938794281808,0.15310706015938869,train
2022-01-06,-2.0257606649283253,-1.7856179921632627,-0.24014267276506263,train
2022-01-07,-2.0174671148344263,-1.9070268053332617,-0.11044030950116457,train
2022-01-10,-2.2053507876866827,-1.9288833943069732,-0.2764673933797095,train
2022-01-11,-1.9451826961196794,-2.0010543371457232,0.055871641026043806,train
2022-01-12,-1.8673097192329355,-1.948700441144595,0.08139072191165941,train
2022-01-13,-1.9871447957262054,-1.9425851322178,-0.044559663508405345,train
2022-01-14,-2.336967971109897,-1.9717834729162793,-0.36518449819361765,train
2022-01-17,-1.8469981735076642,-2.0902235543854855,0.2432253808778213,train
2022-01-18,-2.279690446338612,-1.9434650616105036,-0.33622538472810826,train
2022-01-19,-2.1189954714219077,-2.0757504421680797,-0.043245029253828005,train
2022-01-20,-2.2905249395918768,-2.0598786243537637,-0.23064631523811308,train
2022-01-21,-2.003222088185437,-2.130686072511422,0.12746398432598527,train
2022-01-24,-2.3202765484300847,-2.03233003349094,-0.28794651493914447,train
2022-01-25,-1.9200405339554985,-2.1461849553852668,0.22614442142976832,train
2022-01-26,-1.6012256768140753,-2.017266025627628,0.41604034881355245,train
2022-01-27,-1.6074129669137442,-1.8886255088897446,0.2812125419760003,train
2022-01-28,-1.7913384134827315,-1.8225091313280495,0.031170717845317997,train
2022-01-31,-1.6797206552861919,-1.8461485253518537,0.16642787006566184,train
2022-02-01,-2.146532797998187,-1.7636116996732556,-0.3829210983249316,train
2022-02-02,-0.7113731728322814,-1.8960271763688417,1.1846540035365603,train
2022-02-03,-1.0864971851511156,-1.471282578330353,0.3847853931792373,train
2022-02-04,-1.7412586906541176,-1.501595803175738,-0.23966288747837972,train
2022-02-07,-1.9021993644415116,-1.6480868906031347,-0.2541124738383769,train
2022-02-08,-2.1599951219951365,-1.7038472057838323,-0.45614791621130424,train
2022-02-09,-0.65963896634131,-1.7658620279665438,1.1062230616252338,train
2022-02-10,-1.041201071916031,-1.3993061678412007,0.3581050959251697,train
2022-02-11,-1.2614317770851584,-1.4726425240251477,0.2112107469399893,train
2022-02-14,-1.5490536237104655,-1.4728406056796195,-0.07621301803084601,train
2022-02-15,-2.051087684476911,-1.5018976981620027,-0.5491899863149083,train
2022-02-16,-0.9666135561284327,-1.6040670691100318,0.6374535129815991,train
2022-02-17,-1.9996504208860413,-1.3730401140903135,-0.6266103067957278,train
2022-02-18,-1.7596897226359234,-1.6940891103020563,-0.06560061233386705,train
2022-02-21,-1.3665990719382426,-1.6801864822938444,0.3135874103556018,train
2022-02-22,-2.017732537733556,-1.5629844081230737,-0.4547481296104823,train
2022-02-23,-0.26346891405461426,-1.7096221977369843,1.44615328368237,train
2022-02-24,-0.9229464961954936,-1.2198895721915521,0.2969430759960585,train
2022-02-25,-0.5357039206093386,-1.2623595167665114,0.7266555961571728,train
2022-02-28,-0.988678062016555,-1.0503594464588393,0.061681384442284326,train
2022-03-01,-0.5072926973173009,-1.11310272085164,0.6058100235343391,train
2022-03-02,-1.2711435170376848,-0.8510270815044432,-0.42011643553324163,train
2022-03-03,-0.7495694918043823,-1.113293972599669,0.36372448079528663,train
2022-03-04,-0.07646484680851387,-0.9620992618888566,0.8856344150803428,train
2022-03-07,-0.22437687505573187,-0.7587269082591874,0.5343500332034555,train
2022-03-08,-0.5741025511919041,-0.7136161253759878,0.13951357418408372,train
2022-03-09,-0.1380035252378309,-0.786861809909314,0.6488582846714831,train
2022-03-10,-0.8931944789431203,-0.5640386843305694,-0.32915579461255096,train
2022-03-11,-1.2153142235507404,-0.73623401989063,-0.4790802036601104,train
2022-03-14,-0.8610178038778762,-0.919822908581978,0.05880510470410183,train
2022-03-15,-0.3799894192469908,-0.8942438109996428,0.514254391752652,train
2022-03-16,-1.1878351172945092,-0.7562700190690014,-0.4315650982255078,train
2022-03-17,-1.5254879253338038,-1.0329975341615418,-0.492490391172262,train
2022-03-18,-1.5866001322376864,-1.1620157790878087,-0.42458435314987764,train
2022-03-21,-1.4924864311649226,-1.2167203768858428,-0.27576605427907985,train
2022-03-22,-1.6118292657022102,-1.2467357503597944,-0.36509351534241574,train
2022-03-23,-1.501925417780475,-1.3843009258490089,-0.11762449193146618,train
2022-03-24,-1.5636736561162279,-1.3891003756100304,-0.17457328050619747,train
2022-03-25,-1.2689587799483755,-1.4016413389295426,0.1326825589811671,train
2022-03-28,-0.30935295182071926,-1.3164391068569214,1.0070861550362022,train
2022-03-29,-1.250258269315787,-0.9818100337649662,-0.26844823555082087,train
2022-03-30,-0.9684952632744277,-1.1730530871213403,0.20455782384691257,train
2022-03-31,-1.4064599620396239,-1.0597080710311073,-0.34675189100851656,train
2022-04-01,-1.954872839737187,-1.156100328973446,-0.7987725107637411,train
2022-04-04,-1.8996194576290977,-1.3519690541950002,-0.5476504034340974,train
2022-04-05,-1.4861091514183113,-1.4965710771507668,0.010461925732455413,train
2022-04-06,-1.4196278440407544,-1.438880802440915,0.019252958400160614,train
2022-04-07,-1.6565656598422451,-1.478003220557903,-0.17856243928434212,train
2022-04-08,-1.5586344489727366,-1.5672751267754987,0.00864067780276212,train
2022-04-11,-1.3640701773471986,-1.524785916541588,0.16071573919438942,train
2022-04-12,-1.7138412503060723,-1.4367886473784988,-0.2770526029275735,train
2022-04-13,-0.4807418461263581,-1.5433736214157023,1.0626317752893442,train
2022-04-14,-2.803465172207044,-1.1707442310927658,-1.632720941114278,train
2022-04-15,-2.0051218849636574,-1.8354019699677782,-0.16971991499587924,train
2022-04-18,-1.5497622334076842,-1.7018165697165744,0.1520543363088902,train
2022-04-19,-1.3607922532931598,-1.6143940927444536,0.2536018394512938,train
2022-04-20,-1.1903744556310325,-1.5364185496581817,0.3460440940271492,train
2022-04-21,-1.3613803953780255,-1.5583144442515986,0.19693404887357313,train
2022-04-22,-0.9273643256388857,-1.463851997029783,0.5364876713908973,train
2022-04-25,-1.3941472030186182,-1.2599049053839466,-0.13424229763467155,train
2022-04-26,-0.8759807889088661,-1.3510480880975118,0.47506729918864565,train
2022-04-27,-0.35886948500783605,-1.183647722052156,0.82477823704432,train
2022-04-28,-0.8336994948715485,-0.9899902213509683,0.15629072647941977,train
2022-04-29,-1.0773192695187552,-1.0464288454429862,-0.03089042407576903,train
2022-05-02,-1.1022700575737172,-1.1172007007205647,0.014930643146847444,train
2022-05-03,-0.28677776351247714,-1.0930143613051333,0.8062365977926562,train
2022-05-04,-0.701687872491856,-0.8335393526889513,0.13185148019709525,train
2022-05-05,-0.24870728525698793,-0.946461570176724,0.6977542849197361,train
2022-05-06,-0.898505687080154,-0.7754433752468254,-0.12306231183332861,train
2022-05-09,-1.1936354440771213,-0.9025501008162313,-0.29108534326089,train
2022-05-10,-1.017136955591503,-0.9734042283636466,-0.04373272722785648,train
2022-05-11,-0.5194485931893209,-0.9930950816343354,0.47364648844501445,train
2022-05-12,-1.1824260219015426,-0.8527878212231109,-0.32963820067843164,train
2022-05-13,-1.2669138879558353,-1.0837995872626849,-0.18311430069315038,train
2022-05-16,-0.8275541317367672,-1.145477832090515,0.31792370035374784,train
2022-05-17,-1.2377256477280951,-0.9891595376617162,-0.24856611006637896,train
2022-05-18,-0.9023667097682049,-1.094736596881232,0.19236988711302705,train
2022-05-19,-1.3331154409849488,-1.0452219065645987,-0.28789353442035015,train
2022-05-20,-0.891071468708716,-1.1574918183786862,0.2664203496699702,train
2022-05-23,-0.716908869425075,-1.0185143736520341,0.3016055042269591,train
2022-05-24,-1.21357428189622,-0.9612385455413132,-0.2523357363549069,train
2022-05-25,-1.3685131722397894,-1.0762990169736981,-0.2922141552660913,train
2022-05-26,-1.1903338680329603,-1.1539018554513834,-0.03643201258157691,train
2022-05-27,-1.6390483998388155,-1.103562620503753,-0.5354857793350625,train
2022-05-30,-0.8585032304273376,-1.2888777001523606,0.430374469725023,train
2022-05-31,-1.162392181904663,-1.1227942188923152,-0.03959796301234775,train
2022-06-01,-1.5580563420035116,-1.1888781086727125,-0.36917823333079913,train
2022-06-02,-1.6489775881416227,-1.3020531865425926,-0.34692440159903004,train
2022-06-03,-1.6448933025048975,-1.379873994814548,-0.26501930769034954,train
2022-06-06,-1.532532701918893,-1.3900674319043573,-0.14246527001453568,train
2022-06-07,-1.546765101673996,-1.4398856716106219,-0.10687943006337419,train
2022-06-08,-0.27222731658122157,-1.4853322759118328,1.2131049593306114,train
2022-06-09,-0.7211430694921669,-1.0656115362515919,0.344468466759425,train
2022-06-10,-0.7818102166545201,-1.0811295529632448,0.29931933630872465,train
2022-06-13,-0.9587146962388567,-1.019657642493252,0.060942946254395225,train
2022-06-14,0.09240827567871794,-1.005670567185198,1.0980788428639159,train
2022-06-15,-0.21905718851251987,-0.6002487078524573,0.38119151933993745,train
2022-06-16,-0.6715408748238011,-0.6600967465754236,-0.011444128248377483,train
2022-06-17,-1.468757621696472,-0.7531225296284091,-0.7156350920680629,train
2022-06-20,-1.2884672216962247,-1.0048925961637545,-0.28357462553247026,train
2022-06-21,-1.0856803395674954,-0.9929301167832569,-0.0927502227842385,train
2022-06-22,-0.585597802617269,-1.0555026058029835,0.4699048031857145,train
2022-06-23,-1.0593622014815418,-0.9724802605508116,-0.0868819409307302,train
2022-06-24,-1.4648800471228116,-1.1147312495478598,-0.35014879757495176,train
2022-06-27,-1.2940408254126388,-1.2085707085406279,-0.08547011687201089,train
2022-06-28,-1.181463988521359,-1.1710169102890384,-0.010447078232320495,train
2022-06-29,-0.9247780634162356,-1.1487212578163664,0.22394319440013077,train
2022-06-30,-1.0346822674238976,-1.121320579492357,0.08663831206845951,train
2022-07-01,-1.684537531773262,-1.1428792472497675,-0.5416582845234945,train
2022-07-04,-0.7152641028862818,-1.3134502658934726,0.5981861630071907,train
2022-07-05,-0.6904320379308104,-1.0278666838166928,0.33743464588588234,train
2022-07-06,-0.8894727192554758,-0.9668625602687393,0.07738984101326352,train
2022-07-07,-0.4247529704735009,-1.002130750768598,0.577377780295097,train
2022-07-08,-1.0029816596209828,-0.8274502882750353,-0.17553137134594754,train
2022-07-11,-0.8535072978098691,-0.9065555478128441,0.05304825000297497,train
2022-07-12,0.09534239920654987,-0.8862729139247117,0.9816153131312616,train
2022-07-13,-0.33621047295781287,-0.5872232970050414,0.2510128240472285,train
2022-07-14,-0.7614152529339483,-0.6290884720120198,-0.1323267809219285,train
2022-07-15,-1.0270260353139569,-0.7668750461158903,-0.26015098919806656,train
2022-07-18,-0.4767232142631967,-0.8391236921984613,0.3624004779352646,train
2022-07-19,-0.6081531295269385,-0.6763784324844319,0.0682253029574934,train
2022-07-20,-0.02566318041986144,-0.7607457114709147,0.7350825310510533,train
2022-07-21,-0.41360112157446005,-0.5846200774731158,0.1710189558986558,train
2022-07-22,-0.9123174096398783,-0.6345643442071905,-0.27775306543268774,train
2022-07-25,-0.8583256062769528,-0.7423302752895248,-0.11599533098742798,train
2022-07-26,-0.2968752617724277,-0.7623156746126518,0.46544041284022414,train
2022-07-27,-0.40845952490205656,-0.5920199320025793,0.18356040710052274,train
2022-07-28,-0.4947460471570543,-0.642437054798225,0.1476910076411707,train
2022-07-29,-0.9921198546345253,-0.661897063436464,-0.3302227911980613,train
2022-08-01,-0.7021677837196365,-0.784097185113388,0.08192940139375149,train
2022-08-02,-0.8738063819672028,-0.6996101314010524,-0.1741962505661504,train
2022-08-03,-1.1073962310352943,-0.7822805826379214,-0.32511564839737284,train
2022-08-04,-0.6886951190568922,-0.9037697199907068,0.21507460093381459,train
2022-08-05,-1.4095600712532368,-0.8252214068377808,-0.584338664415456,train
2022-08-08,-1.6995650569632976,-1.0344747748181289,-0.6650902821451687,train
2022-08-09,-0.29917797013651165,-1.2059314099819067,0.9067534398453951,train
2022-08-10,-1.237407939287569,-0.8243230494481094,-0.41308488983945957,train
2022-08-11,-1.3335858253452997,-1.0558611169777605,-0.27772470836753915,train
2022-08-12,-1.4934694230887682,-1.1525461727235031,-0.34092325036526505,train
2022-08-15,-1.2725277254036012,-1.2098796010562047,-0.06264812434739642,train
2022-08-16,-1.147908182706493,-1.126128820337434,-0.021779362369058974,train
2022-08-17,-1.2746732687465983,-1.175921326794102,-0.09875194195249626,train
2022-08-18,-1.5219830589841388,-1.217378072551668,-0.3046049864324707,train
2022-08-19,-1.2758586268590828,-1.3015343243928632,0.025675697533780406,train
2022-08-22,-0.630099543322749,-1.2393195563649182,0.6092200130421692,train
2022-08-23,-0.8682878867099966,-1.0351649792724942,0.1668770925624976,train
2022-08-24,-0.8318602919172295,-1.063975362071091,0.23211507015386146,train
2022-08-25,-0.1868839256255972,-1.0151158113259344,0.8282318857003372,train
2022-08-26,-0.8071168314609225,-0.7445914573840597,-0.06252537407686276,train
2022-08-29,-0.638970590005665,-0.8489277165848603,0.2099571265791953,train
2022-08-30,-0.6839452249844207,-0.8127469495923125,0.12880172460789185,train
2022-08-31,-0.7235329197912503,-0.802875267846974,0.07934234805572371,train
2022-09-01,-0.6986594132696896,-0.8023710006890177,0.10371158741932807,train
2022-09-02,-0.9836770724635159,-0.8411500471301807,-0.14252702533333517,train
2022-09-05,-0.8086632320586526,-0.9212286837488057,0.11256545169015308,train
2022-09-06,-0.7757379676027332,-0.8977977268230164,0.12205975922028323,train
2022-09-07,-0.3352150862532455,-0.8914473588142234,0.556232272560978,train
2022-09-08,-0.6257238608981557,-0.7397166783111538,0.11399281741299816,train
2022-09-09,-0.5033744835547246,-0.8034675643650268,0.30009308081030217,train
2022-09-12,0.2043306125972821,-0.7235244766943709,0.9278550892916531,train
2022-09-13,-0.9219789725692075,-0.4517894934690674,-0.4701894791001401,train
2022-09-14,-1.3536861780151788,-0.7172470587586434,-0.6364391192565354,train
2022-09-15,-0.7860303927843596,-0.9097367378160716,0.12370634503171196,train
2022-09-16,-1.3436928019068863,-0.7898862428107486,-0.5538065590961377,train
2022-09-19,-1.0848300526292962,-0.994986713423758,-0.08984333920553822,train
2022-09-20,-0.006963960808787952,-1.0476666845248404,1.0407027237160524,train
2022-09-21,-0.48736995262832195,-0.7028593143756056,0.21548936174728361,train
2022-09-22,-0.33619519997538444,-0.7329147118476729,0.39671951187228843,train
2022-09-23,0.8504574035278203,-0.651388612002802,1.5018460155306221,train
2022-09-26,-0.3011418695692767,-0.160838185261614,-0.14030368430766268,train
2022-09-27,0.1880448349805287,-0.3553912192135082,0.5434360541940368,train
2022-09-28,0.06210745448569026,-0.21418485710000965,0.2762923115856999,train
2022-09-29,-0.16244578911124208,-0.18534008064583937,0.022894291534597294,train
2022-09-30,-0.24223376046417075,-0.21526442055542325,-0.026969339908747503,train
2022-10-03,-0.5671643593621231,-0.32736835921805474,-0.23979600014406832,train
2022-10-04,-0.5818134030441396,-0.4246450717431973,-0.15716833130094232,train
2022-10-05,-0.6776067485637617,-0.4933791319981596,-0.1842276165656021,train
2022-10-06,-0.49995958159535003,-0.5810513542599318,0.08109177266458178,train
2022-10-07,-0.6154267626317608,-0.5678026793787116,-0.04762408325304912,train
2022-10-10,-0.6199880639207289,-0.6313418030370632,0.011353739116334305,train
2022-10-11,-0.4466793827782446,-0.6371199230948564,0.19044054031661184,train
2022-10-12,0.5344005011237605,-0.5844230596522039,1.1188235607759642,train
2022-10-13,-0.2993103047256805,-0.2454288256985252,-0.05388147902715529,train
2022-10-14,-0.5813991515639293,-0.4116390225515125,-0.16976012901241677,train
2022-10-17,-0.6360778704636998,-0.4646389994911499,-0.1714388709725499,train
2022-10-18,-0.8426924017020274,-0.4769687515838655,-0.36572365011816194,train
2022-10-19,-0.5845555356287769,-0.5547272488455443,-0.029828286783232683,train
2022-10-20,0.11905071275703902,-0.5914134315759411,0.7104641443329801,train
2022-10-21,-0.088895716154714,-0.39046808714475084,0.30157237099003686,train
2022-10-24,-0.7729784425734927,-0.38902588243765346,-0.3839525601358392,train
2022-10-25,-0.7106894233248301,-0.5634305083069254,-0.14725891501790467,train
2022-10-26,-0.4413481163704855,-0.5546911979876871,0.11334308161720158,train
2022-10-27,-0.7692177610434074,-0.4814249488278202,-0.2877928122155872,train
2022-10-28,-1.0366469727179006,-0.648099914695643,-0.38854705802225764,train
2022-10-31,-0.9088992241439918,-0.807887546083688,-0.10101167806030387,train
2022-11-01,0.09349811106642564,-0.7992842948895984,0.8927824059560241,train
2022-11-02,-0.8633343524092987,-0.4923533991486106,-0.3709809532606881,train
2022-11-03,-0.2936001181510963,-0.7536818786067132,0.4600817604556169,train
2022-11-04,-0.5448880729167086,-0.5764533991771803,0.031565326260471704,train
2022-11-07,-0.9036780772353104,-0.588016963052029,-0.31566111418328135,train
2022-11-08,-0.5948450649683243,-0.6744598675918199,0.07961480262349552,train
2022-11-09,0.8916616450068034,-0.6658065736428519,1.5574682186496553,train
2022-11-10,-0.5327186256276574,-0.14819271282318197,-0.3845259128044754,train
2022-11-11,-0.5159395293966612,-0.49790967978190104,-0.018029849614760174,train
2022-11-14,0.5039910392094907,-0.5032338977985651,1.007224937008056,train
2022-11-15,-0.39880240053152616,-0.13223876923692823,-0.2665636312945979,train
2022-11-16,-0.6850634487019273,-0.31967471207029763,-0.36538873663162963,train
2022-11-17,-0.9893869676126751,-0.5290856649155479,-0.4603013026971272,train
2022-11-18,-1.0662307406309064,-0.6420641396381702,-0.4241666009927362,train
2022-11-21,-1.2771233148952523,-0.7150762475196789,-0.5620470673755734,train
2022-11-22,-0.7435988740263964,-0.9408775490680913,0.19727867504169494,train
2022-11-23,-1.261707648106207,-0.857036852977831,-0.404670795128376,train
2022-11-24,-1.2807278380519942,-1.0338366249786959,-0.2468912130732983,train
2022-11-25,-0.6960698577569631,-1.0710580312412532,0.37498817348429014,train
2022-11-28,-0.5908789213605501,-0.9060782847705601,0.31519936341001,train
2022-11-29,-0.3222076284489222,-0.8176250173820883,0.49541738893316606,train
2022-11-30,-0.30177936040889813,-0.7096540147365487,0.4078746543276505,train
2022-12-01,0.04789352965835222,-0.6109987366556523,0.6588922663140045,train
2022-12-02,-0.6203187512375087,-0.41061393303579136,-0.20970481820171732,train
2022-12-05,-1.033580184944373,-0.5544300973469742,-0.47915008759739885,train
2022-12-06,-0.876679332224274,-0.6978210890424902,-0.17885824318178378,train
2022-12-07,-1.3269474241000787,-0.7158595314803221,-0.6110878926197566,train
2022-12-08,-1.1477708543948577,-0.9170637609587026,-0.23070709343615514,train
2022-12-09,-1.3399542483947786,-0.9906798737771592,-0.34927437461761945,train
2022-12-12,-0.2540227528291551,-1.1252147623510174,0.8711920095218623,train
2022-12-13,-0.4928113516025123,-0.8019810367043025,0.3091696851017902,train
2022-12-14,-0.32599342270321885,-0.8217006297085684,0.49570720700534954,train
2022-12-15,-1.0619609301315047,-0.7018609596344514,-0.36009997049705333,train
2022-12-16,-1.1957641456782246,-0.870505261268708,-0.32525888440951667,train
2022-12-19,-0.6670360649134264,-0.8938772405594521,0.22684117564602568,train
2022-12-20,-1.3716070877481952,-0.8063494443552217,-0.5652576433929735,train
2022-12-21,-1.1856878117572518,-1.0513300212836652,-0.13435779047358665,train
2022-12-22,-1.4775470549663432,-1.085656979644349,-0.39189007532199427,train
2022-12-23,-2.542914338792233,-1.1986442958785803,-1.3442700429136527,train
2022-12-26,-1.6029142296199044,-1.5799491439157438,-0.02296508570416056,train
2022-12-27,-1.748661129626681,-1.4527009071699404,-0.2959602224567406,train
2022-12-28,-1.6024481791297018,-1.5322235798836044,-0.07022459924609747,train
2022-12-29,-1.0317028235804455,-1.547854651745378,0.5161518281649324,train
2022-12-30,-1.459918252798292,-1.3843099850478777,-0.07560826775041418,train
2023-01-02,-0.6770417678050435,-1.3973325704840351,0.7202908026789916,train
2023-01-03,-0.8765773316229278,-1.141678770700494,0.2651014390775662,train
2023-01-04,-0.9552039829936629,-1.1112058953000086,0.15600191230634564,train
2023-01-05,-0.4345700455566802,-1.0696217061713094,0.6350516606146291,train
2023-01-06,-1.2643932041157468,-0.8909061684144665,-0.3734870357012804,train
2023-01-09,-1.430888672068298,-1.062984000763626,-0.3679046713046721,train
2023-01-10,-1.4222555961400885,-1.1728275189135213,-0.24942807722656712,train
2023-01-11,-0.34476877842438775,-1.2213065353299422,0.8765377569055544,train
2023-01-12,-1.2054092458520738,-0.9195166432571279,-0.28589260259494587,train
2023-01-13,-1.783744743413025,-1.1951078680376175,-0.5886368753754074,train
2023-01-16,-0.8793761897996285,-1.3914256990717546,0.5120495092721261,train
2023-01-17,-0.7335750357813102,-1.1316614172081885,0.39808638142687824,train
2023-01-18,-1.335576879070832,-1.030472569893516,-0.305104309177316,train
2023-01-19,-1.5473518224041674,-1.2661528486788227,-0.28119897372534464,train
2023-01-20,-1.3167784841257593,-1.3477936086554756,0.03101512452971633,train
2023-01-23,-1.4499515231835947,-1.2539356182836638,-0.19601590489993082,train
2023-01-24,-1.269482518815509,-1.3359988584761013,0.06651633966059234,train
2023-01-25,-1.4735807915148618,-1.3288997500605146,-0.14468104145434713,train
2023-01-26,-1.511589523900774,-1.386835784915853,-0.12475373898492093,train
2023-01-27,-1.6491616466545718,-1.389651830468108,-0.25950981618646374,train
2023-01-30,-1.4344275471442445,-1.451937379786101,0.01750983264185657,train
2023-01-31,-0.9665300292650081,-1.4057505699457629,0.4392205406807548,train
2023-02-01,-0.5092361797966205,-1.265272635003286,0.7560364552066654,train
2023-02-02,-0.20996242703669202,-1.0708479048206487,0.8608854777839567,train
2023-02-03,-1.4938075736859715,-0.8764808713171697,-0.6173267023688018,train
2023-02-06,-0.7821711488177817,-1.163206889102659,0.3810357402848773,train
2023-02-07,-1.4067494012203279,-0.9445078848415269,-0.46224151637880095,train
2023-02-08,-1.5157975723542876,-1.129476052562519,-0.38632151979176865,train
2023-02-09,-1.4434815758893897,-1.2468430179351702,-0.19663855795421958,train
2023-02-10,-1.6816697323342098,-1.3424554087514466,-0.33921432358276316,train
2023-02-13,-0.5352515475110267,-1.4292235866271499,0.8939720391161232,train
2023-02-14,-1.3106897614805209,-1.1360547098436742,-0.17463505163684667,train
2023-02-15,-1.5190448360227415,-1.3000613606298188,-0.21898347539292273,train
2023-02-16,-1.3239366083819102,-1.3553844267174422,0.03144781833553201,train
2023-02-17,-2.492238119516156,-1.3063696849731616,-1.1858684345429944,train
2023-02-20,-1.2050244645548047,-1.6611984020062474,0.45617393745144263,train
2023-02-21,-1.6495766376085075,-1.4226034148176978,-0.22697322279080967,train
2023-02-22,-1.7913306727421092,-1.559178407348596,-0.2321522653935133,train
2023-02-23,-1.4140737596305275,-1.6202802769323235,0.20620651730179596,train
2023-02-24,-1.7593701905768182,-1.5434683150333326,-0.2159018755434856,train
2023-02-27,-1.4155876919605999,-1.5594324724570394,0.14384478049643956,train
2023-02-28,-1.2185841160800333,-1.4985345347524304,0.2799504186723971,train
2023-03-01,-1.5904529954567503,-1.409337409749206,-0.18111558570754438,train
2023-03-02,-1.852160377256159,-1.478237931533463,-0.37392244572269595,train
2023-03-03,-1.7750772413380962,-1.5880495882023817,-0.18702765313571446,train
2023-03-06,-0.7744354855389761,-1.586003571510841,0.8115680859718648,train
2023-03-07,-1.3698951814134013,-1.304393306120409,-0.06550187529299234,train
2023-03-08,-1.6914727508285077,-1.4534563155223157,-0.238016435306192,train
2023-03-09,-0.7378976917653535,-1.5466817759382843,0.8087840841729308,train
2023-03-10,-0.36526854120837465,-1.2190683818939274,0.8537998406855527,train
2023-03-13,-1.1290492519428341,-0.9925993683642432,-0.1364498835785909,train
2023-03-14,-0.41765011987087236,-1.1966239218059413,0.7789738019350689,train
2023-03-15,-0.3954587357628407,-0.9326338028914761,0.5371750671286355,train
2023-03-16,-1.4355064440660406,-0.8083163711428614,-0.6271900729231792,train
2023-03-17,-1.114460759787766,-1.1118463394401152,-0.0026144203476508032,train
2023-03-20,-1.8494003271794082,-1.101597025398706,-0.7478033017807022,train
2023-03-21,-0.3665845905808401,-1.3416404007185079,0.9750558101376678,train
2023-03-22,-1.1452513540230396,-0.9726546704115874,-0.1725966836114522,train
2023-03-23,-0.8388731421007952,-1.2188332224316034,0.3799600803308082,train
2023-03-24,-1.534987881961962,-1.0852143363711966,-0.44977354559076543,train
2023-03-27,-1.7909037546970856,-1.280338955537962,-0.5105647991591236,train
2023-03-28,-1.8024020620071048,-1.33802308058132,-0.4643789814257848,train
2023-03-29,-1.6432872144588018,-1.471489096820658,-0.1717981176381438,train
2023-03-30,-1.4808731158783428,-1.4827261198063404,0.0018530039279975874,train
2023-03-31,-1.267825960225802,-1.5066633147588635,0.23883735453306154,train
2023-04-03,-1.444857424193807,-1.4298681783461353,-0.014989245847671695,train
2023-04-04,-1.68532850389313,-1.4345238133777583,-0.2508046905153718,train
2023-04-05,-2.169591686401704,-1.4781003457207829,-0.6914913406809211,train
2023-04-06,-2.03370017364356,-1.6527465041092217,-0.3809536695343383,train
2023-04-07,-1.9673594735448723,-1.6791909445922828,-0.2881685289525895,train
2023-04-10,-2.0323065525227264,-1.730562619601243,-0.3017439329214835,train
2023-04-11,-0.7342926322460741,-1.8133506147185128,1.0790579824724387,train
2023-04-12,-1.474918745577002,-1.4331349770206936,-0.0417837685563085,train
2023-04-13,-1.370434832063789,-1.5440108418545173,0.1735760097907284,train
2023-04-14,-1.6626067058923708,-1.4705185341924114,-0.1920881716999594,train
2023-04-17,-2.074902462194236,-1.5241784475545626,-0.5507240146396735,train
2023-04-18,-1.7865164357635335,-1.6298960248915983,-0.15662041087193512,train
2023-04-19,-1.634619884834538,-1.6667547140729164,0.032134829238378515,train
2023-04-20,-1.345052864947705,-1.6439623405385053,0.2989094755908004,train
2023-04-21,-1.9849775097169604,-1.5861694488077853,-0.3988080609091751,train
2023-04-24,-1.752600500281359,-1.7718006929703216,0.01920019268896267,train
2023-04-25,-1.0714120930671964,-1.6994570688499115,0.6280449757827151,train
2023-04-26,-1.3193979147608461,-1.4729270068825788,0.1535290921217327,train
2023-04-27,-1.0476439523517564,-1.4959506649389933,0.44830671258723687,train
2023-04-28,-2.044920079198753,-1.398073744959067,-0.6468463342396862,train
2023-05-01,-1.372404943674065,-1.6370075016217107,0.26460255794764564,train
2023-05-02,-1.2816538721546056,-1.446862624990084,0.16520875283547842,train
2023-05-03,-0.8719326610158774,-1.4452668288736688,0.5733341678577913,train
2023-05-04,-1.4685643357674258,-1.3041337352168003,-0.16443060055062553,train
2023-05-05,-2.218337474320037,-1.4768971942040467,-0.7414402801159903,train
2023-05-08,-2.2569559025395325,-1.6653384284768744,-0.5916174740626581,train
2023-05-09,-1.318115995748511,-1.7570133252162305,0.43889732946771964,train
2023-05-10,-1.6252739106027698,-1.5374654049755552,-0.08780850562721465,train
2023-05-11,-2.1734497139762174,-1.6718030955087047,-0.5016466184675128,train
2023-05-12,-2.470863717646431,-1.8778297791533192,-0.593033938493112,train
2023-05-15,-1.9337078273271868,-1.980234607451445,0.04652678012425815,train
2023-05-16,-2.049759629278526,-1.8338880056356701,-0.21587162364285595,train
2023-05-17,-1.9643049244359103,-1.9313031182075693,-0.033001806228341035,train
2023-05-18,-1.6075763815851598,-1.941216361004078,0.3336399794189182,train
2023-05-19,-1.883567080405165,-1.8059295545396319,-0.07763752586553307,train
2023-05-22,-1.9707156013416443,-1.8187816343690282,-0.15193396697261607,train
2023-05-23,-1.7918582025759873,-1.8491825659626542,0.05732436338666691,train
2023-05-24,-1.920919174247846,-1.7825337115464948,-0.13838546270135121,train
2023-05-25,-1.6913564349233614,-1.8101197867666483,0.1187633518432869,train
2023-05-26,-2.6829172031733366,-1.7719843179337682,-0.9109328852395684,train
2023-05-29,-1.674790696948615,-2.0875391802337147,0.4127484832850996,train
2023-05-30,-1.4648540352830313,-1.836254223670175,0.37140018838714384,train
2023-05-31,-1.9039350992723054,-1.751847502345795,-0.15208759692651053,train
2023-06-01,-1.8006048499395673,-1.857094168074654,0.05648931813508673,train
2023-06-02,-1.707833771174992,-1.849119088286553,0.1412853171115609,train
2023-06-05,-2.055421387016665,-1.7486958556197172,-0.3067255313969477,train
2023-06-06,-2.0889532617942494,-1.8696522422261397,-0.21930101956810977,train
2023-06-07,-2.2414590644251113,-1.9325523616242435,-0.30890670280086785,train
2023-06-08,-2.4683709498185613,-1.9980342405703946,-0.47033670924816673,train
2023-06-09,-2.012491617434584,-2.123680931150466,0.1111893137158817,train
2023-06-12,-1.6431322678489957,-2.051017841440492,0.40788557359149613,train
2023-06-13,-1.2394919285167953,-1.9228241017693304,0.683332173252535,train
2023-06-14,-1.2997368938017195,-1.739194092664862,0.4394571988631424,train
2023-06-15,-1.8242021881947392,-1.660412647776529,-0.16378954041821014,train
2023-06-16,-2.345764526059712,-1.7198196934820515,-0.6259448325776606,train
2023-06-19,-1.9322394796546896,-1.8741137763883475,-0.05812570326634203,train
2023-06-20,-2.2368807980944414,-1.8090606679952381,-0.4278201300992033,train
2023-06-21,-2.0149872474576527,-1.973520451721708,-0.041466795735944695,train
2023-06-22,-1.4058266140247866,-1.988000273784182,0.5821736597593954,train
2023-06-23,-2.3281118807456522,-1.8058163628082835,-0.5222955179373687,train
2023-06-26,-1.8710433654241116,-2.020550396382421,0.14950703095830953,train
2023-06-27,-1.8855691077940833,-1.9120699224360416,0.026500814641958303,train
2023-06-28,-1.4873555366954083,-1.8745519700613948,0.3871964333659865,train
2023-06-29,-1.8400306095617913,-1.733116114316063,-0.10691449524572838,train
2023-06-30,-2.0008208752475736,-1.8577248810118716,-0.14309599423570196,train
2023-07-03,-2.723282299837085,-1.8660206055632238,-0.8572616942738613,train
2023-07-04,-1.992722804637213,-2.119635877159013,0.12691307252180017,train
2023-07-05,-1.010123958872276,-1.96482587445467,0.9547019155823941,train
2023-07-06,-1.3327542378959945,-1.6841468291978836,0.35139259130188916,train
2023-07-07,-2.2180026117921012,-1.7036749474915887,-0.5143276643005126,train
2023-07-10,-2.3594999667616148,-1.92638321454588,-0.43311675221573487,train
2023-07-11,-1.300233620253424,-1.9246240790395452,0.6243904587861213,train
2023-07-12,-1.7523079588244508,-1.6105439853008072,-0.14176397352364356,train
2023-07-13,-1.826633515786271,-1.782943801956121,-0.04368971383014997,train
2023-07-14,-2.075295532800501,-1.8514420171718573,-0.22385351562864386,train
2023-07-17,-1.4392716839419082,-1.904297348069235,0.4650256641273267,train
2023-07-18,-1.6286455672707387,-1.6704001415023506,0.041754574231611885,train
2023-07-19,-1.8094064284293534,-1.735634413412775,-0.07377201501657837,train
2023-07-20,-2.132276244177133,-1.7809406196336823,-0.35133562454345046,train
2023-07-21,-1.1135528591194783,-1.8816430815420393,0.768090222422561,train
2023-07-24,-1.9733732754829336,-1.5503030536749591,-0.4230702218079745,train
2023-07-25,-1.4871595423990944,-1.8025849270925314,0.31542538469343695,train
2023-07-26,-0.9245840954146874,-1.6686530694770656,0.7440689740623782,train
2023-07-27,-1.1203708946010682,-1.4485230357264547,0.3281521411253865,train
2023-07-28,-1.903906003765071,-1.3930164750129483,-0.5108895287521227,train
2023-07-31,-1.8055637082653364,-1.6493482303197031,-0.15621547794563329,train
2023-08-01,-1.516243197873995,-1.6111474888960065,0.09490429102201148,train
2023-08-02,-1.4029283140896485,-1.5419124872112118,0.1389841731215633,train
2023-08-03,-1.4081556422506232,-1.5444793139125488,0.1363236716619256,train
2023-08-04,-2.212776732077638,-1.5652344882540583,-0.6475422438235796,train
2023-08-07,-2.1037211770073143,-1.7915340243748499,-0.31218715263246444,train
2023-08-08,-2.044044913475219,-1.802225788643883,-0.24181912483133594,train
2023-08-09,-1.5417361265117913,-1.834482206812572,0.29274608030078064,train
2023-08-10,-1.6890713004408107,-1.722560323003556,0.03348902256274533,train
2023-08-11,-1.8694110635815593,-1.7862604334233203,-0.08315063015823898,train
2023-08-14,-1.5509936688257753,-1.7978127713607963,0.24681910253502104,train
2023-08-15,-2.0035974001026844,-1.6714289127567439,-0.3321684873459405,train
2023-08-16,-2.053930324074357,-1.7708708079775397,-0.28305951609681723,train
2023-08-17,-2.1116500000055094,-1.8358321008718839,-0.27581789913362553,train
2023-08-18,-2.3364977680190586,-1.8928745472658568,-0.4436232207532018,train
2023-08-21,-2.054830574979361,-1.9928261132243277,-0.06200446175503327,train
2023-08-22,-1.0709850571727566,-1.9730217750703323,0.9020367178975757,train
2023-08-23,-2.1384469386132365,-1.661986993878088,-0.4764599447351485,train
2023-08-24,-1.119291169987263,-1.9166078023984485,0.7973166324111856,train
2023-08-25,-2.460453719729019,-1.5883858930001833,-0.8720678267288355,train
2023-08-28,-1.117364870254034,-1.9248359253519092,0.8074710550978752,train
2023-08-29,-1.6699762601068735,-1.5313215891297285,-0.138654670977145,train
2023-08-30,-1.6505004468945659,-1.7099500275135253,0.05944958061895944,train
2023-08-31,-1.035514670963199,-1.659440183518086,0.623925512554887,train
2023-09-01,-2.747034431029828,-1.5052291362128334,-1.2418052948169946,train
2023-09-04,-1.9226182101464186,-1.9393222864616486,0.016704076315229965,train
2023-09-05,-1.6861626505236023,-1.8289155014511989,0.1427528509275966,train
2023-09-06,-2.12975964299778,-1.77017524185226,-0.3595844011455198,train
2023-09-07,-2.297606877386427,-1.9158261582001281,-0.38178071918629897,train
2023-09-08,-2.126640103871917,-2.071785962115474,-0.054854141756442765,train
2023-09-11,-2.0246453454504785,-1.9827861569670127,-0.041859188483465815,train
2023-09-12,-1.7211342843551563,-1.9724012106434845,0.25126692628832825,train
2023-09-13,-1.1088034240953093,-1.9042221700007869,0.7954187459054776,train
2023-09-14,-1.885050811330494,-1.6659774247282277,-0.21907338660226627,train
2023-09-15,-2.5067377526079957,-1.8054228699928523,-0.7013148826151434,train
2023-09-18,-2.3931228835832674,-1.9877585173310912,-0.4053643662521762,train
2023-09-19,-1.2070102987957452,-1.9982856606234929,0.7912753618277477,train
2023-09-20,-1.654373421851579,-1.6665838380080868,0.012210416156507753,train
2023-09-21,-1.1919162630451516,-1.8143257625963278,0.6224094995511762,train
2023-09-22,-2.228172004482176,-1.6465808334171448,-0.581591171065031,train
2023-09-25,-2.1275047449061084,-1.8602294410246478,-0.2672753038814606,train
2023-09-26,-1.716146332511614,-1.824334498140345,0.10818816562873113,train
2023-09-27,-1.2962467285114845,-1.767738820703283,0.47149209219179844,train
2023-09-28,-1.6642612007578712,-1.640828304582506,-0.023432896175365148,train
2023-09-29,-1.6963254897114755,-1.7681406477591184,0.07181515804764294,train
2023-10-02,-1.2620972864371165,-1.727737161742097,0.4656398753049804,train
2023-10-03,-1.5293385161092656,-1.5520223198345964,0.022683803725330742,train
2023-10-04,-1.750486809193859,-1.5827380531224413,-0.1677487560714177,train
2023-10-05,-0.6172517468596801,-1.6728154926984615,1.0555637458387814,train
2023-10-06,-1.8242485788557048,-1.3055604555413594,-0.5186881233143454,train
2023-10-09,-1.7519966396299946,-1.590870547448066,-0.16112609218192864,train
2023-10-10,-1.6239044226245793,-1.612621825948414,-0.01128259667616538,train
2023-10-11,-1.3895234266720182,-1.5861457875181322,0.19662236084611395,train
2023-10-12,-1.8433115196724317,-1.492424998166829,-0.35088652150560273,train
2023-10-13,-1.9288791319526304,-1.7092902676450394,-0.21958886430759095,train
2023-10-16,-1.4672489948655725,-1.7476519485782933,0.28040295371272084,train
2023-10-17,-1.8088391727589805,-1.6111151578374256,-0.1977240149215549,train
2023-10-18,-1.0805861777739287,-1.6984901301926654,0.6179039524187366,train
2023-10-19,-1.7009939351557029,-1.4884839768915166,-0.21250995826418628,train
2023-10-20,-1.8205968825844159,-1.6235642691911356,-0.19703261339328026,train
2023-10-23,-1.5838598132478348,-1.6430639481253935,0.05920413487755871,train
2023-10-24,-2.176709512730527,-1.6036990941010634,-0.5730104186294638,train
2023-10-25,-1.7864204118838751,-1.7726361702017557,-0.013784241682119447,train
2023-10-26,-1.4737457047159983,-1.7432659769081091,0.26952027219211083,train
2023-10-27,-1.8942134392316448,-1.6481209750069477,-0.2460924642246971,train
2023-10-30,-1.2804991591855364,-1.7580652771225946,0.4775661179370583,train
2023-10-31,-1.574993882656159,-1.585302299195889,0.010308416539730025,train
2023-11-01,-1.8091637345824216,-1.5969324942340926,-0.21223124034832908,train
2023-11-02,-1.2268626042657431,-1.658911816714167,0.43204921244842387,train
2023-11-03,-2.2156274592388807,-1.4994019686581819,-0.7162254905806988,train
2023-11-06,-2.097578727027236,-1.7608314279928283,-0.3367472990344078,train
2023-11-07,-2.128762380138706,-1.8245380868117926,-0.30422429332691325,train
2023-11-08,-1.5270787423900873,-1.8853910243240728,0.35831228193398545,train
2023-11-09,-1.9124365390452411,-1.7191069499924247,-0.1933295890528164,train
2023-11-10,-2.2615094456784366,-1.873065157982057,-0.3884442876963796,train
2023-11-13,-0.612724672281664,-1.9671789017266734,1.3544542294450093,train
2023-11-14,-1.789660567589231,-1.4399875013575782,-0.34967306623165273,train
2023-11-15,-1.7193972122679593,-1.677868301528578,-0.04152891073938125,train
2023-11-16,-1.7891288144608026,-1.682027960256375,-0.10710085420442761,train
2023-11-17,-1.91930766418551,-1.6866232979097824,-0.23268436627572764,train
2023-11-20,-2.037433717344787,-1.694874370678302,-0.34255934666648513,train
2023-11-21,-1.6009994415528048,-1.8551116868728226,0.25411224532001775,train
2023-11-22,-2.461147389098292,-1.7353102174257538,-0.725837171672538,train
2023-11-23,-2.2610787872757276,-2.0099986140366832,-0.2510801732390444,train
2023-11-24,-2.2478747201790643,-2.0078535706302447,-0.2400211495488196,train
2023-11-27,-1.7114031668332519,-2.039835162504964,0.32843199567171233,train
2023-11-28,-1.5852360986981584,-1.8897335298017193,0.30449743110356087,train
2023-11-29,-1.3881638954751117,-1.8558615482387406,0.46769765276362896,train
2023-11-30,-1.5225901888522433,-1.7144185139642083,0.19182832511196501,train
2023-12-01,-1.7106213907666925,-1.6776549407777923,-0.03296644998890019,train
2023-12-04,-1.5572910915868297,-1.6709486774519557,0.11365758586512609,train
2023-12-05,-1.9593224905931144,-1.6254669628043346,-0.3338555277887798,train
2023-12-06,-1.754708939972336,-1.748853529045233,-0.005855410927102955,train
2023-12-07,-1.1807663440704343,-1.7312946708144705,0.5505283267440362,train
2023-12-08,-2.103619592517958,-1.5578303825721216,-0.5457892099458364,train
2023-12-11,-1.7363515155371432,-1.811876663351393,0.0755251478142498,train
2023-12-12,-0.8889830965510012,-1.741826502613472,0.8528434060624709,train
2023-12-13,-1.0720300184589504,-1.4346773258848224,0.36264730742587203,train
2023-12-14,-1.3058751611739694,-1.419894642199389,0.11401948102541959,train
2023-12-15,-2.2550773960921524,-1.4795064059517877,-0.7755709901403647,train
2023-12-18,-2.003161508459983,-1.717216443220756,-0.285945065239227,train
2023-12-19,-2.087845630357476,-1.6860019082700657,-0.4018437220874105,train
2023-12-20,-1.9511658421635674,-1.8161716373654058,-0.1349942047981616,train
2023-12-21,-1.8506885530554753,-1.86362712091002,0.012938567854544614,train
2023-12-22,-2.5542617536496426,-1.8928211100398253,-0.6614406436098172,train
2023-12-26,-2.028605793248019,-2.0825703434074305,0.053964550159411484,train
2023-12-27,-1.5140189652416933,-1.9615748500097345,0.4475558847680412,train
2023-12-28,-1.8448753003463745,-1.783084546086019,-0.06179075426035552,train
2023-12-29,-1.8138621173372058,-1.8509015030624876,0.03703938572528176,train
2024-01-02,-1.660627919254919,-1.8430071966904509,0.18237927743553195,test
2024-01-03,-2.116584570233878,-1.7297629115727116,-0.38682165866116636,test
2024-01-04,-0.9773058349776852,-1.849114746517656,0.8718089115399709,test
2024-01-05,-2.2165587921550376,-1.5305680693659955,-0.685990722789042,test
2024-01-08,-1.9650362237732089,-1.8562557261629358,-0.10878049761027309,test
2024-01-09,-2.220132401367775,-1.8122928882117728,-0.4078395131560022,test
2024-01-10,-1.3266483284522752,-1.9268861309786078,0.6002378025263326,test
2024-01-11,-1.8352694459545724,-1.6516686639488525,-0.18360078200571994,test
2024-01-12,-2.6267379696955424,-1.8433192268710266,-0.7834187428245158,test
2024-01-15,-1.6317779387705909,-2.072286047144127,0.44050810837353604,test
2024-01-16,-1.9230269493609335,-1.8219348280809038,-0.10109212128002976,test
2024-01-17,-1.915781336240554,-1.8713999781187243,-0.04438135812182975,test
2024-01-18,-2.2682303892175093,-1.930072054591493,-0.3381583346260164,test
2024-01-19,-2.219978989595345,-2.050447329565454,-0.16953166002989084,test
2024-01-22,-2.103228555633359,-2.0048801770100324,-0.09834837862332657,test
2024-01-23,-1.623778573181516,-2.021044631145003,0.39726605796348724,test
2024-01-24,-1.6102979316090793,-1.8801161349904043,0.269818203381325,test
2024-01-25,-1.9101990321556954,-1.8465876665779788,-0.06361136557771663,test
2024-01-26,-2.247734977424327,-1.8757057116857716,-0.37202926573855555,test
2024-01-29,-2.2082179559123483,-1.9581876583845046,-0.25003029752784367,test
2024-01-30,-1.032816131277317,-1.9664473008115828,0.9336311695342658,test
2024-01-31,-1.7941069946303623,-1.633796927273286,-0.1603100673570763,test
2024-02-01,-0.7173430471540683,-1.8250561448496518,1.1077130976955836,test
2024-02-02,-2.062141680088363,-1.4589391577046031,-0.6032025223837598,test
2024-02-05,-2.2793854473939152,-1.7502500292995842,-0.5291354180943311,test
2024-02-06,-2.3930788084798373,-1.8212244974544207,-0.5718543110254166,test
2024-02-07,-2.512110346870263,-1.972796337580982,-0.539314009289281,test
2024-02-08,-2.2892857294570006,-2.0714546964682015,-0.21783103298879913,test
2024-02-09,-2.5653846413001324,-2.16377021114431,-0.40161443015582243,test
2024-02-12,-0.7899282893598745,-2.2867695849658864,1.496841295606012,test
2024-02-13,-2.457192208892851,-1.7321580152230305,-0.7250341936698206,test
2024-02-14,-2.3400311011585666,-2.1188826506985343,-0.2211484504600323,test
2024-02-15,-2.0544773283701603,-2.0843208123435804,0.02984348397342007,test
2024-02-16,-3.219636979453857,-1.9989182524877003,-1.2207187269661568,test
2024-02-19,-2.397402057610838,-2.3404896501431063,-0.05691240746773163,test
2024-02-20,-2.6049879649100665,-2.2990783579988006,-0.3059096069112659,test
2024-02-21,-1.7881981963668119,-2.3644847145831354,0.5762865182163235,test
2024-02-22,-2.5680575616177257,-2.123311213669614,-0.4447463479481115,test
2024-02-23,-2.707211600118096,-2.3596048847431894,-0.3476067153749067,test
2024-02-26,-2.6884707831376784,-2.3573657366390135,-0.3311050464986649,test
2024-02-27,-2.651533812998501,-2.388232687909307,-0.2633011250891939,test
2024-02-28,-2.2089943307219984,-2.3885154784346607,0.17952114771266237,test
2024-02-29,-2.3280562695770097,-2.3251150236503375,-0.00294124592667222,test
2024-03-01,-2.8237825917898314,-2.345222064723914,-0.47856052706591745,test
2024-03-04,-2.463617710063996,-2.481197327154638,0.017579617090641708,test
2024-03-05,-2.7857213739771045,-2.397716394436784,-0.3880049795403204,test
2024-03-06,-2.0430974178798147,-2.491986280895202,0.44888886301538733,test
2024-03-07,-1.9083792624676421,-2.3037614567226643,0.3953821942550222,test
2024-03-08,-2.854511690141185,-2.22928423564833,-0.6252274544928551,test
2024-03-11,-2.4321731500600356,-2.4531575360007483,0.020984385940712613,test
2024-03-12,-2.9920878515250484,-2.3549384282492025,-0.6371494232758459,test
2024-03-13,-2.5371939254670672,-2.5070263838603486,-0.03016754160671864,test
2024-03-14,-2.9263759765462143,-2.4670721007135947,-0.45930387583261956,test
2024-03-15,-3.227711576978125,-2.654115767678601,-0.5735958092995239,test
2024-03-18,-3.0583713933448755,-2.7671588875442503,-0.2912125058006252,test
2024-03-19,-1.6906904894866062,-2.7964061982869963,1.1057157088003902,test
2024-03-20,-2.3013410699419983,-2.3470580979923854,0.04571702805038713,test
2024-03-21,-2.717875828405566,-2.4647755878664825,-0.25310024053908364,test
2024-03-22,-2.8207279205527547,-2.542754779849719,-0.2779731407030357,test
2024-03-25,-2.828120127834139,-2.5410288772081797,-0.2870912506259593,test
2024-03-26,-3.060299154729956,-2.5247469566454885,-0.5355521980844675,test
2024-03-27,-2.297785664269809,-2.7063563947008076,0.40857073043099845,test
2024-03-28,-3.0405760083894102,-2.52656683199286,-0.5140091763965504,test
2024-03-29,-2.391315040087732,-2.7307811228387107,0.3394660827509788,test
2024-04-01,-2.376476502029949,-2.544775733574188,0.1682992315442391,test
2024-04-02,-2.376039156329418,-2.5009131038745904,0.12487394754517256,test
2024-04-03,-2.687305674641745,-2.4336639752606786,-0.2536416993810664,test
2024-04-04,-1.5093302565087579,-2.5430062405543112,1.0336759840455534,test
2024-04-05,-2.7680511096021743,-2.119188225138285,-0.6488628844638891,test
2024-04-08,-2.8244786249358786,-2.4505426914416146,-0.373935933494264,test
2024-04-09,-0.5136282686098731,-2.51446388898364,2.000835620373767,test
2024-04-10,-1.6378589998951005,-1.7885069416479251,0.1506479417528246,test
2024-04-11,-2.0029443453739395,-1.9424393517225507,-0.06050499365138884,test
2024-04-12,-1.7779206270509071,-2.059957280619921,0.28203665356901375,test
2024-04-15,-1.642733855998125,-1.909874357260959,0.26714050126283406,test
2024-04-16,-1.8703384521512447,-1.7571304046026779,-0.11320804754856684,test
2024-04-17,-2.345356485947722,-1.9172948949719177,-0.4280615909758041,test
2024-04-18,-1.812029676401705,-2.0825733230150156,0.27054364661331065,test
2024-04-19,-2.409842834785817,-1.9441521522957512,-0.46569068249006595,test
2024-04-22,-1.458063664687309,-2.139997093828603,0.6819334291412937,test
2024-04-23,-2.3822996670491383,-1.8905419292406633,-0.491757737808475,test
2024-04-24,-1.9507775422487421,-2.144297905220177,0.19352036297143482,test
2024-04-25,-2.164678543254207,-1.9995388896076258,-0.165139653646581,test
2024-04-26,-2.1342683570150287,-2.0705987209587025,-0.06366963605632625,test
2024-04-29,-1.7252059362732723,-2.0367622469579865,0.3115563106847141,test
2024-04-30,-1.6430019624403698,-1.9523076159407746,0.30930565350040484,test
2024-05-01,-1.892097568892475,-1.8579102105916527,-0.03418735830082231,test
2024-05-02,-1.138564218095997,-1.9043326714146107,0.7657684533186138,test
2024-05-03,-3.0732787249775124,-1.6242609218423503,-1.4490178031351622,test
2024-05-06,-2.6989114013851765,-2.15805906342634,-0.5408523379588366,test
2024-05-07,-3.0945467708411885,-2.1738647238346207,-0.9206820470065677,test
2024-05-08,-2.491424375670532,-2.4001435765193677,-0.09128079915116416,test
2024-05-09,-2.7414722389473636,-2.3123276615364157,-0.4291445774109479,test
2024-05-10,-3.0060394702512836,-2.5402888087881235,-0.46575066146316013,test
2024-05-13,-2.453928960603899,-2.610307371360353,0.15637841075645387,test
2024-05-14,-1.8762623606545126,-2.466370023505005,0.5901076628504924,test
2024-05-15,-2.8058584725045885,-2.224246024716426,-0.5816124477881623,test
2024-05-16,-2.8295414010995605,-2.4793010740863592,-0.3502403270132013,test
2024-05-17,-3.1610946697351254,-2.503514012168556,-0.6575806575665695,test
2024-05-20,-2.833934297307724,-2.6028836717663433,-0.23105062554138067,test
2024-05-21,-2.711338747892082,-2.573748110710142,-0.13759063718193998,test
2024-05-22,-2.1038930130593063,-2.6247957538472697,0.5209027407879634,test
2024-05-23,-3.125469107706012,-2.4288585339121784,-0.6966105737938335,test
2024-05-24,-2.9599416994507735,-2.698632691937433,-0.2613090075133404,test
2024-05-27,-3.005628799798195,-2.653708396707574,-0.3519204030906211,test
2024-05-28,-2.3259145441417277,-2.689235981648661,0.36332143750693335,test
2024-05-29,-2.6527414816584085,-2.500336468786066,-0.15240501287234265,test
2024-05-30,-2.34041391234995,-2.6356256560927203,0.29521174374277015,test
2024-05-31,-2.3581734738088675,-2.5004855770833587,0.14231210327449118,test
2024-06-03,-2.587196673120069,-2.4551734021703497,-0.13202327094971933,test
2024-06-04,-2.424007413123551,-2.4860541159385074,0.0620467028149565,test
2024-06-05,-2.394148234561597,-2.450192938935947,0.05604470437434994,test
2024-06-06,-1.0423788848167495,-2.4164370698372726,1.3740581850205231,test
2024-06-07,-2.4268089452941646,-1.965167108868882,-0.46164183642528256,test
2024-06-10,-2.2873077911368704,-2.2885418537676596,0.0012340626307891789,test
2024-06-11,-1.009135609087743,-2.2241838874929987,1.2150482784052556,test
2024-06-12,-1.937668198840749,-1.7798268706839713,-0.15784132815677765,test
2024-06-13,-1.945151333428349,-1.945780304731346,0.0006289713029969946,test
2024-06-14,-2.472238658038148,-2.0302256389916553,-0.4420130190464926,test
2024-06-17,-2.2401398903688663,-2.1516213913705653,-0.088518498998301,test
2024-06-18,-2.944633022192223,-2.0874245540817657,-0.857208468110457,test
2024-06-19,-2.4674951124459685,-2.4224488624959966,-0.04504624994997197,test
2024-06-20,-1.88692533063642,-2.356875099235066,0.469949768598646,test
2024-06-21,-2.7338800461647255,-2.2090228985818903,-0.5248571475828352,test
2024-06-24,-2.8508159118335787,-2.43431880813112,-0.41649710370245874,test
2024-06-25,-2.359027240524619,-2.5135175796611073,0.15449033913648824,test
2024-06-26,-2.473887395244482,-2.3406866349801234,-0.13320076026435856,test
2024-06-27,-2.221575369067937,-2.3616630408285144,0.14008767176057724,test
2024-06-28,-2.1154368462414346,-2.3329378591712078,0.2175010129297732,test
2024-07-01,-2.5975812690787285,-2.246387571826028,-0.35119369725270033,test
2024-07-02,-2.274933148161246,-2.336991571050757,0.062058422889511355,test
2024-07-03,-3.325550887608879,-2.2543408410169103,-1.0712100465919687,test
2024-07-04,-2.350686646918031,-2.5811781886409593,0.23049154172292807,test
2024-07-05,-2.4618421329307156,-2.368242310033622,-0.09359982289709379,test
2024-07-08,-2.9213124097665237,-2.425971215760572,-0.49534119400595156,test
2024-07-09,-3.376816855554558,-2.58197252420536,-0.7948443313491982,test
2024-07-10,-1.4330471516067376,-2.797263194771658,1.3642160431649204,test
2024-07-11,-2.792975746251869,-2.1695655557292337,-0.6234101905226352,test
2024-07-12,-2.6777368608852683,-2.542009283609797,-0.13572757727547113,test
2024-07-15,-2.7382568193210233,-2.543466325050626,-0.1947904942703973,test
2024-07-16,-2.599733116180696,-2.5496579437931866,-0.05007517238750925,test
2024-07-17,-2.9127225237293497,-2.4487422636918037,-0.463980260037546,test
2024-07-18,-2.9073535200440626,-2.6624886094207754,-0.2448649106232872,test
2024-07-19,-2.910088741065777,-2.67122000530856,-0.238868735757217,test
2024-07-22,-2.860247045537933,-2.6979150086437262,-0.16233203689420694,test
2024-07-23,-2.6738103960913997,-2.7084844260989356,0.03467403000753588,test
2024-07-24,-2.3218149444759333,-2.6717274360805705,0.3499124916046372,test
2024-07-25,-2.908944885886601,-2.5313204705642316,-0.37762441532236934,test
2024-07-26,-2.843176473958143,-2.6724526268415993,-0.17072384711654376,test
2024-07-29,-2.730389899884519,-2.6554281244850992,-0.07496177539941984,test
2024-07-30,-2.039110184229418,-2.6234621083671485,0.5843519241377306,test
2024-07-31,-2.0038472014918103,-2.4062663267677338,0.4024191252759235,test
2024-08-01,-1.498308938382946,-2.3626320358669606,0.8643230974840146,test
2024-08-02,-0.8998655526047304,-2.1097737856556495,1.209908233050919,test
2024-08-05,-2.170097443866349,-1.7686947146384815,-0.4014027292278677,test
2024-08-06,-2.480295051366712,-2.007452155652772,-0.47284289571394034,test
2024-08-07,-2.1087505646989526,-2.1189324683937936,0.010181903694840955,test
2024-08-08,-3.0620414078022224,-2.0340152000662655,-1.028026207735957,test
2024-08-09,-2.873125725130024,-2.391310929551381,-0.48181479557864293,test
2024-08-12,-2.476829853227077,-2.543251050416512,0.06642119718943507,test
2024-08-13,-2.173873080034644,-2.476551825498276,0.30267874546363194,test
2024-08-14,-1.6890814261199036,-2.373512207137551,0.6844307810176473,test
2024-08-15,-3.069673992857569,-2.212313427744487,-0.857360565113082,test
2024-08-16,-2.5020638191892295,-2.5352771125837053,0.03321329339447576,test
2024-08-19,-2.530332157121878,-2.366651655188535,-0.16368050193334316,test
2024-08-20,-1.9579989357236587,-2.373761753405274,0.4157628176816155,test
2024-08-21,-2.0207118449097305,-2.2120545843237736,0.191342739414043,test
2024-08-22,-1.3547471173910821,-2.2471233705031595,0.8923762531120774,test
2024-08-23,-2.516946595371239,-1.9237108997384376,-0.5932356956328013,test
2024-08-26,-2.475773868018383,-2.1941003287068885,-0.28167353931149464,test
2024-08-27,-2.001029827457172,-2.174825787333278,0.17379595987610585,test
2024-08-28,-1.3759463631647346,-2.06026428506972,0.6843179219049853,test
2024-08-29,-2.0602076000706027,-1.8429890404291691,-0.21721855964143355,test
2024-08-30,-2.7213326139282934,-2.0643761955247277,-0.6569564184035657,test
2024-09-02,-2.227797277569928,-2.2427907075160176,0.014993429946089432,test
2024-09-03,-2.0642306817900558,-2.1151607110252377,0.05093002923518197,test
2024-09-04,-2.0421321836695285,-2.0964287396911767,0.05429655602164818,test
2024-09-05,-1.2278426505505893,-2.150392452895894,0.9225498023453049,test
2024-09-06,-2.4530057948057857,-1.8737909370171202,-0.5792148577886655,test
2024-09-09,-2.78416120204685,-2.134603510798285,-0.6495576912485652,test
2024-09-10,-1.990622664291716,-2.258021208583824,0.26739854429210785,test
2024-09-11,-2.0898348401025304,-2.0592213596339044,-0.030613480468625998,test
2024-09-12,-2.8216814762125813,-2.081981846090665,-0.7396996301219163,test
2024-09-13,-2.606707256976111,-2.4019845951433885,-0.2047226618327227,test
2024-09-16,-2.409235559546771,-2.3768917306609163,-0.03234382888585463,test
2024-09-17,-1.0268083428487194,-2.2900934405243025,1.2632850976755832,test
2024-09-18,-1.6665673611739846,-1.8686084720771914,0.20204111090320676,test
2024-09-19,-2.277133667923898,-1.9673678614028058,-0.3097658065210922,test
2024-09-20,-1.773391199181602,-2.061709278281371,0.2883180790997688,test
2024-09-23,-2.359132123709728,-1.8676207739477177,-0.4915113497620103,test
2024-09-24,-2.0410582031974256,-2.0088489167052397,-0.03220928649218591,test
2024-09-25,-1.4033917215813156,-2.022542262245401,0.6191505406640854,test
2024-09-26,-1.6160505100393208,-1.8401883874317726,0.22413787739245183,test
2024-09-27,-1.4966811019252466,-1.824676297545111,0.32799519561986434,test
2024-09-30,-1.8044235342172006,-1.7735060509142675,-0.03091748330293309,test
2024-10-01,-2.2095047898447127,-1.7909341293989391,-0.4185706604457735,test
2024-10-02,-2.353958407879037,-1.8934813409595992,-0.460477066919438,test
2024-10-03,-1.0894568181453488,-2.014358005370499,0.92490118722515,test
2024-10-04,-2.221667219185705,-1.6652646001250886,-0.5564026190606166,test
2024-10-07,-2.5196985156583676,-1.993055734570145,-0.5266427810882226,test
2024-10-08,-2.498419936511527,-2.1409359642305015,-0.3574839722810257,test
2024-10-09,-1.8122993918838295,-2.1627882089700594,0.3504888170862299,test
2024-10-10,-2.252096055543496,-1.9451583491482551,-0.30693770639524076,test
2024-10-11,-2.604694643743843,-2.154619408527517,-0.450075235216326,test
2024-10-14,-2.644002270299981,-2.276134735391844,-0.36786753490813684,test
2024-10-15,-2.720311205261886,-2.294447183004336,-0.4258640222575498,test
2024-10-16,-1.7321853433097516,-2.3333878903054344,0.6012025469956828,test
2024-10-17,-2.822961344645162,-2.0916285250140243,-0.7313328196311377,test
2024-10-18,-3.011778659615816,-2.4140842425680287,-0.5976944170477871,test
2024-10-21,-2.6657398857233106,-2.5095108713709733,-0.15622901435233727,test
2024-10-22,-2.605619546602844,-2.436399920834415,-0.16921962576842864,test
2024-10-23,-2.125016438699124,-2.4215377996658054,0.29652136096668125,test
2024-10-24,-2.745610280088727,-2.344219219216018,-0.4013910608727089,test
2024-10-25,-2.7203730972009175,-2.4876064059058387,-0.23276669129507876,test
2024-10-28,-2.012805099859698,-2.4701597435608247,0.45735464370112666,test
2024-10-29,-1.7103406279171816,-2.2528857139177894,0.5425450860006078,test
2024-10-30,-2.082646506757799,-2.1045673656498063,0.021920858892007455,test
2024-10-31,-1.6516742260575479,-2.189330795030727,0.5376565689731791,test
2024-11-01,-2.1472494307822934,-1.9848019312291263,-0.16244749955316706,test
2024-11-04,-2.801992755614259,-2.0442369568353587,-0.7577557987789003,test
2024-11-05,0.00038277958098551445,-2.285457313098165,2.2858400926791504,test
2024-11-06,-0.9959566813635796,-1.461749984182326,0.4657933028187464,test
2024-11-07,-1.5970236272505134,-1.5747392031002692,-0.02228442415024423,test
2024-11-08,-1.6542363915313596,-1.6976545490237964,0.043418157492436826,test
2024-11-11,-1.9254352985072154,-1.6642590362355771,-0.26117626227163826,test
2024-11-12,-1.137236367197137,-1.6432828325217397,0.5060464653246026,test
2024-11-13,-1.1801466156600637,-1.5490889200858875,0.36894230442582376,test
2024-11-14,-1.271232211787166,-1.559209729223129,0.2879775174359631,test
2024-11-15,-1.898355373649537,-1.5342621627180002,-0.3640932109315369,test
2024-11-18,-1.2029781429376847,-1.7022804605331827,0.49930231759549804,test
2024-11-19,-1.7419953883383164,-1.4588283412748053,-0.28316704706351103,test
2024-11-20,-1.3854971269077745,-1.6232172382611632,0.23772011135338866,test
2024-11-21,0.16558083975573593,-1.5456169210973054,1.7111977608530413,test
2024-11-22,-0.9604178339248213,-1.0279056593350575,0.06748782541023624,test
2024-11-25,-0.7217000955645658,-1.1882051064832226,0.4665050109186568,test
2024-11-26,-1.0069721650033205,-1.0669580406848733,0.05998587568155278,test
2024-11-27,-1.8703895126922458,-1.0464759892451336,-0.8239135234471122,test
2024-11-28,-1.3879917673138273,-1.2871373524639582,-0.10085441484986912,test
2024-11-29,-0.9671654995891019,-1.313786232002449,0.346620732413347,test
2024-12-02,-1.5313576452006301,-1.2052387065143844,-0.32611893868624575,test
2024-12-03,-1.3772698626590105,-1.4069271363499716,0.02965727369096105,test
2024-12-04,-1.5109064887262018,-1.3965095928512388,-0.11439689587496304,test
2024-12-05,-1.0643074651291635,-1.3800490715693745,0.315741606440211,test
2024-12-06,-1.8037344232043302,-1.2600904496649552,-0.543643973539375,test
2024-12-09,-1.9503449381336204,-1.514887211584207,-0.4354577265494135,test
2024-12-10,-1.4848234754433667,-1.5905558016090824,0.1057323261657157,test
2024-12-11,-1.4180368357277253,-1.4915299565037266,0.07349312077600123,test
2024-12-12,-1.7598001742475606,-1.462062255445593,-0.29773791880196754,test
2024-12-13,-1.6207843417623784,-1.6106655870972975,-0.010118754665080942,test
2024-12-16,-2.03123912447132,-1.5670912692555423,-0.46414785521577784,test
2024-12-17,-0.48268347628916036,-1.677218374305647,1.1945348980164867,test
2024-12-18,-1.1610536501918365,-1.2147801827795335,0.053726532587696996,test
2024-12-19,-1.3180169184372983,-1.3467365843202663,0.028719665882968037,test
2024-12-20,-1.742316604003717,-1.3379061529216123,-0.4044104510821047,test
2024-12-23,-2.1677852294868067,-1.4503697995552347,-0.717415429931572,test
2024-12-24,-2.6542801461005205,-1.5866790291151047,-1.0676011169854158,test
2024-12-26,-2.182033642161086,-1.91455300961281,-0.26748063254827614,test
2024-12-27,-1.4076074025871146,-1.9152197537320192,0.5076123511449047,test
2024-12-30,-1.9431708272853363,-1.7500442718032572,-0.19312655548207913,test
2024-12-31,-0.8284130954541522,-1.892062986695464,1.0636498912413117,test
2025-01-02,-1.9371563206787794,-1.5082343126265456,-0.4289220080522338,test
2025-01-03,-0.33299041552701714,-1.7086076085079511,1.375617192980934,test
2025-01-06,-1.2025802815941207,-1.1589621857212278,-0.04361809587289289,test
2025-01-07,-1.4130357288291804,-1.3380477312432935,-0.07498799758588692,test
2025-01-08,-2.146035691808735,-1.3371438929144814,-0.8088917988942537,test
2025-01-09,-0.09181932449519799,-1.6372135572408513,1.5453942327456534,test
2025-01-10,-1.2348859042371807,-0.9787996038192638,-0.2560863004179169,test
2025-01-13,-1.2546986546974015,-1.3150842793708968,0.060385624673495286,test
2025-01-14,-0.9952268832645533,-1.3217782694538753,0.326551386189322,test
2025-01-15,-1.2808761029100695,-1.2195223173265695,-0.06135378558350002,test
2025-01-16,-1.4627186382475073,-1.2011873732021474,-0.26153126504535984,test
2025-01-17,0.16689491547635235,-1.3656117202560094,1.5325066357323618,test
2025-01-20,-0.7686433976296074,-0.8394892392649793,0.07084584163537189,test
2025-01-21,-1.5062920169228124,-1.0133824918188226,-0.4929095251039899,test
2025-01-22,-1.8365446985883682,-1.2330235316577205,-0.6035211669306477,test
2025-01-23,-1.35788035179769,-1.365121603211944,0.007241251414253913,test
2025-01-24,-1.5475521791672162,-1.2413807112948798,-0.3061714678723364,test
2025-01-27,-1.412263292155667,-1.4335954171283767,0.021332124972709643,test
2025-01-28,-1.4752683393177988,-1.4470009458258424,-0.028267393491956394,test
2025-01-29,-0.7344268699264962,-1.4507075570574635,0.7162806871309673,test
2025-01-30,-0.8784292877787654,-1.1729924336789657,0.2945631459002003,test
2025-01-31,0.13287006238147478,-1.1505652064460103,1.283435268827485,test
2025-02-03,-1.3286179250731187,-0.755015988351299,-0.5736019367218197,test
2025-02-04,-1.6432505952144714,-1.076146484120559,-0.5671041110939123,test
2025-02-05,-1.8712335556948205,-1.1783625113687521,-0.6928710443260684,test
2025-02-06,-0.7505146295596858,-1.3414215618931942,0.5909069323335083,test
2025-02-07,-1.8167805372963015,-1.0650423283795367,-0.7517382089167648,test
2025-02-10,-2.2880574481679563,-1.4831481466412242,-0.8049093015267321,test
2025-02-11,-0.8306212475663817,-1.703135547259543,0.8725142996931614,test
2025-02-12,-0.9297208810662869,-1.2901894637289968,0.36046858266270987,test
2025-02-13,-1.8754018929752703,-1.223820961641003,-0.6515809313342673,test
2025-02-14,-2.538873461048223,-1.5529613889196854,-0.9859120721285375,test
2025-02-17,-2.1240331604381986,-1.7849864556185702,-0.3390467048196284,test
2025-02-18,-2.156964133785075,-1.6822800525555452,-0.47468408122952965,test
2025-02-19,-1.971472587633197,-1.8363631058749867,-0.13510948175821036,test
2025-02-20,-1.7597152573526205,-1.9018614214632712,0.14214616411065073,test
2025-02-21,-1.5427883728861067,-1.8455874177641352,0.30279904487802844,test
2025-02-24,-1.8555921928098065,-1.7020549105321245,-0.15353728227768193,test
2025-02-25,-1.5083345015930814,-1.7551007208827734,0.246766219289692,test
2025-02-26,-1.5621929907974224,-1.6160462365732615,0.053853245775839165,test
2025-02-27,-1.5436874411415233,-1.5929433276727765,0.049255886531253124,test
2025-02-28,-1.3886930376046138,-1.5698525137911203,0.18115947618650652,test
2025-03-03,-0.8990110085218087,-1.5276298194791047,0.628618810957296,test
2025-03-04,-0.4526750528190718,-1.3285906701724985,0.8759156173534268,test
2025-03-05,-0.5513043837809499,-1.136859274187466,0.585554890406516,test
2025-03-06,-0.680281579108556,-1.0590011340042305,0.37871955489567444,test
2025-03-07,-0.7871948775091197,-0.9994127718438539,0.21221789433473426,test
2025-03-10,-1.037716837686339,-0.957173531030765,-0.08054330665557408,test
2025-03-11,-1.4854989167821928,-1.030513746371395,-0.4549851704107979,test
2025-03-12,-1.3863510839958146,-1.223361828669914,-0.1629892553259007,test
2025-03-13,-1.2879816021119443,-1.2662677675214808,-0.0217138345904635,test
2025-03-14,-1.9849221345502177,-1.303988513859207,-0.6809336206910106,test
2025-03-17,-1.682284751279615,-1.5845966641931468,-0.09768808708646826,test
2025-03-18,-1.2315682330039412,-1.5714529155370047,0.3398846825330635,test
2025-03-19,-1.4867465760055563,-1.4302224144148867,-0.05652416159066953,test
2025-03-20,-1.688723394298161,-1.490763717590681,-0.19795967670748005,test
2025-03-21,-1.4119709673731462,-1.5682548360478115,0.15628386867466526,test
2025-03-24,-1.961347077378588,-1.4464112222842898,-0.5149358550942982,test
2025-03-25,-1.8333159787149944,-1.6001491886226036,-0.23316679009239083,test
2025-03-26,-1.4835820575268317,-1.6286441551716444,0.1450620976448127,test
2025-03-27,-1.6332874823206682,-1.543875684790317,-0.08941179753035122,test
2025-03-28,-1.3194009329119691,-1.5746205158057263,0.2552195828937571,test
2025-03-31,-1.53932117187105,-1.4914188471680856,-0.047902324702964405,test
2025-04-01,-0.7142722404721331,-1.5035531132050797,0.7892808727329466,test
2025-04-02,0.28326201438803567,-1.2049531845835721,1.488215198971608,test
2025-04-03,0.11096195751827184,-0.8022354936610148,0.9131974511792866,test
2025-04-04,0.1680380196973864,-0.6771200247395872,0.8451580444369736,test
2025-04-07,-0.5222659967930072,-0.5209020323324783,-0.001363964460528888,test
2025-04-08,0.5535321828184618,-0.585295039355537,1.1388272221739988,test
2025-04-09,0.0751135089784068,-0.20812921815702748,0.2832427271354343,test
2025-04-10,1.04101823945042,-0.32436446247801015,1.3653827019284301,test
2025-04-11,-0.18466967980559484,0.010235914089995031,-0.19490559389558987,test
2025-04-14,-0.6269576880974168,-0.28969949785899024,-0.33725819023842657,test
2025-04-15,-0.6752835001454651,-0.3933250982489441,-0.281958401896521,test
2025-04-16,-0.9982094597930574,-0.50125284066877,-0.49695661912428746,test
2025-04-17,-2.301494649762614,-0.6651449507092991,-1.6363496990533148,test
2025-04-18,-0.5009200340395286,-1.279839457717781,0.7789194236782524,test
2025-04-21,-0.7267431976696938,-0.8840501658172875,0.1573069681475937,test
2025-04-22,-0.011264083426872972,-0.934146832161213,0.92288274873434,test
2025-04-23,-1.1655878340831367,-0.6938486043747496,-0.4717392297083871,test
2025-04-24,-1.2915192648552811,-0.9651366204288785,-0.32638264442640263,test
2025-04-25,-1.1036270998656417,-0.8962769996393559,-0.20735010022628575,test
2025-04-28,-1.0484009278144542,-0.9035792307006765,-0.14482169711377768,test
2025-04-29,-1.1129752346013555,-0.9135254288991479,-0.1994498057022076,test
2025-04-30,-1.1229753529631685,-1.0260443611042767,-0.09693099185889187,test
2025-05-01,-0.893908013154221,-1.0197928227259097,0.12588480957168868,test
2025-05-02,-1.4115555088196288,-0.933122200221794,-0.4784333085978347,test
2025-05-05,-1.19791632836503,-1.0989773903504407,-0.0989389380145893,test
2025-05-06,-0.8204310581195267,-1.0782083028704035,0.2577772447508768,test
2025-05-07,-0.9592483216933106,-0.9760886868392068,0.016840365145896152,test
2025-05-08,-1.7027094596471193,-0.998009849083162,-0.7046996105639572,test
2025-05-09,-0.3889806460292715,-1.2674913323578019,0.8785106863285304,test
2025-05-12,-1.4740135830839183,-0.8782417306531927,-0.5957718524307256,test
2025-05-13,-0.893558227384904,-1.180699439660684,0.28714121227578004,test
2025-05-14,-1.3026366999486252,-1.0620303002334757,-0.24060639971514952,test
2025-05-15,-1.700665172766339,-1.1947226520773526,-0.5059425206889865,test
2025-05-16,-1.3120412359566398,-1.2974500690340858,-0.014591166922554022,test
2025-05-19,-1.6256950290285874,-1.295542382356897,-0.3301526466716904,test
2025-05-20,-1.23651993607542,-1.3737327178203278,0.1372127817449078,test
2025-05-21,-1.204312537558865,-1.3237778012760326,0.11946526371716759,test
2025-05-22,-0.7547537120930672,-1.3128244391340498,0.5580707270409826,test
2025-05-23,-1.8840043591037836,-1.1320910179719912,-0.7519133411317924,test
2025-05-26,-1.6712694273800934,-1.4513677252454336,-0.21990170213465987,test
2025-05-27,-1.5400977051434932,-1.4109281827691231,-0.12916952237437007,test
2025-05-28,-0.6701297894005459,-1.4132746664066436,0.7431448770060977,test
2025-05-29,-1.322502505886972,-1.1607827742742653,-0.16171973161270659,test
2025-05-30,-1.6400399183416428,-1.3644646004810628,-0.27557531786058,test
2025-06-02,-1.7558781942369495,-1.4210367239365629,-0.3348414703003866,test
2025-06-03,-1.538803571767555,-1.4650019488521249,-0.07380162291543013,test
2025-06-04,-1.2544962981915102,-1.4164734599968247,0.16197716180531452,test
2025-06-05,-1.5484426208469628,-1.4048796639306986,-0.1435629569162642,test
2025-06-06,-2.0895896767778153,-1.5010635512059662,-0.588526125571849,test
2025-06-09,-1.6150914377220107,-1.6788264958243078,0.06373505810229707,test
2025-06-10,-1.2826544365223904,-1.5561147009675977,0.2734602644452073,test
2025-06-11,-1.0681176340337077,-1.4665768501779568,0.39845921614424906,test
2025-06-12,-0.5782606391352639,-1.3958372705611979,0.817576631425934,test
2025-06-13,-1.6050768031701674,-1.1917483591238411,-0.4133284440463263,test
2025-06-16,-1.4642955244673936,-1.3869245807846855,-0.07737094368270814,test
2025-06-17,-1.1397118768384595,-1.3382550083404006,0.19854313150194103,test
2025-06-18,-1.7902188150518177,-1.2488163943017967,-0.541402420750021,test
2025-06-19,-1.8729558976728777,-1.4655760233070823,-0.4073798743657955,test
2025-06-20,-1.0645736240360977,-1.6092569883249364,0.5446833642888387,test
2025-06-23,-1.376784107282621,-1.3730124688750225,-0.003771638407598532,test
2025-06-24,-2.071900487506308,-1.4437438889493093,-0.6281565985569988,test
2025-06-25,-1.3690436912258168,-1.6900802555456669,0.32103656431985006,test
2025-06-26,-1.4517516222979991,-1.4870711041013593,0.0353194818033602,test
2025-06-27,-1.6794076334309147,-1.4668316595764215,-0.21257597385449323,test
2025-06-30,-1.500444780408242,-1.5862596422764295,0.08581486186818754,test
2025-07-01,-1.5485512928066454,-1.5583947999369157,0.009843507130270268,test
2025-07-02,-0.7489749397394282,-1.5209027906046646,0.7719278508652364,test
2025-07-03,-2.4484968232314657,-1.269711256727352,-1.1787855665041136,test
2025-07-04,-1.5898329009341026,-1.7606354682349004,0.1708025673007978,test
2025-07-07,-1.6783324981154464,-1.5591203444697601,-0.11921215364568627,test
2025-07-08,-2.2120953136184807,-1.597048503077837,-0.6150468105406437,test
2025-07-09,-2.1886888894666385,-1.7812152387246134,-0.40747365074202513,test
2025-07-10,-1.9059054732018614,-1.912983701368312,0.00707822816645054,test
2025-07-11,-2.0797383945971317,-1.80580424980867,-0.2739341447884618,test
2025-07-14,-1.4976555811150416,-1.9015596751397912,0.4039040940247496,test
2025-07-15,-0.5281173140998516,-1.7618426030855707,1.233725288985719,test
2025-07-16,-1.8126825573611072,-1.3742590190694928,-0.4384235382916144,test
2025-07-17,-2.051964909089152,-1.6389819145414686,-0.4129829945476833,test
2025-07-18,-2.097645429660279,-1.7174339235862814,-0.38021150607399745,test
2025-07-21,-2.0224722716878576,-1.733003069207718,-0.2894692024801395,test
2025-07-22,-1.7318514616164715,-1.7650658634422254,0.03321440182575386,test
2025-07-23,-1.6366951393764164,-1.815111724829517,0.17841658545310057,test
2025-07-24,-2.062663467766759,-1.7802086056610873,-0.2824548621056715,test
2025-07-25,-1.4990185481239349,-1.8788799072608202,0.37986135913688535,test
2025-07-28,-1.3275295358686803,-1.6965828617998862,0.3690533259312059,test
2025-07-29,-1.212139672774044,-1.5927258955054615,0.3805862227314174,test
2025-07-30,-1.4425615888190757,-1.5138013589493966,0.0712397701303209,test
2025-07-31,0.35502370620667945,-1.5484332574744057,1.9034569636810852,test
2025-08-01,-1.366981103001516,-0.8948312219262056,-0.4721498810753104,test
2025-08-04,-1.6426541584248946,-1.2851693879788255,-0.3574847704460691,test
2025-08-05,-1.8318582102567387,-1.368014899252161,-0.46384331100457765,test
2025-08-06,-1.4507598893650884,-1.4704344942599916,0.019674604894903247,test
2025-08-07,-2.040141452977451,-1.3811194702226421,-0.6590219827548087,test
2025-08-08,-2.243315207474767,-1.7319422150420127,-0.5113729924327544,test
2025-08-11,-1.0668437622432347,-1.8587584940407826,0.7919147317975479,test
2025-08-12,-2.180327500095228,-1.5269345425440666,-0.6533929575511614,test
2025-08-13,-1.8196392894719338,-1.8153588104723104,-0.0042804789996233605,test
2025-08-14,-2.230237297502234,-1.7696487759767372,-0.460588521525497,test
2025-08-15,-2.2087165239423174,-1.9003103347450423,-0.30840618919727514,test
2025-08-18,-2.2248626161801144,-1.8966792385805953,-0.3281833775995191,test
2025-08-19,-1.9881395570193694,-2.007453624728118,0.01931406770874866,test
2025-08-20,-2.0146555245901854,-1.934423740513245,-0.08023178407694043,test
2025-08-21,-0.7771937562327558,-1.9581274669252464,1.1809337106924906,test
2025-08-22,-2.159370924075425,-1.5313662326600512,-0.6280046914153739,test
2025-08-25,-1.446572327221221,-1.8501139982988435,0.4035416710776225,test
2025-08-26,-1.864080978471948,-1.6088760435862404,-0.2552049348857077,test
2025-08-27,-2.216134690257715,-1.6975785506409256,-0.5185561396167893,test
2025-08-28,-1.9892960252016083,-1.806688463522978,-0.18260756167863024,test
2025-08-29,-2.6227883984795226,-1.8733735089999506,-0.749414889479572,test
2025-09-01,-1.4063270420141383,-2.0741588396675126,0.6678317976533743,test
2025-09-02,-1.6973972457626738,-1.8109970400947295,0.11359979433205569,test
2025-09-03,-2.097126108448156,-1.8664099470050821,-0.23071616144307394,test
2025-09-04,-1.411567648801613,-1.9524934494510118,0.5409258006493989,test
2025-09-05,-2.232491845931818,-1.7379173637231984,-0.49457448220861955,test
2025-09-08,-2.0248591964675735,-1.8997596277447235,-0.12509956872285,test
2025-09-09,-1.6583372193175654,-1.9080644855366635,0.24972726621909813,test
2025-09-10,-1.4147077507886614,-1.8137893221672425,0.39908157137858113,test
2025-09-11,-2.308006441484701,-1.6998113289241936,-0.6081951125605074,test
2025-09-12,-2.4663568153424955,-1.987728974481233,-0.47862784086126253,test
2025-09-15,-1.9337606646170404,-2.052585283334503,0.11882461871746264,test
2025-09-16,-0.8427439207718835,-1.918697303656138,1.0759533828842547,test
2025-09-17,-1.4580371480455714,-1.5788048654335516,0.1207677173879802,test
2025-09-18,-1.825356855088872,-1.715393592609843,-0.10996326247902899,test
2025-09-19,-2.2835964403375812,-1.7540875263559992,-0.5295089139815821,test
2025-09-22,-2.101354950180639,-1.8457328043372156,-0.25562214584342313,test
2025-09-23,-2.2970936951721552,-1.8339856927786105,-0.46310800239354477,test
2025-09-24,-1.7621721689553151,-2.012500567912967,0.2503283989576519,test
2025-09-25,-2.1311846849426885,-1.9208367281131886,-0.21034795682949992,test
2025-09-26,-2.0390513239914347,-2.036328127402235,-0.002723196589199617,test
2025-09-29,-1.9780093469527376,-1.9909841354887339,0.012974788535996318,test
2025-09-30,-1.116579652712107,-1.9656446083943493,0.8490649556822423,test
2025-10-01,-2.0928519949607476,-1.6437629010657575,-0.4490890938949901,test
2025-10-02,-2.5790331990496633,-1.9056532954583536,-0.6733799035913097,test
2025-10-03,-1.2822118594862268,-2.0678462592123767,0.7856343997261499,test
2025-10-06,-2.307850308582852,-1.6922272465004853,-0.6156230620823666,test
2025-10-07,-2.0299785103511447,-1.9677335805779943,-0.06224492977315044,test
2025-10-08,-1.7828045562375185,-1.9845747513705967,0.20177019513307815,test
2025-10-09,-1.4692913198213313,-1.8969564099203347,0.42766509009900333,test
2025-10-10,-1.8615763573890967,-1.722106479566688,-0.1394698778224086,test
2025-10-13,-1.8047561548773612,-1.8697931332331064,0.06503697835574518,test
2025-10-14,-2.177709698564524,-1.8054205409949384,-0.3722891575695857,test
2025-10-15,-2.2425025083715333,-1.9012188935240046,-0.34128361484752867,test
2025-10-16,-2.0261435086552777,-1.9612964899641334,-0.06484701869114429,test
2025-10-17,-2.655994227345768,-1.975470376058356,-0.6805238512874121,test
2025-10-20,-2.1562555330560076,-2.2056667823543146,0.04941124929830698,test
2025-10-21,-2.648031788651522,-2.126552691172453,-0.5214790974790691,test
2025-10-22,-2.9544536545838347,-2.2862576569405935,-0.6681959976432412,test
2025-10-23,-1.6026685839030925,-2.4308315015785555,0.828162917675463,test
2025-10-24,-2.7182090065141242,-2.074209338813563,-0.643999667700561,test
2025-10-27,-2.3530584775787196,-2.3467341870522005,-0.006324290526519061,test
2025-10-28,-0.9919338406525803,-2.2832535012696886,1.2913196606171082,test
2025-10-29,-1.9600485546386803,-1.8086265532375434,-0.15142200140113693,test
2025-10-30,-2.28339151774775,-1.9404361471617586,-0.34295537058599135,test
2025-10-31,-2.4130023044884896,-2.0895860636388996,-0.32341624084959,test
2025-11-03,-2.474356795467396,-2.0952369108689908,-0.3791198845984054,test
2025-11-04,-2.462505161058477,-2.1191590418400783,-0.34334611921839864,test
2025-11-05,-2.426226248972865,-2.263200338949675,-0.16302591002319033,test
2025-11-06,-2.326594112091282,-2.2985202117153656,-0.028073900375916505,test
2025-11-07,-2.3993009888761176,-2.2828998378028085,-0.11640115107330917,test
2025-11-10,-2.5550053250477105,-2.305278565456371,-0.2497267595913395,test
2025-11-11,-2.7503161809426757,-2.3605523172630165,-0.3897638636796592,test
2025-11-12,-2.1965522880093102,-2.4415121369604806,0.2449598489511704,test
2025-11-13,-2.177747406775334,-2.297919642872521,0.12017223609718686,test
2025-11-14,-2.7459591674677175,-2.2800902145101545,-0.46586895295756303,test
2025-11-17,-2.3875785031178984,-2.4476813968281443,0.06010289371024591,test
2025-11-18,-2.270574470890678,-2.354259135049852,0.0836846641591742,test
2025-11-19,-2.0695099691462007,-2.279512315466192,0.21000234631999115,test
2025-11-20,-2.0124235625530726,-2.2208394358928274,0.20841587333975475,test
2025-11-21,-2.4734192329270517,-2.185580673353032,-0.2878385595740198,test
2025-11-24,-1.8655135684778472,-2.261279732504018,0.3957661640261707,test
2025-11-25,-2.011227387061555,-2.07726380289727,0.06603641583571473,test
2025-11-26,-2.8850959742577773,-2.079231212641352,-0.8058647616164252,test
2025-11-27,-2.2647030165811746,-2.359892437446141,0.0951894208649664,test
2025-11-28,-2.294750676535524,-2.25465418191022,-0.04009649462530396,test
2025-12-01,-2.545152357393257,-2.2490955412019558,-0.2960568161913013,test
2025-12-02,-2.7357454979107807,-2.371227656205189,-0.36451784170559165,test
2025-12-03,-2.736231598990866,-2.4843869920122907,-0.25184460697857514,test
2025-12-04,-2.555278315580427,-2.4739280064541123,-0.0813503091263148,test
2025-12-05,-2.3884838155014663,-2.459801317742049,0.07131750224058253,test
2025-12-08,-2.5429339041177212,-2.4295895146285926,-0.11334438948912862,test
2025-12-09,-1.8591041093034788,-2.467281864157459,0.6081777548539804,test
2025-12-10,-2.274821592973228,-2.224619991291286,-0.05020160168194199,test
2025-12-11,-2.58045817172904,-2.2750348852694326,-0.30542328645960737,test
2025-12-12,-2.6175098138289985,-2.345586964605474,-0.2719228492235244,test
2025-12-15,-1.8794689735492591,-2.3796160583845745,0.5001470848353153,test
2025-12-16,-2.3067298331718327,-2.146578013642346,-0.16015181952948687,test
2025-12-17,-1.9860364434424793,-2.2803773258315148,0.29434088238903544,test
2025-12-18,-2.5157165360905496,-2.1760163561367647,-0.3397001799537849,test
2025-12-19,-2.6690060903860235,-2.2945108106642973,-0.37449527972172625,test
2025-12-22,-2.6073045081485837,-2.3411191389331574,-0.26618536921542635,test
2025-12-23,-2.920449016976821,-2.3997103568740368,-0.5207386601027841,test
2025-12-24,-2.4822459421568643,-2.532346553005185,0.05010061084832085,test
2025-12-26,-2.2094147427024033,-2.483710395881561,0.27429565317915783,test
2025-12-29,-2.694040459223413,-2.3954889260955725,-0.29855153312784033,test
2025-12-30,-2.4016454827142297,-2.506886131594173,0.10524064887994333,test
2025-12-31,-2.4284290722425723,-2.4226206874639,-0.005808384778672515,test
2026-01-02,-2.084901270643011,-2.3856075332230686,0.3007062625800576,test
2026-01-05,-2.225496710913961,-2.2654889276228505,0.039992216708889305,test
2026-01-06,-2.5112413878972037,-2.2934954260145037,-0.2177459618827,test
2026-01-07,-2.810161684706422,-2.3399804683756935,-0.4701812163307286,test
2026-01-08,-2.545392796799743,-2.4485630566572922,-0.09682974014245094,test
2026-01-09,-1.9915944043901037,-2.4001524952530446,0.4085580908629409,test
2026-01-12,-2.41915273384225,-2.2583315484622366,-0.16082118538001344,test
2026-01-13,-2.841429871056144,-2.380374803356985,-0.4610550676991587,test
2026-01-14,-2.621065198993287,-2.51367350489748,-0.10739169409580684,test
2026-01-15,-2.501653698721513,-2.446367313658511,-0.0552863850630021,test
2026-01-16,-2.0825520986829926,-2.4136772931510335,0.3311251944680409,test
2026-01-19,-1.6130474247448654,-2.327989509543783,0.7149420847989174,test
2026-01-20,-1.7345752305851767,-2.1392156760123706,0.4046404454271939,test
2026-01-21,-2.3834274104369704,-2.0638134043362455,-0.3196140061007249,test
2026-01-22,-1.9847311659579994,-2.189732923394271,0.2050017574362717,test
2026-01-23,-1.3187071558454366,-2.0435744729113923,0.7248673170659556,test
2026-01-26,-0.3860030967921794,-1.8068292312186227,1.4208261344264432,test
2026-01-27,-0.6564990152557193,-1.4528024104768396,0.7963033952211203,test
2026-01-28,-1.0179058120035362,-1.3965229836791024,0.3786171716755662,test
2026-01-29,-0.9104806033527916,-1.3421511252711809,0.4316705219183893,test
2026-01-30,-1.3997641568143095,-1.1999210315459305,-0.199843125268379,test
2026-02-02,-1.9044663620653337,-1.3083605771714206,-0.5961057848939131,test
2026-02-03,-1.9772749423252378,-1.5561981505826152,-0.4210767917426226,test
2026-02-04,-1.931499986027238,-1.6916046209806073,-0.23989536504663067,test
2026-02-05,-2.507841790026488,-1.7607256445195953,-0.7471161455068929,test
2026-02-06,-1.8067248136390854,-2.038024790500422,0.23129997686133663,test
2026-02-09,-2.1479922620856167,-1.9027117393468425,-0.2452805227387742,test
2026-02-10,-0.9536757752784064,-1.9987087412556035,1.045032965977197,test
2026-02-11,-1.9401189314854113,-1.619902668562709,-0.32021626292270233,test
2026-02-12,-2.1756938995478703,-1.8417922778069866,-0.33390162174088367,test
2026-02-13,-3.0562928175629125,-1.8582469000720279,-1.1980459174908846,test
2026-02-16,-2.609918869460176,-2.1787619248343755,-0.43115694462580034,test
2026-02-17,-2.433261241720797,-2.1194229108105826,-0.3138383309102144,test
2026-02-18,-2.0111342740872606,-2.2171188083007225,0.20598453421346186,test
2026-02-19,-1.689906804784421,-2.13111766968523,0.4412108649008091,test
2026-02-20,-2.1106626000489936,-2.012761272204715,-0.09790132784427863,test
2026-02-23,-2.532667067998503,-2.020459248874985,-0.512207819123518,test
2026-02-24,-2.744928857350799,-2.1164983929110854,-0.6284304644397136,test
2026-02-25,-2.3605059174890797,-2.209556606928664,-0.15094931056041583,test
2026-02-26,-2.3664322006558387,-2.175198619667913,-0.19123358098792576,test
2026-02-27,-1.1259690597767176,-2.257191535316167,1.1312224755394495,test
2026-03-02,-0.9882636314157197,-1.884201437084588,0.8959378056688684,test
2026-03-03,-1.1795626008945528,-1.7132582814590882,0.5336956805645354,test
2026-03-04,-0.901932757164682,-1.6126037448412558,0.7106709876765738,test
2026-03-05,-0.9309676392842802,-1.4051834356540296,0.4742157963697494,test
2026-03-06,-0.672869680991017,-1.2697802964365714,0.5969106154455545,test
2026-03-09,-1.2188534044742494,-1.1552424146335643,-0.06361098984068514,test
2026-03-10,-1.6507435514443252,-1.2870482191801045,-0.3636953322642207,test
2026-03-11,-1.852268365518555,-1.42723215899641,-0.4250362065221449,test
2026-03-12,-1.6063699162257699,-1.5564500734437106,-0.0499198427820593,test
2026-03-13,-1.5992189673934987,-1.5686389167155936,-0.030580050677905035,test
2026-03-16,-1.8318298899862462,-1.647258912686157,-0.1845709773000892,test
2026-03-17,-1.4818902052570302,-1.7524480862135992,0.27055788095656896,test
2026-03-18,-0.8985695858580163,-1.6390776852793048,0.7405080994212885,test
2026-03-19,-1.5051445367990008,-1.3993353993222115,-0.10580913747678933,test
2026-03-20,0.07649996064102181,-1.5189870749845096,1.5954870356255313,test
2026-03-23,-0.9864602607536137,-0.9802524892253045,-0.006207771528309203,test
2026-03-24,-1.635867242196868,-1.1396641629416502,-0.4962030792552179,test
2026-03-25,-1.6478950204261158,-1.2974121390846227,-0.3504828813414931,test
2026-03-26,-2.118229300434486,-1.3582530282225183,-0.7599762722119678,test
2026-03-27,-2.0095637271429108,-1.5148554308028628,-0.494708296340048,test
2026-03-30,-1.3941244616180193,-1.6753323490637524,0.2812078874457331,test
2026-03-31,-1.5529502778637612,-1.5601049432713199,0.0071546654075587135,test
2026-04-01,-1.398136775754831,-1.5938436133457092,0.19570683759087815,test
2026-04-02,-2.915604638756088,-1.540231541124058,-1.3753730976320302,test
2026-04-03,-2.199376865568605,-1.9805441079204695,-0.21883275764813526,test
2026-04-06,-1.9975370903191043,-1.8479085017525243,-0.14962858856658,test
2026-04-07,-0.9946326287838813,-1.8683297297958104,0.8736971010119291,test
2026-04-08,-2.0553129772917424,-1.5909917927299255,-0.4643211845618169,test
2026-04-09,-2.022587758656766,-1.9035867543652034,-0.11900100429156257,test
2026-04-10,-2.2268244256263117,-1.8191847106101138,-0.4076397150161979,test
2026-04-13,-2.3375150507652482,-1.8727794793611567,-0.4647355714040915,test
2026-04-14,-2.4851595235370345,-1.9372746581505176,-0.5478848653865169,test
2026-04-15,-2.5182022704712637,-2.116440197686987,-0.40176207278427656,test
2026-04-16,-1.7690624160031974,-2.173761727908147,0.40469931190494957,test
2026-04-17,-2.3227777469569504,-1.981969119287751,-0.3408086276691993,test
2026-04-20,-1.7000270318358184,-2.1338213374514545,0.43379430561563614,test
2026-04-21,-2.438639644182858,-1.9351550914696305,-0.5034845527132275,test
2026-04-22,-1.9364959758929903,-2.1287877010126075,0.19229172511961723,test
2026-04-23,-2.4889100250034253,-1.9713642051197424,-0.5175458198836829,test
2026-04-24,-2.4833161577803273,-2.173134974015712,-0.3101811837646151,test
2026-04-27,-2.347124117678247,-2.195813376298236,-0.15131074138001122,test
2026-04-28,-2.069017935358546,-2.225858650366966,0.15684071500842034,test
2026-04-29,-1.6707969159269698,-2.1291186845201477,0.45832176859317797,test
2026-04-30,-1.995221702825613,-2.0166752170315623,0.02145351420594932,test
2026-05-01,-2.0372226430719675,-2.051318384426337,0.01409574135436964,test
2026-05-04,-2.622506723680306,-2.0276485872666443,-0.5948581364136616,test
2026-05-05,-1.7730166523027593,-2.1837368878996077,0.41072023559684845,test
2026-05-06,-2.154692726628014,-1.9570282333941775,-0.1976644932338365,test
2026-05-07,-2.378083738361407,-2.0903564003213337,-0.2877273380400731,test
2026-05-08,-2.6663294837399096,-2.191952200871451,-0.4743772828684585,test
2026-05-11,-2.6046938405644333,-2.322111460717815,-0.28258237984661827,test
2026-05-12,-2.838764621722712,-2.3128848920625273,-0.5258797296601845,test
2026-05-13,-2.719147820750817,-2.470253683267098,-0.24889413748371902,test
2026-05-14,-2.214085870967789,-2.4983191310211024,0.2842332600533135,test
2026-05-15,-2.0345239604807404,-2.3644208663103568,0.3298969058296164,test
2026-05-18,-2.499252439048868,-2.260401977774636,-0.23885046127423237,test
2026-05-19,-1.7946432019237626,-2.3657400236766506,0.571096821752888,test
2026-05-20,-1.650165874326304,-2.103238981672968,0.45307310734666406,test
2026-05-21,-2.385632059758689,-1.9724647625844909,-0.413167297174198,test
2026-05-22,-2.88502589116887,-2.1563076029030332,-0.7287182882658367,test
2026-05-25,-2.9493111838539505,-2.3588385970795986,-0.5904725867743519,test
2026-05-26,-2.4043185619325076,-2.419629113034222,0.01531055110171442,test
2026-05-27,-2.2928762978755315,-2.34895476489277,0.05607846701723851,test
2026-05-28,-2.419273819644558,-2.3811022448447967,-0.0381715747997613,test
2026-05-29,-2.5298459288295123,-2.4171140536091484,-0.11273187522036388,test
2026-06-01,-3.1452458881823695,-2.419913656785874,-0.7253322313964956,test
2026-06-02,-2.5724636402674177,-2.591923591105425,0.019459950838007334,test
2026-06-03,-2.9714885920099356,-2.481690262801851,-0.48979832920808475,test
2026-06-04,-2.1292221268175866,-2.638833918134801,0.5096117913172145,test
2026-06-05,-2.11968838513546,-2.4231191211669647,0.3034307360315047,test
2026-06-08,-2.374009946688858,-2.383302962887628,0.009293016198769877,test
2026-06-09,-2.22035726861224,-2.371638187231535,0.15128091861929516,test
2026-06-10,-1.3700850960962008,-2.299382789554987,0.9292976934587864,test
2026-06-11,-2.1842028124585027,-1.9449073820368825,-0.23929543042162016,test
2026-06-12,-2.2338999104113895,-2.129466366398929,-0.10443354401246063,test
2026-06-15,-2.669707605729626,-2.1457913713763395,-0.5239162343532864,test
2026-06-16,-1.2217966764171018,-2.2778183219096113,1.0560216454925095,test
2026-06-17,-1.9009148908671953,-1.8455899122899446,-0.055324978577250716,test
2026-06-18,-2.3882406297235192,-2.042981600998309,-0.3452590287252102,test
2026-06-19,-2.194849029531339,-2.1800671779618637,-0.014781851569475535,test
2026-06-22,-2.353390709360425,-2.138240391307524,-0.2151503180529013,test
2026-06-23,-2.0575335249876483,-2.1455648035871424,0.08803127859949411,test
2026-06-24,-1.951327156008013,-2.144202281313811,0.19287512530579787,test
2026-06-25,-1.8692422249882379,-2.1131770278300555,0.24393480284181757,test
2026-06-26,-2.622308454678459,-2.041202094924225,-0.5811063597542341,test
2026-06-29,-2.1180785944238583,-2.2566157731011103,0.13853717867725202,test
