date,Y_h,fitted,residual,split
2012-02-13,2.0128864020994546,2.1926067456027094,-0.17972034350325483,train
2012-02-14,2.0139207709917692,2.1610840780082907,-0.14716330701652147,train
2012-02-15,1.9972558204326023,2.151482563926527,-0.15422674349392462,train
2012-02-16,1.9742116580472193,2.198861502077557,-0.2246498440303375,train
2012-02-17,1.932210851704444,2.202779882409409,-0.2705690307049651,train
2012-02-20,1.9244104362882832,2.1404915468171026,-0.2160811105288194,train
2012-02-21,1.9204380791042202,2.118227814449249,-0.19778973534502886,train
2012-02-22,1.8422638196654473,2.2720196979913547,-0.42975587832590745,train
2012-02-23,1.843730505446851,2.1478346144790033,-0.30410410903215235,train
2012-02-24,1.8469276786906945,2.1201618218641842,-0.2732341431734897,train
2012-02-27,1.8439619102001175,2.065286679389003,-0.22132476918888533,train
2012-02-28,1.8357907672222071,2.099362719865843,-0.263571952643636,train
2012-02-29,1.8299878140653585,2.018534717589285,-0.18854690352392667,train
2012-03-01,1.8186743128729173,2.067602641009201,-0.24892832813628396,train
2012-03-02,1.7997645448391875,2.0409845746522106,-0.24122002981302315,train
2012-03-05,1.820575573859388,2.0162261276215045,-0.19565055376211649,train
2012-03-06,1.8149133784175873,2.0381049116176495,-0.22319153320006224,train
2012-03-07,1.8075126010642506,1.971826535663653,-0.16431393459940247,train
2012-03-08,1.801388114590457,1.9272303263138766,-0.1258422117234197,train
2012-03-09,1.8018717910512063,1.95360359469758,-0.15173180364637373,train
2012-03-12,1.7969520730554047,1.9540959077545255,-0.15714383469912074,train
2012-03-13,1.7952289581763639,1.9024091810578532,-0.10718022288148932,train
2012-03-14,1.778508116800771,1.9300748321148045,-0.15156671531403343,train
2012-03-15,1.7888302324070533,1.955299712915724,-0.1664694805086706,train
2012-03-16,1.7826742258486161,1.9168176205441232,-0.13414339469550707,train
2012-03-19,1.785292812827492,1.926110677345498,-0.14081786451800582,train
2012-03-20,1.79476210712462,1.8600617135982294,-0.06529960647360933,train
2012-03-21,1.792316255244996,1.8578183357933997,-0.06550208054840367,train
2012-03-22,1.7790999336132067,1.839798666023147,-0.06069873240994017,train
2012-03-23,1.7571271827229882,1.8410284898340705,-0.08390130711108235,train
2012-03-26,1.7588324903036596,1.8430970462739045,-0.08426455597024485,train
2012-03-27,1.734929296107898,1.8892273612926431,-0.1542980651847452,train
2012-03-28,1.7391607973268535,1.8436798464561146,-0.10451904912926113,train
2012-03-29,1.7093446553659037,1.8639420277619232,-0.15459737239601945,train
2012-03-30,1.6945703294974817,1.8560042502674194,-0.1614339207699378,train
2012-04-02,1.6863172084582996,1.8768539032128648,-0.19053669475456525,train
2012-04-03,1.678046285127752,1.7895953976976127,-0.11154911256986066,train
2012-04-04,1.6327581953140997,1.8913415084709273,-0.2585833131568276,train
2012-04-05,1.6322469594415439,1.8816630168898092,-0.24941605744826534,train
2012-04-06,1.6407304143826429,1.810967640678995,-0.17023722629635207,train
2012-04-10,1.653674439830837,1.7798873510202124,-0.1262129111893755,train
2012-04-11,1.625890558443043,1.860265225100273,-0.23437466665722995,train
2012-04-12,1.6097364038166877,1.819362230004335,-0.20962582618764736,train
2012-04-13,1.6005046689665796,1.789220758046483,-0.18871608907990334,train
2012-04-16,1.616534365632172,1.765844108068712,-0.14930974243653994,train
2012-04-17,1.6177085391206003,1.867585481467833,-0.24987694234723268,train
2012-04-18,1.6417468424232695,1.7945759577900324,-0.1528291153667629,train
2012-04-19,1.6533549304528932,1.8392234344418497,-0.1858685039889565,train
2012-04-20,1.6554756274772904,1.82903161416539,-0.17355598668809957,train
2012-04-23,1.6730228146064499,1.8263496186928094,-0.15332680408635957,train
2012-04-24,1.7199317184018195,1.7375820246422176,-0.017650306240398095,train
2012-04-25,1.7722029294069415,1.6988077621926172,0.07339516721432426,train
2012-04-26,1.7757744125048855,1.7536645827515138,0.022109829753371724,train
2012-04-27,1.778575503569163,1.692871752033216,0.08570375153594711,train
2012-04-30,1.7892537593571025,1.7142732702086552,0.07498048914844735,train
2012-05-01,1.830933168637089,1.589124875075467,0.24180829356162215,train
2012-05-02,1.8623076355262453,1.6450157055095882,0.21729193001665714,train
2012-05-03,1.9248912607531787,1.67342219866271,0.2514690620904687,train
2012-05-04,1.9591919511459492,1.5977804167643586,0.3614115343815907,train
2012-05-07,1.9918742332551453,1.5469994039973143,0.44487482925783106,train
2012-05-08,2.0143213712348786,1.6835032392041087,0.33081813203076993,train
2012-05-09,2.028247207237444,1.6768928392588014,0.3513543679786426,train
2012-05-10,2.047487849703365,1.6898876577370652,0.35760019196629966,train
2012-05-11,2.080280794124735,1.668739418447665,0.41154137567707005,train
2012-05-14,2.1009454888346717,1.6806836083282988,0.4202618805063729,train
2012-05-15,2.117096203753284,1.6456850737259603,0.4714111300273238,train
2012-05-16,2.1144926429089574,1.6922432048833147,0.42224943802564274,train
2012-05-17,2.1257294939592084,1.7447265082358776,0.3810029857233308,train
2012-05-18,2.121252484650479,1.7831881864191519,0.3380642982313271,train
2012-05-21,2.13979152606662,1.8415217446902712,0.29826978137634863,train
2012-05-22,2.1585931847229745,1.8338112483426006,0.3247819363803739,train
2012-05-23,2.1527146637509884,1.8637071239127778,0.2890075398382106,train
2012-05-24,2.125026354384626,1.9100523781537437,0.21497397623088244,train
2012-05-25,2.1092230971933272,1.9537477741434235,0.15547532304990375,train
2012-05-28,2.0897760444283935,1.9169244178084712,0.17285162661992226,train
2012-05-29,2.099512575424235,1.8699531847769328,0.22955939064730235,train
2012-05-30,2.183367769021933,1.8993910329391732,0.28397673608275964,train
2012-05-31,2.1688118312588407,1.9227977888396797,0.24601404241916103,train
2012-06-01,2.144867309690812,1.9304312659243816,0.21443604376643055,train
2012-06-05,2.0797942787118457,2.0471699462778354,0.032624332434010306,train
2012-06-06,2.0826167144734677,2.0526384694411903,0.029978245032277417,train
2012-06-07,2.061700196276973,2.0827724128239558,-0.02107221654698277,train
2012-06-08,2.030683128986026,2.127834659556668,-0.09715153057064185,train
2012-06-11,2.0120138513188497,2.0958612573973627,-0.08384740607851304,train
2012-06-12,1.9898803533875218,2.086538930706744,-0.09665857731922234,train
2012-06-13,1.9577433342108546,2.1183023251939694,-0.16055899098311488,train
2012-06-14,1.9509806570682426,2.10615226647091,-0.1551716094026674,train
2012-06-15,1.9389709473340184,2.081809968694758,-0.14283902136073956,train
2012-06-18,1.9566029003384289,2.0391076324988955,-0.08250473216046661,train
2012-06-19,1.9320588959080163,2.106126954535316,-0.17406805862729957,train
2012-06-20,1.9327786976741517,2.042888949018976,-0.11011025134482422,train
2012-06-21,1.9007103935388154,2.1239295900782738,-0.22321919653945832,train
2012-06-22,1.882135576295363,2.1309500361230307,-0.2488144598276676,train
2012-06-25,1.8805570347657032,2.0913297697842568,-0.21077273501855354,train
2012-06-26,1.9152676290134751,1.9830545651099454,-0.06778693609647024,train
2012-06-27,1.9600374371642033,2.0279619776132956,-0.06792454044909224,train
2012-06-28,2.0500550617526048,1.8863061993122185,0.16374886244038622,train
2012-06-29,2.0425065963275912,1.9143455946505756,0.1281610016770156,train
2012-07-02,1.949310752040016,2.128369168014715,-0.1790584159746993,train
2012-07-03,1.9731240845649611,2.0058197671854026,-0.032695682620441424,train
2012-07-04,2.1170662274170224,1.9299005353402892,0.18716569207673328,train
2012-07-05,2.1539051831230247,1.892604298853876,0.26130088426914866,train
2012-07-06,2.1471357074837094,1.9956003543966456,0.15153535308706378,train
2012-07-09,2.1420649805894154,1.8293963340819073,0.31266864650750814,train
2012-07-10,2.1346737635713815,1.8262304133735643,0.3084433501978172,train
2012-07-11,2.141005992447121,1.806935105819503,0.3340708866276183,train
2012-07-12,2.135487390226275,1.8483110812617622,0.28717630896451296,train
2012-07-13,2.131569602929277,1.7833320731072801,0.34823752982199685,train
2012-07-16,2.1127772089578567,1.8348680583849324,0.2779091505729243,train
2012-07-17,2.099157419475272,1.8098203477479673,0.2893370717273045,train
2012-07-18,2.07119430785554,1.8973299586759131,0.1738643491796268,train
2012-07-19,2.057466337562199,1.884234320608701,0.17323201695349777,train
2012-07-20,2.0419542373877406,1.9113334851301764,0.1306207522575642,train
2012-07-23,2.0341091193741714,1.9082019090938542,0.12590721028031715,train
2012-07-24,2.031312579908764,1.913634959278734,0.11767762063002984,train
2012-07-25,2.0263689226851898,1.8724299843876382,0.15393893829755156,train
2012-07-26,2.008394987348235,1.948533165255525,0.05986182209271029,train
2012-07-27,1.9361400093776584,2.042743283117751,-0.10660327374009282,train
2012-07-30,1.8348304762227206,2.156964000168364,-0.3221335239456433,train
2012-07-31,1.8209171647597822,2.0302828456854116,-0.20936568092562946,train
2012-08-01,1.7907745229163388,2.05577078861826,-0.26499626570192114,train
2012-08-02,1.802079605143499,2.0765152186415294,-0.27443561349803036,train
2012-08-03,1.586843515988864,2.2588781785354866,-0.6720346625466225,train
2012-08-06,1.5293817523345419,2.1541488355429417,-0.6247670832083998,train
2012-08-07,1.5199186630327488,2.153527645484828,-0.633608982452079,train
2012-08-08,1.5570141881828763,2.0468881141308386,-0.4898739259479623,train
2012-08-09,1.583169074904885,1.985673766007248,-0.4025046911023631,train
2012-08-10,1.5618758922499205,1.91118679399259,-0.34931090174266943,train
2012-08-13,1.560970797737909,1.8343523143863067,-0.2733815166483977,train
2012-08-14,1.5939268793762191,1.7821702336216743,-0.18824335424545513,train
2012-08-15,1.6515526510981693,1.747879960532659,-0.09632730943448964,train
2012-08-16,1.6795994906181622,1.7033379479775232,-0.023738457359361087,train
2012-08-17,1.702768282526294,1.6657939035723242,0.03697437895396982,train
2012-08-20,1.7149755690002129,1.677628748933946,0.03734682006626677,train
2012-08-21,1.7230798311191304,1.6713881094628582,0.05169172165627223,train
2012-08-22,1.729104558756225,1.7296157024215155,-0.000511143665290481,train
2012-08-23,1.7619979938448447,1.7869376596140583,-0.02493966576921358,train
2012-08-24,1.771438756334107,1.7864381976893065,-0.014999441355199483,train
2012-08-27,1.766922138463994,1.8247523153461493,-0.057830176882155415,train
2012-08-28,1.7844166317534023,1.6856208206888768,0.09879581106452551,train
2012-08-29,1.799985948541488,1.6632072149396455,0.13677873360184245,train
2012-08-30,1.8173636721404904,1.6045577847839558,0.2128058873565346,train
2012-08-31,1.8377818597261153,1.5635863450177778,0.2741955147083375,train
2012-09-03,1.7971954970226593,1.695022956642116,0.10217254038054335,train
2012-09-04,1.8137476777719368,1.5340008415495499,0.27974683622238694,train
2012-09-05,1.8232472669603583,1.5752551366611895,0.24799213029916878,train
2012-09-06,1.799871919471613,1.6579999585923573,0.1418719608792558,train
2012-09-07,1.7668949119104393,1.7344618636938094,0.032433048216629956,train
2012-09-10,1.7586204186262802,1.701901443945203,0.05671897468107723,train
2012-09-11,1.7726495014483608,1.646745645241181,0.1259038562071797,train
2012-09-12,1.7815579821916705,1.6722749373251962,0.10928304486647433,train
2012-09-13,1.7604172264140823,1.7372983382300098,0.023118888184072484,train
2012-09-14,1.7106474922859707,1.794480043483783,-0.08383255119781241,train
2012-09-17,1.6909573266283346,1.7628633088154508,-0.07190598218711619,train
2012-09-18,1.682695214198847,1.8148091686434464,-0.1321139544445995,train
2012-09-19,1.6672800237786596,1.8342167451032168,-0.16693672132455717,train
2012-09-20,1.6544524163318923,1.8056438951054437,-0.15119147877355132,train
2012-09-21,1.627192732286615,1.8003401781533799,-0.17314744586676478,train
2012-09-24,1.5606512435559463,1.883692830998629,-0.32304158744268263,train
2012-09-25,1.5506516678611926,1.8407225502744065,-0.2900708824132139,train
2012-09-26,1.5372579884956932,1.8305301937688252,-0.293272205273132,train
2012-09-27,1.5378814998304164,1.8229706522234461,-0.2850891523930297,train
2012-09-28,1.5104765410617016,1.8390941498921265,-0.3286176088304249,train
2012-10-01,1.4806238632890325,1.806296997246806,-0.3256731339577734,train
2012-10-02,1.4487104147602168,1.8230157733104546,-0.37430535855023783,train
2012-10-03,1.4335652043942346,1.7757354469457258,-0.3421702425514912,train
2012-10-04,1.4411510510775716,1.7864325832590093,-0.34528153218143776,train
2012-10-05,1.421253140356567,1.8041838856114736,-0.38293074525490667,train
2012-10-08,1.421893211059579,1.729936568878839,-0.30804335781926007,train
2012-10-09,1.464698790807014,1.6661799231035992,-0.20148113229658526,train
2012-10-10,1.4641278233713648,1.7160201546597087,-0.2518923312883439,train
2012-10-11,1.4551129749030176,1.7189822220528446,-0.26386924714982696,train
2012-10-12,1.4261820939213556,1.7296152977665165,-0.3034332038451608,train
2012-10-15,1.4188719906732241,1.7294363940382511,-0.310564403365027,train
2012-10-16,1.423809019258673,1.6937573428619928,-0.2699483236033198,train
2012-10-17,1.421083448376594,1.6625033341222097,-0.2414198857456158,train
2012-10-18,1.4101752516072783,1.68594786797323,-0.27577261636595174,train
2012-10-19,1.404315369888603,1.6361496760851897,-0.23183430619658663,train
2012-10-22,1.4355489668651578,1.6094513049143204,-0.17390233804916266,train
2012-10-23,1.447112203888929,1.5892951061544345,-0.14218290226550545,train
2012-10-24,1.4491450480543933,1.5534728354987657,-0.10432778744437243,train
2012-10-25,1.4385417749526992,1.5852898474457675,-0.14674807249306832,train
2012-10-26,1.4259369999780076,1.5701489598883762,-0.14421195991036861,train
2012-10-29,1.4241049231016445,1.5995788118368477,-0.1754738887352032,train
2012-10-30,1.4298721643142045,1.541056953708094,-0.11118478939388954,train
2012-10-31,1.436679547806694,1.5097449419918152,-0.07306539418512115,train
2012-11-01,1.4520306236837202,1.4732275329650706,-0.02119690928135043,train
2012-11-02,1.45190914640822,1.4566822981264467,-0.004773151718226565,train
2012-11-05,1.4222154481108031,1.5089852065238587,-0.08676975841305556,train
2012-11-06,1.4043477285198234,1.4872469067834708,-0.08289917826364746,train
2012-11-07,1.4085269432801595,1.506658426368071,-0.09813148308791142,train
2012-11-08,1.380515029634101,1.6337905035244127,-0.2532754738903116,train
2012-11-09,1.3520912708433965,1.6418918263090514,-0.28980055546565486,train
2012-11-12,1.3410768953404064,1.5972223933032461,-0.2561454979628397,train
2012-11-13,1.3380954055843617,1.5330259592599675,-0.19493055367560586,train
2012-11-14,1.3340231273950354,1.571513871350603,-0.23749074395556757,train
2012-11-15,1.3435813363778883,1.5331492011595618,-0.18956786478167342,train
2012-11-16,1.3420161678177416,1.4897845033549295,-0.14776833553718793,train
2012-11-19,1.3160939114652987,1.4980785164823507,-0.18198460501705194,train
2012-11-20,1.3133244331180993,1.4932630900587518,-0.17993865694065247,train
2012-11-21,1.298792320739584,1.5885532399864362,-0.2897609192468522,train
2012-11-22,1.3129962878380568,1.5691453300719638,-0.256149042233907,train
2012-11-23,1.2948756421222918,1.5450332001186624,-0.2501575579963706,train
2012-11-26,1.2500556284513638,1.5526189536732686,-0.3025633252219049,train
2012-11-27,1.2521757154609954,1.5163955074306543,-0.26421979196965895,train
2012-11-28,1.254304002913372,1.5299199525707472,-0.2756159496573751,train
2012-11-29,1.2638311776595752,1.4944618434926822,-0.23063066583310698,train
2012-11-30,1.3086081432460157,1.4925993001927902,-0.18399115694677448,train
2012-12-03,1.3722452265397809,1.5299056481105475,-0.15766042157076665,train
2012-12-04,1.4154549481698058,1.5077362524846842,-0.09228130431487847,train
2012-12-05,1.4518634646110513,1.4420158714292384,0.009847593181812941,train
2012-12-06,1.477439747637855,1.3847841754166759,0.09265557222117904,train
2012-12-07,1.48376325402286,1.452489151512459,0.03127410251040108,train
2012-12-10,1.467845895320381,1.4628467010417838,0.0049991942785971855,train
2012-12-11,1.5017851557832362,1.4061332381981484,0.09565191758508784,train
2012-12-12,1.538702800768467,1.4188889141179362,0.11981388665053094,train
2012-12-13,1.5619484724251325,1.408245954695026,0.15370251773010657,train
2012-12-14,1.603101491190898,1.4367589289576077,0.16634256223329036,train
2012-12-17,1.6186196434770335,1.4608574298803083,0.15776221359672515,train
2012-12-18,1.6391180278193995,1.436556236877571,0.20256179094182847,train
2012-12-19,1.6890051048551766,1.3433765422239854,0.34562856263119124,train
2012-12-20,1.6860918136984087,1.3987862993554765,0.28730551434293217,train
2012-12-21,1.7111744430582478,1.4625603287672078,0.24861411429104008,train
2012-12-24,1.7161665433408522,1.481185087631219,0.23498145570963325,train
2012-12-25,1.7576629544146227,1.3468363660394311,0.4108265883751916,train
2012-12-26,1.80496415447206,1.1069602520348603,0.6980039024371998,train
2012-12-27,1.8159445749483274,1.2645319241226498,0.5514126508256776,train
2012-12-28,1.8094687910273477,1.2930088557899253,0.5164599352374224,train
2012-12-31,1.8052568090148728,1.2683294385352557,0.5369273704796171,train
2013-01-02,1.7770696280317244,1.4037994036649641,0.3732702243667603,train
2013-01-03,1.760926656833585,1.64219796359432,0.11872869323926505,train
2013-01-04,1.7485351471882598,1.6803533831024267,0.0681817640858331,train
2013-01-07,1.7769523908758662,1.6950996951224582,0.08185269575340803,train
2013-01-08,1.789145495152798,1.6903938285956073,0.09875166655719081,train
2013-01-09,1.8187756759739175,1.6698569767364937,0.14891869923742385,train
2013-01-10,1.8383418839138495,1.560059065798634,0.2782828181152155,train
2013-01-11,1.8279509184154574,1.6194815377268983,0.20846938068855914,train
2013-01-14,1.8242280824361379,1.64983005461903,0.17439802781710778,train
2013-01-15,1.8242666518475037,1.6379093745433997,0.186357277304104,train
2013-01-16,1.8065934698982735,1.7306768497563572,0.07591662014191636,train
2013-01-17,1.8096608748175014,1.7626610624312435,0.04699981238625783,train
2013-01-18,1.7921203695133667,1.7519473310032403,0.040173038510126435,train
2013-01-21,1.760649028979338,1.8095184639581843,-0.04886943497884633,train
2013-01-22,1.7991667794827166,1.6862291355542571,0.11293764392845951,train
2013-01-23,1.791469946068217,1.7873399403673444,0.00413000570087263,train
2013-01-24,1.786527273400665,1.7618699476319484,0.024657325768716598,train
2013-01-25,1.8310447662815987,1.8099851207117759,0.02105964556982287,train
2013-01-28,1.8719031469284337,1.8389652397355645,0.032937907192869265,train
2013-01-29,1.8773167220349185,1.848556623568887,0.028760098466031447,train
2013-01-30,1.8999000667955952,1.782100661253055,0.1177994055425402,train
2013-01-31,1.9084195987198815,1.7408537717584256,0.16756582696145594,train
2013-02-01,1.9129116786385818,1.6630991448511527,0.24981253378742907,train
2013-02-04,1.8793657876219458,1.7423559894709184,0.13700979815102743,train
2013-02-05,1.883229267557308,1.720090585252559,0.16313868230474893,train
2013-02-06,1.8884765721960421,1.834474563928531,0.054002008267511226,train
2013-02-07,1.8664672042888717,1.8356128691711409,0.030854335117730836,train
2013-02-08,1.8308041593792241,1.9395670673566716,-0.10876290797744748,train
2013-02-11,1.831142633103112,1.9006696862491042,-0.06952705314599217,train
2013-02-12,1.8312124532846359,1.870116231484621,-0.03890377819998503,train
2013-02-13,1.8347550126182304,1.8648718360043315,-0.03011682338610111,train
2013-02-14,1.8717612085770963,1.828664979093994,0.04309622948310232,train
2013-02-15,1.9290030426993403,1.8109301351609226,0.1180729075384177,train
2013-02-18,1.9365358722749981,1.837582196076768,0.09895367619823014,train
2013-02-19,1.961480810820808,1.7407042246040068,0.22077658621680119,train
2013-02-20,1.9785612533429884,1.6973877253715075,0.2811735279714809,train
2013-02-21,2.0122082209100944,1.810679094611522,0.20152912629857234,train
2013-02-22,2.0056404395268594,1.8188268506097336,0.18681358891712585,train
2013-02-25,2.0007398037044397,1.7803032313518343,0.2204365723526054,train
2013-02-26,1.950729152119912,1.9524395273249453,-0.0017103752050333654,train
2013-02-28,1.884180204500613,2.0392279180513233,-0.15504771355071023,train
2013-03-01,1.8646237284177167,1.9483139706789205,-0.0836902422612038,train
2013-03-04,1.8415813412921074,1.981705756985598,-0.14012441569349066,train
2013-03-05,1.8275029525289077,1.9474655341958003,-0.11996258166689255,train
2013-03-06,1.9009146268193815,1.8497851730924366,0.051129453726944885,train
2013-03-07,1.9575509906987432,1.7076582116937187,0.2498927790050245,train
2013-03-08,1.9450511974479041,1.7808945098783981,0.16415668756950597,train
2013-03-11,1.9180713803624985,1.8520513273948003,0.0660200529676982,train
2013-03-12,1.9264878628281539,1.7041653507084629,0.222322512119691,train
2013-03-13,1.9258947756343532,1.7028658909155665,0.22302888471878668,train
2013-03-14,1.9199136286231937,1.7928106783114974,0.12710295031169627,train
2013-03-15,1.9251219260287733,1.7600798114800724,0.16504211454870088,train
2013-03-18,1.934514026830152,1.7633362137669826,0.17117781306316937,train
2013-03-19,1.9250244312523712,1.8876145598725034,0.03740987137986784,train
2013-03-20,1.8731109895935878,2.020618358247369,-0.1475073686537811,train
2013-03-21,1.857133575010658,1.9957417119682122,-0.13860813695755425,train
2013-03-22,1.8309329765199658,2.0240286522437483,-0.1930956757237825,train
2013-03-25,1.8402396738661542,2.0172074991104183,-0.17696782524426413,train
2013-03-26,1.7751700018153242,2.1073111374664486,-0.33214113565112435,train
2013-03-27,1.7629078517274719,1.9879721857298525,-0.22506433400238057,train
2013-03-28,1.763116549193575,1.9291982141381665,-0.16608166494459153,train
2013-03-29,1.7471896584871394,1.8970353023714643,-0.14984564388432497,train
2013-04-01,1.7691557862739191,1.7412118100268008,0.027943976247118307,train
2013-04-02,1.7928208796808904,1.630163209249379,0.16265767043151147,train
2013-04-03,1.883675008852843,1.6254656189057328,0.25820938994711007,train
2013-04-04,1.9758282850776052,1.5644027484380119,0.41142553663959336,train
2013-04-05,1.9024930831564502,1.7839964361796565,0.11849664697679363,train
2013-04-08,1.8449834847923179,1.8908666519238737,-0.045883167131555824,train
2013-04-09,1.8443861057148447,1.8275114424180345,0.0168746632968102,train
2013-04-10,1.8372192213544973,1.8847394339283667,-0.0475202125738694,train
2013-04-11,1.86479278272006,1.8810246249739087,-0.01623184225384855,train
2013-04-12,1.8773581607047565,1.7757368907921296,0.10162126991262688,train
2013-04-15,1.8886336030654858,1.7485662356561156,0.1400673674093702,train
2013-04-16,1.8951738901366308,1.7798360290474853,0.11533786108914557,train
2013-04-17,1.8834774315720588,1.8336650476794576,0.04981238389260123,train
2013-04-18,1.8571857950844066,1.881269433313091,-0.024083638228684423,train
2013-04-19,1.8357324633309757,1.8849876712264715,-0.049255207895495756,train
2013-04-22,1.8310418252966878,1.878048194453854,-0.04700636915716627,train
2013-04-23,1.8876345705769046,1.792040629229531,0.09559394134737365,train
2013-04-24,1.8842630109132161,1.854047532983325,0.0302154779298911,train
2013-04-25,1.898031849342923,1.7499231911069895,0.14810865823593344,train
2013-04-26,1.8738031359797003,1.7259300054618418,0.14787313051785844,train
2013-04-29,1.8804782036034062,1.716473248073042,0.1640049555303642,train
2013-04-30,1.9093514959759672,1.663853563509605,0.2454979324663622,train
2013-05-01,1.9214707557805464,1.6945313191472688,0.22693943663327754,train
2013-05-02,1.928485977073501,1.7308593385708395,0.1976266385026615,train
2013-05-03,1.8852386930078213,1.928096226171434,-0.04285753316361274,train
2013-05-06,1.7973203301873415,2.0424617065334987,-0.24514137634615718,train
2013-05-07,1.8265119400555405,1.8707947514543604,-0.044282811398819844,train
2013-05-08,1.897416370209303,1.8169501187720187,0.08046625143728425,train
2013-05-09,1.935945595837124,1.8145740695026467,0.12137152633447723,train
2013-05-10,1.9269290115343682,1.7602320202181998,0.16669699131616844,train
2013-05-13,1.9166917782217139,1.7590968941519054,0.15759488406980848,train
2013-05-14,1.9110310031147737,1.7680185094272063,0.1430124936875674,train
2013-05-15,1.9172825284692356,1.8407672187047197,0.07651530976451593,train
2013-05-16,1.8917682809176637,1.87360954223617,0.018158738681493647,train
2013-05-17,1.8682467334401103,1.8836082988356857,-0.015361565395575427,train
2013-05-20,1.8756699855817156,1.8169177648258272,0.058752220755888374,train
2013-05-21,1.90296959854835,1.7556017470609064,0.14736785148744347,train
2013-05-22,1.9422975008455317,1.7668481004845522,0.17544940036097945,train
2013-05-23,1.9073426544995888,1.8910283164225856,0.01631433807700322,train
2013-05-24,1.9083532948093282,1.8538026624331754,0.054550632376152874,train
2013-05-27,1.8954424409927157,1.8720064256933588,0.023436015299356905,train
2013-05-28,1.9227441688385791,1.638724406581786,0.28401976225679304,train
2013-05-29,1.910021037214708,1.7789814388863652,0.13103959832834278,train
2013-05-30,1.8914556763577806,1.7839854149693843,0.10747026138839622,train
2013-05-31,1.864244191966031,1.7841399254290369,0.0801042665369942,train
2013-06-03,1.8452808244781158,1.7863429534047046,0.0589378710734112,train
2013-06-04,1.8192423079195679,1.949790540716486,-0.13054823279691807,train
2013-06-05,1.8482718645636433,1.8526553461133277,-0.004383481549684376,train
2013-06-06,1.8364013992582289,1.8951434970787142,-0.05874209782048534,train
2013-06-07,1.754605898966914,2.0149419579781886,-0.26033605901127466,train
2013-06-10,1.7223068411297393,2.029408401653126,-0.30710156052338666,train
2013-06-11,1.8188384400958166,1.8859208204446065,-0.06708238034878988,train
2013-06-12,1.9659571559321936,1.9466663905753105,0.01929076535688301,train
2013-06-13,1.9837394630595504,1.8843104984097265,0.09942896464982387,train
2013-06-14,1.9751246180022235,1.8941131199175227,0.08101149808470076,train
2013-06-17,1.996156880436244,1.7131011975982362,0.28305568283800775,train
2013-06-18,2.024712630803704,1.697326792907827,0.32738583789587694,train
2013-06-19,2.009998974356125,1.747412368999196,0.262586605356929,train
2013-06-20,1.9859257335489127,1.813847466408415,0.17207826714049768,train
2013-06-21,1.9337740114766417,1.8837030983063603,0.05007091317028145,train
2013-06-24,1.9101225014601089,1.8762646921212456,0.03385780933886329,train
2013-06-25,1.9067566893223755,1.942846616791206,-0.03608992746883044,train
2013-06-26,1.9124344225959817,1.8829856930328592,0.0294487295631225,train
2013-06-27,1.8985750629427562,1.8940781055009213,0.004496957441834981,train
2013-06-28,1.8877920412655704,1.7944217263910718,0.09337031487449865,train
2013-07-01,1.8740524587929985,1.780706383214273,0.09334607557872543,train
2013-07-02,1.9114284255967193,1.677026513235371,0.23440191236134833,train
2013-07-03,1.9231081715216185,1.6839299055411394,0.2391782659804791,train
2013-07-04,1.9384959658044463,1.7308118406583946,0.20768412514605172,train
2013-07-05,1.8992848009357117,1.818918725400057,0.08036607553565478,train
2013-07-08,1.8806723222045323,1.7820380043880417,0.09863431781649057,train
2013-07-09,1.8869712735004724,1.664718703076556,0.22225257042391644,train
2013-07-10,1.8653598120437314,1.7526126465836325,0.11274716546009889,train
2013-07-11,1.7557038608020679,1.9264445700974997,-0.17074070929543184,train
2013-07-12,1.525792892224737,2.073849769352935,-0.5480568771281982,train
2013-07-15,1.4868240309109153,1.9898212955006427,-0.5029972645897274,train
2013-07-16,1.4393115243235652,2.0369896879126625,-0.5976781635890973,train
2013-07-17,1.4785446566740847,2.053747716353682,-0.5752030596795974,train
2013-07-18,1.4252643953736939,2.041507090199843,-0.616242694826149,train
2013-07-19,1.4077468955069108,1.8304093202037273,-0.4226624246968165,train
2013-07-22,1.4098133732814095,1.7765540676244174,-0.3667406943430078,train
2013-07-23,1.4331140054901172,1.6871365068810968,-0.2540225013909796,train
2013-07-24,1.4603422024205526,1.608931428368365,-0.14858922594781232,train
2013-07-25,1.4256371799055974,1.6747274441871587,-0.24909026428156134,train
2013-07-26,1.3829391240126572,1.6885360011122652,-0.30559687709960803,train
2013-07-29,1.3911996375606215,1.625745903891012,-0.23454626633039055,train
2013-07-30,1.4010574483166138,1.5757217451461043,-0.17466429682949047,train
2013-07-31,1.418616894305803,1.5751929928197579,-0.15657609851395482,train
2013-08-01,1.349495737334825,1.7066526849851869,-0.35715694765036177,train
2013-08-02,1.2969593112083124,1.684945236407386,-0.3879859251990736,train
2013-08-05,1.2236971061730564,1.7925263435183127,-0.5688292373452564,train
2013-08-06,1.2131880948854488,1.6949131533064477,-0.4817250584209989,train
2013-08-07,1.2456006075809718,1.6745207068666066,-0.4289200992856348,train
2013-08-08,1.2836203712787182,1.6335365387681229,-0.3499161674894047,train
2013-08-09,1.2886914304713277,1.551142812713369,-0.26245138224204134,train
2013-08-12,1.2968558221472637,1.3655406711506966,-0.06868484900343286,train
2013-08-13,1.3089337654917401,1.3074672060059953,0.0014665594857448117,train
2013-08-14,1.3010784725942022,1.3608230480677144,-0.059744575473512196,train
2013-08-15,1.3193286674990414,1.2424516319716947,0.0768770355273467,train
2013-08-16,1.228731320444331,1.4809395179201892,-0.2522081974758581,train
2013-08-19,1.2110260093347422,1.394112868133741,-0.18308685879899866,train
2013-08-20,1.333556073431771,1.3539603820622457,-0.0204043086304746,train
2013-08-21,1.3372029644818098,1.4178270548337402,-0.08062409035193041,train
2013-08-22,1.3146406193859546,1.5185304850937222,-0.20388986570776768,train
2013-08-23,1.299392434659294,1.4898679294394381,-0.19047549478014414,train
2013-08-26,1.283342214553316,1.4581252856232585,-0.1747830710699425,train
2013-08-27,1.2864963707118282,1.3653288582731224,-0.07883248756129424,train
2013-08-28,1.2668564651653507,1.4406984803758245,-0.17384201521047382,train
2013-08-29,1.2538251865191394,1.3995437893987035,-0.14571860287956406,train
2013-08-30,1.231655006470178,1.4163473695369533,-0.1846923630667754,train
2013-09-02,1.245684135340465,1.327815878259634,-0.08213174291916903,train
2013-09-03,1.2799565136667124,1.2577160653702462,0.02224044829646621,train
2013-09-04,1.290174355898253,1.2901313828045147,4.297309373835212e-05,train
2013-09-05,1.2934048216341563,1.2255411333733572,0.06786368826079903,train
2013-09-06,1.2521737027241884,1.3203082237549288,-0.06813452103074047,train
2013-09-09,1.1935020587122667,1.408034692312171,-0.21453263359990427,train
2013-09-10,1.200214352434735,1.395733787257982,-0.19551943482324696,train
2013-09-11,1.2012627938097504,1.3578437375933967,-0.1565809437836463,train
2013-09-12,1.1955602016438194,1.4045138714598624,-0.20895366981604302,train
2013-09-13,1.1784090454881768,1.3620663848613055,-0.18365733937312867,train
2013-09-16,1.1842426755620257,1.3401807369200356,-0.15593806135800992,train
2013-09-17,1.267173592761814,1.2976463919935026,-0.030472799231688663,train
2013-09-18,1.305368837825909,1.2137670473092272,0.09160179051668171,train
2013-09-19,1.1764912713537932,1.5022060860032234,-0.3257148146494302,train
2013-09-20,1.530246103863427,1.4426674455074568,0.08757865835597012,train
2013-09-23,1.5563780385313422,1.412862732680652,0.14351530585069017,train
2013-09-24,1.536021390143092,1.4492724545807871,0.08674893556230479,train
2013-09-25,1.5481326147274173,1.415797645047524,0.13233496967989322,train
2013-09-26,1.5573603244547276,1.2888237517657772,0.26853657268895037,train
2013-09-27,1.5502400929301974,1.2619635393271673,0.28827655360303006,train
2013-09-30,1.5631824591989194,1.2248101904842883,0.3383722687146311,train
2013-10-01,1.5660472830035093,1.198063459277921,0.36798382372558835,train
2013-10-02,1.5749548115130085,1.2620129938266256,0.31294181768638296,train
2013-10-03,1.568558433791746,1.3433899547311672,0.2251684790605788,train
2013-10-04,1.5658358593354071,1.3786357494234849,0.18720010991192226,train
2013-10-07,1.5696794024225902,1.3433339257532722,0.22634547666931804,train
2013-10-08,1.5859368442561537,1.2840325759508193,0.30190426830533434,train
2013-10-09,1.8224467416894707,1.2189389521018543,0.6035077895876164,train
2013-10-10,1.8495598858908444,1.2653045459406411,0.5842553399502033,train
2013-10-11,1.8452439129155547,1.200159207750188,0.6450847051653668,train
2013-10-14,1.8622232351448758,1.205050946860533,0.6571722882843427,train
2013-10-15,1.8858813981299811,1.1524367379004565,0.7334446602295246,train
2013-10-16,1.8890656188196195,1.2657745530689324,0.6232910657506872,train
2013-10-17,1.843829490192479,1.422343017505515,0.42148647268696404,train
2013-10-18,1.8267073876750366,1.4263600493086117,0.4003473383664249,train
2013-10-21,1.841521753837602,1.294323501123909,0.5471982527136932,train
2013-10-22,1.6578255820332408,1.7785399975233722,-0.1207144154901314,train
2013-10-23,1.6628099828667997,1.671258599010015,-0.008448616143215348,train
2013-10-24,1.6680058557717539,1.4609033602031667,0.20710249556858717,train
2013-10-25,1.6591071606080787,1.500816633400516,0.15829052720756276,train
2013-10-28,1.6649501133370286,1.5225267013657025,0.14242341197132613,train
2013-10-29,1.675664058075402,1.2718331226861894,0.40383093538921266,train
2013-10-30,1.6627367183561934,1.3103738996576302,0.35236281869856323,train
2013-10-31,1.657671570147845,1.3198715019245109,0.3378000682233342,train
2013-11-01,1.6498902101261723,1.3787835937910107,0.27110661633516164,train
2013-11-04,1.637585788000073,1.3676192596738959,0.2699665283261772,train
2013-11-05,1.6300035857730637,1.425289541784759,0.20471404398830462,train
2013-11-06,1.667417622114573,1.3889763509910416,0.27844127112353134,train
2013-11-07,1.6754093674218167,1.4352445096389728,0.2401648577828439,train
2013-11-08,1.3910533922555688,1.791108907191586,-0.4000555149360172,train
2013-11-11,1.3325590237138016,1.72998407829889,-0.39742505458508837,train
2013-11-12,1.3481529452446281,1.5613383676519652,-0.21318542240733707,train
2013-11-13,1.3303960278962552,1.6922811231259949,-0.36188509522973966,train
2013-11-14,1.2984120706569868,1.7354573535296463,-0.4370452828726594,train
2013-11-15,1.2763416346936924,1.5892168628082206,-0.31287522811452817,train
2013-11-18,1.2758642184408324,1.4578660748827983,-0.18200185644196587,train
2013-11-19,1.3955745430650626,1.448454219027603,-0.05287967596254051,train
2013-11-20,1.392424991488623,1.4903349438476259,-0.0979099523590028,train
2013-11-21,1.2968627308661667,1.613563857747317,-0.3167011268811504,train
2013-11-22,1.23121419865873,1.5990370837725023,-0.36782288511377237,train
2013-11-25,1.2154687627581116,1.5218537663337344,-0.3063850035756228,train
2013-11-26,1.1906414914766852,1.5195700880730076,-0.32892859659632245,train
2013-11-27,1.154950393093816,1.5498556372391807,-0.39490524414536465,train
2013-11-28,1.2242204234296288,1.4542917027754054,-0.23007127934577665,train
2013-11-29,1.2370381426655095,1.3417197142610768,-0.10468157159556735,train
2013-12-02,1.2584351204715492,1.3390116655541238,-0.08057654508257461,train
2013-12-03,1.2828128853730447,1.3989473572540947,-0.11613447188104997,train
2013-12-04,1.2977367914780007,1.3115087762180542,-0.013771984740053478,train
2013-12-05,1.3004845193395693,1.3340552557101752,-0.033570736370605925,train
2013-12-06,1.249289456839009,1.5054359764229988,-0.2561465195839898,train
2013-12-09,1.238053671031545,1.5165635315104888,-0.27850986047894377,train
2013-12-10,1.2827475759895355,1.3073384758049544,-0.024590899815418954,train
2013-12-11,1.3933947635675896,1.329840409114554,0.0635543544530357,train
2013-12-12,1.3827410743733264,1.370545762976011,0.012195311397315445,train
2013-12-13,1.3665560651963238,1.324842193137655,0.04171387205866872,train
2013-12-16,1.3752124371677394,1.2425586052029767,0.13265383196476277,train
2013-12-17,1.3885903541179203,1.2645609564705653,0.12402939764735499,train
2013-12-18,1.3882005614595452,1.2751538889922833,0.11304667246726186,train
2013-12-19,1.2614180782987563,1.5279510878972002,-0.26653300959844395,train
2013-12-20,1.2452806160559888,1.4249054807440238,-0.17962486468803496,train
2013-12-23,1.2341603938491268,1.409407445935378,-0.17524705208625124,train
2013-12-24,1.27647656572563,1.2828503323690033,-0.006373766643373191,train
2013-12-25,1.3262543094450823,1.2252198492412185,0.10103446020386375,train
2013-12-26,1.3520352022878928,0.9508025860482519,0.4012326162396409,train
2013-12-27,1.3672297846452115,0.8897562383906072,0.47747354625460425,train
2013-12-30,1.3330455929731448,1.1371013289187828,0.19594426405436205,train
2013-12-31,1.3418589574643895,1.112415283129085,0.22944367433530455,train
2014-01-02,1.345964809758966,1.2129352059672274,0.13302960379173867,train
2014-01-03,1.3206362692703435,1.3884337140340082,-0.06779744476366467,train
2014-01-06,1.31514867676357,1.427779988841863,-0.11263131207829291,train
2014-01-07,1.312556784732822,1.364107639997242,-0.05155085526442016,train
2014-01-08,1.3650514061874923,1.3493594966141225,0.015691909573369855,train
2014-01-09,1.3707266354596832,1.3564527298154863,0.01427390564419695,train
2014-01-10,1.3279086709433836,1.393698410242604,-0.06578973929922038,train
2014-01-13,1.2197846502671141,1.5766790890543327,-0.3568944387872186,train
2014-01-14,1.2339681980341015,1.407190473776091,-0.17322227574198945,train
2014-01-15,1.2581559335184778,1.3652763687483958,-0.10712043522991799,train
2014-01-16,1.240831408468125,1.3975560552592443,-0.15672464679111942,train
2014-01-17,1.2172554369451478,1.3929046506575193,-0.17564921371237152,train
2014-01-20,1.2110057225577353,1.2613474420201989,-0.050341719462463574,train
2014-01-21,1.2042877102733986,1.1859544024480637,0.018333307825334932,train
2014-01-22,1.2028699396028104,1.21023984165191,-0.007369902049099597,train
2014-01-23,1.196433610140774,1.1834214842167128,0.013012125924061202,train
2014-01-24,1.1547101831015623,1.2808893598257716,-0.1261791767242093,train
2014-01-27,1.103360271979874,1.3662624271055435,-0.2629021551256694,train
2014-01-28,1.0914320046187407,1.3662929315663817,-0.27486092694764097,train
2014-01-29,1.0949790119446745,1.3653557733212387,-0.2703767613765642,train
2014-01-30,1.132897689718979,1.4724044088855166,-0.3395067191665375,train
2014-01-31,1.1255606131700695,1.4381768282066474,-0.3126162150365779,train
2014-02-03,1.1034624397261006,1.434666238027823,-0.3312037983017224,train
2014-02-04,1.098127077864298,1.420300132521469,-0.32217305465717105,train
2014-02-05,1.1135178171787967,1.4161466519436152,-0.3026288347648185,train
2014-02-06,1.1105141383994956,1.3818386705939951,-0.2713245321944995,train
2014-02-07,1.0147132042574039,1.5211680639792098,-0.5064548597218059,train
2014-02-10,0.9693982199533759,1.4725943523347491,-0.5031961323813732,train
2014-02-11,0.9779179571589157,1.2864313780854981,-0.3085134209265824,train
2014-02-12,1.0232504685642851,1.3400805916749323,-0.3168301231106472,train
2014-02-13,1.0182913587571525,1.3593495501124957,-0.3410581913553432,train
2014-02-14,0.9873352322277118,1.342301791693684,-0.3549665594659721,train
2014-02-17,1.0115919177748893,1.2186304111281427,-0.20703849335325342,train
2014-02-18,1.049100186915325,1.2258870624920226,-0.1767868755766977,train
2014-02-19,1.06285264979556,1.2054648537688484,-0.14261220397328844,train
2014-02-20,1.080462485543066,1.1015389764266246,-0.021076490883558563,train
2014-02-21,1.1263833967262522,1.1106261001459754,0.015757296580276803,train
2014-02-24,1.1526403876836286,1.0905912670690356,0.062049120614593,train
2014-02-25,1.1703469607491317,1.0640169375196813,0.1063300232294504,train
2014-02-26,1.1882695102890326,1.047094613028978,0.1411748972600546,train
2014-02-27,1.202820540989552,1.0771289496425565,0.1256915913469956,train
2014-02-28,1.213772201728613,1.108611459366058,0.1051607423625549,train
2014-03-03,1.128771294917173,1.2988501456684731,-0.17007885075130003,train
2014-03-04,1.1031405955302698,1.2683459447494616,-0.16520534921919183,train
2014-03-05,1.1407524294321865,1.2731250783277543,-0.13237264889556788,train
2014-03-06,1.1513028733359627,1.3062156764882638,-0.15491280315230105,train
2014-03-07,1.1081199639738342,1.3585270184670202,-0.250407054493186,train
2014-03-10,1.0933267384786094,1.2610963802377828,-0.16776964175917342,train
2014-03-11,1.1162817858744738,1.1215473647754748,-0.005265578901000989,train
2014-03-12,1.115301524751443,1.06847254348798,0.04682898126346302,train
2014-03-13,1.1052409245980006,1.05257411706454,0.05266680753346065,train
2014-03-14,1.0436509092685082,1.1885426611650363,-0.14489175189652803,train
2014-03-17,1.024058750432802,1.135835263814294,-0.11177651338149186,train
2014-03-18,1.0212413812689443,1.1177580715272997,-0.09651669025835541,train
2014-03-19,0.9861323079557758,1.2199165517635122,-0.23378424380773644,train
2014-03-20,0.9187529903079299,1.3071377893012623,-0.38838479899333245,train
2014-03-21,0.8746417938134067,1.2385818920767782,-0.3639400982633715,train
2014-03-24,0.8503985096740848,1.2208304794103915,-0.37043196973630665,train
2014-03-25,0.7911013015060155,1.363676449115644,-0.5725751476096284,train
2014-03-26,0.7532000377209954,1.3508367144524092,-0.5976366767314137,train
2014-03-27,0.7059650941902236,1.3210038042637726,-0.615038710073549,train
2014-03-28,0.6682219594843366,1.3404573720014243,-0.6722354125170877,train
2014-03-31,0.6442138852954683,1.3615473823604038,-0.7173334970649355,train
2014-04-01,0.626567982834388,1.3451747858623888,-0.7186068030280008,train
2014-04-02,0.6024663426475977,1.1963568019423314,-0.5938904592947337,train
2014-04-03,0.6353311460409283,1.1437754505267728,-0.5084443044858444,train
2014-04-04,0.5146228960037116,1.2918673953052289,-0.7772444993015173,train
2014-04-07,0.4514372833280047,1.2805055922794295,-0.8290683089514248,train
2014-04-08,0.4598378175604699,1.0591458252871087,-0.5993080077266388,train
2014-04-09,0.6281416560143191,1.1109376948341265,-0.48279603881980737,train
2014-04-10,0.6029541831725194,1.206505647070439,-0.6035514638979196,train
2014-04-11,0.5890645552238183,1.06013144113137,-0.47106688590755175,train
2014-04-14,0.628489801679329,0.9503103501717702,-0.32182054849244124,train
2014-04-15,0.622802840066184,1.0116756087951753,-0.38887276872899124,train
2014-04-16,0.651197350815922,1.0000144556901471,-0.3488171048742251,train
2014-04-17,0.6450370024646569,0.9748664645552906,-0.3298294620906337,train
2014-04-18,0.6394518960387979,0.9106896342403304,-0.2712377382015325,train
2014-04-21,0.6579727706512709,0.6613685015894711,-0.0033957309382002254,train
2014-04-22,0.694471256016837,0.6030206016227327,0.09145065439410427,train
2014-04-23,0.7033819485717263,0.6279224634738717,0.0754594850978546,train
2014-04-24,0.6712216285718231,0.685657891267753,-0.014436262695929902,train
2014-04-25,0.6431186722113408,0.6828245056878455,-0.03970583347650469,train
2014-04-28,0.6492470557806108,0.6588428852652402,-0.009595829484629337,train
2014-04-29,0.6493936991618015,0.7634233792272789,-0.11402968006547742,train
2014-04-30,0.6292096444739602,0.8203439624487999,-0.1911343179748397,train
2014-05-01,0.5968683135626615,0.8462341024279488,-0.24936578886528737,train
2014-05-02,0.6181241540200698,0.6281608452466864,-0.010036691226616545,train
2014-05-05,0.5888416358670268,0.8554809640091084,-0.2666393281420817,train
2014-05-06,0.609171479801785,0.6323599052673677,-0.02318842546558275,train
2014-05-07,0.8027446070269356,0.6734848791281925,0.12925972789874307,train
2014-05-08,0.8454228390087162,0.6111583615856448,0.23426447742307133,train
2014-05-09,0.6995208672167147,0.967521996791639,-0.2680011295749243,train
2014-05-12,0.6928062878572988,0.8102644961970814,-0.1174582083397826,train
2014-05-13,0.7035728526176814,0.760946854390682,-0.05737400177300056,train
2014-05-14,0.6890138531481728,0.9056447549069475,-0.21663090175877475,train
2014-05-15,0.6855567585746142,0.8728213244111244,-0.1872645658365102,train
2014-05-16,0.6627949455452365,0.8669309962481718,-0.20413605070293528,train
2014-05-19,0.6565163134718247,0.8037005117150192,-0.1471841982431945,train
2014-05-20,0.6796217358143531,0.7656233052298335,-0.08600156941548032,train
2014-05-21,0.6927391366250794,0.7323430562868948,-0.03960391966181542,train
2014-05-22,0.6716127255655632,0.831974521295618,-0.16036179573005482,train
2014-05-23,0.6638606520109166,0.7700977892324112,-0.10623713722149464,train
2014-05-26,0.6699147315843093,0.6746753846636414,-0.0047606530793321555,train
2014-05-27,0.6860157397166791,0.6070659874662137,0.07894975225046541,train
2014-05-28,0.7125052128936128,0.65114464624912,0.06136056664449274,train
2014-05-29,0.6968462918793661,0.6578956979906395,0.03895059388872657,train
2014-05-30,0.699783958482735,0.615999514958194,0.08378444352454095,train
2014-06-02,0.6882510682840112,0.6368995137199656,0.05135155456404561,train
2014-06-03,0.6749198106376765,0.7059960036561476,-0.031076193018471088,train
2014-06-04,0.6792309742108292,0.7448420180708638,-0.06561104386003458,train
2014-06-05,0.654129898833137,0.7387966117882347,-0.08466671295509776,train
2014-06-06,0.39980627030693644,1.0759306254826777,-0.6761243551757412,train
2014-06-09,0.3094009570242834,1.0600383426379074,-0.750637385613624,train
2014-06-10,0.3061601458294546,0.92886482555454,-0.6227046797250854,train
2014-06-11,0.28901724865464434,0.9458055932678215,-0.6567883446131773,train
2014-06-12,0.268931420335164,0.9354380759857681,-0.6665066556506041,train
2014-06-13,0.22676725844944576,0.8602838642036122,-0.6335166057541665,train
2014-06-16,0.24551656628406573,0.7708812737670504,-0.5253647074829847,train
2014-06-17,0.2091460574176636,0.822166185867652,-0.6130201284499884,train
2014-06-18,0.1903717167504506,0.7768335741895649,-0.5864618574391143,train
2014-06-19,0.18100910801870718,0.8444080991683188,-0.6633989911496116,train
2014-06-20,0.1463811328721091,0.8204454419365342,-0.6740643090644252,train
2014-06-23,0.16491114629458858,0.7723277998159664,-0.6074166535213779,train
2014-06-24,0.14980121604739546,0.7402215562073816,-0.5904203401599861,train
2014-06-25,0.1545586638686141,0.7327826961094268,-0.5782240322408128,train
2014-06-26,0.14146855606984987,0.7331382130344797,-0.5916696569646298,train
2014-06-27,0.06529496430519237,0.808031457288045,-0.7427364929828527,train
2014-06-30,0.054544204674776636,0.6892374722176519,-0.6346932675428753,train
2014-07-01,0.09862116559683538,0.739504747732825,-0.6408835821359896,train
2014-07-02,0.11185440340673751,0.6706469173716505,-0.558792513964913,train
2014-07-03,0.1713665466950872,0.6330479505459248,-0.46168140385083756,train
2014-07-04,0.11453869727158962,0.6924700491768103,-0.5779313519052207,train
2014-07-07,0.13638361189866288,0.47957560707437147,-0.3431919951757086,train
2014-07-08,0.17588754702949716,0.44141416490834884,-0.2655266178788517,train
2014-07-09,0.22902256811293847,0.36736633868294055,-0.13834377057000208,train
2014-07-10,0.2578617551936393,0.4386599654673647,-0.1807982102737254,train
2014-07-11,0.24277556461063574,0.39689137047540646,-0.15411580586477072,train
2014-07-14,0.24839207871818797,0.4067346369539282,-0.15834255823574023,train
2014-07-15,0.30702689207341005,0.4171389399286096,-0.11011204785519957,train
2014-07-16,0.30457043623474994,0.5692400664794691,-0.2646696302447192,train
2014-07-17,0.34461984138770374,0.4884711208992032,-0.14385127951149945,train
2014-07-18,0.34347981014958745,0.45406007946462495,-0.1105802693150375,train
2014-07-21,0.34845493632691976,0.5617921334704281,-0.21333719714350835,train
2014-07-22,0.3795258694665297,0.4663907938525776,-0.08686492438604787,train
2014-07-23,0.3710695429277003,0.5293802591479392,-0.1583107162202389,train
2014-07-24,0.4144534007341679,0.45723711728491334,-0.04278371655074542,train
2014-07-25,0.41512700860513335,0.5231109674632196,-0.10798395885808626,train
2014-07-28,0.43859386967210257,0.46614312602557223,-0.027549256353469664,train
2014-07-29,0.4853238307195086,0.3182396341531042,0.16708419656640439,train
2014-07-30,0.5345396431793906,0.272257722966577,0.2622819202128136,train
2014-07-31,0.5206760924499164,0.47013995412657333,0.05053613832334308,train
2014-08-01,0.5063344492704642,0.40814459648407925,0.09818985278638498,train
2014-08-04,0.46913106454524073,0.5380354094803584,-0.06890434493511771,train
2014-08-05,0.5252981634883909,0.4000046641821542,0.12529349930623668,train
2014-08-06,0.9129634415945809,0.49380635618202384,0.41915708541255703,train
2014-08-07,0.9437625801130206,0.539394898922092,0.4043676811909286,train
2014-08-08,0.9517958931432856,0.6085323227752938,0.3432635703679918,train
2014-08-11,0.9921588874408697,0.6011918375713805,0.39096704986948916,train
2014-08-12,1.0542925383215436,0.5292497861176891,0.5250427522038544,train
2014-08-13,1.088724085574632,0.5601287168540585,0.5285953687205736,train
2014-08-14,1.0931704555905708,0.6901145103637112,0.4030559452268596,train
2014-08-15,1.099735098210855,0.6587892970546727,0.4409458011561822,train
2014-08-18,1.114611954309515,0.6936328148072223,0.4209791395022927,train
2014-08-19,1.2294326075096098,0.6226562365065407,0.6067763710030691,train
2014-08-20,1.269991515390427,0.7385882384628619,0.5314032769275652,train
2014-08-21,1.2977846503652315,0.7188223685721237,0.5789622817931078,train
2014-08-22,1.312779103172631,0.6789616549539945,0.6338174482186365,train
2014-08-25,1.3151258963466088,0.7381302798793679,0.576995616467241,train
2014-08-26,1.3329797318961538,0.7255716355312145,0.6074080963649393,train
2014-08-27,1.3668912428841933,0.7599038182214861,0.6069874246627072,train
2014-08-28,1.3696468461960303,0.8065955708881294,0.5630512753079009,train
2014-08-29,1.3756267798207984,0.8787537808822902,0.4968729989385082,train
2014-09-01,1.415135266188578,0.844011676730943,0.5711235894576351,train
2014-09-02,1.4610731927159855,0.6980329396922463,0.7630402530237391,train
2014-09-03,1.536572177144489,0.6860619205262422,0.8505102566182468,train
2014-09-04,1.5758137123054565,0.8027617419816637,0.7730519703237928,train
2014-09-05,1.4359048446202796,1.1596174901407232,0.2762873544795563,train
2014-09-08,1.46715331589047,1.067184068962522,0.3999692469279479,train
2014-09-09,1.5596576950194474,1.1289044992384145,0.4307531957810329,train
2014-09-10,1.6021039232577003,1.2821531177648313,0.31995080549286903,train
2014-09-11,1.6032379320006043,1.3565516672329438,0.24668626476766042,train
2014-09-12,1.6299862179362747,1.2303891936386075,0.3995970242976672,train
2014-09-15,1.647762319612538,1.2129675159404156,0.4347948036721223,train
2014-09-16,1.78374544155971,1.1943499379421612,0.5893955036175489,train
2014-09-17,1.87906117907017,1.2079386338351483,0.6711225452350216,train
2014-09-18,1.8665875670978216,1.3832237067041329,0.4833638603936887,train
2014-09-19,1.8616378097364035,1.3808987004460858,0.4807391092903177,train
2014-09-22,1.8792928789928662,1.395377003712883,0.48391587527998325,train
2014-09-23,1.9016185253958675,1.3798398106984384,0.5217787146974291,train
2014-09-24,1.922055284198311,1.3586141070344575,0.5634411771638534,train
2014-09-25,1.9228181035439817,1.3064931689345716,0.6163249346094102,train
2014-09-26,1.9101591307355312,1.362581355367558,0.5475777753679731,train
2014-09-29,1.9231746927102844,1.2664346267161597,0.6567400659941247,train
2014-09-30,1.9485244084220932,1.2970591261023108,0.6514652823197824,train
2014-10-01,1.94392852582749,1.4202164816153857,0.5237120442121044,train
2014-10-02,1.9789825128124356,1.4835821631793762,0.49540034963305946,train
2014-10-03,1.9634086552246413,1.6051768458910727,0.3582318093335686,train
2014-10-06,1.942971060536071,1.6716183368607807,0.2713527236752904,train
2014-10-07,1.944955426074395,1.6482218857408193,0.2967335403335758,train
2014-10-08,1.9883776440331788,1.6965423293990693,0.2918353146341095,train
2014-10-09,1.9675229264005456,1.8330415573969778,0.13448136900356777,train
2014-10-10,1.937527841393284,1.8241228510798246,0.1134049903134593,train
2014-10-13,1.9342303221838149,1.746111100860511,0.18811922132330383,train
2014-10-14,1.938127445126973,1.7997457157139296,0.1383817294130434,train
2014-10-15,1.9294399179083626,1.772630641101313,0.15680927680704948,train
2014-10-16,1.8624944922595685,1.9564645871000899,-0.09397009484052132,train
2014-10-17,1.7833269247583352,2.012571686548137,-0.2292447617898017,train
2014-10-20,1.7549355937842235,1.9686653370848912,-0.21372974330066774,train
2014-10-21,1.757578053760188,1.8991710829190886,-0.1415930291589007,train
2014-10-22,1.7686671147595823,1.9605084241091166,-0.19184130934953436,train
2014-10-23,1.775378799168635,1.888889642524268,-0.1135108433556331,train
2014-10-24,1.7662781506530774,1.8254078538871894,-0.05912970323411204,train
2014-10-27,1.775017074300618,1.7134719300213657,0.061545144279252284,train
2014-10-28,1.7949883977855166,1.6735794576171752,0.12140894016834136,train
2014-10-29,1.785380072853737,1.690152092375998,0.09522798047773895,train
2014-10-30,1.7642547420214727,1.7543058569925571,0.009948885028915555,train
2014-10-31,1.7687252328157608,1.7105936950797394,0.05813153773602142,train
2014-11-03,1.708564731800981,1.874762738231496,-0.16619800643051508,train
2014-11-04,1.6933935327812855,1.8723752395874946,-0.17898170680620917,train
2014-11-05,1.7944346760588876,1.8008998851605325,-0.006465209101644831,train
2014-11-06,1.8347270086777336,1.8116546306844783,0.023072377993255344,train
2014-11-07,1.7658385645611498,1.976037998614162,-0.21019943405301222,train
2014-11-10,1.7572803821946021,1.9174914775304468,-0.16021109533584466,train
2014-11-11,1.763704989291089,1.820611788055805,-0.05690679876471605,train
2014-11-12,1.8102843879454487,1.8293980031386208,-0.019113615193172118,train
2014-11-13,1.8068554098264573,1.8926538409102023,-0.08579843108374496,train
2014-11-14,1.8244736867577387,1.7472337186417555,0.07723996811598322,train
2014-11-17,1.8290204222554638,1.8201874104942812,0.008833011761182563,train
2014-11-18,1.886752215215913,1.7759677540261058,0.11078446118980723,train
2014-11-19,1.9160105482632737,1.716286313742568,0.19972423452070576,train
2014-11-20,1.9151432210067092,1.716235487364241,0.19890773364246828,train
2014-11-21,1.8813342040425456,1.8168845244372989,0.06444967960524672,train
2014-11-24,1.8534694417735638,1.78577356274094,0.06769587903262386,train
2014-11-25,1.8364678264119827,1.727911214390501,0.10855661202148159,train
2014-11-26,1.8179422798975144,1.7374180322977628,0.08052424759975163,train
2014-11-27,1.8061936005442107,1.7841825706115602,0.022011029932650583,train
2014-11-28,1.8126008154843565,1.6612695126377117,0.15133130284664476,train
2014-12-01,1.8013059820551633,1.644222821552215,0.15708316050294835,train
2014-12-02,1.7990745246173114,1.6824296355829225,0.11664488903438897,train
2014-12-03,1.8471137620256708,1.585045380994311,0.26206838103135977,train
2014-12-04,1.869280156469542,1.5938637629952368,0.27541639347430524,train
2014-12-05,1.811758242289689,1.8480116457215001,-0.03625340343181116,train
2014-12-08,1.7758100219760453,1.8860416185765951,-0.11023159660054982,train
2014-12-09,1.7989271338851898,1.7666299091968791,0.032297224688310644,train
2014-12-10,1.7852259904276186,1.876490113843885,-0.09126412341626633,train
2014-12-11,1.7958112714670962,1.8588283191956418,-0.06301704772854566,train
2014-12-12,1.7994268434649772,1.9056063212516232,-0.10617947778664605,train
2014-12-15,2.087793507654874,1.8289489479531378,0.25884455970173637,train
2014-12-16,2.1322193136216416,1.8596405076050786,0.27257880601656304,train
2014-12-17,2.119592778192573,1.922366159224253,0.19722661896832006,train
2014-12-18,2.0789355669863467,2.0330762099814854,0.04585935700486132,train
2014-12-19,2.1488928649071037,1.9824155188474788,0.16647734605962494,train
2014-12-22,2.2874521029141452,1.9134156338084076,0.3740364691057376,train
2014-12-23,2.4500749920539633,1.812007423181408,0.6380675688725552,train
2014-12-24,2.507677287708103,1.7091010974794358,0.798576190228667,train
2014-12-26,2.5702561991544357,1.5372244845940093,1.0330317145604264,train
2014-12-29,2.606614134375336,1.3917147891680928,1.2148993452072434,train
2014-12-30,2.6249388824639746,1.4536834343092906,1.171255448154684,train
2014-12-31,2.6503086902906388,1.4747319125257616,1.1755767777648771,train
2015-01-02,2.668161597214585,1.424396933420513,1.2437646637940718,train
2015-01-05,2.68779890372168,1.5430821123668792,1.1447167913548009,train
2015-01-06,2.6914441486329013,1.7377428753901951,0.9537012732427061,train
2015-01-07,2.7134519717550063,1.7684558900954863,0.94499608165952,train
2015-01-08,2.746441409759153,1.816917188728174,0.9295242210309791,train
2015-01-09,2.7498327668555866,1.8276570134739087,0.9221757533816779,train
2015-01-12,2.7574107113368043,1.87967716941237,0.8777335419244343,train
2015-01-13,2.7614552147980147,1.8175257345145412,0.9439294802834735,train
2015-01-14,2.774031787487811,1.8256839713325286,0.9483478161552823,train
2015-01-15,2.7601214275839103,1.8883198304223252,0.8718015971615851,train
2015-01-16,2.621226118695053,2.2028062761231957,0.41841984257185727,train
2015-01-19,2.5990888543420567,2.153735021729858,0.44535383261219863,train
2015-01-20,2.6089677543857532,2.115547302506513,0.4934204518792402,train
2015-01-21,2.609941370686605,2.0878227644922407,0.5221186061943643,train
2015-01-22,2.5882451528763712,2.2482358918360172,0.340009261040354,train
2015-01-23,2.49473487341932,2.292353348689606,0.20238152472971427,train
2015-01-26,2.3540686590449345,2.4301129799524674,-0.07604432090753299,train
2015-01-27,2.2929241894146437,2.449705481114816,-0.15678129170017208,train
2015-01-28,2.230355460765552,2.570739963801937,-0.34038450303638523,train
2015-01-29,2.208682999934278,2.5324312387962467,-0.3237482388619686,train
2015-01-30,2.178320067938664,2.4432171445943824,-0.2648970766557186,train
2015-02-02,2.138340099682537,2.397002591868888,-0.2586624921863514,train
2015-02-03,2.130645849523467,2.3346916067709866,-0.2040457572475196,train
2015-02-04,2.122398630015231,2.3408246333711555,-0.21842600335592444,train
2015-02-05,2.189297930385944,2.3283543344053608,-0.13905640401941666,train
2015-02-06,2.1432851143506944,2.3964514270571327,-0.2531663127064383,train
2015-02-09,2.1252829407893477,2.469433412823699,-0.34415047203435156,train
2015-02-10,2.188927362248594,2.3720886065817384,-0.1831612443331445,train
2015-02-11,2.286097093758453,2.3974825928957526,-0.11138549913729978,train
2015-02-12,2.331871782690492,2.3441210230171143,-0.012249240326622335,train
2015-02-13,2.3377272385951793,2.3716681555416534,-0.033940916946474164,train
2015-02-16,2.3506262595721887,2.2300633847872824,0.12056287478490635,train
2015-02-17,2.70430218584407,2.1759872470563972,0.5283149387876729,train
2015-02-18,2.7858143591216957,2.170049841311769,0.6157645178099269,train
2015-02-19,2.8129927505705803,2.231991686713502,0.5810010638570784,train
2015-02-20,2.859501972878874,2.162254043418227,0.6972479294606471,train
2015-02-23,2.8866938956968466,2.2789296186724135,0.6077642770244331,train
2015-02-24,2.8980755636788134,2.1917942796761283,0.7062812840026851,train
2015-02-25,2.916377584918061,2.144061092359443,0.7723164925586179,train
2015-02-26,2.9446689690078203,2.023971974203299,0.9206969948045214,train
2015-02-27,2.957379149979513,2.033012604179249,0.9243665458002637,train
2015-03-02,2.9642183361138352,2.0051472317224643,0.9590711043913709,train
2015-03-03,2.985065284580866,1.8744455693475712,1.1106197152332948,train
2015-03-04,3.005174265603409,1.8410671270768089,1.1641071385266,train
2015-03-05,3.0666276009801874,1.912715181337956,1.1539124196422315,train
2015-03-06,3.065582641413866,1.972307799950305,1.0932748414635611,train
2015-03-09,3.0401437474394184,2.1328997328982857,0.9072440145411327,train
2015-03-10,3.057386793304686,2.0314682670343847,1.0259185262703014,train
2015-03-11,3.0431753830405635,2.207308162589512,0.8358672204510516,train
2015-03-12,3.0255936864022686,2.3082969798112747,0.7172967065909939,train
2015-03-13,2.9836134798234926,2.440306439460496,0.5433070403629965,train
2015-03-16,2.9907296868359827,2.387912139797212,0.6028175470387707,train
2015-03-17,3.004309055999248,2.4108451925247563,0.5934638634744918,train
2015-03-18,3.039237558475272,2.351472521399855,0.6877650370754171,train
2015-03-19,2.8310038430525344,2.725012832635956,0.10599101041657821,train
2015-03-20,2.7606801144722994,2.672179255466769,0.08850085900553051,train
2015-03-23,2.7340603385586935,2.647733080281773,0.08632725827692056,train
2015-03-24,2.6949760569111025,2.7306633840376042,-0.03568732712650169,train
2015-03-25,2.667019652867462,2.8112623004232202,-0.1442426475557581,train
2015-03-26,2.6832483254020874,2.601969824306922,0.08127850109516555,train
2015-03-27,2.671536292212839,2.5706320891395027,0.10090420307333625,train
2015-03-30,2.6550243345762468,2.590769195927351,0.06425513864889565,train
2015-03-31,2.696193301436375,2.5259371566067994,0.17025614482957563,train
2015-04-01,2.763665090115537,2.4694352720369084,0.29422981807862847,train
2015-04-02,2.7741796682105613,2.512585398317925,0.26159426989263634,train
2015-04-03,2.7606821592892765,2.5325371266743177,0.22814503261495878,train
2015-04-06,2.7151362025339827,2.698711648035496,0.0164245544984869,train
2015-04-07,2.7468399302017343,2.570388684321132,0.17645124588060224,train
2015-04-08,2.7581344524537212,2.5805779088990857,0.17755654355463557,train
2015-04-09,2.7954786475882645,2.618069327379287,0.17740932020897748,train
2015-04-10,2.8005170825049985,2.555696712156397,0.24482037034860138,train
2015-04-13,2.7988747776760863,2.4812510581999363,0.31762371947615,train
2015-04-14,2.8133237257615153,2.4775057585884244,0.335817967173091,train
2015-04-15,2.792432003776865,2.5686668944391884,0.22376510933767646,train
2015-04-16,2.7798276484846505,2.5851031198975445,0.19472452858710598,train
2015-04-17,2.73855458075976,2.692953876527715,0.045600704232044986,train
2015-04-20,2.7599761997109056,2.6613608683732637,0.09861533133764189,train
2015-04-21,2.7832413953100756,2.5859927497842365,0.1972486455258391,train
2015-04-22,2.7892693979647936,2.544852212032656,0.24441718593213757,train
2015-04-23,2.8112129579362453,2.498911895226881,0.3123010627093641,train
2015-04-24,2.7816477707384726,2.49162777180928,0.2900199989291927,train
2015-04-27,2.769854041974373,2.4959775887691653,0.2738764532052076,train
2015-04-28,2.786462654957122,2.447194384477574,0.3392682704795482,train
2015-04-29,2.7957756641165896,2.443854017234665,0.3519216468819244,train
2015-04-30,2.7569600575354487,2.5820433327294814,0.17491672480596732,train
2015-05-01,2.6962564482810163,2.6777310548760958,0.018525393404920543,train
2015-05-04,2.7073189902601165,2.619530626268343,0.08778836399177337,train
2015-05-05,2.7620555075452486,2.540884867417787,0.22117064012746157,train
2015-05-06,2.758751305618333,2.6443316120547977,0.11441969356353532,train
2015-05-07,2.845542817805252,2.646315237773171,0.19922758003208108,train
2015-05-08,2.851519038863501,2.5773922353091527,0.27412680355434826,train
2015-05-11,2.8215954816105637,2.6712703340487804,0.15032514756178328,train
2015-05-12,2.8457020899728374,2.6211019308117973,0.22460015916104004,train
2015-05-13,2.851555044575635,2.570775286871941,0.2807797577036939,train
2015-05-14,2.85295412299837,2.6037586046859267,0.24919551831244346,train
2015-05-15,2.8511808943055854,2.5597080566034043,0.29147283770218113,train
2015-05-18,2.8378101037335264,2.5164093485576036,0.3214007551759228,train
2015-05-19,2.8353874817108125,2.471157314567201,0.36423016714361145,train
2015-05-20,2.8143208011235687,2.6094535965832515,0.20486720454031726,train
2015-05-21,2.787721346960881,2.601242865666016,0.186478481294865,train
2015-05-22,2.780955127661888,2.580935340237599,0.2000197874242886,train
2015-05-25,2.7560515491270086,2.6435653829469348,0.11248616618007379,train
2015-05-26,2.7667025948523816,2.4663947411652902,0.30030785368709134,train
2015-05-27,2.7552495743116197,2.4854851817676455,0.2697643925439741,train
2015-05-28,2.734514169090274,2.507277435932738,0.227236733157536,train
2015-05-29,2.807385028739373,2.505477242629746,0.3019077861096271,train
2015-06-01,2.8203099387178816,2.4342583860783154,0.38605155263956625,train
2015-06-02,2.8171014859871293,2.4943968803747283,0.322704605612401,train
2015-06-03,2.804545997870732,2.5660192727097595,0.2385267251609724,train
2015-06-04,2.744548229295406,2.6478218470210897,0.09672638227431651,train
2015-06-05,2.7373488538872666,2.6318923622570995,0.10545649163016702,train
2015-06-08,2.6177492780460963,2.8393845455733597,-0.22163526752726348,train
2015-06-09,2.6035280041423037,2.7704489239872703,-0.1669209198449666,train
2015-06-10,2.5876689417232717,2.7360512539255413,-0.1483823122022696,train
2015-06-11,2.5749207042814346,2.749680472534723,-0.17475976825328843,train
2015-06-12,2.602213855011346,2.6871987987258596,-0.0849849437145136,train
2015-06-15,2.5734253065614907,2.6393643339706347,-0.06593902740914404,train
2015-06-16,2.5628838499793942,2.582363150918242,-0.019479300938847643,train
2015-06-17,2.572677229134367,2.5061471044133246,0.06653012472104258,train
2015-06-18,2.558385883905429,2.460919558667665,0.0974663252377641,train
2015-06-19,2.515774708412,2.5231765646058,-0.0074018561938000715,train
2015-06-22,2.5136682732362696,2.4072868459795016,0.10638142725676802,train
2015-06-23,2.5021711868453522,2.417940424373672,0.08423076247168026,train
2015-06-24,2.5047285236340926,2.41535906216047,0.08936946147362246,train
2015-06-25,2.5050712922751917,2.408018210391823,0.09705308188336881,train
2015-06-26,2.5124286957373068,2.3430679111876342,0.16936078454967252,train
2015-06-29,2.498968319177185,2.3396711198125426,0.1592971993646426,train
2015-06-30,2.3765887817411686,2.5737133897346096,-0.197124607993441,train
2015-07-01,2.338762565702755,2.5292819685381143,-0.1905194028353594,train
2015-07-02,2.386684964228608,2.523276108598664,-0.13659114437005604,train
2015-07-03,2.3448021644194927,2.58139885891576,-0.2365966944962672,train
2015-07-06,2.346721032876326,2.4386108145754664,-0.0918897816991402,train
2015-07-07,2.3125887293663667,2.4643296197064477,-0.15174089034008098,train
2015-07-08,2.274489352742574,2.4130555724203893,-0.13856621967781546,train
2015-07-09,2.296165669068441,2.4175325117473854,-0.12136684267894449,train
2015-07-10,2.278402469768515,2.3739536485778197,-0.09555117880930464,train
2015-07-13,2.2539407181728333,2.477657279934914,-0.22371656176208088,train
2015-07-14,2.205054826788089,2.522086991863555,-0.31703216507546594,train
2015-07-15,2.2119598639328553,2.4053338933159276,-0.19337402938307235,train
2015-07-16,2.199353293658833,2.376874657043797,-0.17752136338496394,train
2015-07-17,2.174082803759029,2.4051909247985566,-0.2311081210395276,train
2015-07-20,2.1694275825223626,2.2537980390454893,-0.08437045652312669,train
2015-07-21,2.1921437151775103,2.131189162961495,0.06095455221601531,train
2015-07-22,2.1963886634531735,2.1673033139906392,0.02908534946253427,train
2015-07-23,2.203243116763607,2.149786791988107,0.0534563247755,train
2015-07-24,2.3964153317622015,2.1788084702617154,0.21760686150048603,train
2015-07-27,2.475471213846245,2.196297846119532,0.27917336772671275,train
2015-07-28,2.528149873014664,2.2566543578069336,0.2714955152077305,train
2015-07-29,2.5619886713406137,2.1571337490973113,0.40485492224330244,train
2015-07-30,2.575448683815665,2.186464582848467,0.3889841009671984,train
2015-07-31,2.5850911907586904,2.1216483508515034,0.46344283990718704,train
2015-08-03,2.557626602711716,2.2986807559631957,0.2589458467485204,train
2015-08-04,2.572321499655007,2.112837338060843,0.4594841615941636,train
2015-08-05,2.599925815750932,2.1361851092670934,0.4637407064838386,train
2015-08-06,2.615299841785916,2.144510239624536,0.47078960216137977,train
2015-08-07,2.6154678034162435,2.0598442158494055,0.555623587566838,train
2015-08-10,2.5766665632328247,2.1610227670308966,0.41564379620192815,train
2015-08-11,2.572860914586374,2.0950224450038615,0.47783846958251264,train
2015-08-12,2.5681476581721068,2.1700843297390495,0.39806332843305725,train
2015-08-13,2.560087940291376,2.169497238394385,0.3905907018969912,train
2015-08-14,2.5432521311801546,2.2136796421592764,0.3295724890208782,train
2015-08-17,2.5378316015922526,2.1010767909412347,0.43675481065101796,train
2015-08-18,2.5394207617545153,2.0847897019625017,0.45463105979201357,train
2015-08-19,2.5805821801966577,1.9855359078934791,0.5950462723031786,train
2015-08-20,2.582543170215171,2.0534132138885313,0.5291299563266398,train
2015-08-21,2.5754087131935033,2.04284001788884,0.5325686953046631,train
2015-08-24,2.5661691834201505,2.072275668398495,0.49389351502165546,train
2015-08-25,2.4126172946839293,2.391442710375412,0.021174584308517375,train
2015-08-26,2.328745272492558,2.4843872709305472,-0.15564199843798932,train
2015-08-27,2.2694699325142955,2.5477394215892994,-0.27826948907500393,train
2015-08-28,2.2347504359115065,2.5559227149725268,-0.3211722790610203,train
2015-08-31,2.2174697215497825,2.5721666499303315,-0.354696928380549,train
2015-09-01,2.2019602850491418,2.443037848337725,-0.2410775632885831,train
2015-09-02,2.1483132125045885,2.4309525247893533,-0.2826393122847648,train
2015-09-03,2.2674327633836704,2.3394311049322996,-0.07199834154862916,train
2015-09-04,2.235053082860631,2.3855691891350634,-0.15051610627443246,train
2015-09-07,2.199102808028897,2.3847814502434614,-0.18567864221456443,train
2015-09-08,2.205042815552833,2.258446711043117,-0.053403895490284015,train
2015-09-09,2.211224755228287,2.2114418563647296,-0.00021710113644246576,train
2015-09-10,2.2160193933890335,2.171693950059424,0.04432544332960964,train
2015-09-11,2.1805405604023673,2.189286986555888,-0.008746426153520837,train
2015-09-14,2.1636759812567847,2.1395148251628986,0.024161156093886138,train
2015-09-15,2.169398687502919,2.0900306900847885,0.07936799741813072,train
2015-09-16,2.1981253250688075,2.0600620458371375,0.13806327923167006,train
2015-09-17,2.1999225427576787,2.099262982440149,0.10065956031752954,train
2015-09-18,2.138233393662178,2.226212921865542,-0.08797952820336397,train
2015-09-21,2.1025969069894828,2.198320373734141,-0.09572346674465804,train
2015-09-22,2.0855597243649755,2.1793715713468194,-0.09381184698184386,train
2015-09-23,2.137668528424575,2.188404645280775,-0.05073611685619994,train
2015-09-24,2.1421290877389803,2.261824582965898,-0.1196954952269178,train
2015-09-25,2.1179563507160633,2.17473437483034,-0.05677802411427679,train
2015-09-28,2.0859412761536964,2.18641390427565,-0.10047262812195346,train
2015-09-29,2.1769851705737606,2.1419499819201397,0.035035188653620875,train
2015-09-30,2.173901290820319,2.1786197447635187,-0.004718453943199918,train
2015-10-01,2.1848148483798826,2.1017688715631753,0.08304597681670733,train
2015-10-02,2.1876142873330093,2.0113600000682013,0.17625428726480807,train
2015-10-05,2.033373521429932,2.2716989905180585,-0.23832546908812624,train
2015-10-06,2.031773517518801,2.130717861303481,-0.0989443437846802,train
2015-10-07,2.035939174152065,2.0554469373874955,-0.019507763235430353,train
2015-10-08,2.118915041577305,2.0638218401097057,0.05509320146759933,train
2015-10-09,2.111007730920839,2.1216015044015797,-0.010593773480740865,train
2015-10-12,2.1093154100322327,2.011732464221839,0.09758294581039362,train
2015-10-13,2.1247875845197237,1.8569565563179948,0.2678310282017289,train
2015-10-14,2.180486894170871,1.8863956764373369,0.29409121773353397,train
2015-10-15,2.196724070644457,1.9101900322847167,0.28653403835974034,train
2015-10-16,2.1796160574357244,1.9872028086596354,0.192413248776089,train
2015-10-19,2.1709494766494513,1.9583861122181412,0.21256336443131008,train
2015-10-20,2.1747181240724807,1.9123738934541914,0.26234423061828926,train
2015-10-21,2.198920922908083,1.8487434380460306,0.35017748486205247,train
2015-10-22,2.2095479727746103,1.8118762951668876,0.3976716776077227,train
2015-10-23,2.1574163000615414,1.980028945566529,0.17738735449501242,train
2015-10-26,2.1139557978321317,2.008955035717942,0.10500076211418952,train
2015-10-27,2.129388541237018,1.910520859896966,0.21886768134005186,train
2015-10-28,2.110569751409213,1.9419880372693397,0.16858171413987333,train
2015-10-29,1.9893365077869356,2.21558924810328,-0.22625274031634457,train
2015-10-30,1.9578452868776342,2.0837439705916023,-0.12589868371396817,train
2015-11-02,1.9293749381607117,2.0622201731103735,-0.13284523494966183,train
2015-11-03,1.9396082427255008,2.0318818394548126,-0.09227359672931179,train
2015-11-04,2.347595984204548,1.9990062874444312,0.348589696760117,train
2015-11-05,2.4113656962353778,1.9395975091160633,0.47176818711931445,train
2015-11-06,2.4075937627895834,1.9077076859411615,0.4998860768484219,train
2015-11-09,2.3422480876728935,2.090339785122394,0.25190830255049956,train
2015-11-10,2.3453750714922332,1.9993343663136522,0.346040705178581,train
2015-11-11,2.3441227307761014,2.0184247426165416,0.32569798815955986,train
2015-11-12,2.36198751657021,2.004644559209051,0.3573429573611593,train
2015-11-13,2.322319805582848,2.1706613600149276,0.15165844556792019,train
2015-11-16,2.309008777211941,2.082788030158841,0.2262207470530999,train
2015-11-17,2.360730922601111,2.058865959381385,0.3018649632197259,train
2015-11-18,2.377331203659321,2.0204463903160876,0.3568848133432332,train
2015-11-19,2.3917923350987915,2.002903325533159,0.38888900956563255,train
2015-11-20,2.378559345268664,2.0175166282433774,0.36104271702528656,train
2015-11-23,2.3706074492143774,1.96536488390221,0.4052425653121674,train
2015-11-24,2.3676737607807334,1.9320060204725642,0.43566774030816924,train
2015-11-25,2.362039726169405,1.9102940719443915,0.45174565422501334,train
2015-11-26,2.346542543983756,1.9721878857175923,0.3743546582661639,train
2015-11-27,2.3595878337288547,1.7430570693290883,0.6165307643997664,train
2015-11-30,2.36151072495075,1.7208005026967315,0.6407102222540186,train
2015-12-01,2.37119989634202,1.6757120895625928,0.6954878067794272,train
2015-12-02,2.397050379922253,1.6679799569444869,0.729070422977766,train
2015-12-03,2.393344529663862,1.7062767101821485,0.6870678194817135,train
2015-12-04,2.0292439633395727,2.215385005886874,-0.18614104254730135,train
2015-12-07,1.9708162174622905,2.248434270278053,-0.27761805281576235,train
2015-12-08,2.049403197873739,2.1471183110039576,-0.09771511313021852,train
2015-12-09,2.0893843924568607,2.1350106899963652,-0.045626297539504534,train
2015-12-10,2.0890725910401327,2.1660556558146493,-0.07698306477451666,train
2015-12-11,2.0990625871637616,1.9876953185425021,0.11136726862125945,train
2015-12-14,2.104728992122431,1.980549413232028,0.12417957889040299,train
2015-12-15,2.1421802161110763,1.9425305562245574,0.19964965988651895,train
2015-12-16,2.1302788795202434,1.9497641486775874,0.180514730842656,train
2015-12-17,2.0624663544008923,2.1232467460713096,-0.060780391670417266,train
2015-12-18,2.058169757982736,2.099142490191001,-0.04097273220826514,train
2015-12-21,2.1376067557332106,2.0872529337632284,0.05035382196998217,train
2015-12-22,2.1507401446321555,2.016235611655972,0.13450453297618337,train
2015-12-23,2.1484576365425703,1.957428524480683,0.19102911206188722,train
2015-12-24,2.146244931666591,1.8887103720283434,0.25753455963824745,train
2015-12-28,2.16464943443097,1.8115962059515907,0.3530532284793795,train
2015-12-29,2.173920126630379,1.7417737776093143,0.43214634902106464,train
2015-12-30,2.205299046298852,1.7797473974160578,0.4255516488827942,train
2015-12-31,2.208116132397961,1.7583442648030034,0.4497718675949576,train
2016-01-04,2.1997597097213117,1.8112297233759034,0.38852998634540836,train
2016-01-05,2.2233589081520466,1.940310866177684,0.2830480419743626,train
2016-01-06,2.2655181001045657,1.919465060304132,0.34605303980043356,train
2016-01-07,2.280162373642549,1.9532465563948314,0.3269158172477178,train
2016-01-08,2.2716675374425956,2.0527785034631223,0.21888903397947335,train
2016-01-11,2.2559806436295546,2.1808203068566367,0.07516033677291789,train
2016-01-12,2.2546804727448144,2.17150035952189,0.0831801132229244,train
2016-01-13,2.3016129219826458,2.1361298930955592,0.16548302888708655,train
2016-01-14,2.309208441322642,2.1482004920906856,0.16100794923195627,train
2016-01-15,2.2839699919995473,2.1645119901020746,0.11945800189747269,train
2016-01-18,2.2459132204500314,2.173697331791696,0.07221588865833528,train
2016-01-19,2.256213743939471,1.9973460319711482,0.2588677119683229,train
2016-01-20,2.2571478990020775,2.0155957053706235,0.24155219363145397,train
2016-01-21,2.247699433291742,2.040189688422457,0.20750974486928486,train
2016-01-22,2.160939219162144,2.1872360347542554,-0.0262968155921115,train
2016-01-25,2.153315108835354,2.060362888155661,0.09295222067969311,train
2016-01-26,2.1739071602962814,1.9824643397044055,0.1914428205918759,train
2016-01-27,2.1814010914161592,1.9798558347620028,0.20154525665415646,train
2016-01-28,2.1820995844899924,2.02426180571733,0.15783777877266258,train
2016-01-29,2.1806893697376193,1.9125246985377558,0.26816467119986354,train
2016-02-01,2.161971838653626,2.0115807696599703,0.15039106899365562,train
2016-02-02,2.162243642295255,1.9498327332042178,0.2124109090910371,train
2016-02-03,2.1735185739371095,1.930420369371094,0.2430982045660155,train
2016-02-04,2.189834884023804,2.0951075610523238,0.09472732297148045,train
2016-02-05,2.134872472310634,2.1718932744254054,-0.037020802114771545,train
2016-02-08,2.09979872300229,2.1651149727274044,-0.06531624972511452,train
2016-02-09,2.0678569626771295,2.21342998392095,-0.14557302124382066,train
2016-02-10,2.3566254211213624,2.320992135020264,0.035633286101098616,train
2016-02-11,2.3525351556137024,2.285591441650843,0.06694371396285925,train
2016-02-12,2.3008715482024287,2.3423393556523466,-0.04146780744991796,train
2016-02-15,2.2765415790286143,2.2859950860615013,-0.009453507032886943,train
2016-02-16,2.318397702820697,2.176388228112958,0.14200947470773873,train
2016-02-17,2.3373140188597388,2.088653119193599,0.2486608996661399,train
2016-02-18,2.3301259980345113,2.07056889513797,0.2595571028965411,train
2016-02-19,2.3173447367199036,2.0177660851277563,0.29957865159214725,train
2016-02-22,2.3208827278776845,1.9855072091033656,0.3353755187743188,train
2016-02-23,2.3138631537589793,1.9392484999788455,0.3746146537801338,train
2016-02-24,2.3085843402018367,1.9534426816507933,0.3551416585510434,train
2016-02-25,2.2794769692311374,1.9961417719547472,0.2833351972763902,train
2016-02-26,2.2611914866550094,1.9751749143893906,0.2860165722656187,train
2016-02-29,2.277882760918614,2.005571483131194,0.2723112777874199,train
2016-03-01,2.279945739743313,1.9730619653963415,0.30688377434697145,train
2016-03-02,2.269854911823078,2.0100864502397227,0.2597684615833553,train
2016-03-03,2.294667241201091,1.9314273567591183,0.36323988444197286,train
2016-03-04,2.282483355165252,1.9704783376526973,0.3120050175125546,train
2016-03-07,2.2206571940453723,2.1233416481357983,0.09731554590957403,train
2016-03-08,2.234706820220297,1.9606141869343288,0.27409263328596833,train
2016-03-09,2.25289247995761,1.9521755098701685,0.3007169700874417,train
2016-03-10,2.251477694048915,1.94275533367726,0.3087223603716551,train
2016-03-11,1.8541523237493278,2.3589677192916003,-0.5048153955422725,train
2016-03-14,1.8236463973177166,2.161091799202156,-0.3374454018844393,train
2016-03-15,1.8285983460039419,2.100012858086112,-0.27141451208217005,train
2016-03-16,1.8313662709118426,2.0591408783221135,-0.2277746074102709,train
2016-03-17,1.7549563864239919,2.2428787562427828,-0.4879223698187909,train
2016-03-18,1.7125665261488485,2.0816977758131276,-0.3691312496642791,train
2016-03-21,1.7025021609408575,1.9609310165384326,-0.2584288555975751,train
2016-03-22,1.7050579689609688,1.9173411053193419,-0.21228313635837304,train
2016-03-23,1.745799472274182,2.004725886815202,-0.2589264145410197,train
2016-03-24,1.7516804763316927,1.8498553212372169,-0.0981748449055242,train
2016-03-25,1.7441635913041857,1.8210206907338848,-0.0768570994296991,train
2016-03-28,1.7708315526498737,1.5649980665103065,0.2058334861395672,train
2016-03-29,1.7969648202403519,1.5649058601964148,0.2320589600439371,train
2016-03-30,1.7639992761717251,1.7387131660055095,0.025286110166215625,train
2016-03-31,1.7733931177674769,1.7114940119945188,0.061899105772958096,train
2016-04-01,1.7767517560008157,1.7056243861462583,0.07112736985455737,train
2016-04-04,1.7514328593901072,1.916512976453644,-0.16508011706353676,train
2016-04-05,1.7950711693021775,1.8562899586376584,-0.06121878933548097,train
2016-04-06,1.7879491445122626,1.8237106124610556,-0.03576146794879298,train
2016-04-07,1.782091614089956,1.8676361069433618,-0.08554449285340571,train
2016-04-08,1.7433285951097466,1.9379593032423532,-0.19463070813260663,train
2016-04-11,1.7406669033671944,1.8352586759547893,-0.09459177258759488,train
2016-04-12,1.725254193284444,1.7916948603484257,-0.06644066706398166,train
2016-04-13,1.6927175606648988,1.8311630785257127,-0.13844551786081394,train
2016-04-14,1.687347051479075,1.8168223868664533,-0.12947533538737832,train
2016-04-15,1.6682385408252471,1.7586303807606556,-0.09039183993540845,train
2016-04-18,1.6506612825622855,1.7226740169103665,-0.07201273434808098,train
2016-04-19,1.6731569885422048,1.7003046804706743,-0.027147691928469442,train
2016-04-20,1.6800539123804692,1.6354483683424763,0.044605544037992884,train
2016-04-21,1.6633694943278485,1.6316084900665404,0.03176100426130812,train
2016-04-22,1.5754865310539443,1.7921284791949916,-0.2166419481410473,train
2016-04-25,1.5657230998911398,1.7084759112359176,-0.1427528113447778,train
2016-04-26,1.5518823543799813,1.6845123930732873,-0.13263003869330592,train
2016-04-27,1.5398675289945998,1.7393809896072114,-0.19951346061261166,train
2016-04-28,1.5156001454892334,1.7916308983515716,-0.27603075286233825,train
2016-04-29,1.457149926792068,1.7634306798401733,-0.3062807530481053,train
2016-05-02,1.426709589113407,1.7958415258962033,-0.3691319367827963,train
2016-05-03,1.422351019745386,1.8076788885983943,-0.3853278688530084,train
2016-05-04,1.432228595252774,1.8361146681774894,-0.40388607292471534,train
2016-05-05,1.5881774120938632,1.916003310896427,-0.32782589880256374,train
2016-05-06,1.585718304210452,1.8248726602697698,-0.2391543560593179,train
2016-05-09,1.5551637373276157,1.843621384396713,-0.2884576470690974,train
2016-05-10,1.5371966625692635,1.781985855256169,-0.24478919268690547,train
2016-05-11,1.5433463468813249,1.7593642211827654,-0.21601787430144048,train
2016-05-12,1.5607424682122095,1.613214133342932,-0.052471665130722434,train
2016-05-13,1.5721110188112126,1.5715886556597904,0.0005223631514221783,train
2016-05-16,1.5600382523753176,1.6199226960909519,-0.059884443715634283,train
2016-05-17,1.5947933837919674,1.5188364578040958,0.07595692598787163,train
2016-05-18,1.6973654322570395,1.456893436643853,0.24047199561318644,train
2016-05-19,1.7059620688787474,1.6188031732497548,0.0871588956289926,train
2016-05-20,1.7169288467077337,1.6124484998217041,0.10448034688602958,train
2016-05-23,1.750156097739178,1.4956374022356427,0.25451869550353523,train
2016-05-24,1.775148602952858,1.4833787743689233,0.29176982858393474,train
2016-05-25,1.8599035485790032,1.5208677180687076,0.3390358305102956,train
2016-05-26,2.5780612202663584,1.4111616178164124,1.166899602449946,train
2016-05-27,2.629410895523735,1.4131876244640769,1.2162232710596583,train
2016-05-30,2.6505983654656595,1.41834797490302,1.2322503905626396,train
2016-05-31,2.6796567943659806,1.2648964450676115,1.4147603492983691,train
2016-06-01,2.7287387143905906,1.3659708492458422,1.3627678651447483,train
2016-06-02,2.7374226742853223,1.43989385677749,1.2975288175078323,train
2016-06-03,2.7251604650487264,1.5248450702300735,1.200315394818653,train
2016-06-06,2.6730508656442216,1.7819161392567517,0.8911347263874698,train
2016-06-07,2.6859194295681075,1.7111457875097071,0.9747736420584003,train
2016-06-08,2.6959317282482225,1.6506668156176616,1.0452649126305609,train
2016-06-09,2.738751699209389,1.575712749301719,1.1630389499076703,train
2016-06-10,2.732985571543375,1.614091234889428,1.118894336653947,train
2016-06-13,2.7365115392278923,1.4925626454727288,1.2439488937551635,train
2016-06-14,2.73596660460505,1.4853410288470552,1.2506255757579947,train
2016-06-15,2.745392317903186,1.5082276936750705,1.2371646242281154,train
2016-06-16,2.7439222728058685,1.6198597745718626,1.124062498234006,train
2016-06-17,2.710729421244883,1.7840988483422626,0.9266305729026205,train
2016-06-20,2.6968264228066534,1.7762008461793168,0.9206255766273366,train
2016-06-21,2.694653453974371,1.7759622241374908,0.9186912298368803,train
2016-06-22,2.693681143789552,1.834054873984853,0.859626269804699,train
2016-06-23,2.6894123621075217,1.8352768739806748,0.8541354881268468,train
2016-06-24,2.6491412070963793,1.9424452041128015,0.7066960029835778,train
2016-06-27,2.0010548031609714,2.407899270791184,-0.40684446763021276,train
2016-06-28,1.921508167360464,2.3385193748997164,-0.41701120753925247,train
2016-06-29,1.8821074454804199,2.329035875852721,-0.44692843037230134,train
2016-06-30,1.8422751800029133,2.4096350860498306,-0.5673599060469172,train
2016-07-01,1.7025118792574625,2.5138202676819716,-0.8113083884245091,train
2016-07-04,1.6512123794740305,2.2529229569929234,-0.6017105775188929,train
2016-07-05,1.642521577551225,2.0456216834606584,-0.40310010590943346,train
2016-07-06,1.5935584331171577,2.0840941964853563,-0.4905357633681986,train
2016-07-07,1.591436087649147,2.088461609305739,-0.497025521656592,train
2016-07-08,1.5474794791315467,1.9994751248002196,-0.4519956456686729,train
2016-07-11,1.3921846651132215,2.1623315366445524,-0.7701468715313309,train
2016-07-12,1.388564867348808,2.0118964828490054,-0.6233316155001973,train
2016-07-13,1.3537298584155524,2.039351331197092,-0.6856214727815395,train
2016-07-14,1.369896251990366,1.952609655832557,-0.5827134038421911,train
2016-07-15,1.300363556005046,2.0315047845119616,-0.7311412285069157,train
2016-07-18,1.3064086496257312,1.9417958840993872,-0.635387234473656,train
2016-07-19,1.3284028255429838,1.850699958886726,-0.5222971333437421,train
2016-07-20,1.3484894588328495,1.8100250430821514,-0.46153558424930186,train
2016-07-21,1.3300800729518008,1.8594513773700074,-0.5293713044182067,train
2016-07-22,1.286842679713122,1.8656856160298274,-0.5788429363167054,train
2016-07-25,1.2580016162222512,1.8186724380588835,-0.5606708218366323,train
2016-07-26,1.2691281800326868,1.6998235755624105,-0.4306953955297237,train
2016-07-27,1.2585259167492557,1.6191619814854603,-0.3606360647362046,train
2016-07-28,1.2977357764907702,1.6902961488581998,-0.3925603723674296,train
2016-07-29,1.2779210908761924,1.6043353312015207,-0.3264142403253283,train
2016-08-01,1.247132722019142,1.6137668056728671,-0.3666340836537252,train
2016-08-02,1.2574810250527737,1.5073541646561748,-0.24987313960340107,train
2016-08-03,1.2876641752557205,1.481939837670014,-0.1942756624142934,train
2016-08-04,1.4048774358558787,1.4129078501833474,-0.00803041432746876,train
2016-08-05,1.3981108427903408,1.3609340220890414,0.03717682070129946,train
2016-08-08,1.3866758110285122,1.501859463463362,-0.11518365243484974,train
2016-08-09,1.401643261477003,1.3279842660302061,0.07365899544679677,train
2016-08-10,1.447306920556589,1.2919519751318422,0.1553549454247467,train
2016-08-11,1.466353350069498,1.3393676102682786,0.12698573980121952,train
2016-08-12,1.4875406824276154,1.3173383117443276,0.1702023706832878,train
2016-08-15,1.4782814470051087,1.3533655812023377,0.12491586580277092,train
2016-08-16,1.4988650840042792,1.2292274750032317,0.2696376090010475,train
2016-08-17,1.4686066703184424,1.425067918353234,0.0435387519652084,train
2016-08-18,1.4573667226353766,1.4413281756330771,0.016038547002299453,train
2016-08-19,1.4232759394669405,1.4975205539995262,-0.07424461453258568,train
2016-08-22,1.4133931410093374,1.429969490170336,-0.016576349160998483,train
2016-08-23,1.4584802614076067,1.4270853357932152,0.0313949256143915,train
2016-08-24,1.4674598818670603,1.3364659758182407,0.13099390604881966,train
2016-08-25,1.4655176441221105,1.334317629719006,0.13120001440310447,train
2016-08-26,1.4736124253681502,1.2011118024966543,0.2725006228714959,train
2016-08-29,1.4015971324311995,1.4209190734116781,-0.01932194098047857,train
2016-08-30,1.4046528163101264,1.282780578669009,0.12187223764111743,train
2016-08-31,1.4126862696683642,1.2805829876975423,0.13210328197082188,train
2016-09-01,1.446465190093644,1.3011836375298191,0.1452815525638249,train
2016-09-02,1.4158736640004328,1.4200275458770062,-0.004153881876573395,train
2016-09-05,1.3681639962095076,1.5507990876146853,-0.18263509140517775,train
2016-09-06,1.3863599984303474,1.3625277684144632,0.023832230015884193,train
2016-09-07,1.339871438470103,1.5519813102811095,-0.2121098718110066,train
2016-09-08,1.3927427751017332,1.48915983184041,-0.09641705673867684,train
2016-09-09,1.3437435637400137,1.5876372541343964,-0.2438936903943827,train
2016-09-12,1.33248682364682,1.5102754653972952,-0.17778864175047526,train
2016-09-13,1.3453108050825409,1.5812097910868652,-0.23589898600432435,train
2016-09-14,1.3607058559789231,1.5375719873723255,-0.17686613139340235,train
2016-09-15,1.36858575432134,1.5513304418687575,-0.18274468754741746,train
2016-09-16,1.3531315291854087,1.4999275221497719,-0.1467959929643632,train
2016-09-19,1.3476929612011392,1.4851368615332476,-0.1374439003321084,train
2016-09-20,1.3630268353721675,1.3461711923933377,0.0168556429788298,train
2016-09-21,1.4568198686498794,1.3314873145661192,0.1253325540837602,train
2016-09-22,1.4129621034221704,1.4755147417570422,-0.06255263833487179,train
2016-09-23,1.400471949737761,1.4096976739744005,-0.009225724236639588,train
2016-09-26,1.3997789429882392,1.3813179597820953,0.018460983206143977,train
2016-09-27,1.408926021123456,1.3925047249366143,0.01642129618684174,train
2016-09-28,1.4230481552882956,1.3732367010836295,0.04981145420466615,train
2016-09-29,1.4491814076983296,1.3117700048961682,0.13741140280216135,train
2016-09-30,1.4467868773921377,1.3347235413470515,0.11206333604508623,train
2016-10-03,1.4067066842570455,1.4526171653539635,-0.04591048109691798,train
2016-10-04,1.4357597512278732,1.3147697910056793,0.12098996022219399,train
2016-10-05,1.397073179338286,1.5103224582963604,-0.11324927895807435,train
2016-10-06,1.3950824361111487,1.4647895706739322,-0.06970713456278355,train
2016-10-07,1.3952913981385417,1.4480872798732547,-0.052795881734712946,train
2016-10-10,1.335287961921449,1.551917390095371,-0.21662942817392206,train
2016-10-11,1.8913496749975696,1.4154944503936973,0.4758552246038723,train
2016-10-12,1.9286332428564443,1.4200494198794804,0.5085838229769639,train
2016-10-13,1.942787722675473,1.4927513413871911,0.45003638128828194,train
2016-10-14,1.9752856763993427,1.5331994835668195,0.44208619283252326,train
2016-10-17,1.9943991054594463,1.4780566232527887,0.5163424822066576,train
2016-10-18,2.0305418179909758,1.4206626123572308,0.609879205633745,train
2016-10-19,2.0642078348197828,1.4431620300023202,0.6210458048174625,train
2016-10-20,2.1035796494295598,1.4102819327760607,0.693297716653499,train
2016-10-21,2.083552347006717,1.5874320096037773,0.4961203374029399,train
2016-10-24,2.100858401563806,1.4265491889169495,0.6743092126468564,train
2016-10-25,2.1284212520850216,1.389842738976621,0.7385785131084006,train
2016-10-26,2.146810503175613,1.4044544054148183,0.7423560977607948,train
2016-10-27,2.1660678294111384,1.4242621585341535,0.7418056708769849,train
2016-10-28,2.1883548095593395,1.3744273751345084,0.8139274344248311,train
2016-10-31,2.2002474825979004,1.4474889037966652,0.7527585788012352,train
2016-11-01,2.24623022370604,1.4256837678723437,0.8205464558336963,train
2016-11-02,2.273741420556762,1.3825857097028196,0.8911557108539425,train
2016-11-03,2.2808722763317437,1.4720561699550927,0.808816106376651,train
2016-11-04,2.3693737629472023,1.4736848373295466,0.8956889256176557,train
2016-11-07,2.3837620566453928,1.4127583543116629,0.9710037023337299,train
2016-11-08,2.386207171979493,1.4206482793595876,0.9655588926199055,train
2016-11-09,2.4671784539160737,1.3759592296839436,1.0912192242321301,train
2016-11-10,2.2138020273618206,1.893506719105191,0.32029530825662955,train
2016-11-11,2.1995590161588505,1.7931987405327157,0.40636027562613486,train
2016-11-14,2.1911181476636608,1.8435284319479113,0.3475897157157495,train
2016-11-15,2.2127043860908984,1.9605586943632494,0.252145691727649,train
2016-11-16,2.268051161762122,2.013228300268386,0.25482286149373623,train
2016-11-17,2.279046180187677,1.9072257120068115,0.37182046818086545,train
2016-11-18,2.269078591280315,1.931491328944477,0.3375872623358378,train
2016-11-21,2.2459518388184696,1.9789447743231656,0.267007064495304,train
2016-11-22,2.2349775874132782,1.9207859982557849,0.31419158915749335,train
2016-11-23,2.235610660012191,1.8993895888364105,0.3362210711757805,train
2016-11-24,2.214157261158607,1.9278419326042011,0.2863153285544058,train
2016-11-25,2.1968863752978782,1.9061674070049746,0.29071896829290367,train
2016-11-28,2.17215110323589,1.9029131412309808,0.26923796200490924,train
2016-11-29,2.149041525493924,1.9364381750708493,0.21260335042307466,train
2016-11-30,2.140041470465959,1.9490340367592716,0.1910074337066876,train
2016-12-01,2.2147835928643236,2.0547015089569487,0.16008208390737488,train
2016-12-02,2.185468735625428,2.060157472139456,0.12531126348597166,train
2016-12-05,2.2136049534815525,2.029262122663116,0.18434283081843672,train
2016-12-06,2.1308388492956922,2.251598360415357,-0.12075951111966488,train
2016-12-07,2.1776902248621015,2.145376510154693,0.032313714707408625,train
2016-12-08,2.2042748101827856,2.024459887118738,0.17981492306404778,train
2016-12-09,2.1231663142785706,2.282129079722799,-0.15896276544422827,train
2016-12-12,2.129071441958835,2.128766950109451,0.00030449184938419194,train
2016-12-13,2.1982438823565964,2.039765079462447,0.1584788028941495,train
2016-12-14,2.220165064776413,2.0262829903315804,0.1938820744448324,train
2016-12-15,2.1932021954096066,2.198785701161537,-0.005583505751930229,train
2016-12-16,2.1219594602371767,2.222947077222981,-0.10098761698580416,train
2016-12-19,2.1147503668861365,2.2139826121798194,-0.09923224529368291,train
2016-12-20,2.1086769037578605,2.177437294067539,-0.06876039030967851,train
2016-12-21,2.1389735015710762,2.1322659525537335,0.006707549017342718,train
2016-12-22,2.1483171282193525,2.0523647849608313,0.0959523432585212,train
2016-12-23,2.151478719318434,1.9910536387470086,0.16042508057142557,train
2016-12-26,2.158300687619896,1.8178334320396117,0.3404672555802841,train
2016-12-27,2.1714246237270283,1.7448907838038952,0.4265338399231331,train
2016-12-28,2.189415638200972,1.6366761078606256,0.5527395303403464,train
2016-12-29,2.197431747535378,1.6514453840902463,0.5459863634451316,train
2016-12-30,2.1982132699095827,1.678324545338107,0.5198887245714756,train
2017-01-02,2.1014676451324417,1.9764265505218257,0.12504109461061597,train
2017-01-03,2.132015910410078,1.7393432967492846,0.3926726136607934,train
2017-01-04,2.095627762416883,1.9995755786288458,0.09605218378803704,train
2017-01-05,2.0917505274721124,2.008371989267404,0.08337853820470853,train
2017-01-06,2.0238321047231236,2.142020336549608,-0.11818823182648464,train
2017-01-09,1.9953858172528196,2.0394559947258766,-0.04407017747305697,train
2017-01-10,1.9802293364729906,2.069538204648664,-0.0893088681756733,train
2017-01-11,1.9640058200511576,2.0410724552732846,-0.07706663522212698,train
2017-01-12,1.8561106062168387,2.203605491525868,-0.3474948853090294,train
2017-01-13,1.7990145275305156,2.1339871113503164,-0.3349725838198008,train
2017-01-16,1.766060312445153,2.1216169852232296,-0.35555667277807657,train
2017-01-17,1.7703504002284698,2.0299679318889843,-0.2596175316605145,train
2017-01-18,1.7373784515811674,2.0910386272764803,-0.35366017569531283,train
2017-01-19,1.715766192848401,1.9670465050833055,-0.25128031223490455,train
2017-01-20,1.6439725387819162,2.035050353202196,-0.3910778144202798,train
2017-01-23,1.6197520785961639,1.97941749903294,-0.3596654204367762,train
2017-01-24,1.6497255098001957,1.9928155043115583,-0.3430899945113626,train
2017-01-25,1.654178372412807,1.9027566542357242,-0.2485782818229172,train
2017-01-26,1.6528670373934549,1.9315937795779152,-0.27872674218446036,train
2017-01-27,1.6352727574087345,1.9092505641934467,-0.2739778067847123,train
2017-01-30,1.6334569041924547,1.8937478111803607,-0.260290906987906,train
2017-01-31,1.6380951632819327,1.8932282879860338,-0.2551331247041011,train
2017-02-01,1.5876417707572201,1.956228952366092,-0.36858718160887194,train
2017-02-02,1.5648576245392394,1.9986864663942678,-0.43382884185502846,train
2017-02-03,1.5559571830045944,1.935542155960437,-0.3795849729558427,train
2017-02-06,1.5003133819972565,1.997238370313273,-0.4969249883160165,train
2017-02-07,1.4894043013993696,1.8823401345126134,-0.39293583311324376,train
2017-02-08,1.5164679798297909,1.8384084335803246,-0.3219404537505337,train
2017-02-09,1.537659865502389,1.7994183456684794,-0.2617584801660904,train
2017-02-10,1.5209829239833565,1.7850185593716148,-0.26403563538825825,train
2017-02-13,1.5073376531985052,1.687242931624827,-0.17990527842632176,train
2017-02-14,1.572716035955025,1.6155257849011602,-0.04280974894613521,train
2017-02-15,1.566495039420428,1.6735011364715693,-0.10700609705114128,train
2017-02-16,1.5488861168083512,1.7000539239329446,-0.15116780712459343,train
2017-02-17,1.5236774695003834,1.6812974736064472,-0.1576200041060638,train
2017-02-20,1.5374725729594272,1.6188579811658792,-0.08138540820645201,train
2017-02-21,1.5476870709980262,1.558028865093708,-0.010341794095681811,train
2017-02-22,1.5344279456306213,1.582029854335208,-0.04760190870458669,train
2017-02-23,1.4619349390063543,1.700142134241023,-0.2382071952346687,train
2017-02-24,1.4446322717105995,1.6288458473921164,-0.18421357568151686,train
2017-02-27,1.4237434642694229,1.672592519047964,-0.24884905477854113,train
2017-02-28,1.4433701237218193,1.6616203347605558,-0.21825021103873654,train
2017-03-01,1.4320834288949968,1.7048283753143865,-0.2727449464193896,train
2017-03-02,1.3994370985895979,1.6944477384186005,-0.29501063982900266,train
2017-03-03,1.3940203035381638,1.5838447570529133,-0.18982445351474952,train
2017-03-06,1.354335631231396,1.6357752760830688,-0.2814396448516727,train
2017-03-07,1.3500930880473507,1.612755367607039,-0.26266227955968824,train
2017-03-08,1.3787443693005492,1.4751360781842087,-0.09639170888365944,train
2017-03-09,1.398907587929627,1.4341146573012227,-0.03520706937159557,train
2017-03-10,1.3392547926403984,1.581994543996321,-0.24273975135592263,train
2017-03-13,1.2828470063459414,1.5983014064544523,-0.3154544001085109,train
2017-03-14,1.301515387444351,1.4946955610355468,-0.19318017359119577,train
2017-03-15,1.306427400359161,1.4739321871046083,-0.16750478674544733,train
2017-03-16,1.2015798034329914,1.6989804491054015,-0.49740064567241005,train
2017-03-17,1.1718551206406915,1.606855152261163,-0.4350000316204714,train
2017-03-20,1.1721283050766111,1.5539384673505034,-0.3818101622738923,train
2017-03-21,1.169658009617117,1.4854353649743013,-0.3157773553571843,train
2017-03-22,1.1611232602129182,1.5901210464138447,-0.42899778620092643,train
2017-03-23,1.167830299226423,1.5044310683820405,-0.33660076915561765,train
2017-03-24,1.2629253053677887,1.446870948945344,-0.18394564357755527,train
2017-03-27,1.2756491768844267,1.4053757938655864,-0.12972661698115973,train
2017-03-28,1.3062013098188734,1.411868491609918,-0.10566718179104462,train
2017-03-29,1.3638861302055134,1.3897160256114165,-0.02582989540590308,train
2017-03-30,1.3657215794882747,1.4714216012447707,-0.10570002175649607,train
2017-03-31,1.3385013342945442,1.4678642815445873,-0.12936294725004305,train
2017-04-03,1.3274322476796332,1.451745674069792,-0.12431342639015885,train
2017-04-04,1.3244235832937512,1.4131069576821749,-0.08868337438842366,train
2017-04-05,1.3517770777166844,1.3534790818647773,-0.0017020041480928505,train
2017-04-06,1.3481077325362856,1.3736718164157113,-0.02556408387942577,train
2017-04-07,1.3553847412449445,1.4140445523580576,-0.058659811113113136,train
2017-04-10,1.3487245315982523,1.4402511244661442,-0.09152659286789189,train
2017-04-11,1.363947290634932,1.3262590193478287,0.03768827128710317,train
2017-04-12,1.368490439600392,1.3195745734924293,0.048915866107962724,train
2017-04-13,1.3551442216728065,1.3982389016884444,-0.04309468001563799,train
2017-04-14,1.3498616550487141,1.3252131345511,0.024648520497614124,train
2017-04-17,1.3791327035358918,1.149654008112583,0.2294786954233088,train
2017-04-18,1.3994041616164081,1.2076716281383608,0.1917325334780473,train
2017-04-19,1.4212853172856177,1.2913512039479307,0.129934113337687,train
2017-04-20,1.4318576488299297,1.1945890264457644,0.23726862238416535,train
2017-04-21,1.455178864158527,1.2643105760521955,0.1908682881063315,train
2017-04-24,1.4843235873182161,1.336528922124229,0.1477946651939872,train
2017-04-25,1.4458679229112705,1.5306758617880059,-0.08480793887673532,train
2017-04-26,1.4387909782534798,1.4533807982664584,-0.014589820012978594,train
2017-04-27,1.4207484868033242,1.550316343583777,-0.1295678567804528,train
2017-04-28,1.3474294211929505,1.648991978984131,-0.30156255779118046,train
2017-05-01,1.366185068255314,1.641611842010565,-0.27542677375525093,train
2017-05-02,1.3975581764369749,1.41133002626428,-0.013771849827305171,train
2017-05-03,1.403064542425067,1.4047850186203639,-0.001720476195296916,train
2017-05-04,1.4501473848804884,1.338405295246199,0.11174208963428955,train
2017-05-05,1.4271816663304002,1.3685986935354606,0.058582972794939625,train
2017-05-08,1.4182051412718302,1.3106752534975612,0.10752988777426897,train
2017-05-09,1.4449749950986288,1.4230958484167293,0.021879146681899497,train
2017-05-10,1.4537137355528924,1.4279915625691533,0.025722172983739133,train
2017-05-11,1.4713364335038215,1.44370108718591,0.027635346317911536,train
2017-05-12,1.466263521377063,1.3917191988720383,0.07454432250502463,train
2017-05-15,1.454457794148348,1.4033122165984413,0.051145577549906784,train
2017-05-16,1.5359986940829053,1.3141703506962845,0.22182834338662083,train
2017-05-17,1.5365487161596618,1.377591097107871,0.15895761905179073,train
2017-05-18,1.5166856650157594,1.414070147246483,0.10261551776927647,train
2017-05-19,1.4748324795429502,1.5072615597019892,-0.032429080159039,train
2017-05-22,1.4653775132586906,1.4592068294011988,0.006170683857491754,train
2017-05-23,1.4180673055936854,1.5876502078627948,-0.16958290226910933,train
2017-05-24,1.3617488885908355,1.6411463361313519,-0.2793974475405163,train
2017-05-25,1.3093528842559952,1.6514789013890951,-0.3421260171331,train
2017-05-26,1.3139876310490959,1.5505884208263971,-0.23660078977730126,train
2017-05-29,1.3497749930151395,1.5661378663715266,-0.21636287335638715,train
2017-05-30,1.534779531766019,1.3777680447527023,0.15701148701331658,train
2017-05-31,1.5118426123456261,1.5144454062231358,-0.0026027938775097237,train
2017-06-01,1.5036239311329893,1.4699250836259792,0.03369884750701013,train
2017-06-02,1.4983007120180616,1.4311271202394367,0.06717359177862492,train
2017-06-05,1.4513361957458737,1.5567775465589884,-0.10544135081311468,train
2017-06-06,1.4576176062834632,1.477942237083041,-0.020324630799577914,train
2017-06-07,1.4624422029583957,1.4137304918565985,0.04871171110179717,train
2017-06-08,1.4304806326402046,1.5502605029940397,-0.11977987035383508,train
2017-06-09,1.3959129668295431,1.5443543622362987,-0.1484413954067556,train
2017-06-12,1.3730083794215506,1.5347013632433868,-0.16169298382183617,train
2017-06-13,1.4091461369476497,1.4523971334099244,-0.043250996462274705,train
2017-06-14,1.4325138279776743,1.4336677724651725,-0.0011539444874981708,train
2017-06-15,1.3669599921552829,1.6147636688056621,-0.24780367665037928,train
2017-06-16,1.3433233179606816,1.5200532887335299,-0.17672997077284824,train
2017-06-19,1.3783398470452373,1.4088793796781298,-0.030539532632892552,train
2017-06-20,1.3818898745116452,1.3686998530176722,0.013190021493973081,train
2017-06-21,1.4345735693681454,1.3846220231995903,0.04995154616855513,train
2017-06-22,1.4567684037507687,1.214804734964679,0.24196366878608977,train
2017-06-23,1.4645695748802126,1.1342158674507468,0.3303537074294658,train
2017-06-26,1.4949633945201357,1.1032156624244802,0.3917477320956555,train
2017-06-27,1.5447013130442844,1.2068915210696474,0.337809791974637,train
2017-06-28,1.5404565611946455,1.3415507137841391,0.19890584741050632,train
2017-06-29,1.393301319523829,1.6339373721304962,-0.2406360526066671,train
2017-06-30,1.3981680793272966,1.5812302851954858,-0.18306220586818922,train
2017-07-03,1.4071791357262622,1.6016317582015893,-0.19445262247532713,train
2017-07-04,1.4422856439471865,1.535922936062613,-0.09363729211542648,train
2017-07-05,1.4696875908036222,1.4232182284490102,0.046469362354611965,train
2017-07-06,1.5328941483519696,1.3308228648883644,0.20207128346360514,train
2017-07-07,1.5319549135610049,1.3058483952939732,0.22610651826703165,train
2017-07-10,1.5252247223123683,1.3509736708946543,0.17425105141771402,train
2017-07-11,1.5777468025154724,1.2137912407937188,0.3639555617217536,train
2017-07-12,1.6025503525975395,1.2764854167023578,0.3260649358951817,train
2017-07-13,1.619645564133799,1.3854442951999653,0.23420126893383375,train
2017-07-14,1.611974898864937,1.4020156059606594,0.2099592929042775,train
2017-07-17,1.6262486091423174,1.386968503371926,0.2392801057703915,train
2017-07-18,1.6814787884019993,1.3129883623925434,0.3684904260094559,train
2017-07-19,1.6972582644280962,1.4548720264449173,0.24238623798317893,train
2017-07-20,1.726414322330637,1.3259625638433297,0.4004517584873073,train
2017-07-21,1.6906348780593285,1.4781471397028925,0.21248773835643608,train
2017-07-24,1.6860464127296244,1.4278150588339276,0.25823135389569685,train
2017-07-25,1.6924484959993276,1.4129340335311438,0.2795144624681838,train
2017-07-26,1.667697648715796,1.4804588076368388,0.18723884107895716,train
2017-07-27,1.6811567749957472,1.6369971604377416,0.044159614558005655,train
2017-07-28,1.6468759786405631,1.600852502816184,0.046023475824379156,train
2017-07-31,1.6762661590716514,1.5706810914892293,0.10558506758242214,train
2017-08-01,1.6766009727870803,1.631721433835093,0.044879538951987374,train
2017-08-02,1.6919749200176175,1.6174434226274528,0.07453149739016474,train
2017-08-03,1.7555336864597064,1.6237550510118988,0.13177863544780766,train
2017-08-04,1.7453556606417597,1.6018615618855616,0.14349409875619812,train
2017-08-07,1.7181022440586255,1.7223310153025075,-0.00422877124388199,train
2017-08-08,1.7228488484162716,1.5846161854877459,0.13823266292852576,train
2017-08-09,1.7693858371063025,1.601134577700816,0.16825125940548658,train
2017-08-10,1.7779632336213964,1.6912132271606086,0.08675000646078779,train
2017-08-11,1.759640961056498,1.6941073122415617,0.06553364881493629,train
2017-08-14,1.7277499634475135,1.7053241149441705,0.02242584850334306,train
2017-08-15,1.7329864058599402,1.647884151440192,0.08510225441974817,train
2017-08-16,1.7483908460152429,1.7292479783241321,0.019142867691110732,train
2017-08-17,1.7253883567492057,1.7925825162231916,-0.06719415947398599,train
2017-08-18,1.6973504781547881,1.8019885764032495,-0.10463809824846138,train
2017-08-21,1.6874867409194887,1.7863880177028382,-0.09890127678334948,train
2017-08-22,1.7804889950723564,1.688995115149884,0.09149387992247227,train
2017-08-23,1.7901373722543372,1.6595508328199275,0.13058653943440968,train
2017-08-24,1.795223301885209,1.600363473828566,0.19485982805664315,train
2017-08-25,1.809479138776327,1.4436954684853778,0.36578367029094916,train
2017-08-28,1.7800406728614766,1.632033854022546,0.14800681883893052,train
2017-08-29,1.794190369454438,1.4748183300813087,0.3193720393731294,train
2017-08-30,1.7600251780872136,1.6564909727581467,0.10353420532906688,train
2017-08-31,1.7489434740312417,1.6532758855494218,0.09566758848181989,train
2017-09-01,1.7247650989079621,1.7569228744863703,-0.032157775578408154,train
2017-09-04,1.6341547664827363,1.85576876486334,-0.2216139983806038,train
2017-09-05,1.634721287920426,1.7572663087203009,-0.12254502079987484,train
2017-09-06,1.6027812953418605,1.7708874276799564,-0.1681061323380959,train
2017-09-07,1.6159398240886855,1.7039724354440011,-0.0880326113553156,train
2017-09-08,1.5398225418874862,1.838317280287827,-0.2984947384003407,train
2017-09-11,1.4886091137532802,1.7917929025254375,-0.30318378877215735,train
2017-09-12,1.4907407752091868,1.6981785988378173,-0.2074378236286305,train
2017-09-13,1.4810092413263767,1.6432387862039932,-0.16222954487761654,train
2017-09-14,1.5163111534183902,1.6773747967391692,-0.16106364332077905,train
2017-09-15,1.4609940969378497,1.7254312023589007,-0.26443710542105103,train
2017-09-18,1.4258264329626062,1.6568231999348406,-0.23099676697223437,train
2017-09-19,1.4117955193727054,1.6236410903766691,-0.21184557100396373,train
2017-09-20,1.4101984247375066,1.6628299905237127,-0.25263156578620616,train
2017-09-21,1.2825831887556545,1.8729295022661672,-0.5903463135105127,train
2017-09-22,1.2586241852348123,1.741609294889884,-0.4829851096550717,train
2017-09-25,1.2405829333000529,1.7101500059853902,-0.46956707268533737,train
2017-09-26,1.2332874759939434,1.7195817387488757,-0.48629426275493226,train
2017-09-27,1.2770489457479297,1.7768159395862433,-0.4997669938383136,train
2017-09-28,1.296489741735633,1.6691751124770184,-0.3726853707413855,train
2017-09-29,1.2858793227704441,1.636047611628037,-0.35016828885759277,train
2017-10-02,1.2757975798393881,1.6341543048741671,-0.358356725034779,train
2017-10-03,1.276461870897078,1.599320843100773,-0.32285897220369497,train
2017-10-04,1.2989311821576992,1.5028254451033625,-0.20389426294566326,train
2017-10-05,1.3066828577994294,1.5084877219043464,-0.20180486410491705,train
2017-10-06,1.3123897780343334,1.416562914864196,-0.10417313682986262,train
2017-10-09,1.2880445532621685,1.5084269092155698,-0.22038235595340128,train
2017-10-10,1.2955897810950887,1.346402343321495,-0.0508125622264064,train
2017-10-11,1.2951240969108195,1.3837845789289114,-0.08866048201809185,train
2017-10-12,1.2821962079588802,1.3935767384415558,-0.1113805304826756,train
2017-10-13,1.2746970984172654,1.3514181384102872,-0.07672103999302182,train
2017-10-16,1.220346834440079,1.4950323840502018,-0.2746855496101228,train
2017-10-17,1.248475477992321,1.4076363504674196,-0.15916087247509858,train
2017-10-18,1.2681521311160528,1.3497831893644332,-0.08163105824838035,train
2017-10-19,1.2815413153282214,1.3326797222729199,-0.05113840694469851,train
2017-10-20,1.3000327360450734,1.4303344459030278,-0.13030170985795442,train
2017-10-23,1.2986086749965096,1.3336766409907286,-0.03506796599421902,train
2017-10-24,1.3099338636352922,1.3003123421131242,0.009621521522167997,train
2017-10-25,1.3092630454023244,1.299130590176819,0.010132455225505321,train
2017-10-26,1.3065834153907105,1.3346895693811078,-0.028106153990397287,train
2017-10-27,1.2227921609544312,1.4892680533596094,-0.2664758924051782,train
2017-10-30,1.2064097912244987,1.4820753724618412,-0.2756655812373425,train
2017-10-31,1.21889670452257,1.4283240625942155,-0.20942735807164548,train
2017-11-01,1.2489424321415274,1.4444208363163362,-0.19547840417480877,train
2017-11-02,1.2945707066143106,1.4541510306102348,-0.15958032399592414,train
2017-11-03,1.275937139381592,1.4401360500256684,-0.16419891064407643,train
2017-11-06,1.2650160375444115,1.410224223634572,-0.1452081860901604,train
2017-11-07,1.269297821296945,1.3707746107553536,-0.10147678945840855,train
2017-11-08,1.2649514127210402,1.3691258025052244,-0.10417438978418425,train
2017-11-09,1.2748940022099915,1.3307027606092545,-0.055808758399263025,train
2017-11-10,1.26340529204137,1.3245019385669785,-0.06109664652560842,train
2017-11-13,1.2659825727363982,1.2614677579559297,0.004514814780468557,train
2017-11-14,1.302835555815602,1.1905470973825973,0.11228845843300461,train
2017-11-15,1.3391307009294815,1.2471125253653734,0.09201817556410807,train
2017-11-16,1.3161722454026035,1.3319107318155485,-0.015738486412945063,train
2017-11-17,1.3067212358060603,1.3321099512376724,-0.02538871543161214,train
2017-11-20,1.3007684131471764,1.361035613739311,-0.06026720059213453,train
2017-11-21,1.2590512953077753,1.4979747776006973,-0.23892348229292204,train
2017-11-22,1.2474355730008653,1.4495192283650988,-0.20208365536423356,train
2017-11-23,1.243953805636454,1.4395069284589217,-0.19555312282246762,train
2017-11-24,1.227616486980223,1.380075919675209,-0.15245943269498596,train
2017-11-27,1.2131648873021876,1.3842401343546902,-0.17107524705250254,train
2017-11-28,1.1914143387469285,1.326956713880822,-0.13554237513389356,train
2017-11-29,1.1557419049545294,1.3720453330173856,-0.21630342806285618,train
2017-11-30,1.1383739050915456,1.3698608581182659,-0.2314869530267203,train
2017-12-01,1.100389411989453,1.4612534558430599,-0.3608640438536068,train
2017-12-04,1.0445064116647256,1.552438641386488,-0.5079322297217623,train
2017-12-05,1.0505701798064224,1.475558840545831,-0.42498866073940866,train
2017-12-06,1.0425416395471012,1.451928934306179,-0.40938729475907776,train
2017-12-07,1.0408517833297555,1.4313084054799223,-0.39045662215016685,train
2017-12-08,1.0944457252831896,1.3711765629011445,-0.2767308376179549,train
2017-12-11,1.1768717317622222,1.3379832205528157,-0.16111148879059356,train
2017-12-12,1.2775251170695576,1.2733901097684284,0.0041350073011292565,train
2017-12-13,1.326098333037071,1.2767746419176462,0.049323691119424806,train
2017-12-14,1.369894815198288,1.3721050367580419,-0.002210221559753922,train
2017-12-15,1.4061383305411945,1.470457046052019,-0.06431871551082446,train
2017-12-18,1.456359916508556,1.3819664825675744,0.07439343394098152,train
2017-12-19,1.4872577391249853,1.4003763223810834,0.08688141674390182,train
2017-12-20,1.4879902552782265,1.4127255409153239,0.07526471436290261,train
2017-12-21,1.5056947902872952,1.3502373042027698,0.15545748608452548,train
2017-12-22,1.5537507406515103,1.2772323454459873,0.276518395205523,train
2017-12-26,1.7345906172254364,1.3098448191022463,0.42474579812319013,train
2017-12-27,1.7987726026389395,1.1513494357031224,0.647423166935817,train
2017-12-28,1.8269980088757465,1.1506444510811575,0.6763535577945889,train
2017-12-29,1.8710844162445837,1.085215327515943,0.7858690887286406,train
2018-01-02,1.9011172542161954,1.0735909480202215,0.8275263061959739,train
2018-01-03,1.9263008095806151,1.0798665824208604,0.8464342271597547,train
2018-01-04,1.9611649240158224,1.1317179531305233,0.8294469708852992,train
2018-01-05,1.983411793165921,1.1712977633542236,0.8121140298116973,train
2018-01-08,2.0162870623948375,1.231506610320194,0.7847804520746435,train
2018-01-09,2.0338212285607553,1.2289061088181932,0.8049151197425621,train
2018-01-10,2.0690201656728915,1.2398101068150194,0.8292100588578721,train
2018-01-11,2.0704496136552866,1.3695483719027646,0.700901241752522,train
2018-01-12,2.0456816438817254,1.4839930897327707,0.5616885541489547,train
2018-01-15,2.016908004616749,1.5874982097544967,0.4294097948622524,train
2018-01-16,2.066459496423808,1.6285695033586371,0.43788999306517074,train
2018-01-17,2.0555462615967914,1.7297698205094485,0.32577644108734294,train
2018-01-18,2.0334943298477786,1.7794795122266827,0.2540148176210959,train
2018-01-19,2.0131637679033547,1.7634793605972026,0.24968440730615216,train
2018-01-22,2.007196067424994,1.7217152959734379,0.28548077145155615,train
2018-01-23,2.0242360393833887,1.6179284296801566,0.4063076097032321,train
2018-01-24,2.030739308799019,1.6144349819494064,0.4163043268496125,train
2018-01-25,2.0097376953744908,1.6609232756929404,0.34881441968155036,train
2018-01-26,1.8790911237961117,1.8742480784936186,0.004843045302493021,train
2018-01-29,1.858189672767017,1.8640240962964203,-0.005834423529403221,train
2018-01-30,1.8478343756389635,1.8807467095318489,-0.03291233389288539,train
2018-01-31,1.840222600228129,1.972963890180623,-0.132741289952494,train
2018-02-01,1.8319893418135464,1.9660143799073455,-0.13402503809379906,train
2018-02-02,1.835986307688504,1.8954932474371589,-0.05950693974865495,train
2018-02-05,1.8126037392053609,1.9254736961262429,-0.11286995692088198,train
2018-02-06,1.795934126387734,1.9353283125469358,-0.13939418615920185,train
2018-02-07,1.7932232782400566,1.9823663126551987,-0.18914303441514213,train
2018-02-08,1.7816702976213619,1.9492464820392374,-0.16757618441787558,train
2018-02-09,1.7312717212582849,2.030497374754844,-0.29922565349655916,train
2018-02-12,1.7173755467513365,1.9847823858159506,-0.26740683906461404,train
2018-02-13,1.7139205801857156,1.916488171484689,-0.2025675912989735,train
2018-02-14,1.6991974996003998,1.8709946115842782,-0.17179711198387837,train
2018-02-15,1.5987148130935995,2.0462586475479534,-0.44754383445435386,train
2018-02-16,1.571158580589803,1.9470252912333452,-0.37586671064354227,train
2018-02-19,1.5485377739077228,1.9245624867958373,-0.37602471288811445,train
2018-02-20,1.550266105775513,1.8743572209972292,-0.3240911152217163,train
2018-02-21,1.555354103648325,1.8870345790788974,-0.33168047543057244,train
2018-02-22,1.5366186915617515,1.8536687073400913,-0.3170500157783398,train
2018-02-23,1.5138484289581118,1.840613598746489,-0.32676516978837733,train
2018-02-26,1.5088582678471505,1.7734003098129167,-0.26454204196576625,train
2018-02-27,1.5117513376237965,1.7345879939548703,-0.22283665633107375,train
2018-02-28,1.4785395356852555,1.7933696213298729,-0.31483008564461734,train
2018-03-01,1.448631891015267,1.7293781714528818,-0.28074628043761485,train
2018-03-02,1.3989091422808633,1.7786131892021626,-0.37970404692129933,train
2018-03-05,1.3782778089581793,1.7723902197465022,-0.39411241078832293,train
2018-03-06,1.3381769787355753,1.8400051428627402,-0.5018281641271649,train
2018-03-07,1.3143008601313777,1.7854564841732867,-0.471155624041909,train
2018-03-08,1.3137694405052769,1.7776373260871319,-0.463867885581855,train
2018-03-09,1.2465175704833635,1.8447904508814261,-0.5982728803980626,train
2018-03-12,1.2698948255931155,1.7619956646026484,-0.49210083900953294,train
2018-03-13,1.2715361696191392,1.6278934211276075,-0.3563572515084683,train
2018-03-14,1.250125741707175,1.6700073035733818,-0.41988156186620684,train
2018-03-15,1.2252040881750617,1.650048971227483,-0.4248448830524214,train
2018-03-16,1.2140449961209103,1.5499713032019642,-0.33592630708105387,train
2018-03-19,1.2014819556470497,1.5200734840502266,-0.31859152840317684,train
2018-03-20,1.1944516255829403,1.5310928824280576,-0.33664125684511736,train
2018-03-21,1.1921146062125152,1.5027722979041114,-0.3106576916915962,train
2018-03-22,1.1832944387128492,1.5221840433637088,-0.3388896046508596,train
2018-03-23,1.1575923018172556,1.5825418956360413,-0.4249495938187857,train
2018-03-26,1.1540225724436173,1.559806961793629,-0.4057843893500117,train
2018-03-27,1.156163931356632,1.52529715515007,-0.36913322379343794,train
2018-03-28,1.2025280226212478,1.5278944733414659,-0.3253664507202181,train
2018-03-29,1.2055479758284424,1.542831798800878,-0.33728382297243553,train
2018-03-30,1.2148011073539073,1.4761074908525609,-0.26130638349865354,train
2018-04-02,1.2479371032963653,1.3128235282735006,-0.06488642497713526,train
2018-04-03,1.357335797850817,1.3015063240778537,0.05582947377296321,train
2018-04-04,1.3914319681348122,1.3327056389755711,0.05872632915924103,train
2018-04-05,1.428004584769566,1.3156561311037993,0.11234845366576662,train
2018-04-06,1.4292852541771341,1.28872129093684,0.1405639632402942,train
2018-04-09,1.440304980694316,1.4044975287182693,0.035807451976046734,train
2018-04-10,1.452064701864435,1.3813138605862687,0.07075084127816633,train
2018-04-11,1.4656940255080195,1.480252871474625,-0.014558845966605505,train
2018-04-12,1.475606607803801,1.3913033003907118,0.08430330741308922,train
2018-04-13,1.477730042031832,1.3922613990340835,0.08546864299774848,train
2018-04-16,1.5088535538782297,1.3073100865998313,0.20154346727839845,train
2018-04-17,1.5502328112305086,1.2809939528543666,0.26923885837614203,train
2018-04-18,1.5843952353020812,1.2256932167786592,0.358702018523422,train
2018-04-19,1.5917108243961045,1.2439592046562218,0.34775161973988267,train
2018-04-20,1.598776969356765,1.2600626302357985,0.3387143391209666,train
2018-04-23,1.6056064429287378,1.2965267388271389,0.3090797041015989,train
2018-04-24,1.6595667075082061,1.3198427821729628,0.3397239253352433,train
2018-04-25,1.6661399301362232,1.3497986344769146,0.3163412956593086,train
2018-04-26,1.683579466147497,1.3492347427509075,0.3343447233965895,train
2018-04-27,1.663553043220556,1.469676091753924,0.19387695146663209,train
2018-04-30,1.7052553036921303,1.4448588379480631,0.26039646574406716,train
2018-05-01,1.7459891911281658,1.4463383782939636,0.29965081283420214,train
2018-05-02,1.799515330724847,1.4670819599367826,0.33243337078806445,train
2018-05-03,1.7707163864534425,1.6648486093516366,0.10586777710180595,train
2018-05-04,1.7522706557433834,1.6246915256701544,0.12757913007322896,train
2018-05-07,1.7419242601921232,1.6738749652363387,0.06804929495578449,train
2018-05-08,1.770185267253919,1.592983115516021,0.17720215173789788,train
2018-05-09,1.7620668588175608,1.6705873515634915,0.09147950725406928,train
2018-05-10,1.7621204700851874,1.5886823080738535,0.17343816201133389,train
2018-05-11,1.7363372325933102,1.6465064413721078,0.08983079122120241,train
2018-05-14,1.7491801794932704,1.5485201588215107,0.2006600206717597,train
2018-05-15,1.7767132704024056,1.5396532886409486,0.23705998176145693,train
2018-05-16,1.823796031956976,1.5945838169776783,0.22921221497929767,train
2018-05-17,1.844505995503376,1.6588470055790423,0.18565898992433372,train
2018-05-18,1.8253646484683448,1.6583817509258771,0.16698289754246765,train
2018-05-21,1.8499589444935263,1.622535845890605,0.22742309860292131,train
2018-05-22,1.8565035647435164,1.650316244944329,0.20618731979918747,train
2018-05-23,1.882879523838718,1.6458947468112028,0.23698477702751508,train
2018-05-24,1.8604295334073617,1.7590347561036612,0.1013947773037005,train
2018-05-25,1.8667330842607408,1.6765307274777608,0.19020235678298003,train
2018-05-28,1.8581968907785336,1.725077697670567,0.1331191931079665,train
2018-05-29,1.8670059348754016,1.7049061870541922,0.1620997478212094,train
2018-05-30,1.8548040449804288,1.8335130428543718,0.021291002126057057,train
2018-05-31,1.8680081422294965,1.840289009367758,0.02771913286173855,train
2018-06-01,1.8283314518582612,1.9333463752142652,-0.10501492335600404,train
2018-06-04,1.8025262315352382,1.9105600363101354,-0.10803380477489721,train
2018-06-05,1.7954598040220984,1.8442818556744747,-0.0488220516523763,train
2018-06-06,1.7794835106583133,1.8348423678706194,-0.055358857212306045,train
2018-06-07,1.7600315263398714,1.8464904742441937,-0.08645894790432229,train
2018-06-08,1.7534075024082059,1.7514624313955227,0.0019450710126831527,train
2018-06-11,1.7471230311391657,1.7103561251873765,0.03676690595178922,train
2018-06-12,1.761456518589827,1.6933840373835212,0.06807248120630582,train
2018-06-13,1.750070270638324,1.719260376432326,0.030809894205998,train
2018-06-14,1.7275246673377314,1.7538851348706552,-0.02636046753292387,train
2018-06-15,1.6525710183770932,1.8761835499185424,-0.22361253154144922,train
2018-06-18,1.6030255747042388,1.9166814237760363,-0.31365584907179755,train
2018-06-19,1.6013018227390514,1.8124685105403322,-0.21116668780128078,train
2018-06-20,1.609405368399773,1.9069935900122426,-0.29758822161246945,train
2018-06-21,1.6112803688354767,1.8599540425921886,-0.2486736737567119,train
2018-06-22,1.568443517396656,1.889008047153542,-0.320564529756886,train
2018-06-25,1.5438825702019727,1.837617430831293,-0.2937348606293202,train
2018-06-26,1.5353890077709509,1.8554061510201192,-0.3200171432491683,train
2018-06-27,1.5376331302669477,1.792924939002118,-0.2552918087351703,train
2018-06-28,1.5047363040346828,1.8313796169198837,-0.3266433128852009,train
2018-06-29,1.4465347888219608,1.8479590043894214,-0.40142421556746055,train
2018-07-02,1.365730824319039,1.9170305177141793,-0.5512996933951404,train
2018-07-03,1.3339101258365127,1.8418073352359048,-0.5078972093993921,train
2018-07-04,1.3256759564212084,1.7920420021351875,-0.4663660457139791,train
2018-07-05,1.3349714881610508,1.7277858123630332,-0.39281432420198237,train
2018-07-06,1.3221357047780273,1.6776459355063245,-0.3555102307282971,train
2018-07-09,1.2928534832858887,1.6248349811578138,-0.3319814978719251,train
2018-07-10,1.2805428707575486,1.5863205112511127,-0.30577764049356415,train
2018-07-11,1.2686329352444907,1.5717156536749317,-0.303082718430441,train
2018-07-12,1.3453671646315175,1.6660196991837266,-0.3206525345522091,train
2018-07-13,1.3808350434221002,1.6289012865710715,-0.2480662431489713,train
2018-07-16,1.3937730846671665,1.6163287388113985,-0.22255565414423195,train
2018-07-17,1.4289321733684786,1.5311756361940925,-0.10224346282561392,train
2018-07-18,1.4519212926652434,1.5529082290953673,-0.10098693643012391,train
2018-07-19,1.4635665780421865,1.5015788958953975,-0.03801231785321102,train
2018-07-20,1.4095352629198232,1.631364272732063,-0.22182900981223974,train
2018-07-23,1.4244981691053549,1.6141679243466331,-0.18966975524127827,train
2018-07-24,1.4396236123647266,1.583965556104366,-0.14434194373963938,train
2018-07-25,1.4559683648846076,1.586531034332153,-0.13056266944754547,train
2018-07-26,1.4724922585244875,1.618441480594118,-0.14594922206963057,train
2018-07-27,1.460993553124876,1.5769323153103352,-0.11593876218545907,train
2018-07-30,1.4750459239568654,1.4513742047030527,0.02367171925381273,train
2018-07-31,1.4919589767226111,1.3716884690988638,0.12027050762374736,train
2018-08-01,1.504072658134804,1.3998621726556573,0.1042104854791468,train
2018-08-02,1.534049426147591,1.3221811696766599,0.2118682564709311,train
2018-08-03,1.5337929261769716,1.3072122285883399,0.22658069758863175,train
2018-08-06,1.534318643157935,1.3640981745813316,0.17022046857660333,train
2018-08-07,1.5732194985093446,1.3304078479367347,0.2428116505726099,train
2018-08-08,1.5953787515875724,1.2501590627949362,0.3452196887926362,train
2018-08-09,1.620907161144393,1.282307447251878,0.338599713892515,train
2018-08-10,1.6232543357962668,1.2573210835742585,0.36593325222200823,train
2018-08-13,1.54450829021475,1.4813835463942766,0.0631247438204734,train
2018-08-14,1.5219503214113568,1.5139766354438247,0.007973685967532118,train
2018-08-15,1.5218363989084964,1.5596440262533815,-0.037807627344885075,train
2018-08-16,1.500372405954787,1.6358499356808833,-0.1354775297260964,train
2018-08-17,1.4628767228715591,1.7027388695724404,-0.23986214670088124,train
2018-08-20,1.4632404645071544,1.6145456553858275,-0.1513051908786731,train
2018-08-21,1.4725378750371987,1.5101349496752716,-0.037597074638072936,train
2018-08-22,1.4548360396682578,1.5988954998565246,-0.14405946018826676,train
2018-08-23,1.4371701808097026,1.5678698277331689,-0.13069964692346625,train
2018-08-24,1.4364331650682385,1.577017110319422,-0.14058394525118345,train
2018-08-27,1.4071305956928277,1.6148240136871799,-0.20769341799435215,train
2018-08-28,1.4245427666053578,1.5632795951759813,-0.13873682857062342,train
2018-08-29,1.4515261600609635,1.541249294812238,-0.08972313475127458,train
2018-08-30,1.4492512833635427,1.5294230070506285,-0.0801717236870858,train
2018-08-31,1.4333679987299073,1.5508143177835472,-0.11744631905363989,train
2018-09-03,1.4142512095629949,1.5729674237946862,-0.15871621423169135,train
2018-09-04,1.4501331490195406,1.5128824736650917,-0.06274932464555105,train
2018-09-05,1.4603966117168334,1.5380377291493486,-0.07764111743251512,train
2018-09-06,1.4437301619472938,1.638854284460274,-0.19512412251298028,train
2018-09-07,1.4305782430820473,1.6098921900111425,-0.1793139469290952,train
2018-09-10,1.4155671421396743,1.6448759476730461,-0.22930880553337185,train
2018-09-11,1.4208751838504914,1.5822206848294147,-0.1613455009789233,train
2018-09-12,1.4506204132555192,1.5773660571105699,-0.12674564385505072,train
2018-09-13,1.441823271160341,1.566168792988981,-0.12434552182864,train
2018-09-14,1.4180709941163485,1.5866603610256227,-0.16858936690927417,train
2018-09-17,1.4130956114785287,1.5224204886383772,-0.10932487715984851,train
2018-09-18,1.4274972519024662,1.4510770698842623,-0.023579817981796092,train
2018-09-19,1.4208921970215729,1.5225278781329745,-0.10163568111140164,train
2018-09-20,1.4345274776677854,1.5067343313826724,-0.072206853714887,train
2018-09-21,1.4204294951643317,1.5184801178029514,-0.09805062263861974,train
2018-09-24,1.4298432756075266,1.4671113642854137,-0.03726808867788711,train
2018-09-25,1.415799028489573,1.5681261479142703,-0.15232711942469734,train
2018-09-26,1.4207597918387795,1.502668786791107,-0.08190899495232751,train
2018-09-27,1.4159610460769962,1.5552975896354244,-0.13933654355842817,train
2018-09-28,1.4075810140554887,1.6003399793368482,-0.1927589652813595,train
2018-10-01,1.4036382759839783,1.5499682312306196,-0.14632995524664127,train
2018-10-02,1.4116167473750272,1.5088748495935613,-0.09725810221853415,train
2018-10-03,1.410312558324908,1.5242865477107772,-0.11397398938586911,train
2018-10-04,1.3963782942657055,1.5970064188791417,-0.20062812461343627,train
2018-10-05,1.3705380641759985,1.561416192908808,-0.1908781287328094,train
2018-10-08,1.3463831312389802,1.5816597490482647,-0.23527661780928444,train
2018-10-09,1.4336227384512208,1.528838396920856,-0.09521565846963531,train
2018-10-10,1.4366367504426563,1.5571411266717703,-0.12050437622911403,train
2018-10-11,1.4386303448423983,1.4948262405928952,-0.05619589575049688,train
2018-10-12,1.4249168677230757,1.5799484677626148,-0.15503160003953909,train
2018-10-15,1.4435779262941928,1.5112063863635248,-0.06762846006933199,train
2018-10-16,1.507420412306801,1.473923668855506,0.03349674345129494,train
2018-10-17,1.5666572962938163,1.4635866478202504,0.10307064847356595,train
2018-10-18,1.5809328540273078,1.488169325881936,0.09276352814537181,train
2018-10-19,1.5789950556694037,1.456621351591373,0.12237370407803061,train
2018-10-22,1.5647062893460215,1.5100406112657792,0.054665678080242364,train
2018-10-23,1.5823912463569973,1.4886294889139116,0.09376175744308579,train
2018-10-24,1.570297459890509,1.5208854372760232,0.04941202261448585,train
2018-10-25,1.571285145351824,1.523993132338835,0.04729201301298902,train
2018-10-26,1.563130144206772,1.523453926410041,0.03967621779673092,train
2018-10-29,1.5633112167845395,1.5238257967427762,0.039485420041763364,train
2018-10-30,1.607260658612946,1.5661109758272405,0.04114968278570563,train
2018-10-31,1.6191609907024775,1.493012689731121,0.12614830097135665,train
2018-11-01,1.6086668820786594,1.5203836858364441,0.08828319624221526,train
2018-11-02,1.6200583412447456,1.5117407693367706,0.10831757190797497,train
2018-11-05,1.6109895358889483,1.5427471547215015,0.06824238116744685,train
2018-11-06,1.6179365045125789,1.4219465403219513,0.19598996419062753,train
2018-11-07,1.6364559792976445,1.4143366375120652,0.22211934178557935,train
2018-11-08,1.6196008032610265,1.6187103253711037,0.0008904778899228027,train
2018-11-09,1.6278483120901066,1.5560720533492922,0.07177625874081439,train
2018-11-12,1.6323521361591227,1.509493629911416,0.12285850624770678,train
2018-11-13,1.6339803208514274,1.584555962853337,0.04942435799809042,train
2018-11-14,1.6327012496150497,1.6414980290412087,-0.008796779426158974,train
2018-11-15,1.5848832165941136,1.693542203659235,-0.10865898706512134,train
2018-11-16,1.5210210880222843,1.7638276118905745,-0.24280652386829016,train
2018-11-19,1.4998434734201698,1.7451778756557725,-0.24533440223560277,train
2018-11-20,1.5367711862623425,1.6911832380613994,-0.15441205179905682,train
2018-11-21,1.5640688499923867,1.6591836371551711,-0.09511478716278443,train
2018-11-22,1.5736443077699307,1.6681495092397998,-0.09450520146986907,train
2018-11-23,1.5852110203027812,1.5232315128411589,0.061979507461622285,train
2018-11-26,1.5778855504989941,1.5447191044174922,0.03316644608150199,train
2018-11-27,1.6145715807457588,1.5005284189698955,0.11404316177586327,train
2018-11-28,1.6217356238608218,1.5483385635387636,0.07339706032205817,train
2018-11-29,1.5611653069692404,1.6710839418508283,-0.10991863488158793,train
2018-11-30,1.5728371829065482,1.6338561012168604,-0.06101891831031225,train
2018-12-03,1.6260980734190909,1.5659939370187017,0.06010413640038914,train
2018-12-04,1.6420717377267637,1.6539328269871023,-0.011861089260338575,train
2018-12-05,1.6346440351605898,1.625849301481136,0.008794733679453826,train
2018-12-06,1.6392924829493696,1.5385820566145068,0.10071042633486282,train
2018-12-07,1.6474862176592575,1.5890782431976986,0.058407974461558876,train
2018-12-10,1.6097793908370677,1.7130345483414084,-0.10325515750434078,train
2018-12-11,1.60582125395356,1.6784697024457447,-0.07264844849218477,train
2018-12-12,1.5988925543621095,1.652940142337425,-0.0540475879753155,train
2018-12-13,1.6009582439714916,1.7084885641422733,-0.10753032017078179,train
2018-12-14,1.5795475210620749,1.7135170876942072,-0.13396956663213233,train
2018-12-17,1.56843959599245,1.6099635903695648,-0.04152399437711485,train
2018-12-18,1.5629704146918009,1.508144174209349,0.05482624048245177,train
2018-12-19,1.5456682088574543,1.4917468351349863,0.05392137372246797,train
2018-12-20,1.4901485185023993,1.6033241111709529,-0.11317559266855359,train
2018-12-21,1.442721811887633,1.6167875371239804,-0.17406572523634734,train
2018-12-24,1.4298808694056762,1.6567414221736918,-0.22686055276801564,train
2018-12-26,1.4226195929025636,1.6517952510134324,-0.22917565811086882,train
2018-12-27,1.410258880755366,1.6412622939837025,-0.2310034132283365,train
2018-12-28,1.3533046875344459,1.7159738239699134,-0.3626691364354675,train
2018-12-31,1.382030618836847,1.680564333575129,-0.29853371473828205,train
2019-01-02,1.3781226578462369,1.5893687210051985,-0.21124606315896166,train
2019-01-03,1.3561814731022472,1.6532015245945133,-0.29702005149226607,train
2019-01-04,1.2716719423159148,1.7738452144179242,-0.5021732721020093,train
2019-01-07,1.2018572666308485,1.7568683559048257,-0.5550110892739772,train
2019-01-08,1.1742262916211113,1.6555780639688495,-0.4813517723477383,train
2019-01-09,1.14625758898984,1.678408478674666,-0.5321508896848259,train
2019-01-10,1.0794436289572238,1.7194982389905005,-0.6400546100332767,train
2019-01-11,1.0450324519967666,1.6462374211457338,-0.6012049691489671,train
2019-01-14,1.0040123023231637,1.6293001827683478,-0.625287880445184,train
2019-01-15,1.001797173716729,1.5878590236070842,-0.5860618498903551,train
2019-01-16,0.9973317886956675,1.6583728615461633,-0.6610410728504957,train
2019-01-17,0.9913821730580193,1.5494664175700017,-0.5580842445119824,train
2019-01-18,0.9791383101941037,1.4893417685881585,-0.5102034583940548,train
2019-01-21,0.9981043536200511,1.4055340922023951,-0.407429738582344,train
2019-01-22,1.023347131889506,1.2745644503720097,-0.2512173184825037,train
2019-01-23,1.0467141109768885,1.2045849437526504,-0.15787083277576186,train
2019-01-24,1.052225256611319,1.164785972836363,-0.11256071622504393,train
2019-01-25,0.9958022564684821,1.2967826224381487,-0.3009803659696666,train
2019-01-28,0.9775355440011037,1.2887461085779068,-0.3112105645768032,train
2019-01-29,0.9824079219537291,1.2909491133525717,-0.3085411913988426,train
2019-01-30,0.9985846209695572,1.2685953593471093,-0.2700107383775521,train
2019-01-31,0.8963839607955576,1.4849245980287655,-0.5885406372332079,train
2019-02-01,0.8644778786108506,1.375318771357841,-0.5108408927469904,train
2019-02-04,0.8467706002009995,1.3841624944354305,-0.537391894234431,train
2019-02-05,0.8424439304108527,1.271905480578504,-0.4294615501676512,train
2019-02-06,0.8819164843867514,1.2142439952787023,-0.3323275108919509,train
2019-02-07,0.9048585942057817,1.0543760641069868,-0.14951746990120507,train
2019-02-08,0.9040339077270152,1.042692802418121,-0.13865889469110582,train
2019-02-11,0.9448781392246286,0.9151959354934736,0.029682203731155044,train
2019-02-12,0.9455790550276609,0.9798903744037184,-0.03431131937605747,train
2019-02-13,0.9370971472411517,0.9996535432596534,-0.06255639601850171,train
2019-02-14,0.9173643719951031,1.0817894579428458,-0.16442508594774263,train
2019-02-15,0.8458951872125041,1.1949167794911513,-0.34902159227864715,train
2019-02-18,0.8249292368223612,1.1788173152998933,-0.3538880784775321,train
2019-02-19,0.93609781079527,1.1220965696173548,-0.18599875882208483,train
2019-02-20,0.9339029584830089,1.1956808168416855,-0.2617778583586766,train
2019-02-21,1.0316924289704392,1.1893732819143223,-0.15768085294388312,train
2019-02-22,1.0151473741896102,1.1808273552660489,-0.16567998107643866,train
2019-02-25,1.0078070957891512,1.1466378890813858,-0.13883079329223458,train
2019-02-26,1.031495652785899,1.1071492327232433,-0.07565357993734434,train
2019-02-27,1.0569488833514864,1.0983765618029677,-0.04142767845148132,train
2019-02-28,1.0680183816898368,1.1056236704923308,-0.03760528880249403,train
2019-03-01,1.053373129301928,1.1212567248573524,-0.06788359555542445,train
2019-03-04,1.0568358267948776,1.0485290535659302,0.008306773228947462,train
2019-03-05,1.063664305354079,1.004157530725715,0.05950677462836418,train
2019-03-06,1.0426790354534419,1.0615207501152468,-0.018841714661804954,train
2019-03-07,1.046400642861194,0.9708753224312755,0.07552532042991855,train
2019-03-08,1.0127832535262562,1.0740116819270686,-0.06122842840081244,train
2019-03-11,1.0018370834349148,1.0706117415009586,-0.06877465806604377,train
2019-03-12,1.0079989216372502,1.056872855826679,-0.04887393418942865,train
2019-03-13,0.9751867053398313,1.1507055649519184,-0.17551885961208713,train
2019-03-14,0.9705925920996806,1.151763088287395,-0.1811704961877144,train
2019-03-15,0.9571430088730829,1.086551357731829,-0.1294083488587462,train
2019-03-18,0.9606607535360945,1.064987874792193,-0.10432712125609855,train
2019-03-19,0.9665022056505114,0.9938382018698424,-0.027335996219331027,train
2019-03-20,0.9990208876234996,0.9341292023090731,0.06489168531442646,train
2019-03-21,0.8688345731123852,1.1766646571952284,-0.3078300840828432,train
2019-03-22,0.8200573841683336,1.1253297240962818,-0.3052723399279482,train
2019-03-25,0.6795036732379992,1.331799229232891,-0.6522955559948919,train
2019-03-26,0.6959401300459567,1.2368278960401529,-0.5408877659941962,train
2019-03-27,0.7114171856434597,1.2314651157108312,-0.5200479300673715,train
2019-03-28,0.6915174003834861,1.233565981509821,-0.5420485811263349,train
2019-03-29,0.635553825358171,1.2744293180954644,-0.6388754927372935,train
2019-04-01,0.6013921372979434,1.1994795426036657,-0.5980874053057224,train
2019-04-02,0.6785567966654454,1.147941611073441,-0.4693848144079956,train
2019-04-03,0.6663246135595813,1.1656723590100804,-0.4993477454504991,train
2019-04-04,0.6787268846265664,1.12863100402942,-0.4499041194028537,train
2019-04-05,0.6904161413242869,1.019173031909512,-0.32875689058522517,train
2019-04-08,0.7032585553057782,0.9973054950353755,-0.2940469397295973,train
2019-04-09,0.7229556805984895,0.947933930612252,-0.22497825001376248,train
2019-04-10,0.7490164429729407,0.9464119232948005,-0.19739548032185983,train
2019-04-11,0.7381398091676574,0.9751102169382957,-0.23697040777063827,train
2019-04-12,0.7391857090144068,0.9445939070395659,-0.20540819802515908,train
2019-04-15,0.7331412133105878,0.9838090705823174,-0.2506678572717296,train
2019-04-16,0.7734028947850098,0.9025776107146268,-0.12917471592961705,train
2019-04-17,0.7600979612899189,0.9716780296428928,-0.21158006835297394,train
2019-04-18,0.7493794025721839,0.9402852799362931,-0.19090587736410913,train
2019-04-19,0.6959539091073929,1.0642747027878081,-0.36832079368041526,train
2019-04-22,0.7371311886039336,0.7082832488955085,0.02884793970842503,train
2019-04-23,0.7475285637518297,0.6418160597934512,0.1057125039583785,train
2019-04-24,0.7657975253529739,0.722091609556892,0.04370591579608185,train
2019-04-25,0.7484667983001385,0.7969509684332149,-0.048484170133076376,train
2019-04-26,0.707223344367576,0.7705024463937118,-0.06327910202613585,train
2019-04-29,0.6913323451300535,0.8802161283307994,-0.18888378320074595,train
2019-04-30,0.6918761639265278,0.8937240585970443,-0.20184789467051645,train
2019-05-01,0.6783457517242694,0.9011895811645703,-0.2228438294403009,train
2019-05-02,0.6220465601341917,1.048612800054365,-0.4265662399201734,train
2019-05-03,0.637752214424638,0.9122665259736163,-0.2745143115489783,train
2019-05-06,0.6778484830544406,0.9579748003145062,-0.28012631726006565,train
2019-05-07,0.7259876253790897,0.9583441434737602,-0.2323565180946705,train
2019-05-08,0.8049675466370713,0.9938344000045016,-0.18886685336743037,train
2019-05-09,0.8466636239986611,0.9518975174209827,-0.10523389342232159,train
2019-05-10,0.8222603185304949,1.0223579740016406,-0.20009765547114577,train
2019-05-13,0.8320851858189406,0.9424629427942774,-0.1103777569753368,train
2019-05-14,0.8465505867015696,0.9325532890717921,-0.08600270237022256,train
2019-05-15,0.8378948142701894,0.9285686125857742,-0.09067379831558475,train
2019-05-16,0.8355104873677778,1.0032519994491007,-0.16774151208132293,train
2019-05-17,0.8402810069441978,0.8929176137562878,-0.052636606812089926,train
2019-05-20,0.9016361851170065,0.845966817485559,0.055669367631447475,train
2019-05-21,0.9422906001229435,0.772158658234813,0.17013194188813052,train
2019-05-22,0.9587346668581894,0.8858900905264178,0.07284457633177166,train
2019-05-23,1.010466681525607,0.7510014712905149,0.25946521023509206,train
2019-05-24,0.9977654187628149,0.8858804594489995,0.11188495931381537,train
2019-05-27,1.0436265948212247,0.8896579074749124,0.1539686873463123,train
2019-05-28,1.074207969433928,0.7303918993910351,0.34381607004289283,train
2019-05-29,1.0767695033329987,0.7869029286955002,0.28986657463749854,train
2019-05-30,1.0816668491685837,0.8052934096107178,0.27637343955786586,train
2019-05-31,1.1014652633008835,0.7293512445914638,0.3721140187094196,train
2019-06-03,1.0955757248614273,0.8131998099612787,0.2823759149001486,train
2019-06-04,1.0957232774592691,0.885433242957067,0.21029003450220207,train
2019-06-05,1.0400848959710718,1.010392116185793,0.029692779785278844,train
2019-06-06,1.0144662854133064,1.0878724815036003,-0.07340619609029386,train
2019-06-07,0.9303133108120805,1.2450444549692932,-0.3147311441572127,train
2019-06-10,0.8688284022930794,1.2601420754633836,-0.3913136731703042,train
2019-06-11,0.9032121333170032,1.1523775968762742,-0.24916546355927094,train
2019-06-12,0.9155689217381018,1.1325592386262515,-0.21699031688814974,train
2019-06-13,0.8977422733142822,1.1123609282867846,-0.21461865497250232,train
2019-06-14,0.8956224967479843,0.9684637297142605,-0.0728412329662762,train
2019-06-17,0.8720756707204171,0.9995201927104677,-0.12744452199005052,train
2019-06-18,0.8610425344131942,0.9602103455693993,-0.0991678111562051,train
2019-06-19,0.8249547659771769,1.1102455474669515,-0.2852907814897746,train
2019-06-20,0.8309422328337588,1.1246059036632423,-0.2936636708294835,train
2019-06-21,0.7905240022006345,1.182396342018685,-0.3918723398180505,train
2019-06-24,0.7328426363848973,1.2494279020433559,-0.5165852656584585,train
2019-06-25,0.7289265214862628,1.1907052870456754,-0.46177876555941255,train
2019-06-26,0.712078711864625,1.288401864286124,-0.5763231524214989,train
2019-06-27,0.694526310708301,1.2433690378991413,-0.5488427271908404,train
2019-06-28,0.681030599051882,1.1769835829165671,-0.4959529838646851,train
2019-07-01,0.6787512395998404,1.1255161581770883,-0.44676491857724787,train
2019-07-02,0.7420965951293383,1.1843811164628095,-0.4422845213334712,train
2019-07-03,0.7706654156522342,1.1344604622745225,-0.36379504662228823,train
2019-07-04,0.7861870492983859,1.118687544694119,-0.332500495395733,train
2019-07-05,0.8482500505154448,0.9011883743669298,-0.052938323851485,train
2019-07-08,0.8781777850676289,1.032541730537104,-0.15436394546947518,train
2019-07-09,0.9273509729607626,0.8793708864936379,0.047980086467124705,train
2019-07-10,0.976856312295242,0.8028914563465963,0.17396485594864564,train
2019-07-11,0.9576769249994161,0.9457122738945526,0.011964651104863555,train
2019-07-12,0.9427739528398176,1.0335557864178968,-0.09078183357807923,train
2019-07-15,0.9821771964636757,0.9276046131219297,0.054572583341746084,train
2019-07-16,1.0059759465920641,0.9319475157315319,0.07402843086053223,train
2019-07-17,1.0338646404438132,0.9665697790519906,0.06729486139182261,train
2019-07-18,1.057583508514617,0.8569348282778123,0.2006486802368047,train
2019-07-19,1.0377534091646425,0.9090379715763235,0.12871543758831905,train
2019-07-22,1.00447616136117,0.9984835011782967,0.005992660182873255,train
2019-07-23,1.0072981674987054,0.8791295555027552,0.1281686119959502,train
2019-07-24,1.0285086334794689,0.852614491658579,0.1758941418208898,train
2019-07-25,1.0685693040835864,0.9067314065158123,0.1618378975677741,train
2019-07-26,1.0527344621453356,1.0041281257033907,0.0486063364419449,train
2019-07-29,1.0470494210515502,0.8807366363831816,0.16631278466836863,train
2019-07-30,1.0503632113400283,0.8422992971147834,0.20806391422524495,train
2019-07-31,1.0593516347255225,0.8870177845977069,0.17233385012781566,train
2019-08-01,1.01790449086739,1.0721631841188592,-0.05425869325146926,train
2019-08-02,0.982734853467782,1.045647884115608,-0.06291303064782605,train
2019-08-05,1.0140024780292614,1.0653293402793387,-0.05132686225007732,train
2019-08-06,0.9951040344683895,1.1900979656924866,-0.19499393122409714,train
2019-08-07,0.9657001143261759,1.2633387989044698,-0.2976386845782939,train
2019-08-08,0.9334253367097919,1.2564531960855716,-0.3230278593757797,train
2019-08-09,0.9099028998320874,1.2847186279941638,-0.3748157281620764,train
2019-08-12,0.8935837851064535,1.2242790083093,-0.3306952232028465,train
2019-08-13,0.8822607668516776,1.158878165602294,-0.2766173987506163,train
2019-08-14,1.0163996777391386,1.222591936851852,-0.20619225911271344,train
2019-08-15,1.024499054523248,1.188453838876803,-0.16395478435355493,train
2019-08-16,1.0073797988253492,1.207279400498793,-0.19989960167344378,train
2019-08-19,1.0072201366809497,1.207628811871545,-0.20040867519059535,train
2019-08-20,1.0433036962051991,1.1114361861906112,-0.0681324899854121,train
2019-08-21,1.0531408177040849,1.0461431937313268,0.006997623972758049,train
2019-08-22,1.0671833463310014,0.9918493923860309,0.07533395394497056,train
2019-08-23,1.070680491019588,1.0433402825085794,0.0273402085110086,train
2019-08-26,1.0333109705799337,1.1342779437374417,-0.10096697315750802,train
2019-08-27,1.0090584250107282,1.1553444185125454,-0.14628599350181726,train
2019-08-28,1.0285123671250642,1.0813896436278385,-0.052877276502774295,train
2019-08-29,1.0430583657901784,1.0873491933387125,-0.044290827548534084,train
2019-08-30,1.0507559713005636,1.1228429765207761,-0.0720870052202125,train
2019-09-02,1.0675926414269525,1.1003381607309544,-0.032745519304001824,train
2019-09-03,1.070945612001931,1.0038501757000318,0.06709543630189918,train
2019-09-04,1.080734007754077,1.1847773831055277,-0.1040433753514507,train
2019-09-05,1.0846587784937598,1.1637344346676175,-0.0790756561738577,train
2019-09-06,1.0734860255309464,1.144804661350993,-0.0713186358200466,train
2019-09-09,1.0696662799119914,1.0948579357400392,-0.025191655828047832,train
2019-09-10,1.0560827468418448,1.1436623544131315,-0.08757960757128669,train
2019-09-11,1.0645710003198186,1.0157619230653263,0.04880907725449224,train
2019-09-12,1.0956724660569352,0.9576511243118693,0.13802134174506597,train
2019-09-13,0.9300054810091555,1.263152583745757,-0.3331471027366014,train
2019-09-16,0.9549141052990121,1.1929241991923678,-0.2380100938933557,train
2019-09-17,0.9790804704281755,1.1483760881252392,-0.1692956176970637,train
2019-09-18,1.0034193491743886,1.195473498533615,-0.1920541493592265,train
2019-09-19,0.975597447736441,1.3006501814550175,-0.32505273371857657,train
2019-09-20,0.9677758127445905,1.151031959688276,-0.18325614694368564,train
2019-09-23,0.9749303066919429,1.1402657857791785,-0.16533547908723556,train
2019-09-24,0.9490963254090103,1.1749394099903496,-0.22584308458133928,train
2019-09-25,0.9790962642075912,1.1094712367592767,-0.1303749725516855,train
2019-09-26,0.9702218860052021,1.026269981992568,-0.05604809598736593,train
2019-09-27,0.9399759682901937,1.0930286775671323,-0.1530527092769386,train
2019-09-30,0.9225645240732975,1.0940276145133057,-0.17146309044000818,train
2019-10-01,0.9391626875881266,1.1095997533733193,-0.1704370657851927,train
2019-10-02,0.9126811648876847,1.189759171206136,-0.27707800631845125,train
2019-10-03,0.9193390933620204,1.143988003934879,-0.22464891057285874,train
2019-10-04,0.8465165073043336,1.2863066035656483,-0.4397900962613147,train
2019-10-07,0.838161306301938,1.2444165696272438,-0.4062552633253058,train
2019-10-08,0.8261361480367471,1.149687321987544,-0.323551173950797,train
2019-10-09,0.8270487917486294,1.0993977960307355,-0.27234900428210607,train
2019-10-10,0.81287798732381,1.091286967969936,-0.27840898064612596,train
2019-10-11,0.7850223881637707,1.0475142641996045,-0.2624918760358338,train
2019-10-14,0.7361906755355767,1.1166736650986746,-0.3804829895630979,train
2019-10-15,0.734265816346968,0.979306793599497,-0.24504097725252905,train
2019-10-16,0.6551606977308285,1.1638249818963287,-0.5086642841655001,train
2019-10-17,0.5867354253300737,1.2020385347621618,-0.6153031094320881,train
2019-10-18,0.5046163106718187,1.2625865307388628,-0.7579702200670442,train
2019-10-21,0.474326553011711,1.1481360192095709,-0.6738094661978599,train
2019-10-22,0.4627375763322014,1.1504017861216467,-0.6876642097894452,train
2019-10-23,0.4168322017503932,1.1562240233810415,-0.7393918216306483,train
2019-10-24,0.4344697740981913,1.015612026750933,-0.5811422526527417,train
2019-10-25,0.3510060547261727,1.1070743589679608,-0.7560683042417882,train
2019-10-28,0.34320684236742216,0.9554181997937529,-0.6122113574263307,train
2019-10-29,0.3472060000089327,0.8755675598220762,-0.5283615598131435,train
2019-10-30,0.3212610175690033,0.8576339317288205,-0.5363729141598172,train
2019-10-31,0.25339876418391055,1.0160169743343768,-0.7626182101504662,train
2019-11-01,0.23759542121942565,0.9416315792717594,-0.7040361580523338,train
2019-11-04,0.20304795993304048,0.9911056077224465,-0.788057647789406,train
2019-11-05,0.20691930869778713,0.9819037720283466,-0.7749844633305594,train
2019-11-06,0.16126567679320125,1.0513325954470918,-0.8900669186538905,train
2019-11-07,0.214741581409523,0.8738489857871875,-0.6591074043776645,train
2019-11-08,0.17459949444888506,0.9048787099762673,-0.7302792155273823,train
2019-11-11,0.17184036879063336,0.8028054367584115,-0.6309650679677782,train
2019-11-12,0.2249179022635312,0.7013972947890518,-0.4764793925255206,train
2019-11-13,0.2726992295210832,0.6635948881338141,-0.39089565861273085,train
2019-11-14,0.439874287770142,0.6819132063286595,-0.2420389185585175,train
2019-11-15,0.45266426020052347,0.6270785635904262,-0.17441430338990277,train
2019-11-18,0.47296363286990506,0.5697321515621061,-0.09676851869220104,train
2019-11-19,0.4850014724127361,0.5696870021440746,-0.08468552973133853,train
2019-11-20,0.5101471434866603,0.520910183437927,-0.010763039951266706,train
2019-11-21,0.5094714691061485,0.5567669719543357,-0.047295502848187176,train
2019-11-22,0.5037547460514449,0.5247555013909375,-0.02100075533949264,train
2019-11-25,0.47151223365682815,0.6314075737714964,-0.15989534011466822,train
2019-11-26,0.46131531088277544,0.5479731346278904,-0.08665782374511499,train
2019-11-27,0.4915893875590531,0.5304150246797822,-0.03882563712072906,train
2019-11-28,0.5152700100851942,0.5334643480542439,-0.01819433796904968,train
2019-11-29,0.5339270386502796,0.41940618707136634,0.11452085157891323,train
2019-12-02,0.549235180840923,0.4922928656231242,0.056942315217798856,train
2019-12-03,0.5419451533316058,0.5478319339650137,-0.005886780633407973,train
2019-12-04,0.5456852705363798,0.5374434691813111,0.00824180135506869,train
2019-12-05,0.5540302896302098,0.5976713123443014,-0.04364102271409154,train
2019-12-06,0.5913492240311365,0.6059864995875772,-0.014637275556440676,train
2019-12-09,0.571273992469692,0.7046766243304566,-0.13340263186076462,train
2019-12-10,0.6099449226786688,0.5068735512546978,0.10307137142397105,train
2019-12-11,0.6142514468544146,0.5204142953474704,0.09383715150694416,train
2019-12-12,0.58851580686744,0.6217805208389529,-0.03326471397151287,train
2019-12-13,0.5620267543457802,0.6945217692630875,-0.1324950149173073,train
2019-12-16,0.4279777391487328,0.8732318171617754,-0.4452540780130426,train
2019-12-17,0.40971293554190225,0.817316675102002,-0.40760373956009976,train
2019-12-18,0.3828367591356337,0.8611370974693825,-0.4783003383337488,train
2019-12-19,0.3748362378568395,0.8267755035284198,-0.45193926567158027,train
2019-12-20,0.3583928971869429,0.8351129690003223,-0.4767200718133794,train
2019-12-23,0.4181479074915884,0.6953867093261288,-0.27723880183454036,train
2019-12-24,0.42320730818670393,0.622632299083651,-0.1994249908969471,train
2019-12-26,0.43837790384530484,0.5456841204617169,-0.10730621661641204,train
2019-12-27,0.44789567691892546,0.46105366485514726,-0.013157987936221804,train
2019-12-30,0.4308661825834476,0.5799602569895105,-0.14909407440606287,train
2019-12-31,0.40949251001207065,0.616612403403206,-0.20711989339113535,train
2020-01-02,0.4207427029780409,0.6196510902465285,-0.19890838726848764,train
2020-01-03,0.3939936317357436,0.747682495285639,-0.3536888635498954,train
2020-01-06,0.37759225435696786,0.7862446365346767,-0.40865238217770883,train
2020-01-07,0.3694235843154116,0.7602735482718475,-0.39084996395643584,train
2020-01-08,0.3613245778001511,0.7978510233289702,-0.4365264455288191,train
2020-01-09,0.34807949480896117,0.8847224530032887,-0.5366429581943275,train
2020-01-10,0.33257801014992083,0.8103121625123589,-0.4777341523624381,train
2020-01-13,0.3052889669715769,0.8785097419685751,-0.5732207749969982,train
2020-01-14,0.3255877048015315,0.8114055573293149,-0.48581785252778337,train
2020-01-15,0.3461966339796445,0.7583657908623159,-0.4121691568826714,train
2020-01-16,0.3547396254555057,0.7258689560594981,-0.3711293306039924,train
2020-01-17,0.3236852931461594,0.7118533028432095,-0.38816800969705006,train
2020-01-20,0.3683578256766066,0.6064840449728525,-0.2381262192962459,train
2020-01-21,0.392386977493735,0.5357463811477639,-0.14335940365402883,train
2020-01-22,0.43210107712169427,0.5717965829724924,-0.1396955058507981,train
2020-01-23,0.5075013539626189,0.560065753310725,-0.05256439934810608,train
2020-01-24,0.5183192619830674,0.7050028248237262,-0.1866835628406588,train
2020-01-27,0.5680538246805621,0.6178679045795255,-0.04981407989896336,train
2020-01-28,0.6445343300252022,0.682387358254865,-0.037853028229662744,train
2020-01-29,0.7355763827967048,0.6491219965966639,0.08645438620004087,train
2020-01-30,0.9193926523842584,0.6780007826320443,0.24139186975221405,train
2020-01-31,1.0937990388873828,0.5892192809388321,0.5045797579485507,train
2020-02-03,1.290453029455204,0.6525246126546197,0.6379284168005842,train
2020-02-04,1.3572182123799417,0.6333248039884708,0.7238934083914709,train
2020-02-05,1.4117870876524699,0.6228606350455622,0.7889264526069076,train
2020-02-06,1.5203321823910871,0.619207036815307,0.9011251455757802,train
2020-02-07,1.8840392218715432,0.6802516301110499,1.2037875917604932,train
2020-02-10,1.9850812319587285,0.7179256674047596,1.267155564553969,train
2020-02-11,2.0466209034104264,0.6372367781775574,1.409384125232869,train
2020-02-12,2.3089798144634806,0.6609962084588145,1.647983606004666,train
2020-02-13,2.4241889516696427,0.7163368025562259,1.7078521491134167,train
2020-02-14,2.5481050349758925,0.7231095971729482,1.8249954378029443,train
2020-02-17,2.602886091517994,0.7029490208114488,1.899937070706545,train
2020-02-18,2.6773514896116875,0.5653154354526324,2.112036054159055,train
2020-02-19,2.8476049463618223,0.7301918211281304,2.117413125233692,train
2020-02-20,2.9382158065105743,0.6928405611333449,2.2453752453772293,train
2020-02-21,3.022985807714776,0.7709402142000858,2.2520455935146906,train
2020-02-24,3.0807203269393004,0.8853534074068241,2.1953669195324763,train
2020-02-25,3.1034230642806744,0.9961217385835688,2.1073013256971054,train
2020-02-26,3.1371743117124695,1.011738605582864,2.1254357061296054,train
2020-02-27,3.1598413967941896,1.1386211524060896,2.0212202443881,train
2020-02-28,3.176179877703391,1.2243840424388253,1.951795835264566,train
2020-03-02,3.1920141340442445,1.3931404640112173,1.7988736700330272,train
2020-03-03,3.1882591693050673,1.5208831577586555,1.6673760115464118,train
2020-03-04,3.1850506631763187,1.6998529263780353,1.4851977367982834,train
2020-03-05,3.189223414766446,1.6872357942672744,1.5019876204991718,train
2020-03-06,3.1916864742974687,1.7157837649326773,1.4759027093647914,train
2020-03-09,3.1830331965199212,1.8184138177517908,1.3646193787681304,train
2020-03-10,3.1107900291630433,2.084086206360467,1.0267038228025762,train
2020-03-11,3.0918919882772067,2.045605084084367,1.0462869041928395,train
2020-03-12,3.0719737267043463,2.081078464952536,0.9908952617518105,train
2020-03-13,2.9650636592392106,2.4210221667729916,0.5440414924662189,train
2020-03-16,2.907676022123416,2.479514752887474,0.4281612692359418,train
2020-03-17,2.8337736779615805,2.5282654902235815,0.30550818773799904,train
2020-03-18,2.807553081549691,2.511144571676941,0.2964085098727498,train
2020-03-19,2.7602225093545005,2.649294262308224,0.11092824704627668,train
2020-03-20,2.580727023684002,2.799392676949583,-0.2186656532655813,train
2020-03-23,2.4709418755424757,2.830819058104106,-0.35987718256163026,train
2020-03-24,2.3249073899770636,2.891646761727407,-0.5667393717503435,train
2020-03-25,2.2288642984217057,2.9446090394934403,-0.7157447410717346,train
2020-03-26,2.19365335298994,2.8736162689171687,-0.6799629159272289,train
2020-03-27,2.113808355291293,2.8573904910316887,-0.7435821357403958,train
2020-03-30,2.05303145673074,2.8055691359053005,-0.7525376791745604,train
2020-03-31,2.0029458438669216,2.7376497245366065,-0.7347038806696848,train
2020-04-01,1.9555425631487504,2.7452551061008776,-0.7897125429521272,train
2020-04-02,1.925127708606532,2.6568327552532103,-0.7317050466466783,train
2020-04-03,1.8570097270428072,2.6656708462039305,-0.8086611191611233,train
2020-04-06,1.8448717933158199,2.5954445268270847,-0.7505727335112649,train
2020-04-07,1.8261947444399866,2.538123046503418,-0.7119283020634315,train
2020-04-08,1.810123642806275,2.458822049709461,-0.648698406903186,train
2020-04-09,1.7720548162778411,2.4466184350847677,-0.6745636188069266,train
2020-04-10,1.7366259509719142,2.393145183536531,-0.6565192325646168,train
2020-04-13,1.7581825615770428,2.113583065755193,-0.3554005041781503,train
2020-04-14,1.7625611741170006,2.114437731925971,-0.3518765578089704,train
2020-04-15,1.7566675154485625,2.0748221948382812,-0.31815467938971875,train
2020-04-16,1.742153674272818,2.0283816881103265,-0.2862280138375084,train
2020-04-17,1.7378656241242996,2.0347885961126533,-0.2969229719883537,train
2020-04-20,1.717120984027434,2.0911933493955943,-0.37407236536816035,train
2020-04-21,1.7054592756146227,2.0183754851354254,-0.3129162095208027,train
2020-04-22,1.6821465896226326,2.052868052874379,-0.37072146325174615,train
2020-04-23,1.6715174579103749,1.9296632685725585,-0.2581458106621837,train
2020-04-24,1.5949534132483567,2.0101973985182933,-0.41524398526993656,train
2020-04-27,1.5599215604493817,1.979807024161927,-0.4198854637125453,train
2020-04-28,1.6127024094047755,1.9124182461077015,-0.299715836702926,train
2020-04-29,1.6083312585237046,1.8821616938006958,-0.27383043527699114,train
2020-04-30,1.6336888209717326,1.8813943231805594,-0.2477055022088268,train
2020-05-01,1.5697270921695272,1.9496194766572974,-0.3798923844877702,train
2020-05-04,1.5753327659447018,1.8401987539389855,-0.2648659879942836,train
2020-05-05,1.5934002868458763,1.7998375822030757,-0.20643729535719935,train
2020-05-06,1.6275362596368723,1.8665939740310928,-0.23905771439422052,train
2020-05-07,1.6737485476097687,1.8134623956297657,-0.1397138480199971,train
2020-05-08,1.6773032725770844,1.7505205551855365,-0.07321728260845206,train
2020-05-11,1.6928731880133028,1.7032316066720772,-0.010358418658774404,train
2020-05-12,1.740454112303831,1.6826721030786485,0.05778200922518262,train
2020-05-13,1.7840157992045795,1.6769233377373478,0.10709246146723173,train
2020-05-14,1.8178965633785,1.6902302244684861,0.1276663389100139,train
2020-05-15,1.8376507690588835,1.6683158436304675,0.169334925428416,train
2020-05-18,1.8630627583057504,1.657825727994872,0.20523703031087837,train
2020-05-19,1.8609552990860945,1.7498036344185077,0.11115166466758675,train
2020-05-20,1.8724730077967413,1.6898366051179656,0.18263640267877568,train
2020-05-21,1.8971395636793467,1.6332001979657194,0.2639393657136273,train
2020-05-22,1.8905346304340909,1.6566124643905655,0.23392216604352534,train
2020-05-25,1.9076195746190852,1.5737155680058108,0.33390400661327435,train
2020-05-26,1.9306651530284011,1.3892957967166077,0.5413693563117934,train
2020-05-27,1.9313163771612558,1.4483834082725584,0.4829329688886974,train
2020-05-28,1.8820610673773948,1.6255345729057247,0.2565264944716701,train
2020-05-29,1.8727691333923875,1.5622067964100157,0.3105623369823718,train
2020-06-01,1.8512271801843239,1.687586761523438,0.16364041866088597,train
2020-06-02,1.8419630722191525,1.6942605617037216,0.14770251051543082,train
2020-06-03,1.8380062134820054,1.7416354139106143,0.09637079957139116,train
2020-06-04,1.8087221611591426,1.7231893953789836,0.085532765780159,train
2020-06-05,1.7515355319713253,1.8373590183264155,-0.08582348635509018,train
2020-06-08,1.7033808979887342,1.8561860055915316,-0.15280510760279742,train
2020-06-09,1.6896179603391615,1.8119038231810267,-0.12228586284186527,train
2020-06-10,1.6923769523346412,1.8298873783862113,-0.13751042605157004,train
2020-06-11,1.6335372963736408,1.9203116126655835,-0.2867743162919427,train
2020-06-12,1.5754281899848857,1.930188560037051,-0.3547603700521653,train
2020-06-15,1.514599070185357,1.9322933036686145,-0.4176942334832574,train
2020-06-16,1.482851764846997,1.934999743410944,-0.45214797856394706,train
2020-06-17,1.450362518305515,1.971195954232703,-0.520833435927188,train
2020-06-18,1.406710880706176,1.942102076351255,-0.5353911956450792,train
2020-06-19,1.4122416854839934,1.8960382806254654,-0.483796595141472,train
2020-06-22,1.416570993742468,1.9007372023406726,-0.4841662085982046,train
2020-06-23,1.4506211483687776,1.7950756586610639,-0.34445451029228624,train
2020-06-24,1.4464398818114066,1.8124723543055594,-0.3660324724941528,train
2020-06-25,1.4421229455766698,1.8083506339681175,-0.3662276883914477,train
2020-06-26,1.4764656645151921,1.760152481467678,-0.283686816952486,train
2020-06-29,1.5023356759183313,1.6620142633270856,-0.1596785874087543,train
2020-06-30,1.5291690066503376,1.6661817841039337,-0.13701277745359608,train
2020-07-01,1.543550886557548,1.6844144758478095,-0.14086358929026144,train
2020-07-02,1.6026492075602952,1.6119551177623261,-0.009305910202030976,train
2020-07-03,1.6114925988739794,1.6673328663397877,-0.05584026746580828,train
2020-07-06,1.6399763507478538,1.5576682922164526,0.08230805853140111,train
2020-07-07,1.660636160463361,1.5881009754621327,0.07253518500122835,train
2020-07-08,1.6924794517390822,1.565574497374889,0.12690495436419313,train
2020-07-09,1.7228608012551554,1.5554207796464865,0.1674400216086689,train
2020-07-10,1.7011142729905437,1.6156575188799849,0.08545675411055886,train
2020-07-13,1.7301308715163768,1.5479804538987882,0.18215041761758854,train
2020-07-14,1.7463456783444922,1.5502091055982543,0.19613657274623786,train
2020-07-15,1.759320556657377,1.500703659246492,0.2586168974108851,train
2020-07-16,1.7602617890514176,1.5134448300860026,0.246816958965415,train
2020-07-17,1.7535502378452497,1.496360540921438,0.25718969692381166,train
2020-07-20,1.7712669422208511,1.4497667422251552,0.3215001999956959,train
2020-07-21,1.7782098117726688,1.5513745952740232,0.22683521649864558,train
2020-07-22,1.7724837844230408,1.618710700080356,0.15377308434268477,train
2020-07-23,1.7672711841762885,1.6602006256435367,0.10707055853275182,train
2020-07-24,1.7557002531222976,1.6327358679930768,0.12296438512922081,train
2020-07-27,1.7500237962639242,1.656734183784476,0.09328961247944823,train
2020-07-28,1.7202494533349755,1.7132760258552449,0.006973427479730621,train
2020-07-29,1.7699173110347386,1.6847192507646997,0.08519806027003884,train
2020-07-30,1.7754514630892957,1.698062244345955,0.0773892187433407,train
2020-07-31,1.7585654726567783,1.7254531567826088,0.03311231587416952,train
2020-08-03,1.7572136269854135,1.8269277428276347,-0.0697141158422212,train
2020-08-04,1.7582330455796142,1.7802242325635838,-0.021991186983969513,train
2020-08-05,1.7611491328417883,1.7849618281599688,-0.023812695318180532,train
2020-08-06,1.7628570819617488,1.8034435819096084,-0.04058649994785957,train
2020-08-07,1.7147661031964965,1.8491624625301486,-0.13439635933365213,train
2020-08-10,1.700973108620885,1.8378970929410303,-0.1369239843201453,train
2020-08-11,1.7089077866285365,1.7277139166981421,-0.01880613006960563,train
2020-08-12,1.7233232781306769,1.8068161258222857,-0.0834928476916088,train
2020-08-13,1.7037985952105514,1.7998965150622905,-0.0960979198517391,train
2020-08-14,1.6833305389853295,1.7600086784998494,-0.07667813951451996,train
2020-08-17,1.6774306641940677,1.704709275602668,-0.02727861140860033,train
2020-08-18,1.7088429433741041,1.696118658821616,0.012724284552488196,train
2020-08-19,1.708574541256478,1.724964046153227,-0.016389504896749063,train
2020-08-20,1.6717706500161724,1.7701072307920092,-0.09833658077583673,train
2020-08-21,1.6619387713460732,1.7783689395457627,-0.11643016819968954,train
2020-08-24,1.6587368205327935,1.7978930705327973,-0.13915625000000387,train
2020-08-25,1.6745196485694163,1.7310203296241267,-0.0565006810547104,train
2020-08-26,1.6878743508643077,1.7220520896645004,-0.0341777388001927,train
2020-08-27,1.6883200810335186,1.6486226701365525,0.0396974108969661,train
2020-08-28,1.6160744494247683,1.8080122466473678,-0.19193779722259952,train
2020-08-31,1.5917665552900429,1.7723229506362932,-0.18055639534625034,train
2020-09-01,1.601700547086618,1.7395519934653079,-0.13785144637868996,train
2020-09-02,1.558104240113995,1.866059527566626,-0.307955287452631,train
2020-09-03,1.5360547344624262,1.8705425174660368,-0.3344877830036106,train
2020-09-04,1.5004239420771441,1.8186557283420406,-0.31823178626489645,train
2020-09-07,1.48469485457553,1.8213741444223996,-0.33667928984686957,train
2020-09-08,1.4952182447856885,1.625606838760946,-0.13038859397525737,train
2020-09-09,1.4601771907839158,1.686728368551276,-0.2265511777673601,train
2020-09-10,1.4399399860018511,1.6493457061759713,-0.20940572017412018,train
2020-09-11,1.3712067552473508,1.7299517737478254,-0.3587450185004746,train
2020-09-14,1.3657097988393712,1.6002318503895991,-0.23452205155022798,train
2020-09-15,1.3663206746942915,1.5769872984883981,-0.2106666237941066,train
2020-09-16,1.3601474696211535,1.567463700297987,-0.20731623067683347,train
2020-09-17,1.2997428278892995,1.683704778123112,-0.3839619502338125,train
2020-09-18,1.2654628562285273,1.6245117600313608,-0.3590489038028335,train
2020-09-21,1.2614041216594951,1.5451731254377972,-0.28376900377830205,train
2020-09-22,1.2293578789509871,1.6501473211110667,-0.4207894421600795,train
2020-09-23,1.1883452926700195,1.690329294918404,-0.5019840022483844,train
2020-09-24,1.156123526871657,1.6645226765351635,-0.5083991496635065,train
2020-09-25,1.1118483195635778,1.6787857081253175,-0.5669373885617397,train
2020-09-28,1.101616191921546,1.653867325578006,-0.5522511336564602,train
2020-09-29,1.099416890799053,1.6050281671676765,-0.5056112763686236,train
2020-09-30,1.1042129119220634,1.5922589369135176,-0.4880460249914542,train
2020-10-01,1.0767510586144629,1.6180143362423611,-0.5412632776278983,train
2020-10-02,1.0370067752038277,1.5840688305289727,-0.5470620553251451,train
2020-10-05,1.0212207858826288,1.5680880491750857,-0.5468672632924569,train
2020-10-06,1.2727620945196803,1.4708493181533282,-0.19808722363364795,train
2020-10-07,1.3103917263849254,1.5412561145208585,-0.23086438813593313,train
2020-10-08,1.3705358391316464,1.4599240835042293,-0.08938824437258286,train
2020-10-09,1.4520572603490312,1.3726558478219306,0.07940141252710053,train
2020-10-12,1.4949524015435252,1.3465352249143758,0.14841717662914933,train
2020-10-13,1.510589016810012,1.2985201530829487,0.21206886372706335,train
2020-10-14,1.514623583523997,1.2902265098243921,0.22439707369960482,train
2020-10-15,1.5124422789618062,1.2655759882443132,0.246866290717493,train
2020-10-16,1.516028659264207,1.2899504463817801,0.2260782128824268,train
2020-10-19,1.5143012754465817,1.2519817016434993,0.26231957380308235,train
2020-10-20,1.5090385256046162,1.2593966720960508,0.24964185350856538,train
2020-10-21,1.5071316516116628,1.2495078674885782,0.2576237841230846,train
2020-10-22,1.4955210646285653,1.2611692358504984,0.23435182877806682,train
2020-10-23,1.5098383111296318,1.2365198920204965,0.27331841910913535,train
2020-10-26,1.5225990347375034,1.243073350192313,0.27952568454519033,train
2020-10-27,1.5386455189636514,1.2129246224459773,0.3257208965176741,train
2020-10-28,1.530319987027945,1.2282365351201638,0.3020834519077811,train
2020-10-29,1.512713594829801,1.253687528539086,0.2590260662907149,train
2020-10-30,1.5012411945085455,1.317014329391832,0.1842268651167136,train
2020-11-02,1.507277943639518,1.301266903467335,0.20601104017218308,train
2020-11-03,1.5339806832008946,1.236036333713289,0.29794434948760573,train
2020-11-04,1.5418412162954171,1.2610452240898105,0.2807959922056067,train
2020-11-05,1.3739065333327833,1.5812730847564693,-0.20736655142368599,train
2020-11-06,1.3262496913578308,1.5470748486342183,-0.22082515727638752,train
2020-11-09,1.2634152182134524,1.6203084053597072,-0.35689318714625484,train
2020-11-10,1.1755552482328673,1.763987607677717,-0.5884323594448497,train
2020-11-11,1.1557576865947163,1.8053643710330631,-0.6496066844383468,train
2020-11-12,1.1520987906959015,1.649089909036518,-0.4969911183406166,train
2020-11-13,1.1539410785413975,1.5848520277643594,-0.4309109492229619,train
2020-11-16,1.1775996437322767,1.4626922690092186,-0.2850926252769419,train
2020-11-17,1.2393649614551479,1.420886066502132,-0.18152110504698404,train
2020-11-18,1.252556083501511,1.3148222731076984,-0.06226618960618735,train
2020-11-19,1.2582915752570412,1.2639772218951855,-0.005685646638144304,train
2020-11-20,1.3214395979824676,1.2541024364758715,0.06733716150659608,train
2020-11-23,1.3482619411882502,1.2021011640189032,0.14616077716934694,train
2020-11-24,1.353388303957204,1.3008092221259802,0.05257908183122395,train
2020-11-25,1.3280590050300392,1.3501059405783888,-0.02204693554834969,train
2020-11-26,1.3267796822138938,1.4057624128805448,-0.07898273066665107,train
2020-11-27,1.3439389345197141,1.3236139672875296,0.020324967232184576,train
2020-11-30,1.3746917375539804,1.2863685305139982,0.0883232070399822,train
2020-12-01,1.3868871264212124,1.3349600529603327,0.05192707346087966,train
2020-12-02,1.389373276523129,1.3535032070174915,0.035870069505637536,train
2020-12-03,1.3657101678488404,1.3938842042564188,-0.02817403640757843,train
2020-12-04,1.407623856179484,1.4195262028898237,-0.011902346710339629,train
2020-12-07,1.4138578433299789,1.4505356880715012,-0.03667784474152236,train
2020-12-08,1.4675001135289543,1.443687949996446,0.023812163532508368,train
2020-12-09,1.4890579969728233,1.3746059063347236,0.11445209063809969,train
2020-12-10,1.501186089942972,1.3291397881434586,0.17204630179951352,train
2020-12-11,1.4936553523969458,1.3962155712978321,0.09743978109911366,train
2020-12-14,1.506980868442315,1.3475456281991653,0.1594352402431496,train
2020-12-15,1.5051392533176993,1.3428557843969888,0.16228346892071044,train
2020-12-16,1.4829731012210356,1.385609252790516,0.0973638484305197,train
2020-12-17,1.428401655886889,1.5232641327534906,-0.09486247686660154,train
2020-12-18,1.4337649515060165,1.4218593960050807,0.01190555550093575,train
2020-12-21,1.4444365575775726,1.3816358557623174,0.06280070181525521,train
2020-12-22,1.393658118753966,1.5490288592856345,-0.15537074053166844,train
2020-12-23,1.37806937962232,1.5122967227631512,-0.13422734314083118,train
2020-12-24,1.356311901824491,1.4885353316793912,-0.13222342985490032,train
2020-12-28,1.3880671967736968,1.3705083796569804,0.017558817116716474,train
2020-12-29,1.3912274161846048,1.4627591617952234,-0.07153174561061859,train
2020-12-30,1.3992917865668586,1.4071323568069154,-0.007840570240056799,train
2020-12-31,1.3902375192591343,1.4476190954663648,-0.0573815762072305,train
2021-01-04,1.3838898856833461,1.4566164145234637,-0.07272652884011754,train
2021-01-05,1.3648337979068248,1.5072927678073826,-0.14245896990055784,train
2021-01-06,1.362936151313234,1.434645744590957,-0.07170959327772297,train
2021-01-07,1.308589899507411,1.584487676997647,-0.27589777749023603,train
2021-01-08,1.2858312048660208,1.5430677373353239,-0.2572365324693031,train
2021-01-11,1.201368236423983,1.6629014906949628,-0.4615332542709798,train
2021-01-12,1.1620447036279948,1.6311909839150838,-0.46914628028708893,train
2021-01-13,1.1237031413906782,1.652753651239603,-0.5290505098489249,train
2021-01-14,1.0840946055045013,1.6233184186838512,-0.5392238131793499,train
2021-01-15,1.0283750298964653,1.6363759230118127,-0.6080008931153473,train
2021-01-18,1.020353825462909,1.5364403766108243,-0.5160865511479154,train
2021-01-19,1.0390582557157984,1.3939281340595602,-0.3548698783437618,train
2021-01-20,1.0288297141401583,1.3752789641236731,-0.3464492499835148,train
2021-01-21,1.0033800942548512,1.3974879439546068,-0.39410784969975565,train
2021-01-22,0.9954107624695396,1.377210783667366,-0.3818000211978263,train
2021-01-25,0.9832207128805693,1.3318196191756795,-0.34859890629511014,train
2021-01-26,1.0050343263273154,1.3477285916485586,-0.34269426532124325,train
2021-01-27,1.054258440746522,1.3401811149446892,-0.2859226741981671,train
2021-01-28,1.095030890917652,1.4232715441649706,-0.32824065324731855,train
2021-01-29,1.0810800497561537,1.4289062731791466,-0.34782622342299296,train
2021-02-01,1.075538742308796,1.455876833260673,-0.380338090951877,train
2021-02-02,1.0805713085256905,1.4548272829207478,-0.3742559743950573,train
2021-02-03,1.0849832614630395,1.4907619472270108,-0.40577868576397136,train
2021-02-04,1.1343028353119926,1.409374794035529,-0.2750719587235364,train
2021-02-05,1.136847103625355,1.3736652335193031,-0.23681812989394824,train
2021-02-08,1.1407419579835842,1.3415823872297052,-0.200840429246121,train
2021-02-09,1.160227474831685,1.2998901970533565,-0.13966272222167153,train
2021-02-10,1.1960145014840704,1.2322450308692214,-0.036230529385151033,train
2021-02-11,1.2084661538350905,1.190482675828688,0.017983478006402542,train
2021-02-12,1.226858948342488,1.1140060761128079,0.11285287222968021,train
2021-02-15,1.2357289414046095,1.0875849792929657,0.14814396211164382,train
2021-02-16,1.275972025894477,0.9628826176586307,0.3130894082358462,train
2021-02-17,1.2884710446658953,1.0481632690760998,0.24030777558979555,train
2021-02-18,1.27762710483037,1.082893535062241,0.19473356976812894,train
2021-02-19,1.2872710232800018,1.0559389554557042,0.2313320678242976,train
2021-02-22,1.2952000890906232,1.0664535014123815,0.22874658767824174,train
2021-02-23,1.293288594181047,1.157232275105087,0.13605631907596005,train
2021-02-24,1.3051199308348782,1.1015579009932965,0.20356202984158167,train
2021-02-25,1.2815272828893187,1.1850863920358556,0.09644089085346308,train
2021-02-26,1.2410989379247919,1.303920650405396,-0.06282171248060409,train
2021-03-01,1.1689825378460388,1.4166992614237581,-0.24771672357771934,train
2021-03-02,1.1597185928784661,1.351611886827663,-0.19189329394919685,train
2021-03-03,1.1437346519367184,1.4007332990029961,-0.25699864706627773,train
2021-03-04,1.1108319246676566,1.3996158475681164,-0.28878392290045984,train
2021-03-05,1.075155828462756,1.3903599549576513,-0.31520412649489526,train
2021-03-08,1.0166910571742105,1.4204546028679024,-0.4037635456936919,train
2021-03-09,1.0217256704586288,1.3434866384403483,-0.3217609679817195,train
2021-03-10,1.0083685962128068,1.3440022465996233,-0.3356336503868165,train
2021-03-11,0.9789207351675981,1.372048313132376,-0.3931275779647778,train
2021-03-12,0.9314173551022682,1.414640656553815,-0.4832233014515468,train
2021-03-15,0.92667996356756,1.3323485140639812,-0.40566855049642125,train
2021-03-16,0.9087929253422773,1.3462109563504043,-0.43741803100812704,train
2021-03-17,0.909106025197532,1.3265665383823433,-0.41746051318481125,train
2021-03-18,0.8678969761323966,1.3998757047035355,-0.5319787285711389,train
2021-03-19,0.8598516253601339,1.376038231626143,-0.5161866062660091,train
2021-03-22,0.8687780432704948,1.2875300400886198,-0.418751996818125,train
2021-03-23,0.8632509827705737,1.3129171874530605,-0.44966620468248686,train
2021-03-24,0.865324449813154,1.3275036262707791,-0.4621791764576251,train
2021-03-25,0.8462433844781493,1.2999883974159108,-0.4537450129377615,train
2021-03-26,0.8385118967061321,1.2987530128881672,-0.4602411161820351,train
2021-03-29,0.8365558167397207,1.2523980952063596,-0.4158422784666389,train
2021-03-30,0.8576264125925118,1.2526850224622976,-0.3950586098697858,train
2021-03-31,0.8587207441402506,1.1918373270090106,-0.33311658286876,train
2021-04-01,0.8698594180098888,1.2072202543131183,-0.33736083630322955,train
2021-04-02,0.8632560571594752,1.1908844913835706,-0.3276284342240954,train
2021-04-05,0.8935024612277243,1.1069300297462434,-0.21342756851851918,train
2021-04-06,0.8859413189002017,1.0888633690589884,-0.20292205015878673,train
2021-04-07,0.881815277474194,1.0969429289306565,-0.2151276514564625,train
2021-04-08,0.9919341063592605,1.1345587772896324,-0.1426246709303719,train
2021-04-09,1.0091547021366185,1.096642892045963,-0.08748818990934448,train
2021-04-12,1.0205931828443358,1.1010467666317039,-0.08045358378736811,train
2021-04-13,1.1133376286314964,1.0968350133954143,0.016502615236082097,train
2021-04-14,1.1226486910955704,1.1275599988745169,-0.004911307778946439,train
2021-04-15,1.119859468349173,1.0603212915377958,0.059538176811377186,train
2021-04-16,1.1088070126036862,1.0922630793750243,0.016543933228661878,train
2021-04-19,1.1061746712088556,1.0560085469285645,0.0501661242802911,train
2021-04-20,1.111046004685272,1.12483745152931,-0.013791446844038102,train
2021-04-21,1.1059867232412284,1.0959485871365606,0.01003813610466775,train
2021-04-22,1.121181014571244,1.104827876223178,0.016353138348065954,train
2021-04-23,1.1155050944083764,1.1308821789778818,-0.015377084569505373,train
2021-04-26,1.1272332755724568,1.0760480869661297,0.05118518860632704,train
2021-04-27,1.124823915914665,1.0894925169818401,0.035331398932824776,train
2021-04-28,1.138452650125509,1.0439765167616992,0.09447613336380978,train
2021-04-29,1.125669430829994,1.1327081219007966,-0.007038691070802683,train
2021-04-30,1.1200995817459154,1.065550260926043,0.054549320819872404,train
2021-05-03,1.1016722496334663,1.1454800235679166,-0.043807773934450234,train
2021-05-04,1.0976778321538974,1.1036179766207916,-0.0059401444668942815,train
2021-05-05,1.0890010014462563,1.1762449889315736,-0.08724398748531725,train
2021-05-06,1.1352904217016877,1.0425090458511919,0.09278137585049584,train
2021-05-07,1.1308972419727972,1.069969107544735,0.06092813442806211,train
2021-05-10,1.0099643060581491,1.2894980068376778,-0.27953370077952866,train
2021-05-11,0.9744624246737387,1.2345662325683933,-0.2601038078946546,train
2021-05-12,0.9799135820755057,1.217712544462103,-0.23779896238659737,train
2021-05-13,0.8660309633479574,1.4480514611959623,-0.5820204978480049,train
2021-05-14,0.8317504808072188,1.4084574567459054,-0.5767069759386866,train
2021-05-17,0.8280994445855483,1.23896800002588,-0.41086855544033174,train
2021-05-18,0.9660285122984935,1.1965416831421336,-0.2305131708436401,train
2021-05-19,1.0199115211506415,1.1681055534061937,-0.14819403225555217,train
2021-05-20,1.0341903552884828,1.1737097937595151,-0.13951943847103232,train
2021-05-21,1.0555737246980612,1.0932580577353141,-0.03768433303725294,train
2021-05-24,1.0472512441302309,1.1854364167746188,-0.1381851726443879,train
2021-05-25,1.0430312291295494,1.1785213248439925,-0.13549009571444315,train
2021-05-26,1.0359517854806697,1.2117298635301532,-0.17577807804948353,train
2021-05-27,1.0260596172077916,1.1790481845619123,-0.1529885673541207,train
2021-05-28,1.021894860700335,1.2185496809108556,-0.1966548202105205,train
2021-05-31,1.0100302001155455,1.194325885135764,-0.18429568502021865,train
2021-06-01,1.0288051014473039,1.1262295922793801,-0.09742449083207627,train
2021-06-02,1.036362468301422,1.1135833117760838,-0.07722084347466174,train
2021-06-03,1.067089566633225,1.0987526989976197,-0.031663132364394775,train
2021-06-04,1.0482048580082675,1.107507308550222,-0.0593024505419546,train
2021-06-07,1.0192007613675265,1.2125938888123997,-0.19339312744487325,train
2021-06-08,1.0418345210826552,1.1280518183579673,-0.08621729727531213,train
2021-06-09,1.0670595905031806,1.061168952507087,0.005890637996093462,train
2021-06-10,1.0763171968470364,0.9947601350253417,0.08155706182169475,train
2021-06-11,1.0601819624405144,1.0909896762951747,-0.0308077138546603,train
2021-06-14,1.0992243369424726,0.9496002097062314,0.1496241272362412,train
2021-06-15,1.1065066370673924,0.918589246362708,0.18791739070468438,train
2021-06-16,1.1121389484359165,0.9199537115993468,0.19218523683656974,train
2021-06-17,0.9934519402565143,1.2375067012669,-0.2440547610103858,train
2021-06-18,0.9466825044503081,1.2354328828441423,-0.2887503783938342,train
2021-06-21,0.9155828889081145,1.2924816476230732,-0.3768987587149587,train
2021-06-22,0.885441235640163,1.3315745254838165,-0.4461332898436535,train
2021-06-23,0.9094953917901959,1.353539543803622,-0.44404415201342606,train
2021-06-24,0.9012925280696525,1.2358292138178462,-0.3345366857481936,train
2021-06-25,0.8994678117138201,1.1732336418913483,-0.2737658301775282,train
2021-06-28,0.9085979142126112,1.0938824745252727,-0.1852845603126615,train
2021-06-29,0.9270629759619728,1.1016983025819673,-0.17463532661999448,train
2021-06-30,0.9228511224382657,1.0484835431738886,-0.12563242073562286,train
2021-07-01,0.9050787491904052,1.1060792893444724,-0.2010005401540672,train
2021-07-02,0.9024850949134664,1.106027103262551,-0.20354200834908465,train
2021-07-05,0.8570503869676254,1.2096927280173189,-0.3526423410496935,train
2021-07-06,0.885697998047958,1.0603151323756888,-0.17461713432773074,train
2021-07-07,0.8726350782824405,1.1350281734510845,-0.26239309516864406,train
2021-07-08,0.8493679734644749,1.163539913586715,-0.31417194012224015,train
2021-07-09,0.8212282701047527,1.189489453938963,-0.36826118383421036,train
2021-07-12,0.8114500117589417,1.1002190099136127,-0.28876899815467094,train
2021-07-13,0.8116401340828122,1.1347969944124694,-0.3231568603296572,train
2021-07-14,0.7499224326427999,1.2423844163897173,-0.4924619837469174,train
2021-07-15,0.7317857254797371,1.1544465015493328,-0.42266077606959573,train
2021-07-16,0.716276001091774,1.1224014845205734,-0.4061254834287994,train
2021-07-19,0.7226498798175185,1.084946212648901,-0.3622963328313824,train
2021-07-20,0.7488590942273377,1.1019929520384193,-0.35313385781108164,train
2021-07-21,0.7353120623312879,1.077758364342405,-0.34244630201111703,train
2021-07-22,0.7313828270303625,1.0213225578763347,-0.28993973084597224,train
2021-07-23,0.6834586815453034,1.151422086225502,-0.4679634046801986,train
2021-07-26,0.6828596543521631,1.0754889104005092,-0.3926292560483461,train
2021-07-27,0.6838833676829909,1.079057715263014,-0.39517434758002323,train
2021-07-28,0.6736713199209808,1.0826489560520647,-0.40897763613108384,train
2021-07-29,0.6723687621722623,1.1718881435952848,-0.49951938142302255,train
2021-07-30,0.6571102484761105,1.0486453645008569,-0.39153511602474633,train
2021-08-02,0.6587620422579228,1.051550357529553,-0.3927883152716303,train
2021-08-03,0.6460330668345952,1.0768964706624364,-0.4308634038278413,train
2021-08-04,0.6372566609800656,0.9963321072367959,-0.35907544625673027,train
2021-08-05,0.6647602181021273,1.0471235234979417,-0.3823633053958144,train
2021-08-06,0.6339337188226905,1.023641754758525,-0.3897080359358346,train
2021-08-09,0.6349287129672462,1.0112719626067306,-0.3763432496394844,train
2021-08-10,0.6334325038448269,0.963224007314548,-0.3297915034697212,train
2021-08-11,0.6677504433918757,0.9309175582029343,-0.2631671148110586,train
2021-08-12,0.6515991798253343,0.949287277436168,-0.2976880976108337,train
2021-08-13,0.6541840135356483,0.8571953086822186,-0.20301129514657035,train
2021-08-16,0.6875080915274329,0.8082515725778489,-0.12074348105041599,train
2021-08-17,0.7046703621353224,0.7821116606151054,-0.07744129847978298,train
2021-08-18,0.7011450926791136,0.8598349150766986,-0.158689822397585,train
2021-08-19,0.6580515101163856,0.9483264910980385,-0.29027498098165283,train
2021-08-20,0.6423689720644837,0.9323520635385364,-0.28998309147405266,train
2021-08-23,0.6504606277535799,0.9274083641598907,-0.27694773640631076,train
2021-08-24,0.7345995349883689,0.9668295217517108,-0.23222998676334183,train
2021-08-25,0.7422761890318412,0.9447027693753847,-0.20242658034354344,train
2021-08-26,0.733179032903417,0.9261463946083783,-0.19296736170496132,train
2021-08-27,0.7310269489326872,0.9049079248733388,-0.17388097594065166,train
2021-08-30,0.7099829385720771,1.010871830175578,-0.30088889160350085,train
2021-08-31,0.7455707421225373,0.858361976887788,-0.11279123476525077,train
2021-09-01,0.7685144880373442,0.9170261424963212,-0.14851165445897696,train
2021-09-02,0.7853968125750124,0.8937963549393897,-0.10839954236437732,train
2021-09-03,0.7988164258459716,0.8197692160797637,-0.02095279023379215,train
2021-09-06,0.7552913352072088,0.9403038214591922,-0.1850124862519834,train
2021-09-07,0.7902338134681179,0.7477996653381345,0.04243414812998347,train
2021-09-08,0.7802452943939653,0.8343759179798956,-0.05413062358593035,train
2021-09-09,0.7858996555753389,0.8066257441889728,-0.020726088613633897,train
2021-09-10,0.7539901650410086,0.9272255370873473,-0.17323537204633876,train
2021-09-13,0.7575235048585212,0.7909776922423699,-0.033454187383848755,train
2021-09-14,0.7740669071838168,0.8376218393083825,-0.06355493212456576,train
2021-09-15,0.7484852788596483,0.9251858810238748,-0.17670060216422645,train
2021-09-16,0.737456294782873,0.9245340869968238,-0.18707779221395082,train
2021-09-17,0.7359179146922181,0.8949870518196043,-0.15906913712738613,train
2021-09-20,0.7411743971876943,0.8808673264210295,-0.1396929292333352,train
2021-09-21,0.7407339029057689,0.8646736513061744,-0.12393974840040545,train
2021-09-22,0.7316524029717509,0.8736468277503989,-0.141994424778648,train
2021-09-23,0.6403469161699556,1.0551051327124816,-0.414758216542526,train
2021-09-24,0.6318779516665665,0.979994676521339,-0.3481167248547725,train
2021-09-27,0.6282232177050667,0.9579684061253427,-0.329745188420276,train
2021-09-28,0.6366294974572551,0.9755933966144789,-0.3389638991572238,train
2021-09-29,0.6847897094049533,1.0199040169547768,-0.3351143075498235,train
2021-09-30,0.7077920784523241,0.9904615021560903,-0.28266942370376624,train
2021-10-01,0.6882513256960191,1.0319550381516422,-0.34370371245562314,train
2021-10-04,0.6715755938941117,1.054167867404653,-0.38259227351054137,train
2021-10-05,0.711787051182766,1.032760387360815,-0.32097333617804913,train
2021-10-06,0.714216760884821,1.0041343395221516,-0.2899175786373306,train
2021-10-07,0.7285204993457963,1.0366943809131044,-0.3081738815673081,train
2021-10-08,0.7459524173332083,0.9414268258912809,-0.19547440855807263,train
2021-10-11,0.7642392851169185,0.9411388345747537,-0.17689954945783515,train
2021-10-12,0.8359458150311885,0.8703104002508786,-0.0343645852196901,train
2021-10-13,0.856237046532368,0.8775144352626025,-0.021277388730234548,train
2021-10-14,0.8548545312996145,0.9082936092891031,-0.05343907798948855,train
2021-10-15,0.8948294083847188,0.8575168333898092,0.037312574994909586,train
2021-10-18,0.942275753566537,0.8393237200828273,0.10295203348370974,train
2021-10-19,1.0002730360769965,0.8833870478474429,0.11688598822955354,train
2021-10-20,1.015872599256014,0.9016761201863449,0.11419647906966912,train
2021-10-21,1.092379246782591,0.8482510955492564,0.24412815123333464,train
2021-10-22,1.1537700350611413,0.8550750189418632,0.29869501611927807,train
2021-10-25,1.1683084351039634,0.8539062152738415,0.31440221983012195,train
2021-10-26,1.2089087166881514,0.8502300400937395,0.3586786765944119,train
2021-10-27,1.206509427972134,0.822638217759196,0.383871210212938,train
2021-10-28,1.2607877890312633,0.8807487736932229,0.3800390153380404,train
2021-10-29,1.2398216939606268,1.0313810150138027,0.20844067894682405,train
2021-11-01,1.3074159767500386,1.0701216565326435,0.23729432021739516,train
2021-11-02,1.3474430228243033,1.0311814415697846,0.31626158125451864,train
2021-11-03,1.35553042391017,1.026092970416438,0.3294374534937319,train
2021-11-04,1.3734176029607443,1.1288586689727258,0.24455893398801853,train
2021-11-05,1.3776758774970155,1.0251645348390024,0.3525113426580131,train
2021-11-08,1.3788635637360125,1.0511705284253896,0.3276930353106229,train
2021-11-09,1.3872556956298339,1.0373824713126025,0.34987322431723133,train
2021-11-10,1.383973407130648,1.0837510572065392,0.3002223499241088,train
2021-11-11,1.3975247069611811,1.1753268960455885,0.22219781091559265,train
2021-11-12,1.3988840444030017,1.149596918528808,0.24928712587419377,train
2021-11-15,1.3990703021167066,1.1069676729449194,0.2921026291717872,train
2021-11-16,1.413322382524677,1.1963667456492488,0.21695563687542818,train
2021-11-17,1.4213162877768661,1.2544716263716689,0.16684466140519727,train
2021-11-18,1.3967470114889868,1.2995312632355536,0.09721574825343327,train
2021-11-19,1.3968560734005335,1.2604451609445022,0.13641091245603132,train
2021-11-22,1.3509281165688916,1.4265888783781515,-0.07566076180925996,train
2021-11-23,1.3208451950403153,1.4733045124004265,-0.1524593173601112,train
2021-11-24,1.3178392405650958,1.3920538109617326,-0.07421457039663681,train
2021-11-25,1.2825850107458212,1.4487864499080763,-0.16620143916225505,train
2021-11-26,1.293190049139396,1.2907840633944399,0.002405985744956096,train
2021-11-29,1.2404842759123687,1.4401106564986073,-0.1996263805862386,train
2021-11-30,1.2366559458691215,1.3277509621418475,-0.09109501627272598,train
2021-12-01,1.16667612500454,1.51708893884891,-0.35041281384436984,train
2021-12-02,1.1541890262549455,1.5011551351597183,-0.34696610890477286,train
2021-12-03,1.1735398871500657,1.4836426628859052,-0.31010277573583944,train
2021-12-06,1.143349061264204,1.5365452717432888,-0.3931962104790847,train
2021-12-07,1.1592740747530037,1.458660435211486,-0.2993863604584823,train
2021-12-08,1.173222269524824,1.4124297598944584,-0.2392074903696344,train
2021-12-09,1.172034325909842,1.3736469762205803,-0.20161265031073827,train
2021-12-10,1.1795297499474133,1.3488827394738787,-0.16935298952646538,train
2021-12-13,1.1289443843238678,1.4408079612338691,-0.3118635769100013,train
2021-12-14,1.1353563859324758,1.3833532512296518,-0.24799686529717602,train
2021-12-15,1.1539756857957164,1.3365055146991334,-0.18252982890341696,train
2021-12-16,1.1282780890610464,1.4429202290531309,-0.31464213999208446,train
2021-12-17,1.0884032852825345,1.4917648299908235,-0.403361544708289,train
2021-12-20,1.0959462883150337,1.3955032266367102,-0.2995569383216765,train
2021-12-21,1.0871165317871976,1.3942210220459137,-0.3071044902587161,train
2021-12-22,1.0931659059069232,1.3607864183370344,-0.2676205124301112,train
2021-12-23,1.079067506790678,1.3512870596920572,-0.2722195529013791,train
2021-12-24,1.0868288503348384,1.2847480365857602,-0.19791918625092175,train
2021-12-27,1.0919839861064666,1.2102179265197603,-0.11823394041329371,train
2021-12-28,1.107720102444828,1.2170396647649089,-0.10931956232008089,train
2021-12-29,1.1422810977991669,1.1896636140501076,-0.0473825162509407,train
2021-12-30,1.1668105799349557,1.1992058362063045,-0.03239525627134876,train
2021-12-31,1.163743963868463,1.245787821151645,-0.08204385728318209,train
2022-01-03,1.1569282051991836,1.317831313159071,-0.1609031079598875,train
2022-01-04,1.137796971347782,1.3500152579337577,-0.21221828658597564,train
2022-01-05,1.2456189043498345,1.3415258623387918,-0.09590695798895732,train
2022-01-06,1.2959609788983784,1.37799408016379,-0.08203310126541163,train
2022-01-07,1.292866249944377,1.400653813437698,-0.10778756349332097,train
2022-01-10,1.2976162813665748,1.340301759501114,-0.042685478134539157,train
2022-01-11,1.2927785043624425,1.3255175020391894,-0.03273899767674693,train
2022-01-12,1.3986478456747642,1.2799169331826454,0.11873091249211876,train
2022-01-13,1.4492197989450197,1.298086535057441,0.15113326388757864,train
2022-01-14,1.4789872683261067,1.3005517571962664,0.17843551112984035,train
2022-01-17,1.4960142471161455,1.2848091696596506,0.21120507745649486,train
2022-01-18,1.503151751527762,1.2195802858542233,0.28357146567353864,train
2022-01-19,1.5514900214921443,1.2878094807537175,0.26368054073842684,train
2022-01-20,1.558473476591361,1.2247293460172812,0.3337441305740798,train
2022-01-21,1.5693465518538123,1.2245651389912329,0.34478141286257946,train
2022-01-24,1.6008547094363021,1.1837598365740083,0.41709487286229385,train
2022-01-25,1.6004626171965108,1.2336541538776198,0.36680846331889105,train
2022-01-26,1.7273026173669228,1.1782019005984858,0.549100716768437,train
2022-01-27,1.7709111323182836,1.2429970847532121,0.5279140475650714,train
2022-01-28,1.8341502939399668,1.3176822697410957,0.5164680241988711,train
2022-01-31,1.8612040145327333,1.3711026433530176,0.49010137117971575,train
2022-02-01,1.926707284172897,1.3684854669867192,0.5582218171861777,train
2022-02-02,1.940315524408135,1.418570001422453,0.521745522985682,train
2022-02-03,1.990149592642632,1.3564725000207327,0.6336770926218993,train
2022-02-04,2.047956566651798,1.5603517522945853,0.4876048143572127,train
2022-02-07,2.105798842457489,1.5762543855468671,0.529544456910622,train
2022-02-08,2.151945011187806,1.522687730302298,0.6292572808855077,train
2022-02-09,2.2325303602189353,1.4963753224577887,0.7361550377611465,train
2022-02-10,2.2635789715999675,1.47101551872976,0.7925634528702075,train
2022-02-11,2.2403933675334904,1.6293959401644162,0.6109974273690741,train
2022-02-14,2.2477833605934787,1.615732344605221,0.6320510159882577,train
2022-02-15,2.2892311948888864,1.6394267232574822,0.6498044716314042,train
2022-02-16,2.2985550173062093,1.6460307457250818,0.6525242715811275,train
2022-02-17,2.307443301253877,1.6154879196264194,0.6919553816274577,train
2022-02-18,2.2897988400519504,1.7029627592492225,0.586836080802728,train
2022-02-21,2.298816181074115,1.556238376077178,0.7425778049969367,train
2022-02-22,2.301565159254263,1.54992047950448,0.7516446797497831,train
2022-02-23,2.298329469320286,1.6117205412821751,0.6866089280381109,train
2022-02-24,2.3059736562005257,1.558193116777482,0.7477805394230437,train
2022-02-25,2.256194055770198,1.790396597107354,0.46579745866284394,train
2022-02-28,2.2908425112754465,1.8231265470669147,0.4677159642085318,train
2022-03-01,2.2601403840144805,1.9560260884864527,0.3041142955280278,train
2022-03-02,2.26093152825322,1.9533500739131342,0.3075814543400859,train
2022-03-03,2.222990416597437,2.1171114727632596,0.10587894383417717,train
2022-03-04,2.2078322982577774,1.9923123416966628,0.21551995656111456,train
2022-03-07,2.1716826112827627,2.0727504234035146,0.09893218787924818,train
2022-03-08,2.0885126505883265,2.1717132775563153,-0.0832006269679888,train
2022-03-09,2.016992708765629,2.224939537737237,-0.207946828971608,train
2022-03-10,1.9661709429343974,2.211162623807745,-0.24499168087334744,train
2022-03-11,1.8691216115078766,2.354443707198972,-0.4853220956910955,train
2022-03-14,1.8451220034046392,2.302764139170429,-0.45764213576579005,train
2022-03-15,1.8265517158677693,2.1900005654324692,-0.3634488495646999,train
2022-03-16,1.8575503902529038,2.1811029891099727,-0.3235525988570689,train
2022-03-17,1.7552253943853038,2.250425676905029,-0.49520028251972503,train
2022-03-18,1.7253551638539786,2.1182498507327066,-0.392894686878728,train
2022-03-21,1.7244256303717753,2.056730774735445,-0.33230514436366976,train
2022-03-22,1.7336245256271066,2.0160171420864494,-0.2823926164593429,train
2022-03-23,1.7475341359272334,1.9910227522439778,-0.24348861631674446,train
2022-03-24,1.7573775463835184,1.9016999934241199,-0.1443224470406015,train
2022-03-25,1.786765111279001,1.887850422053233,-0.101085310774232,train
2022-03-28,1.7932229838880216,1.8880135209304887,-0.0947905370424671,train
2022-03-29,1.8154949900678052,1.9165815887603543,-0.1010865986925491,train
2022-03-30,1.809707521968412,2.087622626506919,-0.2779151045385069,train
2022-03-31,1.8336479053603894,2.0189118156831727,-0.18526391032278333,train
2022-04-01,1.8273714413250166,2.0786744477135697,-0.2513030063885531,train
2022-04-04,1.841284165424914,2.0360247467471613,-0.19474058132224736,train
2022-04-05,1.9335086113175388,1.931789657750232,0.0017189535673067802,train
2022-04-06,1.9823588371304612,1.8108095445578993,0.1715492925725619,train
2022-04-07,2.055840790580263,1.8056868984999235,0.25015389208033945,train
2022-04-08,2.076785293954782,1.7604640220057284,0.3163212719490536,train
2022-04-11,2.090764989253086,1.704702320709846,0.38606266854324023,train
2022-04-12,2.109280402259019,1.7144402824323197,0.3948401198266993,train
2022-04-13,2.14961317712415,1.7583053339228958,0.3913078432012542,train
2022-04-14,2.164230662192309,1.7046487736106652,0.4595818885816436,train
2022-04-15,2.1248062194719552,1.8786976992615696,0.24610852021038565,train
2022-04-18,2.1688013875874304,1.5621781026621961,0.6066232849252342,train
2022-04-19,2.1864098401576637,1.5862544624885848,0.6001553776690789,train
2022-04-20,2.2078899337347373,1.6123100723481842,0.5955798613865531,train
2022-04-21,2.2086808110950695,1.6557995631183537,0.5528812479767158,train
2022-04-22,2.2202689580902795,1.6285262347528238,0.5917427233374557,train
2022-04-25,2.2451424093521615,1.7140404462803687,0.5311019630717928,train
2022-04-26,2.23465933758358,1.832616294082309,0.40204304350127096,train
2022-04-27,2.2353484258460083,1.806137402756514,0.4292110230894943,train
2022-04-28,2.2232610367215324,1.8893534455478254,0.33390759117370705,train
2022-04-29,2.167120923611331,1.9877298199384004,0.17939110367293076,train
2022-05-02,2.165901464651795,1.9895855415773485,0.17631592307444666,train
2022-05-03,2.162712657186989,1.9569669008187631,0.20574575636822567,train
2022-05-04,2.1486317283607246,1.979541641769895,0.16909008659082958,train
2022-05-05,2.0812758378372007,2.1173727475504855,-0.03609690971328483,train
2022-05-06,2.0427740764706166,2.0802646885349625,-0.037490612064345896,train
2022-05-09,1.9668539870253268,2.179375403733935,-0.21252141670860825,train
2022-05-10,1.9393042243869647,2.1450032069198772,-0.20569898253291252,train
2022-05-11,2.003164355409479,2.121905142319292,-0.11874078690981271,train
2022-05-12,2.019829809937024,2.0979706486609357,-0.07814083872391153,train
2022-05-13,2.001448997231284,2.1672796594701453,-0.16583066223886123,train
2022-05-16,2.0117810509805403,2.058137355558733,-0.04635630457819273,train
2022-05-17,2.115259191481367,2.012709734445183,0.10254945703618423,train
2022-05-18,2.15847142537263,2.109077844178089,0.04939358119454118,train
2022-05-19,2.1836631330092744,2.0729380714593693,0.11072506154990513,train
2022-05-20,2.1637107242908575,2.0874532905325247,0.07625743375833283,train
2022-05-23,2.1650929627130258,2.041232324616175,0.12386063809685055,train
2022-05-24,2.1567344814426246,2.109088416542205,0.04764606490041956,train
2022-05-25,2.1646304239119205,2.1425687818646546,0.022061642047265906,train
2022-05-26,2.1703015286418093,2.096831137096843,0.07347039154496615,train
2022-05-27,2.1676293687977393,2.0531438953660666,0.1144854734316727,train
2022-05-30,2.1641947105936166,2.0722923058285865,0.09190240476503009,train
2022-05-31,2.177050379675324,1.9619796630227386,0.21507071665258537,train
2022-06-01,2.1739644752932437,2.0186630837161896,0.15530139157705403,train
2022-06-02,2.17879773717811,1.9946723339502102,0.18412540322789983,train
2022-06-03,2.1759626218353363,1.9403883759584535,0.2355742458768828,train
2022-06-06,2.209095938176386,1.8783275883860806,0.33076834979030534,train
2022-06-07,2.2423896819923206,1.8617547463184292,0.3806349356738914,train
2022-06-08,2.26287597940115,1.804097501693212,0.4587784777079382,train
2022-06-09,2.307740304354692,1.7660147111041975,0.5417255932504945,train
2022-06-10,2.267661119666506,1.9761031659436803,0.29155795372282567,train
2022-06-13,2.2613995545076135,2.0046079842947337,0.2567915702128798,train
2022-06-14,2.326200941342469,2.0521134610187146,0.2740874803237543,train
2022-06-15,2.3580251435933746,2.079038305914823,0.2789868376785516,train
2022-06-16,2.296592068591974,2.3012122783599973,-0.004620209768023464,train
2022-06-17,2.250769922219155,2.2888650895654297,-0.03809516734627483,train
2022-06-20,2.262277247502243,2.2635225553463405,-0.0012453078440977094,train
2022-06-21,2.294460283701102,2.1400737742156104,0.1543865094854917,train
2022-06-22,2.362555511400927,2.134337561899283,0.22821794950164387,train
2022-06-23,2.3925760643763625,2.0700291112455136,0.3225469531308489,train
2022-06-24,2.378291979231306,2.090621896730174,0.287670082501132,train
2022-06-27,2.3854230886550334,2.027217280568037,0.3582058080869963,train
2022-06-28,2.4314785322959165,1.9912291084113314,0.4402494238845851,train
2022-06-29,2.4652311541620304,2.0035995247825076,0.46163162937952285,train
2022-06-30,2.4906483146852882,2.0148573918963693,0.475790922788919,train
2022-07-01,2.4885058782255323,2.0130613027727144,0.4754445754528178,train
2022-07-04,2.5000775931630095,2.00757211101309,0.4925054821499195,train
2022-07-05,2.518927082233108,1.9354010449752617,0.5835260372578464,train
2022-07-06,2.5060665414681482,2.072772124468791,0.43329441699935733,train
2022-07-07,2.506137649657567,2.1242033184055655,0.3819343312520016,train
2022-07-08,2.4924509650961397,2.120856774290277,0.37159419080586265,train
2022-07-11,2.452702435872484,2.220600052577761,0.23210238329472288,train
2022-07-12,2.4844356304771487,2.203745017072867,0.2806906134042815,train
2022-07-13,2.47305046765324,2.204988566826194,0.26806190082704573,train
2022-07-14,2.3998988147104345,2.3533641393790776,0.04653467533135691,train
2022-07-15,2.3544353738688444,2.364215232639826,-0.00977985877098142,train
2022-07-18,2.3365321229963394,2.2906741468618654,0.045857976134473954,train
2022-07-19,2.332583371878961,2.2522819506201834,0.0803014212587776,train
2022-07-20,2.2989018730738606,2.3275943635008076,-0.028692490426946993,train
2022-07-21,2.2656263402130135,2.2847958150055563,-0.01916947479254283,train
2022-07-22,2.1907242375576,2.3771758468774165,-0.1864516093198163,train
2022-07-25,2.1762234561726435,2.3789790705616687,-0.20275561438902523,train
2022-07-26,2.1782725349997594,2.338365950592187,-0.16009341559242785,train
2022-07-27,2.17955894502054,2.321167679565359,-0.14160873454481893,train
2022-07-28,2.1892829847134005,2.410141603506272,-0.2208586187928714,train
2022-07-29,2.164503692731562,2.3907535639113378,-0.22624987117977557,train
2022-08-01,2.15505765613241,2.390053035239775,-0.23499537910736512,train
2022-08-02,2.170449299690424,2.341193105808173,-0.17074380611774886,train
2022-08-03,2.169253185888284,2.382092556784006,-0.2128393708957219,train
2022-08-04,2.1783404161718476,2.3433922019011226,-0.16505178572927504,train
2022-08-05,2.1832555363211057,2.2702319387938448,-0.08697640247273908,train
2022-08-08,2.1768375902708517,2.2930716856259434,-0.11623409535509177,train
2022-08-09,2.2010492552437713,2.194825333971194,0.006223921272577204,train
2022-08-10,2.258310191665445,2.08157974618723,0.17673044547821526,train
2022-08-11,2.2364833159729733,2.2513830308328724,-0.01489971485989905,train
2022-08-12,2.2695150590615607,2.156074725535564,0.1134403335259968,train
2022-08-15,2.3644213169073227,2.080037018540354,0.28438429836696866,train
2022-08-16,2.3805659971787665,2.0405592158594263,0.34000678131934015,train
2022-08-17,2.3785441416103583,2.078765898580144,0.2997782430302145,train
2022-08-18,2.391285664018294,2.030944891906824,0.3603407721114702,train
2022-08-19,2.3895782620242927,2.0036827447774397,0.385895517246853,train
2022-08-22,2.4004894411021582,1.9540880513262904,0.44640138977586785,train
2022-08-23,2.463209798211384,1.9675881256905048,0.4956216725208793,train
2022-08-24,2.470143453737902,2.061453200084166,0.40869025365373624,train
2022-08-25,2.494770930433319,2.0604832476853328,0.43428768274798646,train
2022-08-26,2.6408012020697944,2.093436335471369,0.5473648665984254,train
2022-08-29,2.634394208497731,2.238923139591568,0.3954710689061631,train
2022-08-30,2.687549040278059,2.2101875711576957,0.47736146912036315,train
2022-08-31,2.7233889298725256,2.221399472335143,0.5019894575373827,train
2022-09-01,2.7458143746964554,2.235201750062515,0.5106126246339402,train
2022-09-02,2.764879808086126,2.2386423617722944,0.5262374463138317,train
2022-09-05,2.7692714416832827,2.209870692681995,0.5594007490012878,train
2022-09-06,2.7808025107134835,2.1760349394938534,0.6047675712196301,train
2022-09-07,2.7846617736067385,2.1775851483824997,0.6070766252242388,train
2022-09-08,2.7936485766978945,2.185409510780394,0.6082390659175005,train
2022-09-09,2.7828952289026065,2.2726325730170105,0.510262655885596,train
2022-09-12,2.7830855356084268,2.2469929045871653,0.5360926310212615,train
2022-09-13,2.785263999147394,2.3021582859400302,0.48310571320736395,train
2022-09-14,2.8144391756187175,2.4566451276836734,0.3577940479350441,train
2022-09-15,2.8348246709434037,2.360979207473429,0.4738454634699747,train
2022-09-16,2.8523377573221946,2.255182981476786,0.5971547758454085,train
2022-09-19,2.856582750958515,2.299261201603764,0.557321549354751,train
2022-09-20,2.866285534772108,2.1947666362944047,0.6715188984777032,train
2022-09-21,2.878693944881922,2.1389398484327216,0.7397540964492006,train
2022-09-22,2.886162285688849,2.313752642023141,0.5724096436657082,train
2022-09-23,2.902799215304048,2.3328051662255858,0.5699940490784621,train
2022-09-26,2.8888284799691135,2.384865370369042,0.5039631096000714,train
2022-09-27,2.780236312576929,2.661078357627226,0.11915795494970327,train
2022-09-28,2.774214057532302,2.612947157315916,0.16126690021638623,train
2022-09-29,2.7267093174401484,2.685017828744651,0.04169148869549755,train
2022-09-30,2.6791759511822097,2.7230381547704225,-0.0438622035882128,train
2022-10-03,2.6480159951701343,2.724573898215267,-0.07655790304513266,train
2022-10-04,2.669941234684772,2.653700398739933,0.016240835944839382,train
2022-10-05,2.6598218727990233,2.610663052192611,0.04915882060641241,train
2022-10-06,2.672798315783692,2.565371139839417,0.10742717594427509,train
2022-10-07,2.6777634293769337,2.510417990816643,0.16734543856029083,train
2022-10-10,2.663821785845607,2.507992873674417,0.15582891217118977,train
2022-10-11,2.6646045457723284,2.468476571907325,0.19612797386500347,train
2022-10-12,2.7889231658808833,2.4646830465335055,0.32424011934737784,train
2022-10-13,2.7856749254500643,2.4894128497539616,0.29626207569610274,train
2022-10-14,2.7147788323268145,2.65923010701413,0.05554872531268451,train
2022-10-17,2.7735417045232538,2.612414739330571,0.161126965192683,train
2022-10-18,2.780511178693551,2.6041715944978243,0.17633958419572648,train
2022-10-19,2.778940780565531,2.6010728646300056,0.1778679159355252,train
2022-10-20,2.7752857823824435,2.5659685941412667,0.20931718824117684,train
2022-10-21,2.7619170773982553,2.522481131391642,0.23943594600661333,train
2022-10-24,2.7068877096036577,2.6124103613436365,0.09447734826002119,train
2022-10-25,2.677111958316606,2.634357274908275,0.04275468340833122,train
2022-10-26,2.664764458904477,2.559322098778413,0.10544236012606412,train
2022-10-27,2.6497920307476144,2.5460251401677962,0.10376689057981814,train
2022-10-28,2.6395191780484617,2.5760227457908487,0.06349643225761303,train
2022-10-31,2.6459572037298433,2.4723584615495593,0.17359874218028404,train
2022-11-01,2.671859008608987,2.367417211341235,0.304441797267752,train
2022-11-02,2.694854981858429,2.356199346434097,0.33865563542433197,train
2022-11-03,2.6915428525341984,2.5008695683970417,0.19067328413715678,train
2022-11-04,2.6993754708925843,2.386138451785746,0.3132370191068383,train
2022-11-07,2.672809706673021,2.471302387301481,0.20150731937153976,train
2022-11-08,2.661437458084121,2.4848482250946815,0.17658923298943963,train
2022-11-09,2.651625377793108,2.4475437115312544,0.20408166626185364,train
2022-11-10,2.6349602601713253,2.4285434217208803,0.206416838450445,train
2022-11-11,2.4651661385398125,2.698174792481292,-0.23300865394147952,train
2022-11-14,2.4810746410810647,2.55941981998483,-0.07834517890376524,train
2022-11-15,2.482242345736912,2.544359743872723,-0.062117398135811186,train
2022-11-16,2.401032737576505,2.738766823564236,-0.3377340859877309,train
2022-11-17,2.3711050627601513,2.6780450455009914,-0.3069399827408401,train
2022-11-18,2.352102097131767,2.5481613475122473,-0.19605925038048033,train
2022-11-21,2.3654713946401693,2.4893525500755205,-0.12388115543535116,train
2022-11-22,2.3569267347134812,2.4378439801077376,-0.08091724539425638,train
2022-11-23,2.359452103029799,2.2772053341979515,0.08224676883184756,train
2022-11-24,2.3358213115938162,2.2883131330588626,0.04750817853495359,train
2022-11-25,2.3158382754823976,2.1973296163075013,0.11850865917489628,train
2022-11-28,2.3082577674618867,2.1663835257735324,0.14187424168835427,train
2022-11-29,2.2754557899349956,2.236304236939267,0.0391515529957287,train
2022-11-30,2.2385708574091123,2.2939332056988975,-0.055362348289785146,train
2022-12-01,2.1985313104957473,2.357314645865326,-0.15878333536957845,train
2022-12-02,2.140598061519527,2.4333980691680033,-0.29280000764847625,train
2022-12-05,2.0748788084858805,2.5505632716259483,-0.47568446314006785,train
2022-12-06,2.0594955993473083,2.502907917511464,-0.4434123181641558,train
2022-12-07,2.063187133954884,2.425343366918957,-0.3621562329640726,train
2022-12-08,2.092159860192638,2.3961032410548317,-0.30394338086219364,train
2022-12-09,2.0942711746535183,2.282284227726819,-0.18801305307330063,train
2022-12-12,2.084587536289658,2.208516718168465,-0.12392918187880708,train
2022-12-13,2.082011466249839,2.105267875234805,-0.02325640898496628,train
2022-12-14,2.0735864103565276,2.2544222760696133,-0.18083586571308574,train
2022-12-15,2.0336539426488063,2.2599526630439346,-0.22629872039512833,train
2022-12-16,1.9584253026793934,2.3260428344981663,-0.3676175318187729,train
2022-12-19,1.9681497497679243,2.2573972875060226,-0.2892475377380983,train
2022-12-20,1.9926761845088579,2.246611802312637,-0.25393561780377905,train
2022-12-21,1.9579681032405258,2.269910354991262,-0.3119422517507362,train
2022-12-22,1.952180234413095,2.146200584574639,-0.19402035016154384,train
2022-12-23,1.9468368336517976,2.1065972901662224,-0.15976045651442483,train
2022-12-26,1.9477477028297911,2.041283147755914,-0.09353544492612298,train
2022-12-27,1.9761919624362883,1.8386432068948988,0.13754875554138946,train
2022-12-28,1.9800367879669885,1.8509933872943911,0.12904340067259734,train
2022-12-29,1.986443433238771,1.7951018823814953,0.19134155085727578,train
2022-12-30,1.98518167535489,1.762173968065686,0.22300770728920405,train
2023-01-02,1.9688202797476089,1.8279599295946916,0.1408603501529173,train
2023-01-03,1.989293553455363,1.8430363980345277,0.1462571554208354,train
2023-01-04,2.0019128898101646,1.9584831306403296,0.043429759169834936,train
2023-01-05,2.053817760064667,1.9948591598595777,0.05895860020508947,train
2023-01-06,2.0330567437171543,2.03248381486462,0.00057292885253446,train
2023-01-09,2.007846861576534,2.1242249537293065,-0.11637809215277262,train
2023-01-10,2.0028024572786536,2.0675828387276045,-0.06478038144895093,train
2023-01-11,2.0001722871905216,1.998407071876449,0.001765215314072588,train
2023-01-12,1.9994866820585924,1.9614889924734722,0.037997689585120176,train
2023-01-13,1.926136365772989,2.092225073559761,-0.16608870778677187,train
2023-01-16,1.9669578913684491,1.955241779981145,0.011716111387304107,train
2023-01-17,1.9810734449779335,1.84594241070467,0.13513103427326345,train
2023-01-18,1.9536516773547608,1.962807158366686,-0.009155481011925204,train
2023-01-19,1.9228312303605644,2.0290338840212443,-0.10620265366067994,train
2023-01-20,1.8961218480070512,1.9002657067257847,-0.004143858718733462,train
2023-01-23,1.9090816015521679,1.8564474390981733,0.05263416245399455,train
2023-01-24,1.8977733086692672,1.9047857915164905,-0.007012482847223334,train
2023-01-25,1.8875513617963449,1.856057831167194,0.031493530629150834,train
2023-01-26,1.8818063998060772,1.8581952156449635,0.02361118416111374,train
2023-01-27,1.873094176067471,1.8339120327865455,0.03918214328092562,train
2023-01-30,1.8765029871877932,1.8372018090282034,0.03930117815958978,train
2023-01-31,1.892217691699369,1.8026028470734656,0.0896148446259033,train
2023-02-01,1.8870160463879113,1.8148724635286222,0.07214358285928912,train
2023-02-02,1.8525634229486436,1.8834967397133138,-0.03093331676467015,train
2023-02-03,1.7824932160694662,1.989400311952353,-0.2069070958828867,train
2023-02-06,1.7218748615788573,2.112963573426102,-0.3910887118472446,train
2023-02-07,1.7271544454870367,2.0044286865564116,-0.2772742410693749,train
2023-02-08,1.6773698104366246,2.10226167665509,-0.42489186621846553,train
2023-02-09,1.7200203140077934,2.0173298792199525,-0.2973095652121591,train
2023-02-10,1.8015479426384646,1.939753718758854,-0.13820577612038942,train
2023-02-13,1.8158430245091868,1.8636879432246491,-0.04784491871546237,train
2023-02-14,1.8899118204055976,1.8074902403760313,0.08242158002956623,train
2023-02-15,1.9030972003150612,1.9333150221929183,-0.030217821877857043,train
2023-02-16,1.8983684388725433,1.8819023070770255,0.016466131795517702,train
2023-02-17,1.9145913896525422,1.8527193227608652,0.06187206689167701,train
2023-02-20,1.8984309062724332,1.8669303312794545,0.03150057499297865,train
2023-02-21,1.985925157426001,1.6933094089477743,0.2926157484782268,train
2023-02-22,1.9884555544942575,1.764554151301038,0.22390140319321938,train
2023-02-23,2.0207936474809887,1.6983495650258107,0.32244408245517797,train
2023-02-24,2.0272307521808353,1.6622172289802855,0.3650135232005498,train
2023-02-27,2.0171257293739604,1.6858493203650367,0.33127640900892374,train
2023-02-28,2.0161606173974755,1.7000483204931602,0.3161122969043153,train
2023-03-01,2.0095552071041056,1.7170536707276645,0.29250153637644116,train
2023-03-02,2.0003697897431567,1.7699893810531613,0.23038040868999543,train
2023-03-03,2.0108144833359187,1.748895783761776,0.2619186995741427,train
2023-03-06,2.0213197784295014,1.6819991436772315,0.3393206347522699,train
2023-03-07,2.023425743308976,1.6653371351883197,0.35808860812065646,train
2023-03-08,1.9765022456388348,1.78325947287395,0.19324277276488488,train
2023-03-09,1.9592734273024635,1.724648233501692,0.23462519380077151,train
2023-03-10,1.9529919241293898,1.6746025216717746,0.27838940245761523,train
2023-03-13,1.902504954551521,1.8415279855914588,0.060976968960062106,train
2023-03-14,1.870031041367251,1.9870034729691382,-0.1169724316018872,train
2023-03-15,1.8553529501088601,1.903897112279768,-0.048544162170907956,train
2023-03-16,1.7899843066439947,2.0498664495205325,-0.2598821428765379,train
2023-03-17,1.7057714579929022,2.1402111516922853,-0.43443969369938307,train
2023-03-20,1.685139876969784,2.003102130794019,-0.3179622538242348,train
2023-03-21,1.6549189720240438,1.9878356169872775,-0.3329166449632337,train
2023-03-22,1.6620969481493557,1.8681945347538693,-0.2060975866045136,train
2023-03-23,1.5764558030654952,2.0352014054467937,-0.4587456023812986,train
2023-03-24,1.538375567706335,1.9201387117528765,-0.38176314404654144,train
2023-03-27,1.481182740227133,2.0000497642049826,-0.5188670239778497,train
2023-03-28,1.5096641319788773,1.91731735285657,-0.4076532208776926,train
2023-03-29,1.531627171986758,1.8927859525239157,-0.36115878053715766,train
2023-03-30,1.571021021646343,1.7957712062972386,-0.2247501846508957,train
2023-03-31,1.5576403829988335,1.7722893972717981,-0.21464901427296468,train
2023-04-03,1.5631139445945121,1.7389289950065605,-0.17581505041204837,train
2023-04-04,1.5623039695009395,1.7804678747051632,-0.21816390520422368,train
2023-04-05,1.5998240497218947,1.7954850990151214,-0.1956610492932267,train
2023-04-06,1.6088443981259142,1.7843354371470879,-0.1754910390211737,train
2023-04-07,1.6077562766103033,1.6836882722547664,-0.07593199564446307,train
2023-04-10,1.6024972926722314,1.646947250450362,-0.044449957778130544,train
2023-04-11,1.6279123112856453,1.601343661521437,0.026568649764208363,train
2023-04-12,1.6407534891007955,1.534137039536813,0.10661644956398253,train
2023-04-13,1.5671554748575818,1.7013897979819534,-0.13423432312437167,train
2023-04-14,1.5365896554492087,1.6783129387352043,-0.1417232832859956,train
2023-04-17,1.5127781081551706,1.7145298219567835,-0.20175171380161294,train
2023-04-18,1.4992760864464347,1.6876444013489473,-0.1883683149025126,train
2023-04-19,1.502549686806709,1.6384761635752947,-0.1359264767685857,train
2023-04-20,1.5098297991127303,1.581445489835066,-0.07161569072233576,train
2023-04-21,1.5002881579481677,1.587556442148969,-0.08726828420080124,train
2023-04-24,1.4728875335033011,1.5967651948740602,-0.12387766137075906,train
2023-04-25,1.4795748371014557,1.5061221827102445,-0.026547345608788797,train
2023-04-26,1.4734413112786964,1.531295852423786,-0.0578545411450897,train
2023-04-27,1.4365056344167118,1.644923536819101,-0.20841790240238933,train
2023-04-28,1.3880528505067293,1.6529742490705004,-0.26492139856377106,train
2023-05-01,1.346415760622897,1.7090976603393644,-0.36268189971646736,train
2023-05-02,1.3725365385447785,1.6130966775478202,-0.24056013900304163,train
2023-05-03,1.3456885313792446,1.6975362508387797,-0.3518477194595351,train
2023-05-04,1.315992934979387,1.6910756331021612,-0.37508269812277417,train
2023-05-05,1.2503505270932616,1.7657264039074998,-0.5153758768142382,train
2023-05-08,1.2206380693403804,1.6907516172775923,-0.47011354793721183,train
2023-05-09,1.2250618189126514,1.614497095502393,-0.38943527658974153,train
2023-05-10,1.2255418697254947,1.5485942004188658,-0.323052330693371,train
2023-05-11,1.170342047347867,1.6375583774295683,-0.4672163300817014,train
2023-05-12,1.1505379752437357,1.5685269094394565,-0.4179889341957208,train
2023-05-15,1.17541324798596,1.4498115395825,-0.27439829159653994,train
2023-05-16,1.2367789959924067,1.3902522530820431,-0.15347325708963644,train
2023-05-17,1.2732637618788913,1.447603479115719,-0.17433971723682773,train
2023-05-18,1.282342238929531,1.3823761049707917,-0.10003386604126074,train
2023-05-19,1.2699274976760115,1.369098718957801,-0.09917122128178946,train
2023-05-22,1.2542034318059903,1.4401852681426164,-0.18598183633662613,train
2023-05-23,1.2412077689062593,1.4512758770423362,-0.2100681081360769,train
2023-05-24,1.2394619221289884,1.4304267038934675,-0.19096478176447906,train
2023-05-25,1.2619403501407411,1.4661674868530417,-0.20422713671230053,train
2023-05-26,1.2479732418104317,1.4550982104899584,-0.20712496867952668,train
2023-05-29,1.239234606787873,1.458234109522656,-0.21899950273478308,train
2023-05-30,1.2630947874108198,1.2967927206202325,-0.03369793320941272,train
2023-05-31,1.2739570261246824,1.3913450637079112,-0.1173880375832288,train
2023-06-01,1.2535260217160298,1.4411025353227058,-0.18757651360667604,train
2023-06-02,1.2495907229637115,1.39549623040616,-0.14590550744244846,train
2023-06-05,1.220645445172354,1.3879553827154163,-0.16730993754306223,train
2023-06-06,1.2072993869307815,1.4459151539043613,-0.23861576697357978,train
2023-06-07,1.2755235053692642,1.380750033478417,-0.1052265281091529,train
2023-06-08,1.313860360164816,1.3387453928035875,-0.02488503263877151,train
2023-06-09,1.3145382560140049,1.303623166411436,0.010915089602568928,train
2023-06-12,1.3171522423005315,1.2198116545082125,0.09734058779231902,train
2023-06-13,1.3536650363745562,1.2316551277285768,0.12200990864597938,train
2023-06-14,1.3484857961505117,1.2997853240413948,0.04870047210911688,train
2023-06-15,1.3145330842841225,1.4121359285346402,-0.09760284425051768,train
2023-06-16,1.2742247413632894,1.4806072647867878,-0.2063825234234984,train
2023-06-19,1.2951879187281077,1.4826154430755663,-0.18742752434745857,train
2023-06-20,1.3223165638219667,1.4093679917753836,-0.08705142795341692,train
2023-06-21,1.3273484665471547,1.4197306617066263,-0.09238219515947166,train
2023-06-22,1.3304663569775366,1.3213909179719927,0.009075439005543862,train
2023-06-23,1.3807478006656582,1.2920597167325574,0.08868808393310079,train
2023-06-26,1.3536931909632375,1.3784994214206991,-0.024806230457461664,train
2023-06-27,1.3863524043495254,1.2939405563872943,0.09241184796223112,train
2023-06-28,1.4452624619899934,1.3338010917840462,0.11146137020594726,train
2023-06-29,1.485547153744692,1.369852618759471,0.11569453498522098,train
2023-06-30,1.4679660139020905,1.4420855248599291,0.025880489042161336,train
2023-07-03,1.4692483001226342,1.3766422097262292,0.092606090396405,train
2023-07-04,1.4884623144009557,1.3829611369780705,0.10550117742288512,train
2023-07-05,1.5283352097667258,1.248668746188918,0.27966646357780767,train
2023-07-06,1.5515471493184028,1.2988191841102819,0.2527279652081209,train
2023-07-07,1.4960424920476296,1.432543176542815,0.06349931550481469,train
2023-07-10,1.4637736851777776,1.4519679986417544,0.011805686536023208,train
2023-07-11,1.4685462699359766,1.3625303220892502,0.10601594784672641,train
2023-07-12,1.4956999378766205,1.3765214756427058,0.1191784622339147,train
2023-07-13,1.4758337718539865,1.525225475884572,-0.04939170403058557,train
2023-07-14,1.4714446614333527,1.4355369268594305,0.03590773457392227,train
2023-07-17,1.483104669915909,1.3861377624581017,0.09696690745780723,train
2023-07-18,1.4852197021404008,1.3608235648976827,0.12439613724271803,train
2023-07-19,1.4602567077856081,1.4828359948685688,-0.022579287082960642,train
2023-07-20,1.4426529563597008,1.4574751316973582,-0.014822175337657395,train
2023-07-21,1.4266736073105397,1.4404355834105333,-0.013761976099993634,train
2023-07-24,1.4289633842837937,1.3944733027393006,0.03449008154449307,train
2023-07-25,1.4323785745990552,1.5609060306167224,-0.12852745601766724,train
2023-07-26,1.427316541427587,1.4422450266213784,-0.014928485193791419,train
2023-07-27,1.4511449313964166,1.507807527397138,-0.05666259600072143,train
2023-07-28,1.3754098662673926,1.6310542800808625,-0.2556444138134699,train
2023-07-31,1.3756580010874202,1.6949329494843828,-0.3192749483969626,train
2023-08-01,1.3855305734165144,1.568414548769533,-0.18288397535301848,train
2023-08-02,1.3924051696457937,1.5885347868533162,-0.19612961720752242,train
2023-08-03,1.42552146466487,1.6197532694827768,-0.1942318048179068,train
2023-08-04,1.3808466498391672,1.6208104635896614,-0.23996381375049425,train
2023-08-07,1.3558088730062547,1.6115142751193934,-0.25570540211313864,train
2023-08-08,1.375165292369247,1.5013708968883015,-0.1262056045190545,train
2023-08-09,1.3743722717550555,1.4773644835952815,-0.102992211840226,train
2023-08-10,1.3670070594589834,1.45047419692533,-0.08346713746634671,train
2023-08-11,1.342556151861626,1.4984015252330873,-0.15584537337146132,train
2023-08-14,1.3287096712196573,1.4603890382639817,-0.13167936704432437,train
2023-08-15,1.3352158958334703,1.465754381469513,-0.13053848563604276,train
2023-08-16,1.3657683370790337,1.5343988872545722,-0.16863055017553852,train
2023-08-17,1.370089987954795,1.4997709888246744,-0.12968100086987944,train
2023-08-18,1.3581542943350775,1.4507186541585935,-0.09256435982351596,train
2023-08-21,1.3504896031398537,1.4092914328485184,-0.058801829708664766,train
2023-08-22,1.4016112423755895,1.3498960208076476,0.05171522156794195,train
2023-08-23,1.4170263659922244,1.3418213387764153,0.07520502721580913,train
2023-08-24,1.4075186452419137,1.4882941736102155,-0.08077552836830182,train
2023-08-25,1.4050405349956048,1.388828100872894,0.016212434122710784,train
2023-08-28,1.3528190081002833,1.5479767220246365,-0.19515771392435322,train
2023-08-29,1.3769196380100042,1.398541923500652,-0.02162228549064782,train
2023-08-30,1.3633051765134385,1.5752563869918599,-0.21195121047842136,train
2023-08-31,1.3635811485174258,1.492516936323344,-0.12893578780591808,train
2023-09-01,1.361379900392136,1.529274661378293,-0.16789476098615697,train
2023-09-04,1.3427576210751826,1.5956667130940998,-0.2529090920189172,train
2023-09-05,1.3818220600156381,1.4072414025790752,-0.02541934256343703,train
2023-09-06,1.3886955988146883,1.4150399915804477,-0.026344392765759395,train
2023-09-07,1.4733460835883816,1.4433462702294793,0.02999981335890234,train
2023-09-08,1.4830320196659532,1.3732850451290632,0.10974697453688997,train
2023-09-11,1.4994475074573275,1.270785077409667,0.22866243004766051,train
2023-09-12,1.5166873194598134,1.3162708160917114,0.20041650336810202,train
2023-09-13,1.5420702849559744,1.3123096979970938,0.22976058695888057,train
2023-09-14,1.537659706176298,1.3384518416132105,0.19920786456308748,train
2023-09-15,1.4971745077665124,1.4661332373795353,0.031041270386977127,train
2023-09-18,1.5146395322188773,1.4294402066761513,0.08519932554272591,train
2023-09-19,1.5325767242028518,1.3433027031605718,0.18927402104228008,train
2023-09-20,1.5847649168055464,1.3235985025303059,0.26116641427524057,train
2023-09-21,1.560574585050502,1.4785888784701133,0.08198570658038862,train
2023-09-22,1.554405767880994,1.411282194427443,0.14312357345355098,train
2023-09-25,1.5333807988422976,1.4945671651546495,0.03881363368764812,train
2023-09-26,1.534607745241706,1.4231751738880227,0.11143257135368323,train
2023-09-27,1.5449911205761382,1.4317074247624173,0.11328369581372089,train
2023-09-28,1.5554543336820206,1.446021882448153,0.10943245123386758,train
2023-09-29,1.5291208071183393,1.5024334384400384,0.026687368678300905,train
2023-10-02,1.5481339209903735,1.4398284211104635,0.10830549987991,train
2023-10-03,1.553150947837163,1.4715860611607783,0.08156488667638473,train
2023-10-04,1.5275921884161667,1.562045582164689,-0.0344533937485223,train
2023-10-05,1.5440676011147667,1.573013522034352,-0.028945920919585255,train
2023-10-06,1.530177859445997,1.5270422189993431,0.00313564044665382,train
2023-10-09,1.4356383459956878,1.7118270015631447,-0.27618865556745686,train
2023-10-10,1.4255084202814878,1.6058386375891829,-0.18033021730769505,train
2023-10-11,1.4359684541377382,1.5890497138616455,-0.1530812597239073,train
2023-10-12,1.4241455405417782,1.6025019736855608,-0.17835643314378258,train
2023-10-13,1.3886180831374442,1.6575610537896863,-0.26894297065224215,train
2023-10-16,1.4799863591808848,1.535388645975625,-0.05540228679474013,train
2023-10-17,1.4849153331199807,1.5067789765756263,-0.02186364345564562,train
2023-10-18,1.4732073063491669,1.5723361856991354,-0.0991288793499685,train
2023-10-19,1.473954519760787,1.5431883881841422,-0.0692338684233551,train
2023-10-20,1.4288221736579774,1.6487545576590608,-0.2199323840010834,train
2023-10-23,1.4162514089209066,1.5966716964406678,-0.18042028751976114,train
2023-10-24,1.4258532055736672,1.5907516360899123,-0.1648984305162451,train
2023-10-25,1.396631310037649,1.596316775208946,-0.19968546517129693,train
2023-10-26,1.3943582869574598,1.5222871655965908,-0.12792887863913105,train
2023-10-27,1.378879610622609,1.5146854199876572,-0.13580580936504805,train
2023-10-30,1.3666009644736803,1.5606591706144666,-0.19405820614078628,train
2023-10-31,1.380391926271796,1.5094622255067471,-0.12907029923495106,train
2023-11-01,1.3732330078148482,1.5886178160279987,-0.21538480821315042,train
2023-11-02,1.3760499660088115,1.6055788901019064,-0.2295289240930949,train
2023-11-03,1.380325077029772,1.5745255186132965,-0.19420044158352456,train
2023-11-06,1.3593570408450038,1.6458315593880715,-0.2864745185430677,train
2023-11-07,1.3675084694453337,1.532091462310941,-0.1645829928656073,train
2023-11-08,1.3802164634846157,1.4619817643227768,-0.08176530083816114,train
2023-11-09,1.4264331692707772,1.417238763646832,0.009194405623945245,train
2023-11-10,1.40331514901861,1.4911730032281452,-0.08785785420953518,train
2023-11-13,1.4102813099083567,1.4077825010693852,0.002498808838971467,train
2023-11-14,1.4825105551903388,1.3597067882295912,0.12280376696074757,train
2023-11-15,1.4361384335969913,1.6203135282669878,-0.1841750946699965,train
2023-11-16,1.460554354105278,1.5449636511730762,-0.08440929706779832,train
2023-11-17,1.4431562714806097,1.5337691468732524,-0.09061287539264273,train
2023-11-20,1.4355227466987264,1.536355124663291,-0.10083237796456457,train
2023-11-21,1.430092640252209,1.5332687885075669,-0.10317614825535792,train
2023-11-22,1.4328992332975903,1.4227618689140318,0.0101373643835585,train
2023-11-23,1.4222081454125033,1.476321484645214,-0.05411333923271067,train
2023-11-24,1.4203765403867092,1.3384237339682221,0.08195280641848712,train
2023-11-27,1.4269465758084263,1.322675236755054,0.10427133905337227,train
2023-11-28,1.454037065702706,1.2939081426583743,0.16012892304433168,train
2023-11-29,1.448750861054203,1.3570932638651427,0.0916575971890603,train
2023-11-30,1.4388670080888628,1.3743066019912191,0.06456040609764369,train
2023-12-01,1.4246500568310205,1.4604159797645981,-0.03576592293357761,train
2023-12-04,1.4008625423444752,1.498885357072681,-0.09802281472820584,train
2023-12-05,1.4479230505683118,1.5202415787532904,-0.07231852818497853,train
2023-12-06,1.423721844163224,1.5377425862131764,-0.11402074204995238,train
2023-12-07,1.423528431753036,1.4831517055975938,-0.0596232738445579,train
2023-12-08,1.4079044042268594,1.4822740415360853,-0.07436963730922597,train
2023-12-11,1.397655272510667,1.5704830892996975,-0.17282781678903048,train
2023-12-12,1.4068955125961737,1.4556566693483983,-0.04876115675222459,train
2023-12-13,1.381133892363818,1.4781576127531375,-0.09702372038931961,train
2023-12-14,1.3254607721783005,1.6454522978240593,-0.31999152564575883,train
2023-12-15,1.2719408112806565,1.66710541815586,-0.3951646068752035,train
2023-12-18,1.2366514873298402,1.6473560912862841,-0.4107046039564439,train
2023-12-19,1.2362535456671349,1.5470291471556668,-0.3107756014885319,train
2023-12-20,1.2285858088792925,1.547039077604417,-0.31845326872512447,train
2023-12-21,1.2280318018507512,1.4573121361176304,-0.22928033426687922,train
2023-12-22,1.2440239044718948,1.4121321733827712,-0.16810826891087638,train
2023-12-26,1.2562556248561179,1.380163953100888,-0.12390832824477016,train
2023-12-27,1.2760739936255499,1.298722778867593,-0.022648785242043168,train
2023-12-28,1.2688237146932277,1.3459031326012785,-0.07707941790805073,train
2023-12-29,1.2373704898967874,1.4406962663239435,-0.2033257764271561,train
2024-01-02,1.2932183035259806,1.4172161033229882,-0.12399779979700765,test
2024-01-03,1.2941103653607409,1.4182952155875115,-0.12418485022677062,test
2024-01-04,1.3726458914896646,1.4858786177468992,-0.11323272625723457,test
2024-01-05,1.3743523384393626,1.4307740291241577,-0.05642169068479519,test
2024-01-08,1.3025157913194767,1.5763281405310907,-0.273812349211614,test
2024-01-09,1.2977101066024264,1.4345039907437687,-0.1367938841413423,test
2024-01-10,1.2814476269049715,1.4458055124583105,-0.16435788555333897,test
2024-01-11,1.2794310996785887,1.3787805922844734,-0.09934949260588466,test
2024-01-12,1.225573399432411,1.5047820365060305,-0.27920863707361954,test
2024-01-15,1.3084477943973327,1.409209199198202,-0.10076140480086937,test
2024-01-16,1.3120520122491903,1.298937381500201,0.013114630748989331,test
2024-01-17,1.2849617624585385,1.392818034297751,-0.10785627183921243,test
2024-01-18,1.279968292291154,1.3727983032250632,-0.0928300109339093,test
2024-01-19,1.249692114685618,1.3236301957281793,-0.07393808104256139,test
2024-01-22,1.2460914124919822,1.2646343763093717,-0.018542963817389513,test
2024-01-23,1.236058481858704,1.291938101780069,-0.05587961992136514,test
2024-01-24,1.2491047054089643,1.2703319911620532,-0.021227285753088854,test
2024-01-25,1.2139483301654481,1.3367851542483307,-0.12283682408288255,test
2024-01-26,1.1736102986384593,1.362419440882032,-0.1888091422435727,test
2024-01-29,1.1485382914287805,1.3719116736164003,-0.22337338218761982,test
2024-01-30,1.137347187648673,1.3374655550247367,-0.2001183673760638,test
2024-01-31,1.137319838216298,1.3216976302288332,-0.18437779201253535,test
2024-02-01,1.0507801524974782,1.4753102177915054,-0.42453006529402715,test
2024-02-02,1.0126862947691722,1.3985853416758138,-0.3858990469066417,test
2024-02-05,0.8544432431028351,1.5860342344839566,-0.7315909913811215,test
2024-02-06,0.8261773325892822,1.4847070914864757,-0.6585297588971936,test
2024-02-07,0.8380473672059964,1.4386483783846156,-0.6006010111786192,test
2024-02-08,0.8623923414178518,1.3355990038367713,-0.4732066624189195,test
2024-02-09,0.8524167220579264,1.268219691674399,-0.4158029696164727,test
2024-02-12,0.8466468784229478,1.1816817194496456,-0.3350348410266978,test
2024-02-13,0.8351274529814073,1.1030455023145618,-0.26791804933315444,test
2024-02-14,0.6576850131651566,1.3715049700663675,-0.7138199569012109,test
2024-02-15,0.6409240992336613,1.2281459451506356,-0.5872218459169742,test
2024-02-16,0.6106117951042346,1.237134366776519,-0.6265225716722843,test
2024-02-19,0.5655194843073045,1.2747456270189896,-0.7092261427116852,test
2024-02-20,0.6443689415355237,1.1091854446658933,-0.4648165031303696,test
2024-02-21,0.6491718650989003,1.0703165170885056,-0.42114465198960527,test
2024-02-22,0.6450414138989167,1.0360706751248276,-0.391029261225911,test
2024-02-23,0.5868791783043611,1.1478152143625269,-0.5609360360581658,test
2024-02-26,0.5770665224114818,1.0307263383302059,-0.45365981591872406,test
2024-02-27,0.56585790987382,1.0336454577165015,-0.4677875478426815,test
2024-02-28,0.5841434536829474,1.0022852140243863,-0.4181417603414389,test
2024-02-29,0.5713854329914493,0.9952660268170529,-0.4238805938256036,test
2024-03-01,0.5609958663548072,1.005039576135058,-0.44404370978025065,test
2024-03-04,0.5583630099933656,0.988116454028596,-0.4297534440352304,test
2024-03-05,0.5773692529721165,0.9200886490034812,-0.3427193960313647,test
2024-03-06,0.5677447379130076,0.9350917616413316,-0.36734702372832395,test
2024-03-07,0.654228085058701,0.8860556428054978,-0.23182755774679675,test
2024-03-08,0.6188624976276156,0.964489229553242,-0.34562673192562643,test
2024-03-11,0.5697549073571205,1.0123150547677746,-0.4425601474106541,test
2024-03-12,0.8366285232841767,0.923649140444782,-0.08702061716060527,test
2024-03-13,0.8817492340975946,0.9592208845714199,-0.0774716504738252,test
2024-03-14,0.9162409174008711,0.8903336627174471,0.02590725468342403,test
2024-03-15,0.9515716268351057,0.8656823823231348,0.08588924451197089,test
2024-03-18,1.0041683317218038,0.7567399096791696,0.24742842204263416,test
2024-03-19,1.045232453057061,0.6907362777037152,0.35449617535334577,test
2024-03-20,1.0622623898728625,0.6460154264320724,0.41624696344079004,test
2024-03-21,1.0549524614804455,0.8757234740441094,0.17922898743633608,test
2024-03-22,1.0513611853631049,0.8410216834158809,0.21033950194722395,test
2024-03-25,1.1079733782156183,0.8173838358787345,0.2905895423368837,test
2024-03-26,1.1187385698524555,0.8175278959399029,0.3012106739125525,test
2024-03-27,1.1455054600927324,0.8276188874611925,0.31788657263153985,test
2024-03-28,1.1668761415272724,0.7107575534842981,0.4561185880429742,test
2024-03-29,1.1724181514343843,0.7828194310831073,0.3895987203512771,test
2024-04-01,1.2119773874798092,0.6912886663540251,0.5206887211257841,test
2024-04-02,1.241849830493994,0.7719155774373754,0.4699342530566186,test
2024-04-03,1.2584296490223728,0.8023023135812678,0.45612733544110495,test
2024-04-04,1.3210223289030507,0.855595262295324,0.4654270666077267,test
2024-04-05,1.3151891167357586,0.79930118603682,0.5158879306989386,test
2024-04-08,1.273035008423415,1.0236692037132034,0.24936580471021164,test
2024-04-09,1.2681264825183673,0.8786994236116686,0.3894270589066987,test
2024-04-10,1.2747033252137698,0.8281036956932417,0.4465996295205281,test
2024-04-11,1.1131049093419418,1.1896450363384066,-0.07654012699646473,test
2024-04-12,1.0643265018561021,1.1774076937458258,-0.11308119188972365,test
2024-04-15,1.0472852197641025,1.1308789348541533,-0.08359371509005076,test
2024-04-16,1.0417159829193248,1.229068257881433,-0.18735227496210816,test
2024-04-17,0.9936518660339487,1.3415090177026245,-0.3478571516686758,test
2024-04-18,0.9578352364861737,1.2558753232661317,-0.29804008677995797,test
2024-04-19,0.9371183895369322,1.1809452174747654,-0.24382682793783328,test
2024-04-22,0.8953015906927562,1.2369349792591156,-0.3416333885663594,test
2024-04-23,0.885704659951985,1.1421560247344746,-0.25645136478248964,test
2024-04-24,0.8389718405493162,1.2575995120495822,-0.41862767150026603,test
2024-04-25,0.8178241524964499,1.1525518244423785,-0.33472767194592856,test
2024-04-26,0.7771313694785787,1.2308868401850526,-0.4537554707064738,test
2024-04-29,0.746661492733125,1.2049564077711474,-0.45829491503802244,test
2024-04-30,0.7368324818238452,1.228701121103676,-0.4918686392798308,test
2024-05-01,0.6839189965750709,1.2688884923390744,-0.5849694957640035,test
2024-05-02,0.6336719317552527,1.3380700493515665,-0.7043981175963138,test
2024-05-03,0.6034168168682907,1.3292277497573861,-0.7258109328890954,test
2024-05-06,0.4595159464463031,1.4832242297637475,-1.0237082833174442,test
2024-05-07,0.4858795478288203,1.2492788625289277,-0.7633993147001075,test
2024-05-08,0.500518184685105,1.1957141055490186,-0.6951959208639136,test
2024-05-09,0.6713591103020043,1.0599526409714868,-0.38859353066948243,test
2024-05-10,0.6741791221692987,1.0774146048678126,-0.40323548269851395,test
2024-05-13,0.6928899035491172,0.9106871112546494,-0.21779720770553224,test
2024-05-14,0.8392075800302744,0.8686217147044205,-0.02941413467414611,test
2024-05-15,0.8639933085173639,0.92402185913167,-0.06002855061430612,test
2024-05-16,0.8596867193517708,1.052369259932469,-0.19268254058069822,test
2024-05-17,0.8697697544995688,0.9318997871261661,-0.06213003262659722,test
2024-05-20,0.8894394537919248,0.9072239515904407,-0.017784497798515875,test
2024-05-21,0.8936389357123473,0.8543824045096536,0.03925653120269368,test
2024-05-22,0.9042274373969585,0.8391318695802077,0.06509556781675085,test
2024-05-23,0.938096123909008,0.7888785570169005,0.14921756689210752,test
2024-05-24,0.9155297476774485,0.8759040869342959,0.03962566074315266,test
2024-05-27,0.9210709206056805,0.7561857986440593,0.1648851219616212,test
2024-05-28,0.9379227663014609,0.7659505641000525,0.1719722022014084,test
2024-05-29,0.9514332660174661,0.735923069717708,0.2155101962997581,test
2024-05-30,0.9555739094843009,0.8160625222352392,0.13951138724906165,test
2024-05-31,0.9746672667391858,0.7355320243555187,0.23913524238366712,test
2024-06-03,0.9663946591094645,0.8020186317553131,0.16437602735415147,test
2024-06-04,0.9695136600133994,0.8322688611127297,0.13724479890066976,test
2024-06-05,0.9545047461549246,0.8151272584162464,0.1393774877386782,test
2024-06-06,0.9570954263489238,0.8339048302402543,0.12319059610866945,test
2024-06-07,0.9547992524070003,0.8589515518147136,0.09584770059228664,test
2024-06-10,0.8326469388888075,1.0962518776479193,-0.26360493875911184,test
2024-06-11,0.8088101257333136,0.9748552589576673,-0.16604513322435377,test
2024-06-12,0.868056421973479,1.0146043111687801,-0.14654788919530115,test
2024-06-13,0.7318778600992308,1.2524176065769423,-0.5205397464777115,test
2024-06-14,0.6949755320101979,1.2126336885529125,-0.5176581565427146,test
2024-06-17,0.6551220339277821,1.1508806455366036,-0.4957586116088215,test
2024-06-18,0.6498612955849996,1.1087979132508714,-0.4589366176658718,test
2024-06-19,0.6222735204327815,1.1420376800432943,-0.5197641596105128,test
2024-06-20,0.6233457054189003,0.9573590455613308,-0.33401334014243045,test
2024-06-21,0.6069528037175518,0.9692823980609054,-0.36232959434335366,test
2024-06-24,0.5542007952746031,1.03707045024279,-0.482869654968187,test
2024-06-25,0.5565089646781561,0.9364917292645255,-0.37998276458636937,test
2024-06-26,0.5793454368669642,0.8908169099871158,-0.31147147312015167,test
2024-06-27,0.5566920096502478,0.9821186853281667,-0.4254266756779189,test
2024-06-28,0.541669745801208,0.9812273073956177,-0.43955756159440973,test
2024-07-01,0.5161893765678427,0.982349735426778,-0.46616035885893525,test
2024-07-02,0.5218807699675143,1.0418523242274922,-0.5199715542599779,test
2024-07-03,0.557073308007148,1.0130630955099595,-0.4559897875028115,test
2024-07-04,0.6239366087202571,1.0475971980695131,-0.423660589349256,test
2024-07-05,0.8051052641448968,0.8886099797440569,-0.08350471559916006,test
2024-07-08,0.8135023485346962,0.9644007095278295,-0.15089836099313336,test
2024-07-09,0.8128109151847377,0.930754586192987,-0.11794367100824932,test
2024-07-10,0.8423264421119045,0.8371829785138024,0.005143463598102138,test
2024-07-11,0.8477541338661005,0.7085939488234565,0.13916018504264405,test
2024-07-12,0.7665553300634406,1.0147930318958827,-0.2482377018324421,test
2024-07-15,0.7770791388244632,0.8382879781647501,-0.06120883934028687,test
2024-07-16,0.7975646445243009,0.8208090238719887,-0.02324437934768786,test
2024-07-17,0.8502080360670202,0.8138973546869838,0.03631068138003646,test
2024-07-18,0.8382325462379959,0.8750340569112808,-0.036801510673284854,test
2024-07-19,0.8500930925592198,0.7383821500651823,0.11171094249403757,test
2024-07-22,0.8607260719312356,0.7319030349955303,0.1288230369357053,test
2024-07-23,0.8967191785787019,0.7084930946967894,0.18822608388191242,test
2024-07-24,0.9269747618153,0.6875842024452067,0.23939055937009335,test
2024-07-25,0.9991149045711374,0.6996086300768126,0.29950627449432476,test
2024-07-26,0.9926913292299046,0.778089174824355,0.21460215440554953,test
2024-07-29,1.0035877544032656,0.7183118741629144,0.2852758802403512,test
2024-07-30,1.0314062063575953,0.721883535372725,0.3095226709848703,test
2024-07-31,1.0960804353302922,0.7311931967788783,0.3648872385514139,test
2024-08-01,1.095172076758764,0.8335572952450849,0.2616147815136791,test
2024-08-02,1.0718125292557972,0.8680698254185446,0.20374270383725257,test
2024-08-05,1.0313772436758668,1.0183720884411862,0.013005155234680599,test
2024-08-06,0.9263273198926749,1.2408451595441912,-0.31451783965151625,test
2024-08-07,0.9324802036312659,1.1729483826372462,-0.24046817900598028,test
2024-08-08,1.0116039637613456,1.116914393614624,-0.10531042985327832,test
2024-08-09,0.9986643018719251,1.1558573162800254,-0.1571930144081003,test
2024-08-12,1.004170560793532,0.9763708783316709,0.027799682461861153,test
2024-08-13,1.0330886139347777,0.8362816545030054,0.1968069594317723,test
2024-08-14,1.0471186445175968,0.8552389792899774,0.19187966522761946,test
2024-08-15,1.0279031624686827,0.910221639472379,0.11768152299630374,test
2024-08-16,0.9874149886344241,0.9977729935943302,-0.01035800495990613,test
2024-08-19,1.003471327985189,0.8713815360086815,0.1320897919765075,test
2024-08-20,1.0999336595981521,0.9515724563723905,0.14836120322576163,test
2024-08-21,1.1356602995458376,0.9522217932342936,0.18343850631154401,test
2024-08-22,1.1231962012619832,1.0320074525833594,0.09118874867862381,test
2024-08-23,1.135220949526525,1.0193722409490866,0.11584870857743845,test
2024-08-26,1.0812459299134916,1.2130461570950548,-0.13180022718156326,test
2024-08-27,1.097790694867048,1.1096010117617856,-0.01181031689473766,test
2024-08-28,1.1503189382741996,1.1243228946084902,0.0259960436657094,test
2024-08-29,1.1702152352160233,1.176684422344582,-0.006469187128558707,test
2024-08-30,1.1612608077522983,1.2964790476265446,-0.1352182398742463,test
2024-09-02,1.1728224786375196,1.1909854783155513,-0.0181629996780317,test
2024-09-03,1.1863384641082946,1.1085080255236675,0.07783043858462713,test
2024-09-04,1.1824307212419234,1.1542335964996184,0.028197124742304958,test
2024-09-05,1.2446667335586945,1.1435683440334947,0.10109838952519978,test
2024-09-06,1.2385058174321202,1.1034865289653948,0.1350192884667254,test
2024-09-09,1.1749601897240447,1.2500657180681218,-0.07510552834407713,test
2024-09-10,1.1737798213722521,1.1574349325940994,0.016344888778152766,test
2024-09-11,1.2046800388875882,1.0971660426038548,0.10751399628373348,test
2024-09-12,1.1952124882900705,1.1851412618024704,0.010071226487600171,test
2024-09-13,1.1800318800630254,1.180304787030463,-0.0002729069674376472,test
2024-09-16,1.1835808096530918,1.0008182315740468,0.18276257807904495,test
2024-09-17,1.181152051592774,0.9928530684060212,0.18829898318675287,test
2024-09-18,1.2075082463103737,1.046137207449724,0.16137103886064974,test
2024-09-19,1.1139672824253977,1.253758781732349,-0.13979149930695134,test
2024-09-20,1.0670288018486411,1.2424700440058734,-0.17544124215723222,test
2024-09-23,1.055600486736615,1.2209826079937212,-0.16538212125710605,test
2024-09-24,1.0216597103361273,1.323543060663425,-0.30188335032729774,test
2024-09-25,1.0305939731429261,1.2593484330721978,-0.22875445992927168,test
2024-09-26,1.0068799685886525,1.2274893557640492,-0.2206093871753967,test
2024-09-27,0.9388879573893781,1.3180898768309797,-0.37920191944160153,test
2024-09-30,0.9131127668572642,1.3505856037695203,-0.43747283691225614,test
2024-10-01,0.8956797603815542,1.3770038367820538,-0.4813240764004997,test
2024-10-02,0.8792244590377725,1.392073379566717,-0.5128489205289446,test
2024-10-03,0.9126859767893316,1.3553477745692795,-0.44266179777994785,test
2024-10-04,0.9214044082398478,1.2777472376854662,-0.35634282944561835,test
2024-10-07,0.8051834093476029,1.4375331379713994,-0.6323497286237965,test
2024-10-08,1.1407330988312636,1.2897945566307718,-0.1490614577995082,test
2024-10-09,1.2290402171900043,1.1942878442026443,0.03475237298736,test
2024-10-10,1.263626886449504,1.1761326953168356,0.08749419113266832,test
2024-10-11,1.2714980157415146,1.287580382080685,-0.016082366339170484,test
2024-10-14,1.2828277483347108,1.168367175961145,0.11446057237356588,test
2024-10-15,1.349008531464016,1.1038780041818372,0.24513052728217866,test
2024-10-16,1.408486378302995,1.0953940735438212,0.3130923047591738,test
2024-10-17,1.4596358736784625,1.0721754036650213,0.3874604700134412,test
2024-10-18,1.4533241439026328,1.1735628857809066,0.27976125812172614,test
2024-10-21,1.5081088501529356,1.01124562239108,0.49686322776185565,test
2024-10-22,1.5356071987200979,0.9445618722721513,0.5910453264479466,test
2024-10-23,1.5737684755903345,0.9657954565063784,0.6079730190839561,test
2024-10-24,1.7801957151378067,0.9639417969904469,0.8162539181473598,test
2024-10-25,1.8236325854928466,0.98293202053202,0.8407005649608266,test
2024-10-28,1.8894963013935844,0.9228311753750872,0.9666651260184972,test
2024-10-29,1.933766515307958,0.9212346304700998,1.0125318848378582,test
2024-10-30,1.9367193151448419,1.0179043569784203,0.9188149581664216,test
2024-10-31,1.9465857382465594,1.0993443833708072,0.8472413548757523,test
2024-11-01,1.9824197419417018,1.0655530524207688,0.916866689520933,test
2024-11-04,1.985790400219198,1.184649863516959,0.8011405367022391,test
2024-11-05,2.0042146844934825,1.1840749910119155,0.820139693481567,test
2024-11-06,2.025550820579743,1.0458922202406784,0.9796586003390644,test
2024-11-07,1.9351191338644116,1.4371700810244625,0.49794905283994906,test
2024-11-08,1.905115212189053,1.4510882844406394,0.4540269277484137,test
2024-11-11,1.8961057459796686,1.4192949681208349,0.47681077785883375,test
2024-11-12,1.90139276328647,1.4499064510375237,0.4514863122489463,test
2024-11-13,1.9156850134894579,1.4906902676143332,0.42499474587512465,test
2024-11-14,1.893558350889294,1.5080870344378832,0.38547131645141075,test
2024-11-15,1.8769388881033082,1.5178668692780177,0.3590720188252905,test
2024-11-18,1.853820175257539,1.5571246997405064,0.29669547551703257,test
2024-11-19,1.9244635101837924,1.4845718072857106,0.43989170289808177,test
2024-11-20,1.9263383560798648,1.6201666670660761,0.30617168901378866,test
2024-11-21,1.9397231199771126,1.556359898769286,0.3833632212078266,test
2024-11-22,1.9288714354244783,1.595552761621634,0.3333186738028442,test
2024-11-25,1.7606285221612823,1.8716501088533695,-0.11102158669208717,test
2024-11-26,1.7054221043956475,1.8583529290427485,-0.15293082464710106,test
2024-11-27,1.6352215902822307,1.9461090662037672,-0.31088747592153654,test
2024-11-28,1.6114358021915829,2.000608981588992,-0.38917317939740914,test
2024-11-29,1.6092748601382079,1.897351584657576,-0.28807672451936805,test
2024-12-02,1.6460302900832804,1.8410147080276187,-0.1949844179443383,test
2024-12-03,1.5994491316004198,1.895980520689347,-0.2965313890889272,test
2024-12-04,1.6957697037016766,1.7962829525861441,-0.10051324888446755,test
2024-12-05,1.7045647290505288,1.7983373086006638,-0.09377257955013496,test
2024-12-06,1.7086830732743818,1.833435528580247,-0.1247524553058652,test
2024-12-09,1.6665108627992566,1.8743097591296694,-0.2077988963304127,test
2024-12-10,1.7986113462109743,1.7416255298970134,0.056985816313960935,test
2024-12-11,1.8229181837693902,1.695134932574114,0.12778325119527612,test
2024-12-12,1.8323438053932724,1.7306367944066885,0.10170701098658386,test
2024-12-13,1.85253551086781,1.7513848093140783,0.10115070155373185,test
2024-12-16,1.8689797276975433,1.665195923213328,0.2037838044842153,test
2024-12-17,1.8741904261599214,1.6814589975058207,0.19273142865410064,test
2024-12-18,2.0236644441270903,1.6277920375210704,0.39587240660601997,test
2024-12-19,2.003169905426973,1.8510691651204476,0.15210074030652554,test
2024-12-20,1.9907592854363187,1.8110499019460187,0.17970938349030008,test
2024-12-23,1.975856117463702,1.834422628476528,0.141433488987174,test
2024-12-24,1.987173161700661,1.7839464237865095,0.20322673791415147,test
2024-12-26,2.000563433521148,1.6977283054924053,0.3028351280287427,test
2024-12-27,2.023725638874245,1.4824737396575352,0.5412518992167097,test
2024-12-30,2.0389278146508887,1.4293667582917553,0.6095610563591334,test
2024-12-31,2.0690654074218355,1.4823919426492516,0.586673464772584,test
2025-01-02,2.10286579098192,1.422149349838886,0.680716441143034,test
2025-01-03,2.1854854758695312,1.615832871536676,0.5696526043328551,test
2025-01-06,2.1989670204747793,1.5519367084814337,0.6470303119933456,test
2025-01-07,2.1391562331688143,1.8323440141657397,0.30681221900307465,test
2025-01-08,2.1217565875784974,1.7749092938782156,0.3468472937002818,test
2025-01-09,2.148793264088899,1.793870490628765,0.3549227734601341,test
2025-01-10,2.15409742362719,1.6250093377550552,0.5290880858721347,test
2025-01-13,2.055315301870607,1.9525236211026302,0.10279168076797673,test
2025-01-14,2.0737013859555113,1.8078081922836116,0.2658931936718998,test
2025-01-15,2.087374044231442,1.806695029187426,0.28067901504401616,test
2025-01-16,2.0601779548069334,1.863942963149359,0.19623499165757452,test
2025-01-17,2.0345131640450616,1.9054079858494541,0.1291051781956074,test
2025-01-20,2.0197539519332968,1.8017102156519866,0.21804373628131013,test
2025-01-21,1.8672558655273244,2.072130242071852,-0.20487437654452756,test
2025-01-22,1.8158219767067152,2.0196501752750393,-0.20382819856832413,test
2025-01-23,1.8077130816544145,1.9168255118096127,-0.10911243015519823,test
2025-01-24,1.816599441171311,1.8427198165818077,-0.026120375410496832,test
2025-01-27,1.8000683979583234,1.8972049932337607,-0.09713659527543728,test
2025-01-28,1.8014740159497329,1.778143390431421,0.023330625518311887,test
2025-01-29,1.7958603368047468,1.7687323007463909,0.027128036058355898,test
2025-01-30,1.793346612437028,1.777810601964348,0.01553601047268005,test
2025-01-31,1.754256805651323,1.9258778608299747,-0.17162105517865167,test
2025-02-03,1.7527913346670851,1.9640863241101478,-0.2112949894430627,test
2025-02-04,1.6609883193858204,2.178626939267837,-0.5176386198820164,test
2025-02-05,1.7184476395156099,2.0703033192206064,-0.35185567970499654,test
2025-02-06,1.7730844774566958,2.009377577142279,-0.2362930996855832,test
2025-02-07,1.8229634944498978,1.9027911081361017,-0.07982761368620395,test
2025-02-10,1.8037399035902384,2.0183949120922042,-0.21465500850196584,test
2025-02-11,1.8141984970810439,1.803925612358956,0.010272884722087872,test
2025-02-12,1.8381146888263327,1.661600499740354,0.1765141890859787,test
2025-02-13,1.8123341814813942,1.8468084629769108,-0.03447428149551657,test
2025-02-14,1.7694208844356567,1.9065386852321002,-0.13711780079644353,test
2025-02-17,1.7749709507543467,1.7358766794068632,0.039094271347483556,test
2025-02-18,1.81041585130977,1.6093699250574591,0.20104592625231077,test
2025-02-19,1.8276971684130252,1.6440134024085022,0.18368376600452296,test
2025-02-20,1.838742772232221,1.5124574007038556,0.32628537152836534,test
2025-02-21,1.8552095804694886,1.4380497844993232,0.4171597959701654,test
2025-02-24,1.850281947132945,1.4593295513204396,0.3909523958125054,test
2025-02-25,1.8417728959280888,1.5490642119423566,0.29270868398573224,test
2025-02-26,1.8528819569570898,1.531498084534634,0.3213838724224558,test
2025-02-27,1.8487985321556135,1.6048201379477718,0.24397839420784173,test
2025-02-28,1.8578284786664843,1.6247622540059936,0.23306622466049065,test
2025-03-03,1.8579742820923313,1.6394754952549504,0.2184987868373809,test
2025-03-04,1.8947498488333034,1.6514407956405417,0.24330905319276175,test
2025-03-05,2.0243734270709566,1.7562870003717599,0.2680864266991967,test
2025-03-06,2.0860190005234376,1.8541112896652314,0.23190771085820616,test
2025-03-07,2.158665870576633,1.926414153013093,0.23225171756354013,test
2025-03-10,2.168628179432805,1.9895982524767568,0.17902992695604825,test
2025-03-11,2.305634819898428,2.03940455288072,0.2662302670177077,test
2025-03-12,2.375304533614841,2.0038175196699646,0.3714870139448765,test
2025-03-13,2.5922649935898328,1.9029284954071788,0.689336498182654,test
2025-03-14,2.634862164235406,1.8717694343332354,0.7630927299021708,test
2025-03-17,2.653226354411571,1.8318082746957516,0.8214180797158193,test
2025-03-18,2.6790606430753265,1.6744411519462914,1.0046194911290351,test
2025-03-19,2.691513501175458,1.660842114912327,1.0306713862631312,test
2025-03-20,2.67843350872891,1.7390160086425084,0.9394175000864018,test
2025-03-21,2.704184710740294,1.7217793919443418,0.982405318795952,test
2025-03-24,2.72397967488281,1.686182295599721,1.037797379283089,test
2025-03-25,2.7717128339804438,1.7575940323072015,1.0141188016732423,test
2025-03-26,2.782357259290373,1.688725948003671,1.093631311286702,test
2025-03-27,2.78944785809731,1.6546117388587256,1.1348361192385845,test
2025-03-28,2.7958702804941336,1.6911452058308771,1.1047250746632564,test
2025-03-31,2.8053031158337403,1.6798764910400046,1.1254266247937357,test
2025-04-01,2.8090032665013105,1.7170231457730967,1.0919801207282138,test
2025-04-02,2.815657464893449,1.7263646904174552,1.0892927744759937,test
2025-04-03,2.8108270026594324,1.8827526524570464,0.928074350202386,test
2025-04-04,2.743415493602227,2.1057288414557886,0.6376866521464382,test
2025-04-07,2.6895087856670825,2.2166741078204737,0.4728346778466088,test
2025-04-08,2.6377494421667174,2.3328531083142514,0.30489633385246595,test
2025-04-09,2.6226163035589005,2.3442900687307806,0.2783262348281199,test
2025-04-10,2.502624644172781,2.5435968135609546,-0.04097216938817372,test
2025-04-11,2.4693065611905682,2.508521826454478,-0.03921526526390995,test
2025-04-14,2.220415440388794,2.6968362301301076,-0.47642078974131374,test
2025-04-15,2.173498099745585,2.590046989511752,-0.4165488897661671,test
2025-04-16,2.1431877119274523,2.556996756216757,-0.41380904428930476,test
2025-04-17,2.104149345651084,2.494290696784942,-0.3901413511338583,test
2025-04-18,2.0919696965706374,2.4075377668510916,-0.3155680702804542,test
2025-04-21,2.1038318460732244,2.0559150564963846,0.04791678957683976,test
2025-04-22,2.064574270455306,2.205645304074179,-0.14107103361887274,test
2025-04-23,2.041007146951357,2.1966420820845665,-0.15563493513320958,test
2025-04-24,1.9712556414832851,2.326228415241261,-0.35497277375797576,test
2025-04-25,1.9487528030453085,2.2307036931074222,-0.2819508900621137,test
2025-04-28,1.936304483010778,2.2964911318340464,-0.36018664882326834,test
2025-04-29,1.9192399969322085,2.279166923553078,-0.35992692662086956,test
2025-04-30,1.9426076854364953,2.272780089485351,-0.33017240404885584,test
2025-05-01,1.9336652874598488,2.1977863298928217,-0.26412104243297296,test
2025-05-02,1.9144888398511977,2.207059861165547,-0.2925710213143493,test
2025-05-05,1.8790331849867035,2.249816566794509,-0.3707833818078057,test
2025-05-06,1.8745746120550375,2.1555633236656964,-0.28098871161065886,test
2025-05-07,1.8720241297998073,2.140904094970557,-0.26887996517074986,test
2025-05-08,1.8363790106673121,2.1751583699023738,-0.33877935923506164,test
2025-05-09,1.7941460995570928,2.166534254607423,-0.3723881550503303,test
2025-05-12,1.7969161752667058,2.009959432603502,-0.2130432573367964,test
2025-05-13,1.728211214618714,2.1816322167340503,-0.4534210021153362,test
2025-05-14,1.7483687776659098,2.0267642123177247,-0.27839543465181493,test
2025-05-15,1.7744266582075245,2.0589493847797633,-0.28452272657223876,test
2025-05-16,1.7623236553730628,1.9894587782592519,-0.2271351228861891,test
2025-05-19,1.7706444392342215,1.9377028807831183,-0.1670584415488967,test
2025-05-20,1.7792278284608847,1.9040644034324115,-0.12483657497152678,test
2025-05-21,1.7741771516165679,1.8791165343441554,-0.10493938272758752,test
2025-05-22,1.7507124162686334,1.876627315760426,-0.1259148994917927,test
2025-05-23,1.7584922993401098,1.8775255590146158,-0.11903325967450606,test
2025-05-26,1.7202532812512255,1.9655730887820437,-0.24531980753081828,test
2025-05-27,1.7155817399248934,1.8187954978843628,-0.10321375795946941,test
2025-05-28,1.7274432917287361,1.827242986507567,-0.09979969477883088,test
2025-05-29,1.7309562626449166,1.8106247522801304,-0.07966848963521378,test
2025-05-30,1.6716410858190152,1.9268381392965288,-0.25519705347751365,test
2025-06-02,1.663444160737655,1.8298975846553913,-0.1664534239177362,test
2025-06-03,1.6669592522483765,1.809964599147282,-0.14300534689890543,test
2025-06-04,1.7220761649717657,1.7793697002331479,-0.057293535261382145,test
2025-06-05,1.6988983911344946,1.7957231798360591,-0.09682478870156452,test
2025-06-06,1.6839256708061134,1.7801802664057722,-0.09625459559965877,test
2025-06-09,1.679107063359266,1.7273772135419085,-0.04827015018264258,test
2025-06-10,1.6764421677734085,1.6316179235279267,0.044824244245481815,test
2025-06-11,1.6600723248203832,1.6829308274593116,-0.022858502638928302,test
2025-06-12,1.635315956534547,1.7125927556408846,-0.07727679910633767,test
2025-06-13,1.5917599834860712,1.7503573942408053,-0.1585974107547341,test
2025-06-16,1.5206433865289395,1.8620085311361296,-0.34136514460719014,test
2025-06-17,1.6022134577903457,1.8013589708742583,-0.1991455130839126,test
2025-06-18,1.5884150261825671,1.8275056966351968,-0.23909067045262966,test
2025-06-19,1.5485309307225068,1.8676715120955114,-0.3191405813730046,test
2025-06-20,1.539095970227336,1.7614359949815934,-0.22234002475425751,test
2025-06-23,1.5345062405193635,1.6573139549410634,-0.12280771442169991,test
2025-06-24,1.4976380431762941,1.764517604304411,-0.26687956112811695,test
2025-06-25,1.4846338752473967,1.732816457480249,-0.24818258223285228,test
2025-06-26,1.4848986633461712,1.608428481343276,-0.12352981799710494,test
2025-06-27,1.4778514195599692,1.7015693137208112,-0.22371789416084198,test
2025-06-30,1.484892062401235,1.7240209641363329,-0.23912890173509793,test
2025-07-01,1.5097422995879715,1.6461297304187266,-0.1363874308307551,test
2025-07-02,1.512674797381365,1.6500549272696066,-0.13738012988824155,test
2025-07-03,1.749636954391501,1.6822885527143419,0.06734840167715905,test
2025-07-04,1.7110081133878217,1.8092218914717402,-0.09821377808391851,test
2025-07-07,1.7301642710707759,1.582307201440224,0.1478570696305519,test
2025-07-08,1.722362346909201,1.6555446899627189,0.06681765694648223,test
2025-07-09,1.7308488033577574,1.6339217897086304,0.09692701364912693,test
2025-07-10,1.7344804070989444,1.542257016818816,0.19222339028012825,test
2025-07-11,1.7334284171012013,1.4386580747003541,0.2947703424008472,test
2025-07-14,1.7673695223337254,1.4878371379191357,0.2795323844145896,test
2025-07-15,1.765325161790492,1.4227816231598023,0.34254353863068965,test
2025-07-16,1.7547327711840488,1.4682580095986766,0.2864747615853722,test
2025-07-17,1.6676485527691154,1.6815035397350537,-0.013854986965938343,test
2025-07-18,1.6575263091417571,1.5908839594132855,0.0666423497284716,test
2025-07-21,1.6536303001698767,1.544810496896203,0.10881980327367358,test
2025-07-22,1.6563447721178346,1.5343407692498359,0.12200400286799873,test
2025-07-23,1.6565429209794205,1.5032991107578917,0.15324381022152878,test
2025-07-24,1.7090837925370264,1.4364884199372716,0.27259537259975475,test
2025-07-25,1.694637815942775,1.451719828520822,0.24291798742195314,test
2025-07-28,1.7143265051312266,1.4148727754023436,0.29945372972888307,test
2025-07-29,1.701948495017209,1.500350452979918,0.20159804203729093,test
2025-07-30,1.673073906556446,1.5632576634930522,0.10981624306339377,test
2025-07-31,1.642438126012205,1.615769165436292,0.026668960575912948,test
2025-08-01,1.6102440510720362,1.6100309785588263,0.00021307251320989984,test
2025-08-04,1.340998706530506,1.9570169632842591,-0.6160182567537531,test
2025-08-05,1.3220608325531036,1.808205079130625,-0.4861442465775214,test
2025-08-06,1.3030450494966128,1.7779271502340006,-0.4748821007373878,test
2025-08-07,1.325517283801634,1.7164372949391702,-0.39092001113753616,test
2025-08-08,1.2911593549130072,1.752357673367196,-0.4611983184541888,test
2025-08-11,1.2917096873914204,1.546204664929761,-0.2544949775383405,test
2025-08-12,1.3146243494641447,1.469780239232318,-0.1551558897681733,test
2025-08-13,1.2870969858503218,1.6229518026352672,-0.33585481678494533,test
2025-08-14,1.283350543525359,1.5031784257114313,-0.2198278821860724,test
2025-08-15,1.2617283753436273,1.5037918854847292,-0.24206351014110195,test
2025-08-18,1.2721790955197687,1.4263522438249798,-0.15417314830521112,test
2025-08-19,1.3582308618508896,1.423540206738199,-0.06530934488730944,test
2025-08-20,1.3897675208872333,1.342287713024123,0.047479807863110235,test
2025-08-21,1.395780955640599,1.37713317576759,0.01864777987300892,test
2025-08-22,1.3879623719769423,1.3620693787446534,0.025892993232288886,test
2025-08-25,1.2999938256897714,1.5806775369951391,-0.28068371130536773,test
2025-08-26,1.2959393012969835,1.4570077446511498,-0.16106844335416626,test
2025-08-27,1.2783535280751455,1.5801954821348918,-0.30184195405974634,test
2025-08-28,1.268180869677733,1.5464508611330259,-0.27826999145529285,test
2025-08-29,1.2741059190329158,1.4875044237797548,-0.21339850474683897,test
2025-09-01,1.2745400768097919,1.412777201933331,-0.13823712512353903,test
2025-09-02,1.3433486062775757,1.3073540009948954,0.03599460528268028,test
2025-09-03,1.3110714007405067,1.3828118500377513,-0.07174044929724466,test
2025-09-04,1.2817208444549892,1.3632776143497536,-0.08155676989476435,test
2025-09-05,1.3237401236506239,1.3291457671925375,-0.005405643541913641,test
2025-09-08,1.284583416918003,1.4332708715753169,-0.1486874546573138,test
2025-09-09,1.2912251482714443,1.3755129832004394,-0.08428783492899505,test
2025-09-10,1.3011158698469922,1.352428633512916,-0.051312763665923855,test
2025-09-11,1.311847310766198,1.3965077363739336,-0.08466042560773546,test
2025-09-12,1.2879804331248648,1.4564563181869767,-0.16847588506211197,test
2025-09-15,1.305765348005781,1.3186080533317215,-0.012842705325940562,test
2025-09-16,1.3134332193245768,1.2782589211069093,0.03517429821766749,test
2025-09-17,1.30305098746991,1.3348863393119543,-0.031835351842044224,test
2025-09-18,1.2184152582052619,1.5059237946218962,-0.2875085364166343,test
2025-09-19,1.1691827619656596,1.4640574131186608,-0.29487465115300115,test
2025-09-22,1.1549794581351531,1.467638058764857,-0.31265860062970385,test
2025-09-23,1.1451241820834968,1.4360028524196775,-0.29087867033618076,test
2025-09-24,1.1225397692771237,1.4172004615927765,-0.29466069231565273,test
2025-09-25,1.1548211918935103,1.3015960205915875,-0.14677482869807723,test
2025-09-26,1.1209532634128272,1.321465147981579,-0.2005118845687519,test
2025-09-29,1.1132245216126713,1.2650430159924348,-0.15181849437976358,test
2025-09-30,1.1893256256142015,1.2922261764509486,-0.1029005508367471,test
2025-10-01,1.1900885995037864,1.3058109200358665,-0.11572232053208009,test
2025-10-02,1.119039771063003,1.483958271380009,-0.3649185003170061,test
2025-10-03,1.1079432254002641,1.366787305084601,-0.25884407968433676,test
2025-10-06,1.110703448680887,1.2801842835896655,-0.1694808349087784,test
2025-10-07,1.04531412646013,1.4552012883280707,-0.4098871618679407,test
2025-10-08,1.0414021127346027,1.3302024949927804,-0.2888003822581777,test
2025-10-09,1.0294322656654835,1.2968181728360557,-0.2673859071705722,test
2025-10-10,1.0014005401107995,1.342698736712057,-0.3412981966012576,test
2025-10-13,0.9437871720893938,1.4463708561844917,-0.5025836840950979,test
2025-10-14,0.9075224481195809,1.3666626810284783,-0.4591402329088974,test
2025-10-15,0.8857681743909707,1.4137111270904794,-0.5279429526995087,test
2025-10-16,0.8857664125099182,1.3771859316558195,-0.4914195191459013,test
2025-10-17,0.8682915387256286,1.3357473129443294,-0.46745577421870077,test
2025-10-20,0.8513661012906015,1.296488506185064,-0.4451224048944624,test
2025-10-21,0.8653633063730924,1.169099708205938,-0.30373640183284556,test
2025-10-22,0.8697687598565561,1.1825594628893574,-0.3127907030328013,test
2025-10-23,0.8957748731339518,1.1030540884827198,-0.20727921534876803,test
2025-10-24,0.9088317488540788,1.0147437151414465,-0.10591196628736765,test
2025-10-27,0.8898975304550971,1.1702104502203572,-0.28031291976526007,test
2025-10-28,0.9173747903251025,1.0542628640456,-0.1368880737204975,test
2025-10-29,0.9015762515217463,1.0684303300522804,-0.16685407853053413,test
2025-10-30,0.7868584378101988,1.3126717990075791,-0.5258133611973803,test
2025-10-31,0.7684494939499837,1.2964770311389586,-0.5280275371889749,test
2025-11-03,0.7575028658828353,1.203298085966904,-0.4457952200840687,test
2025-11-04,0.7458548612034547,1.2068949677918506,-0.4610401065883959,test
2025-11-05,0.7366088454398171,1.1954521148775092,-0.45884326943769216,test
2025-11-06,0.7329875731907521,1.0781863422493092,-0.34519876905855706,test
2025-11-07,0.7346193765405071,1.0482674210933698,-0.31364804455286266,test
2025-11-10,0.725467226358198,1.0486914439452493,-0.3232242175870512,test
2025-11-11,0.7564631385926388,1.0325986389604471,-0.2761355003678083,test
2025-11-12,0.7681851811407044,0.9949474396692687,-0.22676225852856424,test
2025-11-13,0.7736583323170306,0.9436265592491732,-0.16996822693214253,test
2025-11-14,0.7558780124023597,0.9991892167733866,-0.24331120437102682,test
2025-11-17,0.7741994317406142,1.0106684636918832,-0.236469031951269,test
2025-11-18,0.7903894896653825,0.9304190934356343,-0.14002960377025186,test
2025-11-19,0.8107707637076039,0.9657335905617929,-0.15496282685418894,test
2025-11-20,0.800742230007399,1.0142955561137332,-0.21355332610633426,test
2025-11-21,0.7748501383919216,1.0413803561488828,-0.2665302177569612,test
2025-11-24,0.7468469623881512,1.0683571426737688,-0.3215101802856176,test
2025-11-25,0.7323433194505814,1.0555908100566467,-0.3232474906060653,test
2025-11-26,0.6974815535135463,1.1374305202124093,-0.43994896669886296,test
2025-11-27,0.6854315468101952,1.1546160685750098,-0.4691845217648145,test
2025-11-28,0.6913384979135271,1.016701106971165,-0.3253626090576378,test
2025-12-01,0.6846581657972477,1.0305170480716215,-0.3458588822743738,test
2025-12-02,0.6782784632900102,1.0339461053503862,-0.35566764206037604,test
2025-12-03,0.7012844079155764,0.962919043142835,-0.2616346352272586,test
2025-12-04,0.7224675835414848,0.8929414654868755,-0.1704738819453907,test
2025-12-05,0.7303766045167986,0.89818837525317,-0.16781177073637132,test
2025-12-08,0.7219226111979514,0.8926996487860231,-0.17077703758807172,test
2025-12-09,0.7154273263328736,0.9013545417490527,-0.18592721541617907,test
2025-12-10,0.7433186296514593,0.8845481288272157,-0.14122949917575633,test
2025-12-11,0.7110300907630356,1.0104635297919993,-0.2994334390289637,test
2025-12-12,0.6889456005102437,1.0105683593177102,-0.3216227588074665,test
2025-12-15,0.6874311393731746,0.9858298853422611,-0.29839874596908655,test
2025-12-16,0.6919291961728189,0.9600956160633026,-0.26816641989048373,test
2025-12-17,0.6777828219429534,1.0722437907514941,-0.39446096880854076,test
2025-12-18,0.7271616517493341,1.0138293137078769,-0.28666766195854276,test
2025-12-19,0.745946441351974,1.0673594769206487,-0.32141303556867473,test
2025-12-22,0.7513523705659657,1.0222219014678275,-0.27086953090186183,test
2025-12-23,0.7829702352185037,0.9952337095817951,-0.2122634743632914,test
2025-12-24,0.8678184023172727,0.9417651745421437,-0.073946772224871,test
2025-12-26,1.1011318436830724,0.8665183846866216,0.2346134589964508,test
2025-12-29,1.2362493186102617,0.8601211740632144,0.37612814454704724,test
2025-12-30,1.306781035181931,0.900222765199086,0.40655826998284494,test
2025-12-31,1.3935148414737029,0.8606128978763452,0.5329019435973577,test
2026-01-02,1.431524092393513,0.8967765167783849,0.5347475756151282,test
2026-01-05,1.4459301675737986,0.9248013265393827,0.5211288410344158,test
2026-01-06,1.4492518397746093,0.988510407687954,0.4607414320866553,test
2026-01-07,1.4578805909784678,0.984406249859024,0.47347434111944375,test
2026-01-08,1.4579449166352767,0.9761307070624029,0.4818142095728738,test
2026-01-09,1.4818579777838476,0.9190813230805353,0.5627766547033124,test
2026-01-12,1.4905172706032161,0.9311315966381271,0.5593856739650891,test
2026-01-13,1.5450563283861554,0.9941796897283601,0.5508766386577952,test
2026-01-14,1.5566541542871857,0.9350773657772076,0.6215767885099781,test
2026-01-15,1.5682226602686242,0.867249825652273,0.7009728346163512,test
2026-01-16,1.5628596362030438,0.8978648945267242,0.6649947416763196,test
2026-01-19,1.5610961237175995,0.912973887831403,0.6481222358861966,test
2026-01-20,1.5533285696335162,0.9390920571498212,0.6142365124836949,test
2026-01-21,1.5393879432044175,1.0447532976596832,0.49463464554473435,test
2026-01-22,1.5411157572232752,1.1122557262799715,0.4288600309433037,test
2026-01-23,1.5472904451028795,1.0750520501328065,0.472238394970073,test
2026-01-26,1.534876157159308,1.155324306088056,0.3795518510712519,test
2026-01-27,1.490096282198193,1.2853555984962926,0.20474068370190035,test
2026-01-28,1.3486254110319678,1.4906878588827703,-0.14206244785080258,test
2026-01-29,1.2317662570731558,1.5711811341980984,-0.33941487712494256,test
2026-01-30,1.2209080227390325,1.651884976285978,-0.43097695354694543,test
2026-02-02,1.211987521543372,1.7635895581518213,-0.5516020366084493,test
2026-02-03,1.2299078971765784,1.7340777152763334,-0.5041698180997549,test
2026-02-04,1.302313926965984,1.599488689036431,-0.297174762070447,test
2026-02-05,1.3695354861784004,1.5075243291815255,-0.13798884300312508,test
2026-02-06,1.458343985073486,1.4559524194397733,0.002391565633712789,test
2026-02-09,1.5069532008447917,1.3008982368646616,0.20605496398013012,test
2026-02-10,1.5130758762200625,1.3512270566421838,0.16184881957787867,test
2026-02-11,1.5218820666150186,1.312951367341319,0.20893069927369967,test
2026-02-12,1.4807248386545173,1.5008444679816728,-0.020119629327155497,test
2026-02-13,1.4939144663745534,1.424609252917428,0.06930521345712548,test
2026-02-16,1.504319449292353,1.4382453326098026,0.06607411668255048,test
2026-02-17,1.5435620370507122,1.2726548009579497,0.27090723609276246,test
2026-02-18,1.6124028069683343,1.278141571238322,0.3342612357300123,test
2026-02-19,1.6388183466405684,1.1888630131346782,0.4499553335058901,test
2026-02-20,1.8074272285907276,1.213144229875671,0.5942829987150566,test
2026-02-23,1.8378641956856732,1.2735374483773227,0.5643267473083504,test
2026-02-24,1.84951411801553,1.3052156733416465,0.5442984446738834,test
2026-02-25,1.8671355975955366,1.2647763436042356,0.602359253991301,test
2026-02-26,1.8757527300297003,1.2010065893564996,0.6747461406732007,test
2026-02-27,1.881814053633559,1.1759708869588756,0.7058431666746834,test
2026-03-02,1.9050344830682968,1.1005991142131077,0.8044353688551891,test
2026-03-03,1.8881181947921286,1.2697554485687765,0.6183627462233521,test
2026-03-04,1.8689918382996265,1.3826130085279835,0.48637882977164293,test
2026-03-05,1.8291381887478522,1.4740486926648138,0.3550894960830384,test
2026-03-06,1.7806318101957677,1.6120706452866618,0.1685611649091059,test
2026-03-09,1.7360883692705649,1.7231938838922576,0.012894485378307285,test
2026-03-10,1.7110406348321634,1.7973173369949624,-0.08627670216279903,test
2026-03-11,1.6803067267932612,1.758083370335373,-0.07777664354211189,test
2026-03-12,1.6691411591659995,1.6927463594673837,-0.023605200301384244,test
2026-03-13,1.659864258733874,1.6176928496408154,0.04217140909305872,test
2026-03-16,1.639879771481347,1.5823867837996288,0.057492987681718066,test
2026-03-17,1.616573939704598,1.5274992367104883,0.08907470299410969,test
2026-03-18,1.600657846492745,1.4730276416081212,0.12763020488462384,test
2026-03-19,1.589148830722776,1.5416499186986468,0.04749891202412915,test
2026-03-20,1.5239728585679693,1.6846425165110754,-0.16066965794310617,test
2026-03-23,1.5153732487381482,1.6559388990069044,-0.14056565026875623,test
2026-03-24,1.2694506270549846,1.938512819252468,-0.6690621921974835,test
2026-03-25,1.2030356450569109,1.9163613616813189,-0.713325716624408,test
2026-03-26,1.168893024312528,1.8591265436801057,-0.6902335193675777,test
2026-03-27,1.13444242976152,1.8238852381057822,-0.6894428083442621,test
2026-03-30,1.1264994029509652,1.7541064910775928,-0.6276070881266276,test
2026-03-31,1.1239880569580922,1.6310870956350365,-0.5070990386769443,test
2026-04-01,1.1043121505766629,1.6735225299205112,-0.5692103793438483,test
2026-04-02,1.0789227856407229,1.6580061413479072,-0.5790833557071844,test
2026-04-03,1.038452681327304,1.6805880563514382,-0.6421353750241341,test
2026-04-06,1.0449625452157614,1.4679326123342444,-0.42297006711848306,test
2026-04-07,1.0654827593550524,1.4936278834923222,-0.4281451241372698,test
2026-04-08,1.0586612781791522,1.4520899355768064,-0.3934286573976542,test
2026-04-09,0.9575778969627771,1.568962556836874,-0.6113846598740968,test
2026-04-10,0.9348504153702046,1.420304353283611,-0.4854539379134064,test
2026-04-13,0.9116582587299393,1.4758356181450578,-0.5641773594151185,test
2026-04-14,0.8916180701913813,1.4500446949740016,-0.5584266247826203,test
2026-04-15,0.8789778489440426,1.4052353664774169,-0.5262575175333742,test
2026-04-16,0.8896911751423265,1.2782134150404385,-0.38852223989811197,test
2026-04-17,0.9100778976322477,1.2326492960569375,-0.32257139842468985,test
2026-04-20,0.8738714973079283,1.3082776498148996,-0.43440615250697123,test
2026-04-21,0.9019302866136288,1.2297608989264435,-0.32783061231281463,test
2026-04-22,0.9057129456625677,1.3217163760567672,-0.4160034303941995,test
2026-04-23,0.9076318295053303,1.2177756108326676,-0.31014378132733733,test
2026-04-24,0.8713315088052178,1.2825151209523178,-0.4111836121471,test
2026-04-27,0.8584355546508137,1.1727194272687755,-0.31428387261796187,test
2026-04-28,0.8613392155960018,1.1478990887982863,-0.2865598732022845,test
2026-04-29,0.8635898687334087,1.11255127435539,-0.24896140562198132,test
2026-04-30,0.8477274072823301,1.1597360647772306,-0.3120086574949005,test
2026-05-01,0.8001658256172386,1.2064526636120654,-0.4062868379948268,test
2026-05-04,0.7575213961350566,1.2038154222195632,-0.4462940260845065,test
2026-05-05,0.731858011850079,1.2186367527214848,-0.4867787408714057,test
2026-05-06,0.7215140682847806,1.155624838742264,-0.4341107704574835,test
2026-05-07,0.6964696357273262,1.2551304463092372,-0.558660810581911,test
2026-05-08,0.6985257845059023,1.1877398512699542,-0.4892140667640519,test
2026-05-11,0.6987140142778414,1.1190469726160586,-0.42033295833821716,test
2026-05-12,0.7179510767052637,1.0420263666358778,-0.3240752899306141,test
2026-05-13,0.8021754332026823,1.0382572527598326,-0.23608181955715035,test
2026-05-14,0.8261284736068011,0.9368615517442248,-0.11073307813742372,test
2026-05-15,0.8439936536986739,0.9029081095897307,-0.058914455891056816,test
2026-05-18,0.8266528007626059,0.9615815047012688,-0.13492870393866285,test
2026-05-19,0.8959300046279255,1.027287618246238,-0.13135761361831255,test
2026-05-20,0.9230273257832967,0.9818835580445778,-0.058856232261281116,test
2026-05-21,0.8930231853565892,1.1204721991643958,-0.22744901380780658,test
2026-05-22,0.859449426621392,1.2045953475865419,-0.34514592096514984,test
2026-05-25,0.8607253807804663,1.1314677583375727,-0.2707423775571064,test
2026-05-26,0.8906819619520752,1.0158462459183097,-0.12516428396623458,test
2026-05-27,0.9268351395281449,0.9724321646313291,-0.0455970251031842,test
2026-05-28,0.9518176929787581,0.9798006118076296,-0.027982918828871495,test
2026-05-29,0.9408168316808905,0.9475979149722897,-0.006781083291399259,test
2026-06-01,0.9529503266741943,0.928454976836188,0.024495349838006275,test
