date,Y_h,fitted,residual,split
2012-02-13,-0.931748797572126,-0.887098882720046,-0.04464991485208003,train
2012-02-14,-0.9501783909714685,-0.9263348379090246,-0.0238435530624439,train
2012-02-15,-0.7566496466856171,-0.9276804899149527,0.1710308432293356,train
2012-02-16,-0.8411967050885967,-0.8651410246598314,0.023944319571234773,train
2012-02-17,-0.9278692357673043,-0.860704514949455,-0.0671647208178493,train
2012-02-20,-0.9570920352885195,-0.9498764246161945,-0.007215610672325012,train
2012-02-21,-0.9321234146405424,-0.9779464383010635,0.045823023660521156,train
2012-02-22,-1.2231823839829405,-0.7565584194291554,-0.4666239645537852,train
2012-02-23,-1.1525791071592772,-0.9416305703172623,-0.21094853684201498,train
2012-02-24,-1.1573904520571145,-0.9713150485204601,-0.18607540353665442,train
2012-02-27,-1.1435530547819528,-1.0435826355848978,-0.09997041919705496,train
2012-02-28,-1.125833453489968,-0.9910001063197648,-0.13483334717020334,train
2012-02-29,-1.1693668291406538,-1.0908743234798373,-0.07849250566081656,train
2012-03-01,-1.2800006638830883,-1.0221694777625085,-0.25783118612057976,train
2012-03-02,-1.2652171203193716,-1.0610908551511993,-0.20412626516817234,train
2012-03-05,-1.2327336557023223,-1.0920183511409358,-0.14071530456138648,train
2012-03-06,-1.3014696901875769,-1.0522824739999916,-0.24918721618758521,train
2012-03-07,-1.2574859751943899,-1.1421897968828028,-0.11529617831158712,train
2012-03-08,-1.2039653550302125,-1.1938954017648713,-0.010069953265341214,train
2012-03-09,-1.2533806639136926,-1.1472806713586283,-0.1060999925550643,train
2012-03-12,-1.2484524517814826,-1.1479054775281503,-0.10054697425333226,train
2012-03-13,-1.2816697910367914,-1.214123897538368,-0.06754589349842344,train
2012-03-14,-1.3201027303951616,-1.1738816800801484,-0.1462210503150132,train
2012-03-15,-1.3746261478257926,-1.1399883659425643,-0.23463778188322837,train
2012-03-16,-1.3562066512667044,-1.1914268000931516,-0.16477985117355276,train
2012-03-19,-1.3664118950424367,-1.1713553999091404,-0.19505649513329626,train
2012-03-20,-1.264057004973902,-1.261329524776389,-0.0027274801975130103,train
2012-03-21,-1.2797993434798598,-1.2579206198583381,-0.021878723621521656,train
2012-03-22,-1.2625012516567649,-1.2798352042889887,0.017333952632223815,train
2012-03-23,-1.2769287460998289,-1.2663018227630434,-0.010626923336785499,train
2012-03-26,-1.2568698926192428,-1.262428024847624,0.005558132228381307,train
2012-03-27,-1.3630157077681435,-1.2004727307773004,-0.16254297699084308,train
2012-03-28,-1.2397372708423555,-1.2705897095637988,0.030852438721443276,train
2012-03-29,-1.2090765596851343,-1.2377872693440815,0.028710709658947176,train
2012-03-30,-1.2628215165107775,-1.2472419887803408,-0.015579527730436693,train
2012-04-02,-1.35902589913101,-1.213148256133182,-0.14587764299782813,train
2012-04-03,-1.2562148658799097,-1.335462043919691,0.07924717803978121,train
2012-04-04,-1.336896360764046,-1.1895730836696392,-0.14732327709440685,train
2012-04-05,-1.3935473313068862,-1.2072524003124956,-0.18629493099439065,train
2012-04-06,-1.3882247459306172,-1.3104440729568907,-0.07778067297372648,train
2012-04-10,-1.2556798195212662,-1.3470137848239583,0.09133396530269211,train
2012-04-11,-1.3375476640401203,-1.2296036960783525,-0.10794396796176775,train
2012-04-12,-1.2984071599463687,-1.2866185784944146,-0.01178858145195405,train
2012-04-13,-1.2836966669891237,-1.328714814827304,0.04501814783818037,train
2012-04-16,-1.2602859843882894,-1.361689493018682,0.1014035086303926,train
2012-04-17,-1.4215137871476957,-1.214433105957993,-0.2070806811897028,train
2012-04-18,-1.479981921937052,-1.320985797709497,-0.15899612422755505,train
2012-04-19,-1.496616649405346,-1.2536108756143143,-0.2430057737910316,train
2012-04-20,-1.5483315616339208,-1.2750408989226996,-0.27329066271122127,train
2012-04-23,-1.5327657681880622,-1.2820347807110495,-0.2507309874770127,train
2012-04-24,-1.5940126470688893,-1.4013848722605768,-0.1926277748083125,train
2012-04-25,-1.5673313673934264,-1.4478502229587287,-0.1194811444346977,train
2012-04-26,-1.5929547664138461,-1.3586324027856596,-0.2343223636281866,train
2012-04-27,-1.6440334148486013,-1.444336315286807,-0.19969709956179438,train
2012-04-30,-1.7455913459340284,-1.4128280314148023,-0.33276331451922614,train
2012-05-01,-1.5302752294985331,-1.5904712985971288,0.06019606909859565,train
2012-05-02,-1.4881904910372163,-1.4993141107632522,0.011123619726035816,train
2012-05-03,-1.5040480472343067,-1.4496705481414909,-0.05437749909281586,train
2012-05-04,-1.4683647514872087,-1.5617673950437263,0.09340264355651762,train
2012-05-07,-1.4297706474682277,-1.62029341472436,0.19052276725613226,train
2012-05-08,-1.5314186615479948,-1.4255928637506765,-0.10582579779731827,train
2012-05-09,-1.4923115258797124,-1.4440158830439083,-0.04829564283580412,train
2012-05-10,-1.394497976205978,-1.4254589780683118,0.03096100186233386,train
2012-05-11,-1.277488803222815,-1.457487467537968,0.179998664315153,train
2012-05-14,-1.1470779645073124,-1.4395943704070921,0.2925164058997798,train
2012-05-15,-1.0995564863823677,-1.482730535422883,0.38317404904051533,train
2012-05-16,-1.072648729706038,-1.4161279737618822,0.34347924405584407,train
2012-05-17,-1.050185337069434,-1.339890649919693,0.2897053128502589,train
2012-05-18,-0.9900303549409681,-1.296718619328894,0.30668826438792585,train
2012-05-21,-1.0217591590076995,-1.220437173838071,0.1986780148303715,train
2012-05-22,-1.0504750105014082,-1.2408807140454696,0.1904057035440614,train
2012-05-23,-1.0576107731799178,-1.2006679925602526,0.14305721938033478,train
2012-05-24,-1.0959532271787347,-1.140495408483176,0.04454218130444132,train
2012-05-25,-1.1408212203053172,-1.0902090269270779,-0.0506121933782393,train
2012-05-28,-0.9333499831105286,-1.1467504433262048,0.21340046021567616,train
2012-05-29,-0.8494859587598075,-1.218759071164305,0.36927311240449756,train
2012-05-30,-0.8132911936138099,-1.173511893442605,0.3602206998287951,train
2012-05-31,-0.7600083328887408,-1.1485797218300637,0.3885713889413229,train
2012-06-01,-0.7804151166666026,-1.1419609875408752,0.3615458708742726,train
2012-06-05,-0.9137180932413002,-0.982532966467207,0.06881487322590685,train
2012-06-06,-0.8844854505131026,-0.9989063966135183,0.11442094610041575,train
2012-06-07,-0.8957746220730325,-0.967871412711114,0.0720967906380815,train
2012-06-08,-0.9715470132871648,-0.9075128819553306,-0.06403413133183411,train
2012-06-11,-1.0167242760216042,-0.9609681929220892,-0.055756083099514964,train
2012-06-12,-0.9832943362216763,-0.9700070935013364,-0.013287242720339876,train
2012-06-13,-1.0621586328360912,-0.9331040487068794,-0.1290545841292119,train
2012-06-14,-0.9615035771732549,-0.9593820105763636,-0.0021215665968912223,train
2012-06-15,-0.9077965892106091,-0.9970189349373967,0.08922234572678756,train
2012-06-18,-0.8997680250339499,-1.058296679267459,0.15852865423350915,train
2012-06-19,-1.0535576917119283,-0.9563583209903465,-0.0971993707215818,train
2012-06-20,-1.045213273253434,-1.0482727611177807,0.0030594878643466217,train
2012-06-21,-1.2835612016027382,-0.9313467443530468,-0.35221445724969147,train
2012-06-22,-1.3846151583287978,-0.9323892517920058,-0.45222590653679196,train
2012-06-25,-0.9141048510669031,-0.9953135628013404,0.08120871173443733,train
2012-06-26,-0.8936147460310548,-1.13787996602595,0.24426521999489514,train
2012-06-27,-0.9692408644986144,-1.062157460683655,0.09291659618504067,train
2012-06-28,-0.9750388198281825,-1.255969741720777,0.2809309218925944,train
2012-06-29,-0.9155786114783241,-1.2066127588782298,0.29103414739990574,train
2012-07-02,-1.4269881623113685,-0.9076283695944631,-0.5193597927169054,train
2012-07-03,-1.4190503999645632,-1.1035999727464219,-0.3154504272181413,train
2012-07-04,-1.40361678714349,-1.2019459184608694,-0.20167086868262052,train
2012-07-05,-1.334090568497232,-1.241339791698325,-0.09275077679890686,train
2012-07-06,-1.4938657484178237,-1.0835233728843208,-0.41034237553350295,train
2012-07-09,-1.4124585811398147,-1.3093704217472935,-0.10308815939252125,train
2012-07-10,-1.4066689863248059,-1.3062156949696238,-0.1004532913551821,train
2012-07-11,-1.2688464639355521,-1.3324281546876842,0.06358169075213205,train
2012-07-12,-1.2313886997144923,-1.2689722127757253,0.037583513061232976,train
2012-07-13,-1.168669922385631,-1.3500947621383683,0.18142483975273738,train
2012-07-16,-1.1604982667703578,-1.2733231753034802,0.11282490853312233,train
2012-07-17,-1.119029977501787,-1.310432719015393,0.19140274151360614,train
2012-07-18,-1.1938736587323258,-1.1894469581714906,-0.004426700560835162,train
2012-07-19,-1.1217658338331749,-1.2090161022594903,0.08725026842631545,train
2012-07-20,-0.94212342953728,-1.1735514477022513,0.23142801816497127,train
2012-07-23,-0.7080871647851933,-1.1727970145705608,0.46470984978536756,train
2012-07-24,-0.736265112022895,-1.1650540616348735,0.42878894961197844,train
2012-07-25,-0.7047887311488061,-1.2224776609409784,0.5176889297921723,train
2012-07-26,-0.7132568407299783,-1.1176440731590493,0.40438723242907104,train
2012-07-27,-0.47674843382411347,-0.9904253580954928,0.5136769242713793,train
2012-07-30,-0.602937582162736,-0.8483724617580466,0.24543487959531063,train
2012-07-31,-0.5614811742664868,-1.0439306064603238,0.48244943219383696,train
2012-08-01,-0.6186647504219193,-0.9940944574856163,0.37542970706369705,train
2012-08-02,-0.7048583166553247,-0.9668443484672334,0.2619860318119087,train
2012-08-03,-1.251907472288316,-0.7151161788351186,-0.5367912934531973,train
2012-08-06,-1.4612696213545158,-0.8849503697520553,-0.5763192516024604,train
2012-08-07,-1.61918863133001,-0.8927383561364589,-0.726450275193551,train
2012-08-08,-1.6379483521360405,-1.0472145004520375,-0.590733851684003,train
2012-08-09,-1.6822305511222322,-1.1233120063800301,-0.558918544742202,train
2012-08-10,-1.7932646737563591,-1.20960187268075,-0.5836628010756091,train
2012-08-13,-1.8025600209705464,-1.3116951499901945,-0.4908648709803518,train
2012-08-14,-1.794000224283478,-1.379216429015113,-0.41478379526836506,train
2012-08-15,-1.6703480313965384,-1.422920529364529,-0.24742750203200936,train
2012-08-16,-1.5161505979016647,-1.4803859711336202,-0.03576462676804448,train
2012-08-17,-1.4546407182652268,-1.517715382799377,0.06307466453415023,train
2012-08-20,-1.383296428564992,-1.492030505197618,0.10873407663262591,train
2012-08-21,-1.4479271685145934,-1.4966064107858736,0.04867924227128029,train
2012-08-22,-1.5310317241336269,-1.4119731495996328,-0.11905857453399404,train
2012-08-23,-1.6629117801832285,-1.3362832791806587,-0.3266285010025698,train
2012-08-24,-1.7387849857536246,-1.3435136622820338,-0.3952713234715908,train
2012-08-27,-1.5501118530964508,-1.2848701558090572,-0.26524169728739366,train
2012-08-28,-1.5508425453500763,-1.4751538796395174,-0.07568866571055888,train
2012-08-29,-1.5257776081065288,-1.4809022743987972,-0.04487533370773167,train
2012-08-30,-1.3893792653461023,-1.555616755139421,0.16623748979331876,train
2012-08-31,-1.2421203938018401,-1.602754676823681,0.36063428302184075,train
2012-09-03,-1.3633457600305336,-1.4043645076884896,0.04101874765795599,train
2012-09-04,-1.339978858892114,-1.6319092691588502,0.29193041026673616,train
2012-09-05,-1.3410695073984311,-1.5574506282529272,0.21638112085449612,train
2012-09-06,-1.3156595379018807,-1.4383054826733213,0.12264594477144053,train
2012-09-07,-1.2431784769409295,-1.3428390905156817,0.0996606135747522,train
2012-09-10,-1.2567864649203506,-1.3925860981345715,0.13579963321422084,train
2012-09-11,-1.1689628034561708,-1.479614274054352,0.3106514705981813,train
2012-09-12,-1.1285699384622232,-1.4380675182936409,0.3094975798314177,train
2012-09-13,-1.1972095319683502,-1.3437015798541676,0.14649204788581738,train
2012-09-14,-1.3008932077397102,-1.2710298216620926,-0.029863386077617626,train
2012-09-17,-1.1657578087798242,-1.3303105456180646,0.16455273683824045,train
2012-09-18,-1.1662881890071557,-1.2688996443206793,0.10261145531352356,train
2012-09-19,-1.1711670159615546,-1.2477692448971691,0.07660222893561452,train
2012-09-20,-1.1844087444719786,-1.2882464288899305,0.10383768441795183,train
2012-09-21,-1.2069645746099877,-1.289367113919782,0.08240253930979424,train
2012-09-24,-1.362986253065677,-1.1736555670995645,-0.18933068596611236,train
2012-09-25,-1.36105562151588,-1.2457052673050415,-0.1153503542108385,train
2012-09-26,-1.3935085734718213,-1.2601697757375054,-0.1333387977343159,train
2012-09-27,-1.396237909929618,-1.2786686001138847,-0.11756930981573332,train
2012-09-28,-1.4027248187925148,-1.2556604011164092,-0.14706441767610556,train
2012-10-01,-1.4789241271577565,-1.30180550906322,-0.17711861809453655,train
2012-10-02,-1.5956126428368038,-1.2830669346455152,-0.3125457081912886,train
2012-10-03,-1.559946426091966,-1.3451720438263661,-0.21477438226559986,train
2012-10-04,-1.5490067612895684,-1.3357963461880649,-0.21321041510150351,train
2012-10-05,-1.5558986674541737,-1.3098895576183365,-0.24600910983583724,train
2012-10-08,-1.5073535529774618,-1.411983807354689,-0.09536974562277267,train
2012-10-09,-1.4941291664721652,-1.4904086935690728,-0.003720472903092409,train
2012-10-10,-1.5672577998800472,-1.4114019527386876,-0.15585584714135958,train
2012-10-11,-1.5634582864827586,-1.4136339854341822,-0.14982430104857647,train
2012-10-12,-1.6336138581989812,-1.3989494214388842,-0.23466443676009696,train
2012-10-15,-1.686825081476145,-1.3994356727278765,-0.28738940874826846,train
2012-10-16,-1.694487604808181,-1.4460060870556943,-0.2484815177524866,train
2012-10-17,-1.7196078940884847,-1.481501022497712,-0.2381068715907726,train
2012-10-18,-1.7236034965401905,-1.4418329841556312,-0.2817705123845593,train
2012-10-19,-1.7102491058385056,-1.5096948795520126,-0.200554226286493,train
2012-10-22,-1.6563841703526079,-1.5426151828965016,-0.11376898745610631,train
2012-10-23,-1.6768170892899619,-1.5658615688243158,-0.11095552046564605,train
2012-10-24,-1.7001911268438914,-1.6051607857874286,-0.0950303410564628,train
2012-10-25,-1.8017748622276808,-1.5511144412825448,-0.25066042094513596,train
2012-10-26,-1.8542891916047735,-1.5732404696905329,-0.2810487219142406,train
2012-10-29,-1.8220493580513326,-1.5317166346828586,-0.29033272336847404,train
2012-10-30,-1.7801677135713008,-1.6147323588688265,-0.16543535470247428,train
2012-10-31,-1.727448307353864,-1.652307241739558,-0.07514106561430611,train
2012-11-01,-1.5301270302295584,-1.6912099661521267,0.16108293592256828,train
2012-11-02,-1.4431750651140105,-1.7076820887049031,0.2645070235908926,train
2012-11-05,-1.494587939544206,-1.6277069499974457,0.1331190104532396,train
2012-11-06,-1.5366838200236594,-1.6625306041085979,0.12584678408493843,train
2012-11-07,-1.5187082495032376,-1.6383052048935718,0.11959695539033421,train
2012-11-08,-1.661901590452438,-1.4632718511063443,-0.19862973934609363,train
2012-11-09,-1.7591950260104456,-1.461344411275609,-0.29785061473483654,train
2012-11-12,-1.7617050588816374,-1.5247382883666305,-0.23696677051500692,train
2012-11-13,-1.730390813279065,-1.6125718419015886,-0.11781897137747643,train
2012-11-14,-1.6144241290658718,-1.5510727727403497,-0.06335135632552213,train
2012-11-15,-1.593191553058513,-1.6014909817332292,0.008299428674716225,train
2012-11-16,-1.5959809036665749,-1.6606695491174708,0.06468864545089592,train
2012-11-19,-1.5995048960075768,-1.644238641673083,0.04473374566550614,train
2012-11-20,-1.616339845142803,-1.6544126528372505,0.03807280769444743,train
2012-11-21,-1.7077947100859996,-1.5183106582972554,-0.18948405178874417,train
2012-11-22,-1.757723981944307,-1.5554493902128768,-0.20227459173143014,train
2012-11-23,-1.759707253527461,-1.5946135715245546,-0.1650936820029063,train
2012-11-26,-1.7347026060878266,-1.579100371777833,-0.15560223430999365,train
2012-11-27,-1.7233610169109448,-1.63068987982765,-0.09267113708329489,train
2012-11-28,-1.8317961698388878,-1.6008751524522629,-0.23092101738662496,train
2012-11-29,-1.9135833620382656,-1.6547292199875991,-0.2588541420506665,train
2012-11-30,-1.8683269827495557,-1.6601242733270958,-0.2082027094224599,train
2012-12-03,-1.848063103804476,-1.607558656340819,-0.24050444746365685,train
2012-12-04,-1.8641712751998347,-1.6447625985281793,-0.21940867667165542,train
2012-12-05,-1.834373827550384,-1.728996624735891,-0.10537720281449303,train
2012-12-06,-1.8147741103434767,-1.8033499879419244,-0.011424122401552328,train
2012-12-07,-1.8309174373485873,-1.6999820546399698,-0.1309353827086175,train
2012-12-10,-1.8267426123334705,-1.6795566190476414,-0.14718599328582904,train
2012-12-11,-1.8052493277806443,-1.7611361718222818,-0.044113155958362515,train
2012-12-12,-1.8780651307028497,-1.7411693634867431,-0.13689576721610663,train
2012-12-13,-1.8416043795486237,-1.7603141372879583,-0.08129024226066539,train
2012-12-14,-1.7560735857360181,-1.7117218291290635,-0.04435175660695467,train
2012-12-17,-1.7137668801748236,-1.675578162524538,-0.03818871765028553,train
2012-12-18,-1.7869643894307337,-1.7168878884512837,-0.07007650097944995,train
2012-12-19,-1.868607846261501,-1.8460456207588702,-0.02256222550263076,train
2012-12-20,-1.8674939912440471,-1.760753348794436,-0.10674064244961112,train
2012-12-21,-1.9013218123959328,-1.6630137005239094,-0.2383081118720234,train
2012-12-24,-1.9894645167319556,-1.6393937598353154,-0.35007075689664013,train
2012-12-25,-1.7027018334564008,-1.8367127456423638,0.13401091218596295,train
2012-12-26,-1.319815778527367,-2.1662543085670736,0.8464385300397066,train
2012-12-27,-1.195514654592599,-1.9133461217679815,0.7178314671753825,train
2012-12-28,-1.1607238130107433,-1.8654958260440726,0.7047720130333293,train
2012-12-31,-1.1516886496709715,-1.9014949126670957,0.7498062629961242,train
2013-01-02,-1.2171266680244905,-1.720619860728565,0.5034931927040744,train
2013-01-03,-1.441054535364163,-1.4129329319467285,-0.028121603417434526,train
2013-01-04,-1.4727588076428653,-1.3792260422856282,-0.09353276535723709,train
2013-01-07,-1.4388140075282507,-1.3708517220938092,-0.0679622854344415,train
2013-01-08,-1.4264805748628029,-1.3895747521644692,-0.036905822698333646,train
2013-01-09,-1.3017754417843714,-1.4159818034115632,0.11420636162719178,train
2013-01-10,-1.1967136888034267,-1.5635338266993537,0.36682013789592705,train
2013-01-11,-1.2153065627787005,-1.4748047712742638,0.25949820849556327,train
2013-01-14,-1.1907430725960815,-1.4389596953476507,0.2482166227515692,train
2013-01-15,-1.2566332660603985,-1.4682435413116561,0.21161027525125764,train
2013-01-16,-1.2513095567187158,-1.3410382266077865,0.08972866988907069,train
2013-01-17,-1.2602114948430416,-1.3088820792320983,0.04867058438905669,train
2013-01-18,-1.2136303875109655,-1.3306056978295564,0.11697531031859087,train
2013-01-21,-1.2466341166875847,-1.2583896500302039,0.01175553334261914,train
2013-01-22,-1.1900108395255442,-1.4430093156404535,0.25299847611490933,train
2013-01-23,-1.332868203275727,-1.2864108486990886,-0.046457354576638465,train
2013-01-24,-1.4252723411870667,-1.3277801174402628,-0.09749222374680389,train
2013-01-25,-1.5851464596405662,-1.2721957074479422,-0.312950752192624,train
2013-01-28,-1.5380524734310541,-1.2557720698012032,-0.28228040362985096,train
2013-01-29,-1.503241199311243,-1.2563155188868722,-0.24692568042437069,train
2013-01-30,-1.2939657399663727,-1.3440748638809432,0.050109123914570564,train
2013-01-31,-1.215157617952659,-1.397172546235153,0.18201492828249388,train
2013-02-01,-1.060045661056047,-1.4949330727432943,0.4348874116872474,train
2013-02-04,-1.1076505893071542,-1.3675760436952509,0.25992545438809667,train
2013-02-05,-1.1261436282860562,-1.4038080404771405,0.2776644121910843,train
2013-02-06,-1.2226519275535845,-1.245515602230634,0.022863674677049417,train
2013-02-07,-1.2625384985603776,-1.2587173147853616,-0.003821183775015946,train
2013-02-08,-1.358210437145983,-1.121145190550408,-0.23706524659557515,train
2013-02-11,-1.3218578352657853,-1.185726968689577,-0.1361308665762082,train
2013-02-12,-1.3750497094566732,-1.228707773781019,-0.14634193567565412,train
2013-02-13,-1.4800085708287407,-1.2269390948436967,-0.25306947598504403,train
2013-02-14,-1.370882446932271,-1.2802133563858284,-0.09066909054644245,train
2013-02-15,-1.3173319422784273,-1.2955682107070563,-0.021763731571371014,train
2013-02-18,-1.3639197969967345,-1.257033569128764,-0.10688622786797053,train
2013-02-19,-1.0648948196762453,-1.3978008783275502,0.33290605865130485,train
2013-02-20,-0.8571735535570838,-1.4451372768691442,0.5879637233120604,train
2013-02-21,-0.910097689721133,-1.2861292848348123,0.37603159511367923,train
2013-02-22,-0.9135135476971965,-1.2764912428993407,0.3629776952021442,train
2013-02-25,-0.9283882695830818,-1.3323941207963999,0.404005851213318,train
2013-02-26,-1.1666987579248567,-1.0936443242781664,-0.07305443364669029,train
2013-02-28,-1.4937115383491015,-0.9892963179635499,-0.5044152203855516,train
2013-03-01,-1.4689813073277562,-1.1295517443178476,-0.3394295630099087,train
2013-03-04,-1.3509485629045401,-1.0831448026311938,-0.2678037602733463,train
2013-03-05,-1.4218745898984144,-1.1393105755128796,-0.2825640143855348,train
2013-03-06,-1.428516174721485,-1.2720951151752726,-0.15642105954621233,train
2013-03-07,-1.3142828731265008,-1.4550688153026143,0.1407859421761135,train
2013-03-08,-1.3562273868251282,-1.3407860986080518,-0.015441288217076465,train
2013-03-11,-1.4902792880534856,-1.2352653007261165,-0.25501398732736913,train
2013-03-12,-1.2385689986455386,-1.4533252767170615,0.21475627807152287,train
2013-03-13,-0.9522568801878536,-1.4433853471633302,0.49112846697547663,train
2013-03-14,-0.9029450602623034,-1.3153903540727674,0.412445293810464,train
2013-03-15,-0.8521273378404484,-1.3631657452120878,0.5110384073716394,train
2013-03-18,-0.8642158551228679,-1.3496072848615495,0.48539142973868155,train
2013-03-19,-0.7987314492324368,-1.1853669042796344,0.38663545504719765,train
2013-03-20,-0.9742105662685303,-1.0126458790458897,0.03843531277735934,train
2013-03-21,-1.0566330726274435,-1.0614532008852162,0.004820128257772671,train
2013-03-22,-1.1100044970340714,-1.0345785848991942,-0.07542591213487726,train
2013-03-25,-1.2238855665040203,-1.0508790047114998,-0.1730065617925205,train
2013-03-26,-1.6234197397065047,-0.918660287408422,-0.7047594522980827,train
2013-03-27,-1.735892895756921,-1.0906470036250415,-0.6452458921318796,train
2013-03-28,-1.8328741560554627,-1.171864272642638,-0.6610098834128246,train
2013-03-29,-1.4145588160769498,-1.204370632402584,-0.21018818367436576,train
2013-04-01,-1.124734443506976,-1.4127948045332148,0.2880603610262389,train
2013-04-02,-1.0839511489979465,-1.5464294836448036,0.46247833464685706,train
2013-04-03,-1.023717070923005,-1.5362985538899387,0.5125814829669337,train
2013-04-04,-0.9924578597616547,-1.6181629181799888,0.6257050584183341,train
2013-04-05,-1.296384712408457,-1.3040824648171612,0.007697752408704073,train
2013-04-08,-1.530865252164592,-1.1845405091110284,-0.34632474305356364,train
2013-04-09,-1.4695463650707503,-1.2914051892006324,-0.1781411758701179,train
2013-04-10,-1.3948004651004375,-1.2028147203614916,-0.19198574473894592,train
2013-04-11,-1.2455218078856076,-1.2208100309704293,-0.02471177691517834,train
2013-04-12,-1.15418407938599,-1.3595986301454681,0.205414550759478,train
2013-04-15,-1.1320547896383284,-1.383405537323622,0.25135074768529364,train
2013-04-16,-1.193195016088306,-1.3418812828995097,0.14868626681120367,train
2013-04-17,-1.214510247373738,-1.2636573138153242,0.049147066441586285,train
2013-04-18,-1.3505684057457423,-1.200547084716026,-0.15002132102971633,train
2013-04-19,-1.4202218081531648,-1.1980223630658802,-0.22219944508728462,train
2013-04-22,-1.4581326244882722,-1.2080891488591776,-0.25004347562909457,train
2013-04-23,-1.4726936196744946,-1.3270405672719754,-0.14565305240251925,train
2013-04-24,-1.5718744164516487,-1.2276380865816623,-0.3442363298699864,train
2013-04-25,-1.5221571293047989,-1.3670347935368576,-0.1551223357679412,train
2013-04-26,-1.1211748316216819,-1.3944155884349925,0.2732407568133106,train
2013-04-29,-0.829298347425947,-1.405635177468231,0.576336830042284,train
2013-04-30,-0.8304365708702891,-1.4815106276353096,0.6510740567650205,train
2013-05-01,-0.8742904500162609,-1.4337285510420301,0.5594381010257692,train
2013-05-02,-0.9117379829654624,-1.3902809503716294,0.478542967406167,train
2013-05-03,-1.205503775311447,-1.1189526882518903,-0.08655108705955672,train
2013-05-06,-1.518382565832061,-0.9848140633112321,-0.533568502520829,train
2013-05-07,-1.4260960748992093,-1.2409767904527722,-0.1851192844464371,train
2013-05-08,-1.298960018048252,-1.2999136493382362,0.0009536312899842692,train
2013-05-09,-1.2176403309797934,-1.2957604590887422,0.07812012810894875,train
2013-05-10,-1.1798051709722654,-1.3558225957756993,0.17601742480343385,train
2013-05-13,-1.2801055919546525,-1.3496094117225899,0.0695038197679374,train
2013-05-14,-1.3393467151923233,-1.3528062123529632,0.013459497160639877,train
2013-05-15,-1.3927911365292907,-1.2560519755658779,-0.13673916096341276,train
2013-05-16,-1.2267104671658575,-1.2160077723583615,-0.010702694807495972,train
2013-05-17,-1.2110342888331016,-1.2016041232650672,-0.009430165568034443,train
2013-05-20,-1.1631323736999573,-1.2905583122379107,0.12742593853795348,train
2013-05-21,-1.2367739332919816,-1.3729175641269504,0.13614363083496883,train
2013-05-22,-1.2176616581165813,-1.3477148349498107,0.13005317683322937,train
2013-05-23,-1.3536210267313435,-1.17557541042916,-0.17804561630218352,train
2013-05-24,-1.3565230945942364,-1.2363015995342612,-0.12022149505997515,train
2013-05-27,-1.3489663996332864,-1.2179386913832988,-0.13102770824998755,train
2013-05-28,-1.076230067462117,-1.5525138321539993,0.47628376469188227,train
2013-05-29,-1.1034668549440636,-1.3314674152720662,0.22800056032800264,train
2013-05-30,-1.113057503703754,-1.3245136726697222,0.2114561689659682,train
2013-05-31,-0.9553254740793234,-1.327878576425339,0.37255310234601546,train
2013-06-03,-0.8864244533354341,-1.327246819754793,0.440822366419359,train
2013-06-04,-1.0338567416879665,-1.1041082198549064,0.07025147816693988,train
2013-06-05,-0.9886990566560042,-1.2399483625574017,0.2512493059013975,train
2013-06-06,-1.0503368629031398,-1.1810614360940204,0.1307245731908806,train
2013-06-07,-1.2053859005222949,-1.0207943995131754,-0.18459150100911947,train
2013-06-10,-1.443815331525642,-1.0171874298605907,-0.42662790166505116,train
2013-06-11,-1.4738248956634643,-1.2234890797240894,-0.25033581593937493,train
2013-06-12,-1.4989716715625707,-1.1299986306295273,-0.3689730409330434,train
2013-06-13,-1.3816591598326264,-1.218739730373477,-0.1629194294591494,train
2013-06-14,-1.262863610088235,-1.192563108635326,-0.07030050145290878,train
2013-06-17,-1.1581319209084262,-1.44540191102929,0.28726999012086374,train
2013-06-18,-1.0472585366134501,-1.4567127004010965,0.4094541637876463,train
2013-06-19,-1.0830351741263018,-1.376389886446314,0.2933547123200122,train
2013-06-20,-1.148525385820452,-1.2902497543764306,0.14172436855597859,train
2013-06-21,-1.3798508467328974,-1.1959425015150287,-0.1839083452178687,train
2013-06-24,-1.4393911868874392,-1.2175749937942402,-0.221816193093199,train
2013-06-25,-1.6125886156791183,-1.1287276650235838,-0.48386095065553447,train
2013-06-26,-1.637913048988947,-1.2150287868149523,-0.4228842621739948,train
2013-06-27,-1.5780625218713495,-1.207617507736401,-0.37044501413494846,train
2013-06-28,-1.3829377223522181,-1.3399523824504023,-0.042985339901815856,train
2013-07-01,-1.3566009974457178,-1.3494846422779876,-0.007116355167730237,train
2013-07-02,-1.3834621836913066,-1.4871039146506098,0.10364173095930318,train
2013-07-03,-1.3256265756022558,-1.4667566742517586,0.14113009864950277,train
2013-07-04,-1.0352581703919275,-1.390572366341706,0.35531419594977853,train
2013-07-05,-0.633668164070742,-1.2743853560758156,0.6407171920050736,train
2013-07-08,-0.599636129941933,-1.3335558973621036,0.7339197674201705,train
2013-07-09,-0.5364064719292848,-1.494049288155902,0.9576428162266172,train
2013-07-10,-0.529867362459876,-1.3530351524490203,0.8231677899891443,train
2013-07-11,-0.6715895813273225,-1.1119430700743882,0.4403534887470657,train
2013-07-12,-1.2459320734539543,-0.9192381411911771,-0.3266939322627772,train
2013-07-15,-1.369068575407498,-1.0678214865620015,-0.30124708884549656,train
2013-07-16,-1.4940958594628604,-1.0110035371397172,-0.48309232232314314,train
2013-07-17,-1.646554002331926,-0.9957675512351449,-0.6507864510967811,train
2013-07-18,-1.7017946439412643,-1.0108148238467758,-0.6909798200944886,train
2013-07-19,-1.6103675558169066,-1.2982398236497947,-0.31212773216711187,train
2013-07-22,-1.633622579504746,-1.36055666730905,-0.2730659121956962,train
2013-07-23,-1.6635884943746866,-1.4712136874285373,-0.19237480694614928,train
2013-07-24,-1.6648582100562352,-1.5679069492419246,-0.0969512608143106,train
2013-07-25,-1.5814586891310902,-1.45757527818432,-0.12388341094677013,train
2013-07-26,-1.5658326698339768,-1.4469610095651984,-0.11887166026877849,train
2013-07-29,-1.3441616024321597,-1.5385199639454168,0.19435836151325714,train
2013-07-30,-1.3238472178789726,-1.6073255155874018,0.28347829770842914,train
2013-07-31,-1.323550673646367,-1.6007896786346103,0.2772390049882434,train
2013-08-01,-1.5231189261701485,-1.4075427607792594,-0.11557616539088911,train
2013-08-02,-1.666802870093579,-1.448465362700746,-0.21833750739283309,train
2013-08-05,-2.0957324030162643,-1.3016826692040122,-0.7940497338122521,train
2013-08-06,-2.1700092750077196,-1.4495454904348724,-0.7204637845728472,train
2013-08-07,-2.103455211911977,-1.473417262689931,-0.6300379492220463,train
2013-08-08,-2.2206900848520337,-1.5222717055356676,-0.6984183793163661,train
2013-08-09,-1.7467328479210402,-1.6274738782827252,-0.11925896963831506,train
2013-08-12,-1.6864091368194796,-1.8602338934632074,0.17382475664372787,train
2013-08-13,-1.6859821182725891,-1.9107233390291725,0.22474122075658332,train
2013-08-14,-1.6671898908920442,-1.8213979021134459,0.1542080112214017,train
2013-08-15,-1.5175898658375282,-1.9824651110904776,0.46487524525294943,train
2013-08-16,-1.7322379809545474,-1.6336641470288569,-0.09857383392569052,train
2013-08-19,-1.700095366583133,-1.7720812570696034,0.0719858904864703,train
2013-08-20,-1.7159822919332588,-1.8293299990851288,0.11334770715187004,train
2013-08-21,-1.7141500983910327,-1.7294075496673582,0.015257451276325495,train
2013-08-22,-1.8139463256990909,-1.5974063295212924,-0.2165399961777985,train
2013-08-23,-1.870729359096974,-1.6380202019560353,-0.23270915714093876,train
2013-08-26,-1.933303873036935,-1.6850727519046198,-0.24823112113231516,train
2013-08-27,-1.943338732245863,-1.815517588899851,-0.12782114334601213,train
2013-08-28,-1.9894464474964022,-1.6969814323621832,-0.29246501513421896,train
2013-08-29,-2.063174121619835,-1.757196763620759,-0.3059773579990761,train
2013-08-30,-2.0031305721868473,-1.7315123696575143,-0.271618202529333,train
2013-09-02,-1.7786170335282523,-1.8505103788684667,0.07189334534021441,train
2013-09-03,-1.699221620733869,-1.9439416766729782,0.24472005593910917,train
2013-09-04,-1.7453208006243908,-1.8742911365584676,0.1289703359340768,train
2013-09-05,-1.7049426922854765,-1.9656127536394308,0.2606700613539543,train
2013-09-06,-1.8221300595487406,-1.8254828662074278,0.003352806658687202,train
2013-09-09,-2.0041180329408284,-1.7127866676846821,-0.2913313652561462,train
2013-09-10,-2.024091572308157,-1.7495871910567944,-0.2745043812513628,train
2013-09-11,-2.0793363352558454,-1.8076004384286755,-0.2717358968271699,train
2013-09-12,-1.591008003457353,-1.7443489356066035,0.1533409321492505,train
2013-09-13,-1.533399135438384,-1.7976451383785814,0.2642460029401974,train
2013-09-16,-1.5336797049321809,-1.8264165281322602,0.2927368232000793,train
2013-09-17,-1.483143084953382,-1.8761870987311513,0.3930440137777693,train
2013-09-18,-1.4566447527853683,-1.994637561075631,0.5379928082902627,train
2013-09-19,-1.9317072176921462,-1.583189882553399,-0.34851733513874716,train
2013-09-20,-2.0527860107699314,-1.6883282993671203,-0.36445771140281114,train
2013-09-23,-2.128035324235227,-1.7304178096952034,-0.39761751454002336,train
2013-09-24,-2.2445335091741785,-1.6763888355098737,-0.5681446736643048,train
2013-09-25,-2.1371076296991864,-1.7322022703778277,-0.40490535932135874,train
2013-09-26,-1.9768456197658075,-1.8988206835163732,-0.0780249362494343,train
2013-09-27,-1.8739255900309997,-1.9233411189054341,0.049415528874434456,train
2013-09-30,-1.8621297807463655,-1.9701208591858308,0.10799107843946532,train
2013-10-01,-1.9029997163730374,-1.9968288088015105,0.09382909242847304,train
2013-10-02,-2.013415601406968,-1.9086330168700407,-0.10478258453692724,train
2013-10-03,-2.058111873458022,-1.8074951534262351,-0.25061672003178703,train
2013-10-04,-2.182427910610296,-1.765085698532766,-0.4173422120775301,train
2013-10-07,-2.1730556065238864,-1.8252359687312723,-0.34781963779261416,train
2013-10-08,-2.1898502457757334,-1.9010145581395104,-0.288835687636223,train
2013-10-09,-2.050281391510043,-1.975735704014687,-0.07454568749535606,train
2013-10-10,-1.7253621380452013,-1.899321315215014,0.17395917716981257,train
2013-10-11,-1.6196871901774854,-1.9932502450789809,0.37356305490149544,train
2013-10-14,-1.6542602554914685,-1.9844613635774713,0.3302011080860028,train
2013-10-15,-0.71371029191632,-2.0595226640398563,1.3458123721235364,train
2013-10-16,-0.672518585692218,-1.8937761536090798,1.2212575679168618,train
2013-10-17,-0.8074888671378294,-1.6774943841362657,0.8700055169984363,train
2013-10-18,-0.8307027847137786,-1.6990135687315693,0.8683107840177907,train
2013-10-21,-0.8084217354318911,-1.8801517657330098,1.0717300303011186,train
2013-10-22,-1.917089079641752,-1.1949753495998632,-0.7221137300418887,train
2013-10-23,-2.0750846951125186,-1.3860911361124062,-0.6889935590001124,train
2013-10-24,-2.0076752312897477,-1.6809137468418252,-0.3267614844479225,train
2013-10-25,-1.9409726060285486,-1.6161516971941778,-0.32482090883437076,train
2013-10-28,-1.9025007590119931,-1.596543453632104,-0.3059573053798892,train
2013-10-29,-1.7818029811848233,-1.9284782435371235,0.14667526235230022,train
2013-10-30,-1.8228483717146435,-1.8613005775486424,0.03845220583399889,train
2013-10-31,-1.7816728035957106,-1.8564125200326065,0.07473971643689592,train
2013-11-01,-0.9043060506719649,-1.770258680568572,0.8659526298966072,train
2013-11-04,-0.8229045653148109,-1.7902219839449924,0.9673174186301815,train
2013-11-05,-0.8642647242143933,-1.714249879638004,0.8499851554236106,train
2013-11-06,-0.8200387081571646,-1.7695786276906516,0.9495399195334869,train
2013-11-07,-0.7905549171244209,-1.7085826925912564,0.9180277754668354,train
2013-11-08,-1.5420577207698858,-1.2145986726785125,-0.3274590480913733,train
2013-11-11,-1.7670060236015626,-1.33849297789955,-0.42851304570201254,train
2013-11-12,-1.7446229867002032,-1.5903979552298209,-0.15422503147038236,train
2013-11-13,-1.8027065258499524,-1.40023468903573,-0.4024718368142224,train
2013-11-14,-1.5097353059263299,-1.3524435329873383,-0.15729177293899155,train
2013-11-15,-1.416315947079237,-1.545049968152903,0.12873402107366605,train
2013-11-18,-1.4181806142067324,-1.717053204370954,0.29887259016422174,train
2013-11-19,-1.4106384442746618,-1.7275312190661982,0.31689277479153644,train
2013-11-20,-1.4212288405799305,-1.6642822004750886,0.24305335989515808,train
2013-11-21,-1.7962182029223182,-1.468918398857082,-0.3272998040652362,train
2013-11-22,-2.0757004224962516,-1.5035480360921576,-0.572152386404094,train
2013-11-25,-2.092329550338768,-1.6309289806261136,-0.46140056971265464,train
2013-11-26,-2.010494427635846,-1.6319574707139128,-0.378536956921933,train
2013-11-27,-2.1147710860348714,-1.5842218460214696,-0.5305492400134018,train
2013-11-28,-2.1149057939146116,-1.715444198155272,-0.3994615957593397,train
2013-11-29,-1.7926781112099173,-1.8644856179759381,0.07180750676602088,train
2013-12-02,-1.6759160261203765,-1.8638172047722157,0.1879011786518392,train
2013-12-03,-1.7876237783851863,-1.7729529049104338,-0.014670873474752488,train
2013-12-04,-1.7793204195131882,-1.8957069452341198,0.11638652572093156,train
2013-12-05,-1.7681751919745536,-1.8560848907732757,0.08790969879872201,train
2013-12-06,-1.986101817438586,-1.6191622729096886,-0.36693954452889743,train
2013-12-09,-2.136293538528298,-1.6194459924847473,-0.5168475460435509,train
2013-12-10,-2.0649446642006297,-1.8965049443832003,-0.16843971981742945,train
2013-12-11,-2.0475048335907875,-1.8467165961617429,-0.2007882374290446,train
2013-12-12,-1.550659229348814,-1.789628609830204,0.23896938048139016,train
2013-12-13,-1.5452269773509373,-1.8425233803563361,0.29729640300539883,train
2013-12-16,-1.5148819043109654,-1.951896979767393,0.4370150754564277,train
2013-12-17,-1.5559816026709887,-1.9205349658238955,0.36455336315290676,train
2013-12-18,-1.6085885556617106,-1.9055357926122172,0.2969472369505066,train
2013-12-19,-2.3605652883274475,-1.550744715768601,-0.8098205725588465,train
2013-12-20,-2.6412686286814524,-1.7164902641938955,-0.9247783644875569,train
2013-12-23,-2.165720968039459,-1.7306913056626154,-0.4350296623768437,train
2013-12-24,-2.0443060227781937,-1.90347040349692,-0.14083561928127364,train
2013-12-25,-1.8772764203856571,-1.9742601766703631,0.09698375628470601,train
2013-12-26,-1.6223280328800238,-2.3344053072946704,0.7120772744146466,train
2013-12-27,-1.5228564049244468,-2.390043992396015,0.8671875874715682,train
2013-12-30,-1.7455040494921963,-2.025068227916866,0.27956417842466963,train
2013-12-31,-1.742925447950522,-2.086377479498337,0.3434520315478151,train
2014-01-02,-1.754846766311505,-1.9551597784614465,0.20031301214994146,train
2014-01-03,-1.787905309390135,-1.7250286316249535,-0.06287667776518147,train
2014-01-06,-1.4177726831610098,-1.692604888642933,0.2748322054819232,train
2014-01-07,-1.4541813135813395,-1.775595638597729,0.32141432501638945,train
2014-01-08,-1.4960165867430002,-1.788899931994449,0.29288334525144877,train
2014-01-09,-1.5164199496598598,-1.7734493541996383,0.2570294045397785,train
2014-01-10,-1.5733126485057007,-1.7266303107300893,0.15331766222438858,train
2014-01-13,-2.0803827985398278,-1.480804192871619,-0.5995786056682089,train
2014-01-14,-2.111712233279668,-1.7412220084482604,-0.3704902248314075,train
2014-01-15,-2.0900481847039463,-1.792874531887472,-0.29717365281647434,train
2014-01-16,-2.1563285385822266,-1.7411514153829317,-0.4151771231992949,train
2014-01-17,-2.0719403392773614,-1.746741220876537,-0.3251991184008245,train
2014-01-20,-1.8837104232564974,-1.924338901330481,0.04062847807398362,train
2014-01-21,-1.8242486199131007,-2.0160239133310953,0.1917752934179946,train
2014-01-22,-1.8239829181721487,-1.974342938052034,0.15036001987988534,train
2014-01-23,-1.681557332156135,-2.006512543095676,0.32495521093954083,train
2014-01-24,-1.7265223445251197,-1.8709374593987558,0.14441511487363612,train
2014-01-27,-1.7837728418446044,-1.7683117990882549,-0.015461042756349519,train
2014-01-28,-1.7513328746481072,-1.7969353790279956,0.04560250437988844,train
2014-01-29,-1.7245333919416164,-1.8087798566048523,0.08424646466323593,train
2014-01-30,-1.8377571198622575,-1.64759653613363,-0.19016058372862754,train
2014-01-31,-1.6452587070531168,-1.7007947766127758,0.05553606955965895,train
2014-02-03,-1.6492306968901616,-1.702507647488862,0.05327695059870052,train
2014-02-04,-1.7557458751536468,-1.7237263302172854,-0.03201954493636139,train
2014-02-05,-1.7459239229315084,-1.7329159946156514,-0.013007928315857065,train
2014-02-06,-1.729203327756284,-1.7753509321627428,0.04614760440645882,train
2014-02-07,-1.933637674562439,-1.5776271020956256,-0.35601057246681345,train
2014-02-10,-2.09109666413817,-1.6570116703625755,-0.4340849937755946,train
2014-02-11,-2.053312934809319,-1.9179231403215182,-0.13538979448780064,train
2014-02-12,-2.128946737439421,-1.8156360051429958,-0.31331073229642525,train
2014-02-13,-2.2932223756696293,-1.791991104598094,-0.5012312710715352,train
2014-02-14,-2.455413111729928,-1.8131977031214415,-0.6422154086084866,train
2014-02-17,-2.456771656597626,-1.9876475191001008,-0.469124137497525,train
2014-02-18,-2.4653265986738004,-1.9746054183177957,-0.49072118035600476,train
2014-02-19,-2.4828039842470795,-1.9958242126610413,-0.4869797715860382,train
2014-02-20,-2.4060646241922883,-2.1385871124771945,-0.2674775117150938,train
2014-02-21,-2.372215385532882,-2.111135930231595,-0.26107945530128696,train
2014-02-24,-1.9285936461831237,-2.140348173152676,0.21175452696955244,train
2014-02-25,-1.8346453861947074,-2.169195405303644,0.3345500191089368,train
2014-02-26,-1.7834062756820848,-2.1809885948712107,0.3975823191891259,train
2014-02-27,-1.7285358929503138,-2.1382211257245545,0.4096852327742406,train
2014-02-28,-1.663669621255602,-2.0918637303969896,0.42819410914138767,train
2014-03-03,-1.9280613895293155,-1.8219684143775607,-0.10609297515175475,train
2014-03-04,-2.0534757158524264,-1.8835360017794767,-0.16993971407294972,train
2014-03-05,-2.149417361326696,-1.879156299034247,-0.27026106229244884,train
2014-03-06,-2.2552027839866313,-1.833623801279228,-0.42157898270740324,train
2014-03-07,-2.10440556186688,-1.7623905193802187,-0.34201504248666126,train
2014-03-10,-2.0880060192747676,-1.8958241618769307,-0.19218185739783689,train
2014-03-11,-2.0423675220738824,-2.080312933209613,0.03794541113573047,train
2014-03-12,-1.9222660101361482,-2.138928761570021,0.21666275143387304,train
2014-03-13,-1.786518805820526,-2.1567253503685695,0.3702065445480436,train
2014-03-14,-1.9558718025082782,-1.9547631175966702,-0.0011086849116079822,train
2014-03-17,-1.9917462228952179,-2.040086929577828,0.04834070668261026,train
2014-03-18,-1.7963132855672623,-2.0689935032095184,0.27268021764225603,train
2014-03-19,-1.7777103437915869,-1.9293489505524675,0.1516386067608806,train
2014-03-20,-1.84145164979124,-1.8180687910601356,-0.02338285873110446,train
2014-03-21,-1.8271897564411543,-1.9178042525640937,0.09061449612293937,train
2014-03-24,-1.7905999385022584,-1.9499545343975664,0.15935459589530798,train
2014-03-25,-1.8997275134445477,-1.751999379043082,-0.14772813440146582,train
2014-03-26,-2.037033967062154,-1.7835978484691408,-0.2534361185930132,train
2014-03-27,-2.1390122793898247,-1.8313941955076407,-0.30761808388218403,train
2014-03-28,-1.9833352580028674,-1.8086337217173447,-0.17470153628552265,train
2014-03-31,-1.937197164795525,-1.7854170837757353,-0.1517800810197898,train
2014-04-01,-2.1042046864304185,-1.8054413623239762,-0.29876332410644224,train
2014-04-02,-2.088313936723331,-2.005665035023376,-0.08264890169995542,train
2014-04-03,-1.9931830778535407,-2.066952402476495,0.07376932462295427,train
2014-04-04,-2.2943666696052487,-1.848551914248513,-0.44581475535673576,train
2014-04-07,-2.5720264336226455,-1.8742298334674985,-0.697796600155147,train
2014-04-08,-2.4757565966252493,-2.1849039189988875,-0.2908526776263618,train
2014-04-09,-2.4770379629332187,-2.09867514908048,-0.3783628138527386,train
2014-04-10,-2.598928404222325,-1.9678472335835606,-0.6310811706387642,train
2014-04-11,-2.626285443500501,-2.1740389431474285,-0.45224650035307246,train
2014-04-14,-2.7366864775968764,-2.317788060316556,-0.4188984172803205,train
2014-04-15,-2.934988620790937,-2.2177488955495424,-0.7172397252413947,train
2014-04-16,-3.04328213067036,-2.2296226567366952,-0.8136594739336647,train
2014-04-17,-2.9614004651322934,-2.25913951085405,-0.7022609542782434,train
2014-04-18,-2.8540132800168676,-2.345934221047617,-0.5080790589692508,train
2014-04-21,-2.772355693044905,-2.684550688812406,-0.08780500423249915,train
2014-04-22,-2.639248597100022,-2.730201128029726,0.0909525309297039,train
2014-04-23,-2.530213553123749,-2.671570763465932,0.14135721034218296,train
2014-04-24,-2.492777139864213,-2.5726563098449717,0.07987916998075884,train
2014-04-25,-2.6453353430729516,-2.577753921959153,-0.06758142111379861,train
2014-04-28,-2.4063871633096134,-2.6222297186481955,0.2158425553385821,train
2014-04-29,-2.500330598675354,-2.4668827733902434,-0.0334478252851107,train
2014-04-30,-2.559763598542313,-2.3826581516299066,-0.17710544691240626,train
2014-05-01,-2.741547351431636,-2.3407813621967994,-0.40076598923483653,train
2014-05-02,-2.0144248289949616,-2.6540954847850124,0.6396706557900509,train
2014-05-05,-2.085592367742151,-2.323836579440335,0.23824421169818377,train
2014-05-06,-2.066058958743241,-2.6361876795841614,0.5701287208409203,train
2014-05-07,-1.9861519019356944,-2.551988208542498,0.5658363066068037,train
2014-05-08,-1.9649346705018664,-2.639113897399287,0.6741792268974205,train
2014-05-09,-2.378021342869431,-2.143125297451836,-0.234896045417595,train
2014-05-12,-2.4072481063849556,-2.381488479683165,-0.025759626701790772,train
2014-05-13,-2.3971737875000723,-2.462470661828548,0.06529687432847586,train
2014-05-14,-2.5769688615522974,-2.253218186426601,-0.3237506751256962,train
2014-05-15,-2.515380135600293,-2.3093157465017335,-0.20606438909855962,train
2014-05-16,-2.684930726950357,-2.302766489804114,-0.38216423714624304,train
2014-05-19,-2.7828796956766872,-2.3990259451470966,-0.3838537505295907,train
2014-05-20,-2.8301292914936407,-2.4599512087459012,-0.37017808274773945,train
2014-05-21,-2.827516852135133,-2.509332088225948,-0.3181847639091848,train
2014-05-22,-2.9232090799080996,-2.3728264790204423,-0.5503826008876573,train
2014-05-23,-2.980794029918122,-2.462164136592435,-0.518629893325687,train
2014-05-26,-2.907005692524389,-2.591699697934976,-0.315305994589413,train
2014-05-27,-2.7872643101220405,-2.6793896611171237,-0.10787464900491672,train
2014-05-28,-2.692661062327244,-2.6122148345887903,-0.08044622773845367,train
2014-05-29,-2.7036098592023667,-2.594125541585054,-0.10948431761731259,train
2014-05-30,-1.9076479352151512,-2.649664964045433,0.7420170288302816,train
2014-06-02,-1.7898889996031244,-2.6155315035444815,0.8256425039413571,train
2014-06-03,-1.8026230166149557,-2.5321450950490583,0.7295220784341025,train
2014-06-04,-1.8096148358520519,-2.4735430811395847,0.6639282452875328,train
2014-06-05,-1.8134241998752918,-2.4926963328405036,0.6792721329652118,train
2014-06-06,-2.4164144047349705,-2.021155167955381,-0.3952592367795895,train
2014-06-09,-2.6401874838125923,-2.079841028458458,-0.5603464553541344,train
2014-06-10,-2.5482583494364444,-2.262454829013618,-0.2858035204228262,train
2014-06-11,-2.5794999910047616,-2.2313756269970972,-0.34812436400766433,train
2014-06-12,-2.508271094366487,-2.2524583548233728,-0.25581273954311445,train
2014-06-13,-2.5575964661061423,-2.334526833383444,-0.22306963272269842,train
2014-06-16,-2.585808366791089,-2.4580684600087634,-0.12773990678232572,train
2014-06-17,-2.6788845029036032,-2.380897463622445,-0.29798703928115833,train
2014-06-18,-2.7021454578288386,-2.447692774704891,-0.25445268312394775,train
2014-06-19,-2.78812397039228,-2.3559470428641416,-0.4321769275281384,train
2014-06-20,-2.700954387284374,-2.3949060252119887,-0.3060483620723855,train
2014-06-23,-2.7525513080974005,-2.4610570379935086,-0.29149427010389184,train
2014-06-24,-2.733971382128336,-2.4993716743856402,-0.23459970774269578,train
2014-06-25,-2.782698947347554,-2.511506719821518,-0.2711922275260359,train
2014-06-26,-2.861079012449733,-2.5118846255098046,-0.3491943869399283,train
2014-06-27,-2.912237639716609,-2.407783905213251,-0.5044537345033584,train
2014-06-30,-2.992246386412649,-2.583097021512382,-0.4091493649002671,train
2014-07-01,-3.1219148694885663,-2.505669189952328,-0.6162456795362385,train
2014-07-02,-3.183168888885445,-2.603239628634203,-0.5799292602512418,train
2014-07-03,-3.1297040619465326,-2.647049395318479,-0.4826546666280538,train
2014-07-04,-3.3168177176018707,-2.5493665006262844,-0.7674512169755863,train
2014-07-07,-3.2160260235192317,-2.8573822539358966,-0.3586437695833351,train
2014-07-08,-3.1738677112629894,-2.8692909911458124,-0.30457672011717696,train
2014-07-09,-2.909876427460396,-2.956574743422675,0.04669831596227869,train
2014-07-10,-2.935525253821827,-2.8462508630341343,-0.0892743907876925,train
2014-07-11,-2.98126176548244,-2.896637362369188,-0.08462440311325192,train
2014-07-14,-2.823780878243913,-2.8901364551949458,0.06635557695103289,train
2014-07-15,-2.845406123727532,-2.867674629110967,0.022268505383435055,train
2014-07-16,-2.890714266332111,-2.653877789605405,-0.23683647672670594,train
2014-07-17,-2.9107417536384097,-2.7715654901608,-0.13917626347760992,train
2014-07-18,-2.8378708784036095,-2.8153010465316,-0.02256983187200934,train
2014-07-21,-2.9518266391238233,-2.6574559975089347,-0.2943706416148886,train
2014-07-22,-3.0137188942551822,-2.797200421319762,-0.21651847293542037,train
2014-07-23,-3.241143543932901,-2.696640840255308,-0.5445027036775931,train
2014-07-24,-2.9305110915812973,-2.8050382197453576,-0.1254728718359397,train
2014-07-25,-2.9543456461616504,-2.709445661129594,-0.24489998503205657,train
2014-07-28,-2.745763124344204,-2.78644326543025,0.04068014108604601,train
2014-07-29,-2.731363759033428,-2.989225813152585,0.25786205411915697,train
2014-07-30,-2.6855004404737035,-3.0353482352879095,0.349847794814206,train
2014-07-31,-2.78378938229965,-2.747146448770664,-0.03664293352898573,train
2014-08-01,-2.6699142745070876,-2.8486400310267674,0.1787257565196798,train
2014-08-04,-2.730639896823702,-2.6705277807684795,-0.060112116055222486,train
2014-08-05,-2.7037591119152298,-2.88033812144579,0.17657900953056016,train
2014-08-06,-2.6988572997803364,-2.7507349431534154,0.051877643373078985,train
2014-08-07,-2.586857463830856,-2.681269050689719,0.09441158685886286,train
2014-08-08,-2.6007640225520974,-2.597723330166253,-0.00304069238584459,train
2014-08-11,-2.569661086392178,-2.611928407141029,0.04226732074885131,train
2014-08-12,-2.5543686310137304,-2.7287456483222594,0.17437701730852906,train
2014-08-13,-2.449186082107588,-2.682202202094208,0.23301611998661986,train
2014-08-14,-2.5439760576298354,-2.495892981517871,-0.048083076111964385,train
2014-08-15,-2.6011956269350702,-2.5445340399474707,-0.05666158698759949,train
2014-08-18,-2.592224659319617,-2.501719556895423,-0.09050510242419385,train
2014-08-19,-2.5320762413732,-2.619168524623866,0.08709228325066576,train
2014-08-20,-2.5386373807673315,-2.448851329992658,-0.0897860507746735,train
2014-08-21,-2.504326426824593,-2.482544725508668,-0.021781701315924717,train
2014-08-22,-2.401358008625435,-2.537953305096966,0.13659529647153068,train
2014-08-25,-2.438471716026934,-2.45606478976161,0.01759307373467589,train
2014-08-26,-2.5128153396946358,-2.487011004415218,-0.025804335279417945,train
2014-08-27,-2.606191927844769,-2.438301271999711,-0.16789065584505813,train
2014-08-28,-2.546150918256411,-2.387369981914393,-0.15878093634201784,train
2014-08-29,-1.490794341113431,-2.3010445385472496,0.8102501974338185,train
2014-09-01,-1.4308852994078405,-2.34998550974218,0.9191002103343393,train
2014-09-02,-1.3645718983083293,-2.561726272637984,1.1971543743296547,train
2014-09-03,-1.255733462349943,-2.557932477147598,1.302199014797655,train
2014-09-04,-1.1948493015734942,-2.3956302012713437,1.2007808996978495,train
2014-09-05,-1.8137624846172333,-1.90593376215397,0.0921712775367367,train
2014-09-08,-1.8446945771778025,-2.0768802768686423,0.2321856996908398,train
2014-09-09,-1.8526603310814667,-2.0092874624560335,0.15662713137456685,train
2014-09-10,-1.9184911842306613,-1.804051954348622,-0.11443922988203936,train
2014-09-11,-1.673388503004385,-1.7210703220143106,0.04768181900992574,train
2014-09-12,-1.587519846192954,-1.9003212156923737,0.3128013694994196,train
2014-09-15,-1.541568749263675,-1.9258999167059379,0.3843311674422629,train
2014-09-16,-1.5287415458376614,-1.9572719937875984,0.428530447949937,train
2014-09-17,-1.5595991856885691,-1.9336374292111922,0.37403824352262305,train
2014-09-18,-1.8701447359053975,-1.697721772702313,-0.17242296320308448,train
2014-09-19,-1.887588247008301,-1.724351614488545,-0.16323663251975606,train
2014-09-22,-1.9929887686426364,-1.718669903000103,-0.2743188656425335,train
2014-09-23,-1.974659574047014,-1.7545018550986125,-0.22015771894840164,train
2014-09-24,-1.7978248139806834,-1.7839908723005848,-0.01383394168009855,train
2014-09-25,-1.6890708342484084,-1.8516826388884504,0.162611804640042,train
2014-09-26,-1.5190780336835419,-1.7722703568048106,0.2531923231212687,train
2014-09-29,-1.3527614588778774,-1.9162994372860989,0.5635379784082215,train
2014-09-30,-1.293271295308025,-1.8717855413105684,0.5785142460025434,train
2014-10-01,-1.2620862839432907,-1.704675318057756,0.4425890341144654,train
2014-10-02,-1.0647561909948093,-1.6410822338905457,0.5763260428957364,train
2014-10-03,-1.0560298658879845,-1.4855672542512095,0.42953738836322497,train
2014-10-06,-1.1097724399286963,-1.4149234645544093,0.305151024625713,train
2014-10-07,-1.0697010590979292,-1.4449778081845452,0.375276749086616,train
2014-10-08,-1.1093674710405457,-1.3788712767463118,0.26950380570576615,train
2014-10-09,-0.9268399117733761,-1.1988301092999945,0.27199019752661835,train
2014-10-10,-0.7687190833640487,-1.2234896930950567,0.454770609731008,train
2014-10-13,-0.719430128847178,-1.3414416551197539,0.6220115262725758,train
2014-10-14,-0.7539075020107205,-1.2698807751454428,0.5159732731347223,train
2014-10-15,-0.7241193622034046,-1.3145982828563563,0.5904789206529517,train
2014-10-16,-1.0058554411334435,-1.0568212482283739,0.05096580709493037,train
2014-10-17,-1.317710324019654,-1.0015008794138855,-0.3162094446057684,train
2014-10-20,-1.474451467088038,-1.0791703144991178,-0.39528115258892016,train
2014-10-21,-1.5351840139177786,-1.1812628693736424,-0.35392114454413615,train
2014-10-22,-1.6345379303037697,-1.0951380608016,-0.5393998695021698,train
2014-10-23,-1.5939169347840128,-1.194795822661753,-0.39912111212225976,train
2014-10-24,-1.630207458616925,-1.2832780482094561,-0.34692941040746894,train
2014-10-27,-1.3328484974409107,-1.4440089675995729,0.11116047015866215,train
2014-10-28,-1.2282845337838242,-1.4921767924190052,0.26389225863518107,train
2014-10-29,-1.2521578865229739,-1.4640483906946296,0.21189050417165567,train
2014-10-30,-1.3116655312130818,-1.3749397756169917,0.06327424440390983,train
2014-10-31,-1.05967224079102,-1.4400040098801605,0.38033176908914057,train
2014-11-03,-1.113755324855427,-1.213663582246396,0.09990825739096887,train
2014-11-04,-1.1665667689047023,-1.2298820563069894,0.06331528740228709,train
2014-11-05,-1.1473215193237611,-1.332066809941969,0.18474529061820788,train
2014-11-06,-1.0978319419936908,-1.3086069102495266,0.21077496825583575,train
2014-11-07,-1.4017613128795419,-1.0764834279796542,-0.3252778848998876,train
2014-11-10,-1.373688474535852,-1.1616061702444418,-0.21208230429141017,train
2014-11-11,-1.3272099184071464,-1.2995926050349331,-0.027617313372213292,train
2014-11-12,-1.3474529147132848,-1.2878617502366143,-0.059591164476670455,train
2014-11-13,-1.4227372896631283,-1.1940439107681236,-0.22869337889500474,train
2014-11-14,-1.2721537724190053,-1.3949655239974141,0.12281175157840885,train
2014-11-17,-1.3537156255749352,-1.2699379632888963,-0.08377766228603889,train
2014-11-18,-1.3958079819242322,-1.3330878916056355,-0.06272009031859671,train
2014-11-19,-1.3768765387246182,-1.4165159360923776,0.039639397367759344,train
2014-11-20,-1.348530011249036,-1.4093536675462126,0.060823656297176676,train
2014-11-21,-1.538025178406028,-1.2675214499050638,-0.27050372850096416,train
2014-11-24,-1.6603670901170289,-1.3125860102535316,-0.34778107986349727,train
2014-11-25,-1.6156820944368808,-1.3972664923971978,-0.21841560203968302,train
2014-11-26,-1.6720853171960801,-1.389254520279294,-0.28283079691678603,train
2014-11-27,-1.7344679683615323,-1.3260340520131144,-0.40843391634841786,train
2014-11-28,-1.2149236326014536,-1.497426453948,0.28250282134654636,train
2014-12-01,-1.036731759236475,-1.506578882437642,0.46984712320116695,train
2014-12-02,-1.0694735523699341,-1.451018634718402,0.38154508234846785,train
2014-12-03,-0.9585522829279604,-1.5832163133706503,0.6246640304426899,train
2014-12-04,-0.9399274440223233,-1.55848695131445,0.6185595072921266,train
2014-12-05,-1.0885375625833715,-1.207345651317331,0.11880808873395954,train
2014-12-08,-1.2067724132540973,-1.176962539741729,-0.029809873512368412,train
2014-12-09,-1.1495645617256343,-1.3476473977751502,0.19808283604951593,train
2014-12-10,-1.0805824645434166,-1.1897463533222656,0.10916388877884908,train
2014-12-11,-0.872286316463132,-1.2243896061143775,0.3521032896512455,train
2014-12-12,-0.9257743482458369,-1.1507401887943376,0.22496584054850066,train
2014-12-15,-0.9665768801937663,-1.2619344301632598,0.2953575499694935,train
2014-12-16,-1.0419331689728621,-1.227943400319338,0.18601023134647576,train
2014-12-17,-1.2409592222230812,-1.1343584919658367,-0.10660073025724448,train
2014-12-18,-1.698710621269121,-0.9904257000050831,-0.7082849212640379,train
2014-12-19,-2.0759298836953586,-1.0764429912161089,-0.9994868924792497,train
2014-12-22,-2.124555993326621,-1.1799022789721345,-0.9446537143544864,train
2014-12-23,-2.058650739042289,-1.3143491316793203,-0.7443016073629685,train
2014-12-24,-2.0778804191699964,-1.4404202752077453,-0.6374601439622511,train
2014-12-26,-1.8792938196975952,-1.663563703038623,-0.21573011665897224,train
2014-12-29,-1.4946878420591982,-1.848783035165077,0.35409519310587867,train
2014-12-30,-1.3634648981670063,-1.74103685236021,0.37757195419320366,train
2014-12-31,-1.2184073916943698,-1.7164250392733535,0.4980176475789837,train
2015-01-02,-1.1266613266476422,-1.7890800152486441,0.662418688601002,train
2015-01-05,-1.0699928011873894,-1.6180168333874556,0.5480240322000662,train
2015-01-06,-1.1798169774791278,-1.3605147223855043,0.18069774490637647,train
2015-01-07,-1.207971787311378,-1.3325897035438041,0.12461791623242613,train
2015-01-08,-1.1341213729102673,-1.262759869537618,0.12863849662735083,train
2015-01-09,-0.3125652242463629,-1.2554715020950042,0.9429062778486413,train
2015-01-12,-0.22959540202202477,-1.1868394561631133,0.9572440541410885,train
2015-01-13,-0.20731755708275082,-1.271142558510976,1.0638250014282251,train
2015-01-14,-0.2078690446057438,-1.258166580550728,1.0502975359449842,train
2015-01-15,-0.103074149531841,-1.163889359947841,1.060815210416,train
2015-01-16,-0.3052682342372128,-0.7339897395190531,0.42872150528184033,train
2015-01-19,-0.016228313827492902,-0.8395164220933387,0.8232881082658458,train
2015-01-20,0.07588095690743682,-0.9042977679167633,0.9801787248242001,train
2015-01-21,0.18028869488806884,-0.9387447624349821,1.119033457323051,train
2015-01-22,0.11420753850520808,-0.7076524390357085,0.8218599775409166,train
2015-01-23,-0.09401376230658416,-0.6525262112945762,0.558512448987992,train
2015-01-26,-0.44400127290317326,-0.4893990088766885,0.04539773597351526,train
2015-01-27,-0.5931059739630802,-0.5017481699957863,-0.09135780396729387,train
2015-01-28,-0.736638183643107,-0.36180771075440565,-0.3748304728887013,train
2015-01-29,-0.7672351756789095,-0.43877372382440727,-0.32846145185450226,train
2015-01-30,-0.6708455804578732,-0.5661837892128901,-0.1046617912449831,train
2015-02-02,-0.5422611843559866,-0.62684880316465,0.08458761880866339,train
2015-02-03,-0.5631240395231302,-0.7248412108699792,0.16171717134684904,train
2015-02-04,-0.5888755645698198,-0.7135008008707363,0.12462523630091649,train
2015-02-05,-0.6514062823263899,-0.7320069428271452,0.08060066050075532,train
2015-02-06,-0.7191325273546139,-0.6411399255051369,-0.07799260184947698,train
2015-02-09,-1.0088338621699382,-0.5462193792372368,-0.46261448293270135,train
2015-02-10,-1.0382329887500907,-0.7014530556226342,-0.3367799331274566,train
2015-02-11,-1.0985524780451317,-0.6612845950200794,-0.43726788302505226,train
2015-02-12,-1.0073231439966868,-0.7405856756646712,-0.2667374683320156,train
2015-02-13,-1.1167467932010757,-0.6964175210549286,-0.4203292721461471,train
2015-02-16,-0.9088488807067495,-0.8898436756877738,-0.019005205018975735,train
2015-02-17,-0.8913186436897388,-0.9439938913709323,0.05267524768119347,train
2015-02-18,-0.9181144321935203,-0.9391913930261324,0.021076960832612124,train
2015-02-19,-1.0711880210182214,-0.8529776739101765,-0.21821034710804488,train
2015-02-20,-1.083092909536962,-0.9549681409166563,-0.12812476862030564,train
2015-02-23,-1.2713653620153085,-0.7819516068475436,-0.48941375516776486,train
2015-02-24,-1.3749283484747434,-0.9039217674182922,-0.4710065810564512,train
2015-02-25,-1.4572789626226337,-0.9520861657596364,-0.5051927968629972,train
2015-02-26,-1.3629776623918177,-1.105934851549467,-0.2570428108423508,train
2015-02-27,-1.2437014348634472,-1.07486769595051,-0.1688337389129373,train
2015-03-02,-0.8455069596507837,-1.1005089058394184,0.2550019461886347,train
2015-03-03,-0.7974735755880724,-1.2834138127647174,0.48594023717664503,train
2015-03-04,-0.5808597713947988,-1.3134869467533878,0.732627175358589,train
2015-03-05,-0.39974125718173165,-1.2061973595891213,0.8064561024073897,train
2015-03-06,-0.16014956184915896,-1.1185138055157229,0.9583642436665639,train
2015-03-09,-0.22945940632419465,-0.8947427650845553,0.6652833587603606,train
2015-03-10,-0.15872905402517204,-1.0574783288097054,0.8987492747845334,train
2015-03-11,-0.23823399231573802,-0.8027620605411497,0.5645280682254117,train
2015-03-12,0.44322962729633797,-0.6767347707858583,1.1199643980821963,train
2015-03-13,0.47540280679700075,-0.5037761492517281,0.9791789560487288,train
2015-03-16,0.4932904534582528,-0.5929564767251747,1.0862469301834274,train
2015-03-17,0.5575426004574848,-0.5743476968674006,1.1318902973248854,train
2015-03-18,0.6372877744552025,-0.6619889255859568,1.2992767000411591,train
2015-03-19,0.04800738630702616,-0.13666225986863548,0.18466964617566164,train
2015-03-20,-0.16073583172019953,-0.24605284094294996,0.08531700922275043,train
2015-03-23,-0.20882786628634104,-0.2979675602901012,0.08913969400376015,train
2015-03-24,-0.36029229355652814,-0.19665130632397002,-0.16364098723255813,train
2015-03-25,-0.5628661490051785,-0.09725141846624469,-0.4656147305389338,train
2015-03-26,-0.5402961174234783,-0.3909372557472296,-0.14935886167624868,train
2015-03-27,-0.5517050026414706,-0.4302567745872968,-0.12144822805417382,train
2015-03-30,-0.2891511088626391,-0.4098143443971577,0.12066323553451858,train
2015-03-31,-0.3171606884247519,-0.5058949568554859,0.188734268430734,train
2015-04-01,-0.30777656082203503,-0.582251128175446,0.27447456735341097,train
2015-04-02,-0.29130715575456106,-0.5324307374486682,0.24112358169410714,train
2015-04-03,-0.3343313810183543,-0.5143057249834584,0.1799743439651041,train
2015-04-06,-0.6974262740839348,-0.28598190134746654,-0.4114443727364682,train
2015-04-07,-0.6646707571464265,-0.4870119595902977,-0.17765879755612884,train
2015-04-08,-0.5219655180818996,-0.4628312354513794,-0.05913428263052023,train
2015-04-09,-0.45680652111253295,-0.41621520969928716,-0.04059131141324579,train
2015-04-10,-0.259374334705744,-0.5026625374121125,0.24328820270636853,train
2015-04-13,-0.18756041253514213,-0.5892433437361475,0.4016829312010054,train
2015-04-14,-0.19971620763402548,-0.5863768167318075,0.38666060909778205,train
2015-04-15,-0.30556018531175405,-0.4543961062246166,0.14883592091286257,train
2015-04-16,-0.3960785103740963,-0.43939592636825653,0.043317415994160224,train
2015-04-17,-0.5227606712725248,-0.3006871207793479,-0.2220735504931769,train
2015-04-20,-0.53923897622078,-0.33827640453132485,-0.20096257168945514,train
2015-04-21,-0.5415725444212831,-0.440744261036568,-0.10082828338471511,train
2015-04-22,-0.5489649323880724,-0.48577891386813843,-0.063186018519934,train
2015-04-23,-0.35513480890585863,-0.538661693920175,0.1835268850143164,train
2015-04-24,-0.14879446167486363,-0.534581453994658,0.3857869923197943,train
2015-04-27,-0.14947344745090904,-0.5312201149290176,0.3817466674781085,train
2015-04-28,-0.16764046493543922,-0.6052043100631549,0.4375638451277157,train
2015-04-29,-0.07778200440302895,-0.6043852372451092,0.5266032328420802,train
2015-04-30,-0.12530248535063943,-0.4097151836333718,0.28441269828273236,train
2015-05-01,-0.3318608758844112,-0.287369089017331,-0.04449178686708022,train
2015-05-04,-0.20299350566426472,-0.3844052757515088,0.18141177008724407,train
2015-05-05,-0.16922128164504135,-0.500781367490029,0.33156008584498764,train
2015-05-06,-0.2721208670895436,-0.33995452160178974,0.06783365451224616,train
2015-05-07,-0.316313901892772,-0.3420687497507131,0.025754847857941132,train
2015-05-08,-0.35181983548781376,-0.4394520135762801,0.08763217808846635,train
2015-05-11,-0.5404965565109993,-0.3086669623781948,-0.23182959413280446,train
2015-05-12,-0.5554274416839187,-0.3989523480081987,-0.15647509367572,train
2015-05-13,-0.3514859166608856,-0.46509814206177313,0.11361222540088756,train
2015-05-14,-0.32823948111942575,-0.4125963170739597,0.08435683595453397,train
2015-05-15,-0.31964934962474656,-0.4728450732871518,0.15319572366240525,train
2015-05-18,-0.2539626624871908,-0.5235836283575317,0.2696209658703409,train
2015-05-19,-0.31597321496316794,-0.5830234679173479,0.26705025295418,train
2015-05-20,-0.4868495249206238,-0.3844855014488127,-0.10236402347181106,train
2015-05-21,-0.523796382884543,-0.40790346764654933,-0.11589291523799367,train
2015-05-22,-0.5128500418422646,-0.444107310103354,-0.06874273173891055,train
2015-05-25,-0.6435183901970754,-0.3578256752787744,-0.28569271491830095,train
2015-05-26,-0.5150811281885089,-0.6129103354774371,0.09782920728892819,train
2015-05-27,-0.403905082760505,-0.5621783231342931,0.15827324037378804,train
2015-05-28,-0.2647178583858525,-0.5299813364899569,0.26526347810410444,train
2015-05-29,-0.21551498827995533,-0.5376388437286244,0.32212385544866906,train
2015-06-01,0.16044453239935963,-0.6293730992268038,0.7898176316261635,train
2015-06-02,0.19521565997610224,-0.5410720224369486,0.7362876824130509,train
2015-06-03,0.1648398143957024,-0.43955700486356897,0.6043968192592714,train
2015-06-04,0.1138459005430946,-0.33524500823395315,0.4490909087770477,train
2015-06-05,0.06641878801346832,-0.36604600000694093,0.4324647880204092,train
2015-06-08,-0.28178423719836176,-0.07890068068748753,-0.20288355651087425,train
2015-06-09,-0.35348559781224187,-0.19841397626417948,-0.1550716215480624,train
2015-06-10,-0.45036403105638206,-0.24165310608792143,-0.20871092496846064,train
2015-06-11,-0.6189695456461596,-0.22124780131791794,-0.39772174432824164,train
2015-06-12,-0.5497867063910425,-0.3160054860278597,-0.23378122036318283,train
2015-06-15,-0.6907547269696135,-0.3685176278524403,-0.3222370991171732,train
2015-06-16,-0.7099948635297414,-0.4507586344469231,-0.2592362290828183,train
2015-06-17,-0.678116677553289,-0.5538529303540531,-0.12426374719923583,train
2015-06-18,-0.6873667456653056,-0.6082130226217062,-0.07915372304359947,train
2015-06-19,-0.8599478158664308,-0.5094880763468846,-0.3504597395195461,train
2015-06-22,-0.8581942544543618,-0.6709440769347889,-0.18725017751957296,train
2015-06-23,-0.37803010402727355,-0.6490907360123236,0.27106063198505004,train
2015-06-24,-0.3087906195219903,-0.6493783465117032,0.34058772698971296,train
2015-06-25,-0.27195173530933925,-0.6670462983409512,0.39509456303161195,train
2015-06-26,-0.19039885925138778,-0.7497520066340526,0.5593531473826648,train
2015-06-29,-0.2250359995326863,-0.7475653221186186,0.5225293225859323,train
2015-06-30,-0.5412602089385437,-0.4133462649730122,-0.12791394396553146,train
2015-07-01,-0.582337724987084,-0.49900900534386594,-0.08332871964321809,train
2015-07-02,-0.5583035920046477,-0.5140263529774942,-0.044277239027153525,train
2015-07-03,-0.6254204613864127,-0.4312216617134407,-0.19419879967297204,train
2015-07-06,-0.45394471830229366,-0.6305547620850775,0.1766100437827839,train
2015-07-07,-0.3883226451667126,-0.5666557164085675,0.17833307124185488,train
2015-07-08,-0.45318747810980364,-0.6273357522137966,0.17414827410399292,train
2015-07-09,-0.5198547309166813,-0.6191581171843,0.0993033862676187,train
2015-07-10,-0.5144667164472091,-0.6776411035154541,0.16317438706824505,train
2015-07-13,-0.7023196970672255,-0.5325307448894965,-0.16978895217772905,train
2015-07-14,-1.0396004834516512,-0.4733408538450108,-0.5662596296066404,train
2015-07-15,-1.0524063410969775,-0.6424232439962434,-0.4099830971007341,train
2015-07-16,-1.0823272137920061,-0.6752027555303362,-0.40712445826167,train
2015-07-17,-1.092285859307109,-0.6340289535056823,-0.45825690580142664,train
2015-07-20,-0.9975167549701227,-0.8447075941892099,-0.15280916078091278,train
2015-07-21,-0.8796796077450427,-0.994029180158953,0.1143495724139103,train
2015-07-22,-0.9470511814338902,-0.9336221471904176,-0.013429034243472637,train
2015-07-23,-0.923726320965101,-0.9543481485569588,0.03062182759185783,train
2015-07-24,-1.021742709740347,-0.9077256668459985,-0.11401704289434855,train
2015-07-27,-0.7164573576639663,-0.8915127240517667,0.1750553663878004,train
2015-07-28,-0.8076586187462947,-0.813128604915688,0.005469986169393204,train
2015-07-29,-0.7880076541452734,-0.9557697949895579,0.16776214084428454,train
2015-07-30,-0.8018455824612213,-0.8914940880019045,0.08964850554068327,train
2015-07-31,-0.8451291741040285,-0.9747758977682607,0.12964672366423213,train
2015-08-03,-0.9573572385332164,-0.7196394254878511,-0.23771781304536532,train
2015-08-04,-0.9137701252266774,-0.9909625778879948,0.07719245266131736,train
2015-08-05,-0.7987107767824075,-0.9583571718567342,0.15964639507432665,train
2015-08-06,-0.7502772930464326,-0.934317525684349,0.18404023263791636,train
2015-08-07,-0.6583046771753053,-1.0495287026666145,0.3912240254913092,train
2015-08-10,-0.888577278936294,-0.8850687691030653,-0.0035085098332287012,train
2015-08-11,-0.9052826731753225,-0.9925161723984163,0.08723349922309376,train
2015-08-12,-1.0757276261882234,-0.8810962476195023,-0.19463137856872104,train
2015-08-13,-1.107681927457054,-0.8792385845037504,-0.2284433429533036,train
2015-08-14,-1.1367105567849498,-0.8259597806417691,-0.3107507761431807,train
2015-08-17,-1.0617894492935958,-0.9795006414497658,-0.08228880784382997,train
2015-08-18,-0.25699475882357153,-0.9957753520713624,0.7387805932477909,train
2015-08-19,-0.004408556881772245,-1.1318234079427294,1.1274148510609572,train
2015-08-20,0.1223048761441595,-1.028287678236313,1.1505925543804725,train
2015-08-21,0.16695471618183594,-1.0441255012783468,1.2110802174601827,train
2015-08-24,0.1936017089753339,-1.006893624059675,1.200495333035009,train
2015-08-25,-0.20319355223970706,-0.5610847475062425,0.35789119526653546,train
2015-08-26,-0.3680990526207617,-0.46893821036150274,0.10083915774074104,train
2015-08-27,-0.5814647425518157,-0.3997525464338627,-0.18171219611795297,train
2015-08-28,-0.5888156932564236,-0.4116522416682774,-0.17716345158814617,train
2015-08-31,-0.5882082405451616,-0.3975952073037481,-0.19061303324141354,train
2015-09-01,-0.6707509860835669,-0.5718421623882641,-0.09890882369530274,train
2015-09-02,-0.8358181403350157,-0.5714509371840241,-0.2643672031509916,train
2015-09-03,-0.9102521214240119,-0.7056117472401097,-0.20464037418390224,train
2015-09-04,-1.0059702233663381,-0.6418148964383993,-0.36415532692793884,train
2015-09-07,-1.1228120235253725,-0.6490560958658849,-0.4737559276594876,train
2015-09-08,-1.1171811420021105,-0.8372239496289287,-0.27995719237318184,train
2015-09-09,-1.1678410290647592,-0.8811716027517833,-0.2866694263129759,train
2015-09-10,-1.1449443625055287,-0.9330047181043473,-0.2119396444011814,train
2015-09-11,-0.9843412358684583,-0.8954120207796451,-0.08892921508881324,train
2015-09-14,-0.9439664760774439,-0.9626442919713454,0.018677815893901495,train
2015-09-15,-0.906303247601066,-1.034595372856663,0.12829212525559708,train
2015-09-16,-0.8709143735231427,-1.0722805171278746,0.20136614360473193,train
2015-09-17,-0.75176281405298,-1.0127754302433245,0.26101261619034455,train
2015-09-18,-0.8973532690015776,-0.8360860773670071,-0.061267191634570506,train
2015-09-21,-0.8703517987905343,-0.8859719892924004,0.015620190501866138,train
2015-09-22,-0.8599254458567193,-0.9192261864830644,0.05930074062634516,train
2015-09-23,-0.8046331434248035,-0.9065504443030952,0.10191730087829165,train
2015-09-24,-0.9363997698672687,-0.7832394711344141,-0.15316029873285464,train
2015-09-25,-1.0409590534168318,-0.8954673539789275,-0.1454916994379043,train
2015-09-28,-0.5885326991288875,-0.8691383741052392,0.2806056749763517,train
2015-09-29,-0.5877969377549321,-0.9331614720968621,0.34536453434192993,train
2015-09-30,-0.6502931766035397,-0.87752965788431,0.22723648128077034,train
2015-10-01,-0.6598905038731656,-0.9816674084608425,0.32177690458767694,train
2015-10-02,-0.6073011854091935,-1.0978072565589119,0.49050607114971834,train
2015-10-05,-1.185292806418786,-0.7196361828279648,-0.46565662359082116,train
2015-10-06,-1.3223361427153908,-0.9381523164666029,-0.3841838262487879,train
2015-10-07,-1.3371467907210044,-1.0364484164722154,-0.300698374248789,train
2015-10-08,-1.3330316408540044,-1.0238642476387394,-0.309167393215265,train
2015-10-09,-1.247290048747275,-0.9441726656544333,-0.30311738309284164,train
2015-10-12,-1.2414880236726231,-1.0882142616548713,-0.15327376201775178,train
2015-10-13,-1.2027916414356838,-1.3013951937444455,0.09860355230876161,train
2015-10-14,-1.251944994089921,-1.2455045998081522,-0.006440394281768791,train
2015-10-15,-1.3347260488586954,-1.2101849159672047,-0.12454113289149071,train
2015-10-16,-1.161950018692852,-1.1026651769458167,-0.0592848417470353,train
2015-10-19,-0.9937597241398507,-1.150303839504034,0.15654411536418322,train
2015-10-20,-0.9846075527976499,-1.2147398432600776,0.23013229046242767,train
2015-10-21,-0.937114083208561,-1.2944310627597448,0.3573169795511838,train
2015-10-22,-0.5493762481366931,-1.334365060615559,0.784988812478866,train
2015-10-23,-0.6736839260234131,-1.0848743309789732,0.41119040495556014,train
2015-10-26,-0.7628689319593253,-1.0531646385223885,0.29029570656306325,train
2015-10-27,-0.7485025946936316,-1.204644562870151,0.4561419681765194,train
2015-10-28,-0.7493556833417568,-1.1548474570066871,0.4054917736649303,train
2015-10-29,-1.1484277400244038,-0.7720648691959906,-0.37636287082841324,train
2015-10-30,-1.2198402658046794,-0.9694033888233812,-0.25043687698129824,train
2015-11-02,-0.9075091442100887,-0.9979374873886303,0.09042834317854165,train
2015-11-03,-0.8834692603321251,-1.0515635338147693,0.16809427348264416,train
2015-11-04,-0.8528165846756851,-1.0802651579010651,0.22744857322538004,train
2015-11-05,-0.8789579011727321,-1.147750311970076,0.26879241079734395,train
2015-11-06,-0.6914919898752507,-1.193247738337381,0.5017557484621302,train
2015-11-09,-0.9204109622574486,-0.9344419176856994,0.014030955428250835,train
2015-11-10,-0.9049728837600224,-1.082444425008296,0.1774715412482737,train
2015-11-11,-0.9320254456653462,-1.056398961721927,0.12437351605658076,train
2015-11-12,-0.9517324371411692,-1.083124247542272,0.13139181040110282,train
2015-11-13,-1.142936668334613,-0.8516931425621573,-0.2912435257724556,train
2015-11-16,-1.2501901649030744,-0.9809636174807469,-0.26922654742232754,train
2015-11-17,-1.2944593883295565,-1.0166661086260902,-0.27779327970346634,train
2015-11-18,-1.2981062504911953,-1.0707244908130331,-0.2273817596781622,train
2015-11-19,-1.2187834445271415,-1.0975273709428017,-0.12125607358433976,train
2015-11-20,-1.4300824842040483,-1.0710185425677645,-0.35906394163628375,train
2015-11-23,-1.5272739659519663,-1.1502234568983392,-0.37705050905362714,train
2015-11-24,-1.6251422739892663,-1.1857707347783084,-0.43937153921095784,train
2015-11-25,-1.6756801026576937,-1.208342473110901,-0.4673376295467928,train
2015-11-26,-1.701910329893315,-1.1240817251119435,-0.5778286047813714,train
2015-11-27,-0.08974847003392879,-1.4472523718291597,1.3575039017952308,train
2015-11-30,0.08142708139932385,-1.4451753857245968,1.5266024671239207,train
2015-12-01,0.09522699908231715,-1.4951605423903027,1.5903875414726198,train
2015-12-02,0.10202143537522115,-1.493637317172785,1.5956587525480062,train
2015-12-03,0.10398037506979607,-1.4336651903033202,1.5376455653731163,train
2015-12-04,-0.8699820706821039,-0.7339870125473643,-0.13599505813473955,train
2015-12-07,-1.178355843007497,-0.7379598327521414,-0.4403960102553556,train
2015-12-08,-1.141783104281243,-0.9076117215675279,-0.23417138271371507,train
2015-12-09,-1.1076816813816612,-0.9128951378781559,-0.19478654350350533,train
2015-12-10,-0.8281548450322213,-0.8650594857510642,0.03690464071884292,train
2015-12-11,-0.7675439993314556,-1.0946635318288982,0.32711953249744263,train
2015-12-14,-0.7978820963253325,-1.0952587351746736,0.2973766388493412,train
2015-12-15,-0.8280753750000692,-1.1498207689932074,0.3217453939931382,train
2015-12-16,-0.8810682066756689,-1.1379051991271272,0.2568369924514583,train
2015-12-17,-1.2419717403420907,-0.8931323557982898,-0.3488393845438009,train
2015-12-18,-1.425689988737225,-0.9474756189318557,-0.47821436980536924,train
2015-12-21,-1.6151999268841437,-0.9698254211909181,-0.6453745056932256,train
2015-12-22,-1.615772834374159,-1.0718682793498588,-0.5439045550243002,train
2015-12-23,-1.6207972265103097,-1.1505013063988514,-0.47029592011145827,train
2015-12-24,-1.5875614109145482,-1.2299472248758667,-0.35761418603868145,train
2015-12-28,-1.3363329719353305,-1.3318936286263834,-0.00443934330894713,train
2015-12-29,-1.264182233356028,-1.4181041112556836,0.1539218778996556,train
2015-12-30,-1.144101179187533,-1.369295873753686,0.22519469456615293,train
2015-12-31,-0.9194262923183302,-1.4047594382151138,0.48533314589678367,train
2016-01-04,-0.6723358995012341,-1.3292049799887156,0.6568690804874815,train
2016-01-05,-0.6438750359428537,-1.153919922612583,0.5100448866697292,train
2016-01-06,-0.6253919162163153,-1.1956771083897861,0.5702851921734708,train
2016-01-07,-0.6367737563349165,-1.1253143319374368,0.4885405756025203,train
2016-01-08,-0.6665951248729697,-0.9844801766288375,0.3178850517558678,train
2016-01-11,-0.7546106854305186,-0.8202619048928074,0.0656512194622888,train
2016-01-12,-0.9218593771370677,-0.8496113507777296,-0.07224802635933802,train
2016-01-13,-0.9302897343787644,-0.9101608229916004,-0.020128911387163995,train
2016-01-14,-0.9193641377558173,-0.8921844732928383,-0.027179664462978925,train
2016-01-15,-0.6829396001726539,-0.8639537086231999,0.181014108450546,train
2016-01-18,-0.7951032932117098,-0.8518740317344952,0.05677073852278536,train
2016-01-19,-0.8091803893876053,-1.1064657926668433,0.297285403279238,train
2016-01-20,-0.8526549166399353,-1.0623473924618059,0.20969247582187056,train
2016-01-21,-0.8762831386657376,-1.0229356267021399,0.1466524880364023,train
2016-01-22,-1.3410771693654342,-0.8154382147739542,-0.52563895459148,train
2016-01-25,-1.220485244755611,-1.0119290245357306,-0.2085562202198803,train
2016-01-26,-1.1936020444816426,-1.1317925890602856,-0.061809455421357073,train
2016-01-27,-1.209132381060472,-1.1265345192424279,-0.08259786181804407,train
2016-01-28,-0.9992375641143193,-1.0600758359059312,0.06083827179161194,train
2016-01-29,-0.795941323075341,-1.2138073591793508,0.41786603610400974,train
2016-02-01,-0.7774622779933295,-1.0739673266211633,0.2965050486278339,train
2016-02-02,-0.657496684077916,-1.1802271159932203,0.5227304319153043,train
2016-02-03,-0.4863356824795105,-1.2043869131544884,0.718051230674978,train
2016-02-04,-0.5377847534251677,-0.9596672475097898,0.4218824940846221,train
2016-02-05,-0.5010648510600971,-0.8694227551942966,0.36835790413419944,train
2016-02-08,-0.533355177711951,-0.8860744664254191,0.35271928871346814,train
2016-02-09,-0.6209064804784608,-0.8264636102637599,0.20555712978529916,train
2016-02-10,-0.7961282115533873,-0.6792138839540265,-0.11691432759936082,train
2016-02-11,-0.9145320831677631,-0.7303016976339014,-0.18423038553386173,train
2016-02-12,-1.1791434790461883,-0.6539118997029987,-0.5252315793431896,train
2016-02-15,-1.2777319682263288,-0.7427281303908495,-0.5350038378354793,train
2016-02-16,-1.2805915917942656,-0.8945292458891346,-0.386062345905131,train
2016-02-17,-1.2573752347841514,-1.0004663213335736,-0.25690891345057776,train
2016-02-18,-1.222944033179153,-1.0209715715774477,-0.20197246160170534,train
2016-02-19,-1.2487458642847955,-1.0860024634713152,-0.16274340081348027,train
2016-02-22,-1.216988517440895,-1.1259243548213356,-0.09106416261955941,train
2016-02-23,-1.216760894037765,-1.1811040854923522,-0.035656808545412755,train
2016-02-24,-1.1709752854109103,-1.158267573216808,-0.012707712194102383,train
2016-02-25,-1.263241314143641,-1.1029552347806366,-0.16028607936300432,train
2016-02-26,-1.2568630736953663,-1.137453268479996,-0.11940980521537026,train
2016-02-29,-0.9625238427484587,-1.0918934670847957,0.12936962433633703,train
2016-03-01,-0.9892146664192939,-1.143612556016333,0.15439788959703915,train
2016-03-02,-1.0361290002586327,-1.0839412740697274,0.04781227381109465,train
2016-03-03,-1.0172290026798732,-1.1991794600119108,0.18195045733203763,train
2016-03-04,-0.03242122448931234,-1.1425749390041031,1.1101537145147908,train
2016-03-07,-0.10566029805621716,-0.9183402202324069,0.8126799221761898,train
2016-03-08,-0.09291893409064997,-1.1588180361225835,1.0658991020319335,train
2016-03-09,-0.10279324917331992,-1.1559799148084176,1.0531866656350977,train
2016-03-10,-0.012313519514221523,-1.1649647576058848,1.1526512380916634,train
2016-03-11,-0.8899026309845401,-0.5706574981261952,-0.319245132858345,train
2016-03-14,-1.0381358147592281,-0.8764743164297442,-0.16166149832948395,train
2016-03-15,-1.076740018289312,-0.9657962443269709,-0.11094377396234123,train
2016-03-16,-1.0023516022114858,-1.0173222843524499,0.014970682140964087,train
2016-03-17,-1.3142339053460343,-0.7575819500833911,-0.5566519552626432,train
2016-03-18,-1.4883002747121887,-0.9793131516336272,-0.5089871230785615,train
2016-03-21,-1.6459535517115056,-1.151054818489299,-0.49489873322220657,train
2016-03-22,-1.7371068269908159,-1.2072111272138883,-0.5298956997769275,train
2016-03-23,-1.558797031854308,-1.078828835397354,-0.479968196456954,train
2016-03-24,-1.475194686803653,-1.293347937512748,-0.18184674929090505,train
2016-03-25,-1.454020271780348,-1.3215658248424542,-0.13245444693789388,train
2016-03-28,-1.1626732329431222,-1.6760622713977116,0.5133890384545894,train
2016-03-29,-1.1213478439102924,-1.6490587100530836,0.5277108661427912,train
2016-03-30,-1.2968048446089806,-1.383253017360585,0.08644817275160444,train
2016-03-31,-1.2539089834703339,-1.4377229383395653,0.18381395486923147,train
2016-04-01,-1.1323656479922353,-1.4451006467271785,0.31273499873494326,train
2016-04-04,-1.2811348673263485,-1.1648713110741977,-0.11626355625215079,train
2016-04-05,-1.254714355442889,-1.2660856601775585,0.011371304734669518,train
2016-04-06,-1.21761753654069,-1.2867878412786724,0.06917030473798236,train
2016-04-07,-1.246358643988009,-1.2274287085930782,-0.01892993539493082,train
2016-04-08,-1.3953282043323274,-1.1335947568965934,-0.261733447435734,train
2016-04-11,-1.4103909679706144,-1.2826520596435609,-0.12773890832705348,train
2016-04-12,-1.4185149780425144,-1.3206892255448572,-0.09782575249765713,train
2016-04-13,-1.5475645012722166,-1.2550955998053657,-0.2924689014668509,train
2016-04-14,-1.6295675657288744,-1.2765929831851306,-0.3529745825437438,train
2016-04-15,-1.3294240872451293,-1.3572712576684482,0.027847170423318968,train
2016-04-18,-1.3284133297414844,-1.3977591047124105,0.06934577497092609,train
2016-04-19,-1.3419141953642701,-1.4220478315329979,0.0801336361687277,train
2016-04-20,-1.3076908979220654,-1.5079365614602271,0.20024566353816176,train
2016-04-21,-1.266022916715247,-1.5071665371654965,0.2411436204502495,train
2016-04-22,-1.4634402113448792,-1.275977159227147,-0.1874630521177323,train
2016-04-25,-1.370265615346368,-1.4131773127346412,0.04291169738827327,train
2016-04-26,-1.303677133159538,-1.4467014544361925,0.14302432127665443,train
2016-04-27,-1.2376239050801079,-1.3824749990551324,0.1448510939750245,train
2016-04-28,-1.128376157950645,-1.3164343274176542,0.18805816946700915,train
2016-04-29,-1.1983407567125723,-1.342490870074812,0.1441501133622396,train
2016-05-02,-1.2184775721883288,-1.3026189283695926,0.08414135618126384,train
2016-05-03,-1.260851489150716,-1.2936730527586042,0.03282156360788813,train
2016-05-04,-1.3265926198397564,-1.2509650069535765,-0.07562761288617992,train
2016-05-05,-1.5898008003837778,-1.1459353429747945,-0.4438654574089833,train
2016-05-06,-1.6748100040560634,-1.280814831799057,-0.3939951722570063,train
2016-05-09,-1.7141324172541834,-1.2469047632844854,-0.467227653969698,train
2016-05-10,-1.8015210627730407,-1.3303047597822282,-0.4712163029908125,train
2016-05-11,-1.924807461257801,-1.3577114472766982,-0.5670960139811028,train
2016-05-12,-1.6869854372546678,-1.556565977494352,-0.13041945976031566,train
2016-05-13,-1.6140039070907406,-1.6006152838345604,-0.013388623256180177,train
2016-05-16,-1.769593295052861,-1.5183582883300166,-0.2512350067228444,train
2016-05-17,-1.7679393534779888,-1.662778889963905,-0.1051604635140837,train
2016-05-18,-1.7145801737161666,-1.7407129502224277,0.026132776506261113,train
2016-05-19,-1.9688207157520057,-1.5085418044576564,-0.4602789112943493,train
2016-05-20,-2.039688306089375,-1.531412709735919,-0.5082755963534562,train
2016-05-23,-1.988002128986628,-1.6927993074438508,-0.2952028215427773,train
2016-05-24,-2.091019132350959,-1.6930800006299818,-0.39793913172097706,train
2016-05-25,-2.041706575474806,-1.637159296575728,-0.40454727889907804,train
2016-05-26,-1.8525691034450913,-1.7841263195601968,-0.06844278388489444,train
2016-05-27,-1.6353579363570083,-1.7703840764387282,0.13502614008171987,train
2016-05-30,-0.9362595474664472,-1.760684193766333,0.8244246462998857,train
2016-05-31,-0.8686609268993989,-1.969034128996485,1.100373202097086,train
2016-06-01,-0.891944702494544,-1.8035255281036502,0.9115808256091061,train
2016-06-02,-0.9562085350669438,-1.7016179894404448,0.745409454373501,train
2016-06-03,-1.0110941628254018,-1.5850192185501757,0.5739250557247739,train
2016-06-06,-1.7289340170323462,-1.2302312489558018,-0.49870276807654434,train
2016-06-07,-1.7478644250150375,-1.3700733770610276,-0.37779104795400986,train
2016-06-08,-1.6887614673034164,-1.4515140810805796,-0.2372473862228368,train
2016-06-09,-1.5132036240541615,-1.5485127344050384,0.035309110350876916,train
2016-06-10,-1.1980978529540696,-1.4803301564114828,0.28223230345741324,train
2016-06-13,-1.0967890677474696,-1.6440254626635589,0.5472363949160892,train
2016-06-14,-1.0520861664527665,-1.6583893918642922,0.6063032254115257,train
2016-06-15,-0.9950584724674894,-1.6252625321305811,0.6302040596630918,train
2016-06-16,-1.0066155030064883,-1.477369161483463,0.4707536584769747,train
2016-06-17,-0.9868372456437466,-1.258382790528969,0.2715455448852224,train
2016-06-20,0.5143796295179884,-1.2862954173838785,1.8006750469018669,train
2016-06-21,0.5820526579639227,-1.2981187548917301,1.8801714128556528,train
2016-06-22,0.5979408729254976,-1.2272496971044033,1.825190570029901,train
2016-06-23,0.6202254799188703,-1.2336219889795907,1.853847468898461,train
2016-06-24,0.6460008356692954,-1.0814153798474322,1.7274162155167276,train
2016-06-27,-0.49111662418437046,-0.4523067318834112,-0.03880989230095927,train
2016-06-28,-0.74752900730202,-0.6133837984054614,-0.13414520889655857,train
2016-06-29,-0.7843686221941304,-0.6522045552891276,-0.13216406690500282,train
2016-06-30,-0.8259195690011488,-0.5621917003252241,-0.2637278686759247,train
2016-07-01,-1.1679305549616465,-0.42202164061411235,-0.7459089143475341,train
2016-07-04,-0.9455753252977406,-0.782947944244507,-0.1626273810532336,train
2016-07-05,-0.9472789329850646,-1.0674928023792016,0.12021386939413703,train
2016-07-06,-1.0016688566951968,-0.9855122532044729,-0.016156603490723898,train
2016-07-07,-1.124737659014964,-0.9824067417507617,-0.14233091726420233,train
2016-07-08,-1.0935396760096088,-1.1090689511217884,0.015529275112179608,train
2016-07-11,-1.4429063577468566,-0.8872997835333404,-0.5556065742135162,train
2016-07-12,-1.452137031708163,-1.122819180629809,-0.3293178510783541,train
2016-07-13,-1.5424904892446822,-1.0741426558787952,-0.46834783336588703,train
2016-07-14,-1.494516308271137,-1.1951644878717331,-0.2993518203994039,train
2016-07-15,-1.5475970899506188,-1.079154392448802,-0.4684426975018168,train
2016-07-18,-1.6069990467305981,-1.199309643570944,-0.4076894031596541,train
2016-07-19,-1.6446350534028786,-1.323898173516998,-0.32073687988588073,train
2016-07-20,-1.684945871504464,-1.3665253577035075,-0.3184205138009566,train
2016-07-21,-1.6302467841563213,-1.2911545424248985,-0.3390922417314228,train
2016-07-22,-1.7450529157995935,-1.2762819736507915,-0.468770942148802,train
2016-07-25,-1.7320633281192246,-1.3427893437017397,-0.38927398441748484,train
2016-07-26,-1.7312621989920034,-1.5017790746896118,-0.2294831243023916,train
2016-07-27,-1.741649270518038,-1.5712384042915422,-0.17041086622649582,train
2016-07-28,-1.9595519277807323,-1.4467853267456603,-0.512766601035072,train
2016-07-29,-2.0620921522938236,-1.562616973408976,-0.4994751788848475,train
2016-08-01,-1.8463295060187572,-1.5385231053260542,-0.30780640069270304,train
2016-08-02,-1.874778524058554,-1.6808578321984144,-0.1939206918601395,train
2016-08-03,-1.893640255580146,-1.7028767499261954,-0.1907635056539505,train
2016-08-04,-1.8580514731241249,-1.7876735135356958,-0.07037795958842907,train
2016-08-05,-1.8490406153086842,-1.8446309448683744,-0.004409670440309821,train
2016-08-08,-2.043557971975205,-1.629142685039643,-0.41441528693556196,train
2016-08-09,-2.0461404255007793,-1.8862552138723976,-0.15988521162838176,train
2016-08-10,-1.7714187750252561,-1.912717094831806,0.14129831980654983,train
2016-08-11,-1.6752950896943606,-1.8401706468439243,0.1648755571495637,train
2016-08-12,-1.5615983507828406,-1.8667323868025234,0.3051340360196828,train
2016-08-15,-1.64176565014252,-1.8024149527568982,0.16064930261437826,train
2016-08-16,-1.5950451199876308,-1.9821425104105788,0.387097390422948,train
2016-08-17,-1.7982551568070704,-1.6945603316336866,-0.1036948251733838,train
2016-08-18,-1.899582553534307,-1.685759999234476,-0.21382255429983088,train
2016-08-19,-2.1271240625541425,-1.6160305439646294,-0.5110935185895131,train
2016-08-22,-1.7613568231051873,-1.7104454831367413,-0.05091133996844599,train
2016-08-23,-1.782584443896241,-1.7147856328816908,-0.06779881101455021,train
2016-08-24,-1.7760108286151726,-1.8291957531175085,0.05318492450233592,train
2016-08-25,-1.7789143586207388,-1.8268518310718596,0.04793747245112079,train
2016-08-26,-1.6293976414730222,-2.011155136750167,0.381757495277145,train
2016-08-29,-1.497326888694946,-1.6849087280909956,0.18758183939604955,train
2016-08-30,-1.5193103566626769,-1.896879727164044,0.3775693705013672,train
2016-08-31,-1.3392173532788305,-1.892665232087078,0.5534478788082475,train
2016-09-01,-1.3376858060508348,-1.8631556898737762,0.5254698838229415,train
2016-09-02,-1.2873888399594555,-1.7043719214080542,0.41698308144859864,train
2016-09-05,-1.571893681077994,-1.522052299586821,-0.0498413814911729,train
2016-09-06,-1.456209778773027,-1.8153631077587258,0.35915332898569874,train
2016-09-07,-1.5782192886612223,-1.5326202327484462,-0.04559905591277613,train
2016-09-08,-1.5503202663847147,-1.64164632102845,0.09132605464373533,train
2016-09-09,-1.6692007962996467,-1.5042887568203658,-0.1649120394792809,train
2016-09-12,-1.7175841411620414,-1.6138065978429,-0.10377754331914146,train
2016-09-13,-1.8662658895396103,-1.5287293104115025,-0.33753657912810775,train
2016-09-14,-1.9766485512471568,-1.5847587699819643,-0.39188978126519247,train
2016-09-15,-1.7869966479319908,-1.577251483419463,-0.20974516451252767,train
2016-09-16,-1.8042856554074649,-1.6396068041123573,-0.16467885129510762,train
2016-09-19,-1.8536727868370046,-1.6549074534880186,-0.19876533334898605,train
2016-09-20,-1.8199404582715577,-1.8450612156962822,0.025120757424724527,train
2016-09-21,-1.8190945632663351,-1.8526256528351053,0.033531089568770156,train
2016-09-22,-2.0944238813674474,-1.6469538286537526,-0.4474700527136948,train
2016-09-23,-2.0950303642938133,-1.7548888065160684,-0.3401415577777449,train
2016-09-26,-1.8807290444944351,-1.7937984196292753,-0.08693062486515979,train
2016-09-27,-1.916849646833738,-1.7871089504006445,-0.12974069643309338,train
2016-09-28,-1.6244630044728146,-1.8012681057628674,0.1768051012900529,train
2016-09-29,-1.589180106141199,-1.8796995356671922,0.2905194295259932,train
2016-09-30,-1.5878399117815785,-1.84605136898757,0.2582114572059915,train
2016-10-03,-1.523198896229122,-1.6825036369598576,0.15930474073073553,train
2016-10-04,-1.5202965748604347,-1.8859114055367847,0.36561483067635003,train
2016-10-05,-1.714149981649232,-1.5914502532410162,-0.12269972840821586,train
2016-10-06,-1.604741005040938,-1.6791380636097448,0.07439705856880674,train
2016-10-07,-1.5031851805026881,-1.6956647201944948,0.19247953969180664,train
2016-10-10,-1.645259801812245,-1.5454383225484334,-0.09982147926381169,train
2016-10-11,-1.6315354337226404,-1.750552545368489,0.1190171116458485,train
2016-10-12,-1.654879908522208,-1.723409268042027,0.06852935951981909,train
2016-10-13,-1.7812636493763372,-1.6208089883308203,-0.16045466104551687,train
2016-10-14,-1.5269301846537042,-1.571502633429879,0.04457244877617472,train
2016-10-17,-1.5939300080436365,-1.650060800067064,0.05613079202342752,train
2016-10-18,-1.5989430624418255,-1.7394876601717693,0.14054459772994377,train
2016-10-19,-1.620427363527965,-1.6983630133307126,0.0779356498027477,train
2016-10-20,-1.6157261571128452,-1.745277146058821,0.12955098894597583,train
2016-10-21,-2.012418444583935,-1.4944956772598645,-0.5179227673240703,train
2016-10-24,-1.8744117897800479,-1.7319932366978226,-0.14241855308222529,train
2016-10-25,-1.8230559096447692,-1.7842617488012,-0.038794160843569125,train
2016-10-26,-1.8444273644648121,-1.7569527506926295,-0.08747461377218269,train
2016-10-27,-1.7759342928497028,-1.729601656760554,-0.04633263608914873,train
2016-10-28,-1.7387662275870615,-1.7915011966984797,0.052734969111418284,train
2016-10-31,-1.8374113440953403,-1.6954135310503256,-0.1419978130450148,train
2016-11-01,-1.821957021987752,-1.7375490716049042,-0.08440795038284765,train
2016-11-02,-1.8218036518151022,-1.7916135359249712,-0.030190115890130986,train
2016-11-03,-0.3513443303205955,-1.6665183134982435,1.315173983177648,train
2016-11-04,-0.29106493417277485,-1.6601555485762847,1.3690906144035098,train
2016-11-07,-0.23633572554088575,-1.747396160790167,1.5110604352492811,train
2016-11-08,-0.1544034583868279,-1.7367368508901166,1.5823333925032887,train
2016-11-09,-0.10280639804893452,-1.7937472539158983,1.6909408558669639,train
2016-11-10,-0.9323951868428652,-1.0661362928284124,0.13374110598554723,train
2016-11-11,-0.9392888966517469,-1.255787213909333,0.31649831725758604,train
2016-11-14,-0.8870217146856094,-1.1991549062608564,0.312133191575247,train
2016-11-15,-0.962186782372479,-1.0458353944154157,0.08364861204293672,train
2016-11-16,-0.9991153792443995,-0.9930367979643749,-0.006078581280024586,train
2016-11-17,-1.0250294317317497,-1.1347445219701822,0.10971509023843251,train
2016-11-18,-1.0980899621518785,-1.1082295137920537,0.010139551640175215,train
2016-11-21,-1.1892879830137024,-1.0529460366013228,-0.13634194641237962,train
2016-11-22,-1.1673862929211134,-1.1331734601841217,-0.034212832736991716,train
2016-11-23,-1.1262154591936941,-1.1721971344882833,0.045981675294589186,train
2016-11-24,-0.9898828923646085,-1.1394512737366191,0.14956838137201067,train
2016-11-25,-0.9422539249777568,-1.1765799499204854,0.23432602494272858,train
2016-11-28,-0.9634214476346916,-1.1832066305999485,0.21978518296525684,train
2016-11-29,-0.6353102007268814,-1.1413497202283318,0.5060395195014504,train
2016-11-30,-0.6483550244539437,-1.1310192292706236,0.48266420481667993,train
2016-12-01,-0.8080249864757653,-0.9918431829921528,0.18381819651638753,train
2016-12-02,-0.5509111481799482,-1.0053000697521646,0.45438892157221633,train
2016-12-05,-0.5502820817007648,-1.0557808897969514,0.5054988080961866,train
2016-12-06,-0.8830131657960083,-0.7446110285987304,-0.1384021371972779,train
2016-12-07,-0.8929847598574111,-0.9227877655762189,0.029803005718807785,train
2016-12-08,-0.6722259932185305,-1.093481486689353,0.4212554934708225,train
2016-12-09,-0.7411081270185939,-0.7304808655977276,-0.01062726142086623,train
2016-12-12,-0.6597247235815675,-0.9466223604792707,0.2868976368977032,train
2016-12-13,-0.6523967533252686,-1.0553801933372968,0.40298344001202824,train
2016-12-14,-0.6680257321338091,-1.072339312157855,0.40431358002404594,train
2016-12-15,-0.8598382421927446,-0.8295376270957198,-0.030300615097024863,train
2016-12-16,-1.1824327226185314,-0.7988189476765989,-0.3836137749419325,train
2016-12-19,-1.4437018438289948,-0.8289162639194417,-0.6147855799095531,train
2016-12-20,-1.6154480399347375,-0.8856264722057209,-0.7298215677290166,train
2016-12-21,-1.7720410066258236,-0.9462401346809921,-0.8258008719448315,train
2016-12-22,-1.849908655505484,-1.0460274817022202,-0.8038811738032638,train
2016-12-23,-1.872245899183969,-1.1194845017662032,-0.7527613974177658,train
2016-12-26,-0.9868011381545253,-1.3558044377913439,0.36900329963681855,train
2016-12-27,-0.9960906634131154,-1.4423958313087066,0.44630516789559127,train
2016-12-28,-0.7855175364158145,-1.5800013958652364,0.7944838594494219,train
2016-12-29,-0.6954898248718452,-1.538761962095571,0.8432721372237258,train
2016-12-30,-0.5308130725335168,-1.4905788774802589,0.959765804946742,train
2017-01-02,-0.8519378957906445,-1.0718929525433487,0.21995505675270421,train
2017-01-03,-0.757210842858756,-1.4342097415663937,0.6769988987076377,train
2017-01-04,-0.8475323391768061,-1.062419580662048,0.21488724148524185,train
2017-01-05,-0.6330215973324436,-1.052720100150622,0.41969850281817833,train
2017-01-06,-0.7215000331268484,-0.8713054253806161,0.14980539225376766,train
2017-01-09,-0.7121062130413743,-1.0234439928229135,0.3113377797815392,train
2017-01-10,-0.7453473034394061,-0.9839289160001737,0.2385816125607676,train
2017-01-11,-0.7070724572282046,-1.0210729357413817,0.31400047851317714,train
2017-01-12,-1.0039547788890533,-0.7929940373667701,-0.21096074152228317,train
2017-01-13,-0.9967062136546161,-0.9035506018719257,-0.09315561178269038,train
2017-01-16,-1.065542330099132,-0.9188230281131394,-0.1467193019859926,train
2017-01-17,-1.0312836151053448,-1.0433191634863692,0.012035548381024386,train
2017-01-18,-1.171725010493246,-0.9488469046014079,-0.2228781058918381,train
2017-01-19,-1.1858429445487004,-1.1187218814935276,-0.06712106305517285,train
2017-01-20,-1.355412737184506,-1.019342504885732,-0.33607023229877386,train
2017-01-23,-1.412474865050491,-1.1053586878875636,-0.3071161771629274,train
2017-01-24,-1.4437287726607875,-1.0900074508499156,-0.3537213218108719,train
2017-01-25,-1.2833157426021893,-1.2216963204186084,-0.06161942218358085,train
2017-01-26,-1.1988662318555898,-1.181780109568033,-0.017086122287556904,train
2017-01-27,-1.2174169756891635,-1.2159102829693265,-0.001506692719837055,train
2017-01-30,-1.1448451807063338,-1.2396995611788706,0.0948543804725368,train
2017-01-31,-1.2046408273346187,-1.2379138659806002,0.03327303864598141,train
2017-02-01,-1.3395530199575008,-1.1383174470979014,-0.20123557285959937,train
2017-02-02,-1.463244629140025,-1.0948888329504256,-0.36835579618959935,train
2017-02-03,-1.4787307040604487,-1.1828419337547504,-0.29588877030569827,train
2017-02-06,-1.6558534507358356,-1.0909051714755984,-0.5649482792602372,train
2017-02-07,-1.707564733656389,-1.2477191355769586,-0.4598455980794305,train
2017-02-08,-1.6651850559928227,-1.294018827334679,-0.37116622865814364,train
2017-02-09,-1.6080849001821798,-1.3390644889657541,-0.2690204112164256,train
2017-02-10,-1.5896034501122878,-1.354569309974682,-0.2350341401376057,train
2017-02-13,-1.6151834494084096,-1.4732515547247362,-0.1419318946836734,train
2017-02-14,-1.6322291814150502,-1.5635289329080024,-0.06870024850704781,train
2017-02-15,-1.6854846250462765,-1.4663461670550528,-0.21913845799122367,train
2017-02-16,-1.5002383981604908,-1.4301408574245007,-0.07009754073599006,train
2017-02-17,-1.5182133342034807,-1.454266097204367,-0.06394723699911364,train
2017-02-20,-1.4367980471631256,-1.542893894818518,0.10609584765539237,train
2017-02-21,-1.3908067736178438,-1.617455769470091,0.2266489958522473,train
2017-02-22,-1.3568053121021444,-1.566828437203873,0.2100231251017286,train
2017-02-23,-1.4960751972163095,-1.3940555098258876,-0.102019687390422,train
2017-02-24,-1.5615996498217337,-1.5083611862160116,-0.05323846360572215,train
2017-02-27,-1.5438902337451952,-1.4488827734177332,-0.09500746032746199,train
2017-02-28,-1.5244237822108884,-1.4701843401501593,-0.05423944206072906,train
2017-03-01,-1.6576718289810564,-1.4047114040205624,-0.252960424960494,train
2017-03-02,-1.8475779358518554,-1.4122826539637665,-0.43529528188808886,train
2017-03-03,-1.6360696362556078,-1.567108607078769,-0.06896102917683877,train
2017-03-06,-1.5807405567200943,-1.4804729645410144,-0.10026759217907988,train
2017-03-07,-1.6329782526602061,-1.5175358425725545,-0.11544241008765166,train
2017-03-08,-1.623286855090018,-1.7021268239833318,0.0788399688933139,train
2017-03-09,-1.3533999535837833,-1.7446932758460263,0.391293322262243,train
2017-03-10,-1.4443436187571814,-1.532154413912492,0.08781079515531065,train
2017-03-13,-1.5569481807894072,-1.5153306783888671,-0.041617502400540074,train
2017-03-14,-1.5775698499085604,-1.668532624941235,0.09096277503267469,train
2017-03-15,-1.4851060679279875,-1.6979967083132441,0.21289064038525662,train
2017-03-16,-1.762203384122613,-1.3800092458795958,-0.3821941382430172,train
2017-03-17,-1.863538809268217,-1.5169543072409186,-0.3465845020272984,train
2017-03-20,-1.9331491089036519,-1.5854810742057193,-0.3476680346979326,train
2017-03-21,-1.9014798508491633,-1.6821939027566246,-0.21928594809253865,train
2017-03-22,-1.9830280990977622,-1.5335445128735188,-0.44948358622424345,train
2017-03-23,-1.8595277867290125,-1.653496296254,-0.20603149047501246,train
2017-03-24,-1.788381237217635,-1.7296375948820661,-0.058743642335568946,train
2017-03-27,-1.7618240207737883,-1.772521182875795,0.010697162102006663,train
2017-03-28,-1.7841105690465626,-1.760576146718252,-0.02353442232831071,train
2017-03-29,-1.8460552906813705,-1.7825530855421827,-0.0635022051391878,train
2017-03-30,-1.9497151812114686,-1.666731186233625,-0.28298399497784366,train
2017-03-31,-1.9167645888730316,-1.6778461746561655,-0.2389184142168661,train
2017-04-03,-1.8503040389101366,-1.6990893897561867,-0.1512146491539499,train
2017-04-04,-1.8853298934184846,-1.7555375520635896,-0.12979234135489492,train
2017-04-05,-1.8814817673781046,-1.8293532191378412,-0.05212854824026336,train
2017-04-06,-1.8403474996275557,-1.7870389610817163,-0.05330853854583939,train
2017-04-07,-1.9529295356321439,-1.7349770196222032,-0.2179525160099407,train
2017-04-10,-2.1779005476343944,-1.7058304012118635,-0.472070146422531,train
2017-04-11,-2.1349016216615286,-1.8660777004743583,-0.26882392118717036,train
2017-04-12,-2.0012144980115525,-1.8625932624252861,-0.13862123558626638,train
2017-04-13,-2.1569086168158753,-1.7453541233418635,-0.41155449347401185,train
2017-04-14,-2.0667964845269164,-1.853298238725502,-0.21349824580141452,train
2017-04-17,-1.8998246284559526,-2.08310037634693,0.18327574789097745,train
2017-04-18,-1.529345030017865,-1.98710990674622,0.45776487672835486,train
2017-04-19,-1.5365339790811137,-1.866297866806744,0.32976388772563037,train
2017-04-20,-1.412253938287517,-2.006002721474665,0.593748783187148,train
2017-04-21,-1.2686148885712203,-1.9000904671912602,0.6314755786200399,train
2017-04-24,-1.2158626005943503,-1.8094132042208064,0.5935506036264562,train
2017-04-25,-1.501724886023139,-1.544502012646631,0.04277712662349198,train
2017-04-26,-1.5616212062173545,-1.6719023647065445,0.11028115848919007,train
2017-04-27,-1.70635920866255,-1.5434723493068767,-0.16288685935567337,train
2017-04-28,-1.9075529844319057,-1.4127894597105006,-0.49476352472140506,train
2017-05-01,-2.050804992997273,-1.4331269919045662,-0.617678001092707,train
2017-05-02,-1.8321580641499928,-1.753720854778299,-0.07843720937169385,train
2017-05-03,-1.7520291698320734,-1.749735584915363,-0.0022935849167102784,train
2017-05-04,-1.7032205877853437,-1.8357909102043493,0.13257032241900557,train
2017-05-05,-1.799450398995423,-1.7833431450757262,-0.016107253919696696,train
2017-05-08,-1.80667228442367,-1.8642388187592134,0.05756653433554337,train
2017-05-09,-1.9835082229442862,-1.7095663915676862,-0.2739418313766,train
2017-05-10,-1.9872743504390469,-1.7104739026796147,-0.27680044775943213,train
2017-05-11,-1.9207811031289348,-1.6999333677053612,-0.2208477354235736,train
2017-05-12,-1.727228769204877,-1.773702921624281,0.04647415241940411,train
2017-05-15,-1.7287173075604956,-1.750157465131703,0.02144015757120732,train
2017-05-16,-1.5499326911503724,-1.8726480010410942,0.32271530989072184,train
2017-05-17,-1.4367470505448572,-1.784157165110312,0.3474101145654549,train
2017-05-18,-1.365599120924272,-1.7388895976535492,0.3732904767292773,train
2017-05-19,-1.470735821878516,-1.613119007936913,0.14238318605839706,train
2017-05-22,-1.450967451653797,-1.6950284113485647,0.24406095969476782,train
2017-05-23,-1.6415717735258863,-1.5162430840294834,-0.12532868949640297,train
2017-05-24,-1.6188248018685627,-1.4494676501050172,-0.1693571517635455,train
2017-05-25,-1.6999068477788035,-1.435114844959253,-0.2647920028195505,train
2017-05-26,-1.7136560367667244,-1.581038273895397,-0.13261776287132743,train
2017-05-29,-1.5787611550916887,-1.5544296943023939,-0.024331460789294823,train
2017-05-30,-1.5496303001989524,-1.806700250214409,0.2570699500154565,train
2017-05-31,-1.7690294548696535,-1.5915547485052823,-0.17747470636437113,train
2017-06-01,-1.6126682195632567,-1.668549429757594,0.05588121019433734,train
2017-06-02,-1.5339241314601504,-1.7314230650059246,0.1974989335457742,train
2017-06-05,-1.607650290321962,-1.5559822889405315,-0.05166800138143057,train
2017-06-06,-1.6164377096682918,-1.6820854202901838,0.06564771062189201,train
2017-06-07,-1.636338858440598,-1.7586364310864928,0.1222975726458948,train
2017-06-08,-1.5212937343410513,-1.5559172945193604,0.03462356017830914,train
2017-06-09,-1.5560054426267542,-1.5786366678506574,0.02263122522390315,train
2017-06-12,-1.6771736864130733,-1.593042521396564,-0.0841311650165093,train
2017-06-13,-1.6861344234943891,-1.7208271531535504,0.03469272965916126,train
2017-06-14,-1.6771002231234082,-1.7412277668889056,0.06412754376549734,train
2017-06-15,-2.2173609427005836,-1.4760899047979983,-0.7412710379025853,train
2017-06-16,-2.4236398662487018,-1.6245118345698855,-0.7991280316788163,train
2017-06-19,-2.4702505131437595,-1.7775404015385992,-0.6927101116051604,train
2017-06-20,-2.3036650943614427,-1.825042728450671,-0.4786223659107718,train
2017-06-21,-1.9674026319405602,-1.7969253519802872,-0.17047727996027295,train
2017-06-22,-1.2177019858062421,-2.0128488086973717,0.7951468228911296,train
2017-06-23,-1.1253321548699358,-2.1055163353011337,0.9801841804311979,train
2017-06-26,-1.0742984324999938,-2.1341884048928303,1.0598899723928366,train
2017-06-27,-1.1061648220737066,-1.9829757510885424,0.8768109290148358,train
2017-06-28,-1.242430141941963,-1.7978809102530224,0.5554507683110594,train
2017-06-29,-1.9420571691705404,-1.4136360247516693,-0.5284211444188711,train
2017-06-30,-2.0653006561989042,-1.5170837121890202,-0.5482169440098841,train
2017-07-03,-1.9958019166443834,-1.497643996640906,-0.49815792000347736,train
2017-07-04,-2.051020030091624,-1.591914582399864,-0.4591054476917602,train
2017-07-05,-1.9948326462565968,-1.7316109608273234,-0.2632216854292735,train
2017-07-06,-1.8454502772680546,-1.8412367040924378,-0.004213573175616769,train
2017-07-07,-1.7764537711526414,-1.8729428685658378,0.09648909741319645,train
2017-07-10,-1.7899496939848856,-1.7992234691034648,0.009273775118579186,train
2017-07-11,-1.7743335295830458,-1.9967886752091608,0.22245514562611501,train
2017-07-12,-1.6548454356922875,-1.8963944002017687,0.24154896450948127,train
2017-07-13,-1.812616867406839,-1.7468441482510586,-0.06577271915578042,train
2017-07-14,-1.6679004098334158,-1.7370918219871079,0.06919141215369207,train
2017-07-17,-1.700301719388927,-1.7490174296324008,0.048715710243473875,train
2017-07-18,-1.6745983244495837,-1.862333275231074,0.18773495078149027,train
2017-07-19,-1.6997089354453376,-1.6585645737344503,-0.04114436171088731,train
2017-07-20,-1.4241116282875659,-1.8485946005109688,0.4244829722234029,train
2017-07-21,-1.4541761638562374,-1.6296080513622921,0.17543188750605476,train
2017-07-24,-1.414194911858241,-1.717579438517906,0.30338452665966487,train
2017-07-25,-1.313177546549817,-1.7518211110491495,0.4386435644993325,train
2017-07-26,-1.3220579020239664,-1.6535559937970203,0.3314980917730539,train
2017-07-27,-1.4288605563464203,-1.443393745676619,0.01453318933019876,train
2017-07-28,-1.49204133440589,-1.4980583713368552,0.006017036930965114,train
2017-07-31,-1.3314435414488601,-1.5342235931263262,0.20278005167746604,train
2017-08-01,-1.416063773905534,-1.4545031492768412,0.03843937537130726,train
2017-08-02,-1.434407960568994,-1.4788307009536072,0.04442274038461336,train
2017-08-03,-1.3809539433127143,-1.4702859065703116,0.08933196325759729,train
2017-08-04,-1.3486240759442998,-1.509558041500674,0.16093396555637418,train
2017-08-07,-1.4192236889971082,-1.345106936598819,-0.07411675239828908,train
2017-08-08,-1.4010641480762818,-1.55309341224712,0.15202926417083829,train
2017-08-09,-1.3292106938173867,-1.5218382688243153,0.19262757500692862,train
2017-08-10,-1.2892042208296646,-1.4013613646820438,0.11215714385237918,train
2017-08-11,-1.2386420467470305,-1.4093612520956025,0.170719205348572,train
2017-08-14,-1.2835232835150778,-1.3899189315508949,0.10639564803581703,train
2017-08-15,-1.3067920457213342,-1.4829549513777054,0.17616290565637116,train
2017-08-16,-1.4052939369285518,-1.365171034208631,-0.040122902719920805,train
2017-08-17,-1.6132578628295602,-1.28599473466183,-0.3272631281677303,train
2017-08-18,-1.8909058909384364,-1.280464016291393,-0.6104418746470435,train
2017-08-21,-1.6555731230274107,-1.3132992351525468,-0.3422738878748639,train
2017-08-22,-1.6758131910842355,-1.452296613125439,-0.22351657795879665,train
2017-08-23,-1.458375777617708,-1.483589594597456,0.025213816979748005,train
2017-08-24,-1.3788001319074257,-1.561136400554303,0.18233626864687724,train
2017-08-25,-1.2288301527626975,-1.769959593749669,0.5411294409869716,train
2017-08-28,-1.1315420132959577,-1.481637862897307,0.3500958496013493,train
2017-08-29,-1.1015575369102064,-1.7176473675734847,0.6160898306632783,train
2017-08-30,-1.1719187281899077,-1.453232529076252,0.2813138008863443,train
2017-08-31,-1.2265947438712193,-1.4699579270819176,0.24336318321069839,train
2017-09-01,-1.1218790424601384,-1.3355671712158732,0.21368812875573484,train
2017-09-04,-1.2816106191634191,-1.1941406451936418,-0.08746997396977729,train
2017-09-05,-1.2870656379223586,-1.357207088156772,0.07014145023441332,train
2017-09-06,-1.3755168623573495,-1.3210967146375503,-0.054420147719799195,train
2017-09-07,-1.3557750996982922,-1.4218578140895772,0.06608271439128499,train
2017-09-08,-1.4258407040267438,-1.2274845437668274,-0.19835616025991643,train
2017-09-11,-1.5377129996903753,-1.293136608384449,-0.24457639130592623,train
2017-09-12,-1.515947894472704,-1.4354366741503448,-0.08051122032235924,train
2017-09-13,-1.458264934193966,-1.4997429913417772,0.041478057147811276,train
2017-09-14,-1.1216757088702272,-1.450390544483976,0.3287148356137488,train
2017-09-15,-1.2232236179335483,-1.3718227003269448,0.14859908239339648,train
2017-09-18,-1.2713204193687666,-1.467277302837346,0.19595688346857942,train
2017-09-19,-1.271197666871882,-1.515523540322024,0.2443258734501419,train
2017-09-20,-1.2179816724831491,-1.45783381148943,0.23985213900628088,train
2017-09-21,-1.5919654826484972,-1.169732493605389,-0.42223298904310824,train
2017-09-22,-1.62416851932138,-1.3727032615394896,-0.25146525778189033,train
2017-09-25,-1.6224117660117676,-1.4184186181844822,-0.2039931478272854,train
2017-09-26,-1.6428801125278332,-1.4127158475601291,-0.23016426496770404,train
2017-09-27,-1.822997258360905,-1.3212398424473777,-0.5017574159135274,train
2017-09-28,-1.8640843187144163,-1.4746161796319839,-0.3894681390824324,train
2017-09-29,-1.9616887780782313,-1.51384563931299,-0.4478431387652413,train
2017-10-02,-1.8964035719254657,-1.5130570955094467,-0.38334647641601904,train
2017-10-03,-1.993783376653777,-1.557713715436518,-0.436069661217259,train
2017-10-04,-1.9750767433177474,-1.6739526822099118,-0.3011240611078356,train
2017-10-05,-1.9765187528693506,-1.6608161597640716,-0.31570259310527904,train
2017-10-06,-1.9745789539446323,-1.7838383468849774,-0.1907406070596549,train
2017-10-09,-1.8182943393564315,-1.6458092964952404,-0.17248504286119104,train
2017-10-10,-1.7742991340796759,-1.8696704777512456,0.09537134367156974,train
2017-10-11,-1.826690225298063,-1.7987228045628623,-0.027967420735200754,train
2017-10-12,-1.8826486762926835,-1.7836425385002173,-0.09900613779246625,train
2017-10-13,-1.7572599476942512,-1.847135345405582,0.0898753977113309,train
2017-10-16,-1.9962480815660608,-1.6334743230536999,-0.36277375851236093,train
2017-10-17,-1.9925562095502631,-1.7677827218448772,-0.22477348770538597,train
2017-10-18,-1.9680601150193222,-1.8401572623747784,-0.12790285264454382,train
2017-10-19,-1.921882353101737,-1.8546450309977869,-0.06723732210395017,train
2017-10-20,-1.6415412874709574,-1.7126986739165482,0.07115738644559078,train
2017-10-23,-1.5435354789751408,-1.832577738358438,0.2890422593832973,train
2017-10-24,-1.5300255475410478,-1.8796263857379956,0.34960083819694776,train
2017-10-25,-1.5041428851113032,-1.8793460025364137,0.3752031174251105,train
2017-10-26,-1.497402572158894,-1.8258448874393143,0.32844231528042034,train
2017-10-27,-1.729303468887545,-1.5999882739042504,-0.1293151949832947,train
2017-10-30,-1.8168906384136052,-1.6267027215004863,-0.19018791691311887,train
2017-10-31,-1.8322101119654628,-1.7124994957880795,-0.11971061617738332,train
2017-11-01,-1.8392657167387425,-1.688628588767635,-0.1506371279711074,train
2017-11-02,-1.896974364063369,-1.6743165917335485,-0.22265777232982042,train
2017-11-03,-1.9953571249611894,-1.6866311808708048,-0.3087259440903847,train
2017-11-06,-2.11461147241247,-1.7293869855016828,-0.38522448691078726,train
2017-11-07,-2.1952114413489023,-1.79325545073447,-0.4019559906144323,train
2017-11-08,-2.1642420817452814,-1.7883203958452274,-0.37592168590005404,train
2017-11-09,-1.9952660088552565,-1.8462615374952318,-0.1490044713600247,train
2017-11-10,-1.9553757479786893,-1.8467867028364537,-0.10858904514223555,train
2017-11-13,-1.8857547149830343,-1.9314384934387412,0.045683778455706925,train
2017-11-14,-1.6561272750511933,-2.0304329231101956,0.37430564805900235,train
2017-11-15,-1.6554270648562357,-1.931497471055656,0.27607040619942036,train
2017-11-16,-1.7118749852992714,-1.8184423950298179,0.10656740973054646,train
2017-11-17,-1.774544855713488,-1.8294344365664996,0.054889580853011655,train
2017-11-20,-1.8042350648943848,-1.796333328909825,-0.007901735984559899,train
2017-11-21,-1.9723491146273895,-1.6088002529658225,-0.36354886166156697,train
2017-11-22,-1.903280260452358,-1.6864787820574014,-0.21680147839495656,train
2017-11-23,-1.8836447908879452,-1.700214430327662,-0.18343036056028317,train
2017-11-24,-1.721209439010196,-1.7865144100366936,0.06530497102649768,train
2017-11-27,-1.537630415725061,-1.7750433718436196,0.2374129561185585,train
2017-11-28,-1.5395034567381873,-1.8380827059539935,0.29857924921580614,train
2017-11-29,-1.595204994632564,-1.7686342759629075,0.17342928133034352,train
2017-11-30,-1.6345531806676425,-1.777756803110775,0.14320362244313256,train
2017-12-01,-1.7708546419635542,-1.6557436145992812,-0.11511102736427303,train
2017-12-04,-1.9965685922324996,-1.5376882641341902,-0.45888032809830936,train
2017-12-05,-2.0632284683474102,-1.6559891464399914,-0.40723932190741885,train
2017-12-06,-2.108949326673882,-1.6833411902516422,-0.42560813642223994,train
2017-12-07,-1.9979899550048938,-1.7124085937050684,-0.2855813612998255,train
2017-12-08,-1.775505296039462,-1.7916441185366094,0.016138822497147487,train
2017-12-11,-1.7949423340323587,-1.831056740041846,0.03611440600948734,train
2017-12-12,-1.7554452390171564,-1.9219573427235028,0.1665121037063464,train
2017-12-13,-1.7326071002092325,-1.9126820623580245,0.18007496214879204,train
2017-12-14,-1.8366567816281225,-1.7822844657520005,-0.05437231587612201,train
2017-12-15,-2.0862954402991947,-1.652056761401886,-0.4342386788973087,train
2017-12-18,-2.0513309098742654,-1.784900650169773,-0.2664302597044923,train
2017-12-19,-2.1771058963836136,-1.7588252528229076,-0.41828064356070604,train
2017-12-20,-2.273027913325174,-1.7405360114892794,-0.5324919018358947,train
2017-12-21,-2.374503834446922,-1.8181007494690316,-0.5564030849778905,train
2017-12-22,-2.4295792365179296,-1.9104615814028298,-0.5191176551150998,train
2017-12-26,-2.494812667703215,-1.8605553687233953,-0.6342572989798196,train
2017-12-27,-2.3299563832128753,-2.0864110611800504,-0.24354532203282497,train
2017-12-28,-2.203049263802729,-2.070785101825347,-0.1322641619773819,train
2017-12-29,-2.055747981773106,-2.154597459922515,0.09884947814940892,train
2018-01-02,-2.0034104390467666,-2.156631074972361,0.15322063592559454,train
2018-01-03,-1.987573873350248,-2.13689279562987,0.14931892227962207,train
2018-01-04,-1.7920063910607715,-2.064410726190627,0.2724043351298553,train
2018-01-05,-1.5313511068584642,-2.003964430660546,0.472613323802082,train
2018-01-08,-1.2992478512993653,-1.9268996390629713,0.6276517877636061,train
2018-01-09,-1.1797812462406716,-1.9362730813736178,0.7564918351329462,train
2018-01-10,-1.0320682098430063,-1.920175447137454,0.8881072372944476,train
2018-01-11,-0.9469398933019452,-1.739526659045202,0.7925867657432569,train
2018-01-12,-0.9798752671261937,-1.5906684010133638,0.6107931338871702,train
2018-01-15,-1.0780179650460793,-1.4670528691667357,0.38903490412065644,train
2018-01-16,-1.1737790220634094,-1.4329500925598717,0.25917107049646226,train
2018-01-17,-1.2952888792852535,-1.3015124479989997,0.006223568713746186,train
2018-01-18,-1.3706280035271778,-1.2369942279873176,-0.13363377553986022,train
2018-01-19,-0.9067801197719582,-1.2718325057123927,0.36505238594043454,train
2018-01-22,-0.8282212590251863,-1.3370279515577632,0.5088066925325769,train
2018-01-23,-0.7756540558631871,-1.487673935116763,0.7120198792535758,train
2018-01-24,-0.7119813039941354,-1.485693987678092,0.7737126836839565,train
2018-01-25,-0.7320697267033229,-1.4193208262097716,0.6872510995064487,train
2018-01-26,-1.1331889948183242,-1.1282877850821147,-0.004901209736209555,train
2018-01-29,-1.1699738308141026,-1.182997123851421,0.013023293037318417,train
2018-01-30,-1.136548261203248,-1.184442544137238,0.047894282933989896,train
2018-01-31,-1.105614805714594,-1.06991857895846,-0.03569622675613404,train
2018-02-01,-1.1243970940549544,-1.0931108741207929,-0.031286219934161474,train
2018-02-02,-1.0566295061011874,-1.1887830191343967,0.1321535130332092,train
2018-02-05,-1.1062941845057341,-1.1512763734741807,0.044982188968446524,train
2018-02-06,-1.1723775982146478,-1.1490963056088892,-0.02328129260575862,train
2018-02-07,-1.2958328350453643,-1.0886436484956294,-0.20718918654973484,train
2018-02-08,-1.0270505183440883,-1.1490943947627519,0.12204387641866354,train
2018-02-09,-1.0933928351460735,-1.0405272012314994,-0.052865633914574106,train
2018-02-12,-1.1074612106458872,-1.108894614619118,0.0014334039732308845,train
2018-02-13,-1.1212704662557382,-1.200760000868115,0.07948953461237673,train
2018-02-14,-1.1216471839286555,-1.251562307639394,0.12991512371073854,train
2018-02-15,-1.4110037011124656,-1.0021349747378072,-0.40886872637465843,train
2018-02-16,-1.4458679483751566,-1.1510201527326636,-0.2948477956424931,train
2018-02-19,-1.5229317730620175,-1.1787353695450882,-0.3441964035169294,train
2018-02-20,-1.5327581474006804,-1.2488955297754796,-0.2838626176252008,train
2018-02-21,-1.4663543775996388,-1.2259957486436344,-0.24035862895600446,train
2018-02-22,-1.5345633907105776,-1.2674698699344047,-0.2670935207761729,train
2018-02-23,-1.485825012198475,-1.2879164225291757,-0.19790858966929936,train
2018-02-26,-1.4359020030915124,-1.3786810863931782,-0.05722091669833418,train
2018-02-27,-1.3214141261682861,-1.4155953400361756,0.09418121386788947,train
2018-02-28,-1.3734687492706803,-1.322493745490195,-0.05097500378048525,train
2018-03-01,-1.3597200790728001,-1.414136041695877,0.05441596262307691,train
2018-03-02,-1.2976347346159671,-1.337325748011361,0.039691013395393826,train
2018-03-05,-1.333542308442794,-1.3511080158099598,0.017565707367165784,train
2018-03-06,-1.5009039126221868,-1.2570286715105758,-0.24387524111161096,train
2018-03-07,-1.5164707216239204,-1.3324904245220552,-0.18398029710186514,train
2018-03-08,-1.5382994253385494,-1.341858353119997,-0.19644107221855234,train
2018-03-09,-1.7968328033287841,-1.2385894426091648,-0.5582433607196193,train
2018-03-12,-1.836076159479143,-1.3625830632012002,-0.4734930962779429,train
2018-03-13,-1.7840568147094873,-1.5385453976234664,-0.24551141708602087,train
2018-03-14,-1.8493739714150506,-1.4647961136392489,-0.38457785777580167,train
2018-03-15,-1.8434263222873404,-1.4929373524424707,-0.35048896984486966,train
2018-03-16,-1.7193407338100455,-1.625285557966555,-0.09405517584349044,train
2018-03-19,-1.6910110017073043,-1.649760588663831,-0.04125041304347343,train
2018-03-20,-1.704108437096773,-1.631026745446185,-0.07308169165058787,train
2018-03-21,-1.7066786947408243,-1.6631465711836113,-0.04353212355721303,train
2018-03-22,-1.7129803704727826,-1.6330267578368565,-0.07995361263592615,train
2018-03-23,-1.8280949531281208,-1.5497817708819348,-0.27831318224618595,train
2018-03-26,-1.986037879411254,-1.5846285005090472,-0.40140937890220685,train
2018-03-27,-2.0585864101076288,-1.6311721932667147,-0.4274142168409141,train
2018-03-28,-2.061994707357279,-1.6248439894488793,-0.43715071790839954,train
2018-03-29,-2.1017507841663714,-1.6010779670235802,-0.5006728171427912,train
2018-03-30,-2.1173537467619257,-1.687748065328197,-0.42960568143372857,train
2018-04-02,-1.9017341639127685,-1.9120321769100446,0.010298012997276063,train
2018-04-03,-1.8409711575158652,-1.905881375627942,0.06491021811207687,train
2018-04-04,-1.7036097160070516,-1.8495956071611335,0.1459858911540819,train
2018-04-05,-1.7499858694525499,-1.8648516791743908,0.1148658097218409,train
2018-04-06,-1.7532392063493745,-1.9000483882775492,0.14680918192817471,train
2018-04-09,-1.8859551568658837,-1.7405237889375582,-0.14543136792832545,train
2018-04-10,-1.9407459147015624,-1.7737743474089436,-0.16697156729261886,train
2018-04-11,-2.1860973175770453,-1.632116650222268,-0.5539806673547774,train
2018-04-12,-2.1624808823429564,-1.7692886613176801,-0.3931922210252763,train
2018-04-13,-2.13717957939525,-1.7613765029639736,-0.37580307643127653,train
2018-04-16,-2.037726552181228,-1.87349314181831,-0.16423341036291794,train
2018-04-17,-1.950371185168965,-1.9041509337654698,-0.04622025140349506,train
2018-04-18,-1.873993394709196,-1.9693845246538428,0.09539112994464682,train
2018-04-19,-1.8506870947406473,-1.9402475620143111,0.08956046727366385,train
2018-04-20,-1.6693801470492966,-1.9160059952632529,0.24662584821395628,train
2018-04-23,-1.6346402772742177,-1.8659688955453473,0.2313286182711296,train
2018-04-24,-1.6185200725257147,-1.8333437617527766,0.21482368922706185,train
2018-04-25,-1.6110210402813974,-1.793426903390946,0.18240586310954865,train
2018-04-26,-1.3120939555774802,-1.7978365968888292,0.48574264131134903,train
2018-04-27,-1.3257018252496058,-1.6290493531874326,0.3033475279378268,train
2018-04-30,-1.2427189491582347,-1.6739231458763515,0.43120419671811683,train
2018-05-01,-1.2673826022408232,-1.676189270081985,0.4088066678411617,train
2018-05-02,-1.2137669982548678,-1.6574305773973608,0.443663579142493,train
2018-05-03,-1.4444192583331923,-1.3876665987554166,-0.056752659577775644,train
2018-05-04,-1.4105290345396966,-1.4593106073270403,0.04878157278734374,train
2018-05-07,-1.5397245434934328,-1.3992259676148375,-0.14049857587859527,train
2018-05-08,-1.5386705876645888,-1.5249996908265517,-0.013670896838037017,train
2018-05-09,-1.553075148638951,-1.4108900545448626,-0.1421850940940883,train
2018-05-10,-1.4622035072681407,-1.5253533325381188,0.06314982526997803,train
2018-05-11,-1.5072734343378666,-1.4378215678299686,-0.06945186650789803,train
2018-05-14,-1.5017911257372183,-1.5850998710701198,0.08330874533290156,train
2018-05-15,-1.4662653003467083,-1.6004419040814655,0.13417660373475715,train
2018-05-16,-1.5042147613713304,-1.5220686992728498,0.017853937901519457,train
2018-05-17,-1.381846920443229,-1.4419826937506048,0.06013577330737574,train
2018-05-18,-1.4414624382661267,-1.4507721773503301,0.009309739084203406,train
2018-05-21,-1.3796791044764036,-1.5124816487355808,0.13280254425917715,train
2018-05-22,-1.3681628082520507,-1.4761096750189626,0.1079468667669119,train
2018-05-23,-1.2059590234805684,-1.481271635979096,0.2753126124985277,train
2018-05-24,-1.2272450282304272,-1.3212274138392155,0.09398238560878824,train
2018-05-25,-1.0478627665940312,-1.4496704148115536,0.40180764821752235,train
2018-05-28,-1.0015530549425957,-1.386186727786781,0.38463367284418526,train
2018-05-29,-1.0118461468102686,-1.4147117940949503,0.40286564728468166,train
2018-05-30,-1.1095605388682281,-1.2348745162900738,0.1253139774218457,train
2018-05-31,-1.1723378329219623,-1.2331917890534387,0.06085395613147648,train
2018-06-01,-1.3758470223756918,-1.116630344028239,-0.25921667834745277,train
2018-06-04,-1.4879904681328453,-1.1543673945279536,-0.33362307360489174,train
2018-06-05,-1.488194124361387,-1.2526605701628177,-0.23553355419856925,train
2018-06-06,-1.5016867790321757,-1.2534746051855385,-0.24821217384663719,train
2018-06-07,-1.5034675745733166,-1.2384425434052426,-0.26502503116807397,train
2018-06-08,-1.2525682311496709,-1.3692458641262717,0.11667763297660083,train
2018-06-11,-1.1033287531661449,-1.4235856550454296,0.3202569018792847,train
2018-06-12,-1.1171168374754732,-1.4429439590030129,0.3258271215275397,train
2018-06-13,-1.0651818417832344,-1.4048006001962545,0.33961875841302014,train
2018-06-14,-1.1117910280352026,-1.3588056735035736,0.24701464546837104,train
2018-06-15,-1.2119848284954042,-1.1931108159640775,-0.0188740125313267,train
2018-06-18,-1.304092409071552,-1.150369825862632,-0.15372258320891996,train
2018-06-19,-1.2413392516995356,-1.3076133773770078,0.06627412567747215,train
2018-06-20,-1.33872202890339,-1.1710755946152456,-0.16764643428814452,train
2018-06-21,-1.3164292378202527,-1.2428003885090115,-0.07362884931124114,train
2018-06-22,-1.3355506894458415,-1.196300275676542,-0.13925041376929959,train
2018-06-25,-1.1944293857502248,-1.2653915995895242,0.07096221383929935,train
2018-06-26,-1.1974661775865811,-1.2491844194473964,0.051718241860815306,train
2018-06-27,-1.2111130188694461,-1.3343446282479476,0.12323160937850153,train
2018-06-28,-1.2938391200795705,-1.2785138434398267,-0.015325276639743812,train
2018-06-29,-1.4398067727210397,-1.2474891116832019,-0.19231766103783787,train
2018-07-02,-1.731101540808035,-1.15045671808461,-0.5806448227234251,train
2018-07-03,-1.8153817529667196,-1.2617073657973448,-0.5536743871693748,train
2018-07-04,-1.8297715613908927,-1.330503640412235,-0.4992679209786577,train
2018-07-05,-1.6846287658705341,-1.4163353326675976,-0.2682934332029365,train
2018-07-06,-1.6692058589513767,-1.4730113987192777,-0.19619446023209908,train
2018-07-09,-1.6864518640417863,-1.53075132244408,-0.1557005415977062,train
2018-07-10,-1.7429818776674422,-1.5820727495876197,-0.1609091280798225,train
2018-07-11,-1.7273269923315093,-1.601230936515611,-0.12609605581589833,train
2018-07-12,-1.864737398219722,-1.4690499267401114,-0.3956874714796106,train
2018-07-13,-1.6417998719407758,-1.526491721716433,-0.11530815022434271,train
2018-07-16,-1.582447168335822,-1.5375324437359432,-0.044914724599878886,train
2018-07-17,-1.544757304686081,-1.6467997612539276,0.1020424565678466,train
2018-07-18,-1.5401087078952245,-1.6017497830590572,0.06164107516383277,train
2018-07-19,-1.488432169017727,-1.6707780352208477,0.18234586620312077,train
2018-07-20,-1.6454505168552873,-1.4804695751280248,-0.16498094172726252,train
2018-07-23,-1.7907203642386318,-1.5152372044997082,-0.27548315973892357,train
2018-07-24,-1.878283282251019,-1.559218397309353,-0.31906488494166596,train
2018-07-25,-1.8968088555182279,-1.5490268374199947,-0.34778201809823317,train
2018-07-26,-2.021146892880774,-1.5026453526970935,-0.5185015401836806,train
2018-07-27,-2.1194401027463026,-1.5566826445324686,-0.5627574582138339,train
2018-07-30,-2.0129026214503214,-1.728762555059279,-0.2841400663910425,train
2018-07-31,-1.9835133783229655,-1.8256268411503713,-0.15788653717259415,train
2018-08-01,-2.1036886466226083,-1.7637302025117332,-0.33995844411087517,train
2018-08-02,-2.0929485713019735,-1.8667236230891275,-0.226224948212846,train
2018-08-03,-2.1311395205489494,-1.8797075619500845,-0.2514319585988649,train
2018-08-06,-1.6427104728717605,-1.8024036486319062,0.15969317576014563,train
2018-08-07,-1.4534769598913806,-1.8563807875617895,0.4029038276704089,train
2018-08-08,-1.3373240098006804,-1.9596677237449576,0.6223437139442771,train
2018-08-09,-1.2374360520430938,-1.9050727698321388,0.667636717789045,train
2018-08-10,-1.1368627552928032,-1.9369332349485222,0.800070479655719,train
2018-08-13,-1.3811612388720507,-1.6117619856502663,0.23060074677821563,train
2018-08-14,-1.5287927768970933,-1.5910494110747038,0.062256634177610515,train
2018-08-15,-1.4669812717620339,-1.5435730624793043,0.0765917907172704,train
2018-08-16,-1.5035598719536287,-1.448334954357731,-0.05522491759589765,train
2018-08-17,-1.5240767622345173,-1.3658026226102213,-0.15827413962429593,train
2018-08-20,-1.4546802877437928,-1.4888740539036749,0.03419376615988212,train
2018-08-21,-1.4432324544945556,-1.6255762680141728,0.18234381351961715,train
2018-08-22,-1.5609674257279276,-1.4916978149915936,-0.06926961073633398,train
2018-08-23,-1.6185289797789877,-1.5422516578339174,-0.07627732194507031,train
2018-08-24,-1.6486178797140918,-1.5299421504103998,-0.11867572930369197,train
2018-08-27,-1.672010709291702,-1.4805048348652914,-0.19150587442641065,train
2018-08-28,-1.6863395866278255,-1.5618264731913885,-0.124513113436437,train
2018-08-29,-1.6767222840418272,-1.5902449841873687,-0.08647729985445851,train
2018-08-30,-1.5471422942786213,-1.61050648573021,0.06336419145158878,train
2018-08-31,-1.5699814856816194,-1.5770079489098352,0.007026463228215762,train
2018-09-03,-1.5727439241769663,-1.5496770804916515,-0.023066843685314753,train
2018-09-04,-1.5824602675551227,-1.644190604204982,0.061730336649859385,train
2018-09-05,-1.5947682926272444,-1.6050605824785227,0.01029228985127828,train
2018-09-06,-1.6843946307445752,-1.4692008279963618,-0.21519380274821343,train
2018-09-07,-1.6469634528538735,-1.5241672488228812,-0.12279620403099223,train
2018-09-10,-1.741464488944966,-1.476933713973342,-0.2645307749716239,train
2018-09-11,-1.7685243890305928,-1.5773992707538138,-0.19112511827677903,train
2018-09-12,-1.7251840655086141,-1.5675265647093675,-0.15765750079924667,train
2018-09-13,-1.7566372248559758,-1.5721067056884748,-0.18453051916750107,train
2018-09-14,-1.7646252180434534,-1.5428990397901237,-0.22172617825332974,train
2018-09-17,-1.787253484699698,-1.6306477262280938,-0.15660575847160407,train
2018-09-18,-1.6333064924271097,-1.7282007640524768,0.09489427162536712,train
2018-09-19,-1.6802265248758852,-1.6179881211230684,-0.06223840375281675,train
2018-09-20,-1.6332329049961856,-1.6435780315204227,0.010345126524237136,train
2018-09-21,-1.5745447882599233,-1.6200446566468691,0.04549986838694586,train
2018-09-24,-1.5681951277154624,-1.6944605872657705,0.1262654595503081,train
2018-09-25,-1.662093918876055,-1.5510103718106252,-0.11108354706542989,train
2018-09-26,-1.6414130981885258,-1.6430464460999474,0.0016333479114216676,train
2018-09-27,-1.5762875930812659,-1.5685883889616186,-0.007699204119647307,train
2018-09-28,-1.6368386269434902,-1.508303220617633,-0.12853540632585725,train
2018-10-01,-1.5694269646034464,-1.5895938806204548,0.020166916017008374,train
2018-10-02,-1.581273681071714,-1.6398392819153085,0.05856560084359441,train
2018-10-03,-1.5675361328718862,-1.61280140103843,0.04526526816654375,train
2018-10-04,-1.7099154584074459,-1.5113432669673272,-0.19857219144011862,train
2018-10-05,-1.636942402533015,-1.5660954074370683,-0.07084699509594672,train
2018-10-08,-1.6931316840971036,-1.538131022774624,-0.15500066132247947,train
2018-10-09,-1.702429433849286,-1.6167304511537637,-0.08569898269552234,train
2018-10-10,-1.7531345329237895,-1.5691666551529353,-0.18396787777085422,train
2018-10-11,-1.7367783730152682,-1.6567477628864535,-0.08003061012881463,train
2018-10-12,-1.87633185419037,-1.5333695819334736,-0.34296227225689635,train
2018-10-15,-1.7928985122956111,-1.6351386517971664,-0.1577598604984447,train
2018-10-16,-1.7533026554222761,-1.6861172377937617,-0.06718541762851449,train
2018-10-17,-1.7076169478918517,-1.6948552839231972,-0.012761663968654524,train
2018-10-18,-1.6842293970262439,-1.6634198274538077,-0.020809569572436182,train
2018-10-19,-1.6808151418593353,-1.700772981279933,0.0199578394205977,train
2018-10-22,-1.715610618530622,-1.6260307407244585,-0.08957987780616339,train
2018-10-23,-1.6269191665899068,-1.6616855629918381,0.034766396401931354,train
2018-10-24,-1.6776723019310231,-1.6184961111339586,-0.05917619079706449,train
2018-10-25,-1.6803838827197357,-1.612659597109574,-0.06772428561016164,train
2018-10-26,-1.6868574827257627,-1.6155809050316063,-0.0712765776941564,train
2018-10-29,-1.6567379252022505,-1.610436971315819,-0.046300953886431406,train
2018-10-30,-1.8025607578015814,-1.550007742777449,-0.2525530150241324,train
2018-10-31,-1.814814825959302,-1.6593151213781412,-0.1554997045811608,train
2018-11-01,-1.4962461219641254,-1.6175529748213004,0.12130685285717502,train
2018-11-02,-1.4678683620597273,-1.6302723017890077,0.16240393972928047,train
2018-11-05,-1.5336029618391733,-1.5804025398812298,0.04679957804205648,train
2018-11-06,-1.433039041231167,-1.749494793750473,0.3164557525193059,train
2018-11-07,-1.3378561603546668,-1.7526351573292283,0.41477899697456144,train
2018-11-08,-1.400470376570121,-1.4625576897221466,0.06208731315202565,train
2018-11-09,-1.2377130658402524,-1.5681981407046681,0.3304850748644157,train
2018-11-12,-1.1874422685189385,-1.6352590984653876,0.4478168299464491,train
2018-11-13,-1.2321518789811097,-1.5269807057681306,0.29482882678702094,train
2018-11-14,-1.2889274707271923,-1.455416255100679,0.1664887843734868,train
2018-11-15,-1.4126258288076612,-1.3828846542324054,-0.029741174575255824,train
2018-11-16,-1.6885276897082746,-1.3002860450287943,-0.3882416446794803,train
2018-11-19,-1.735818394115939,-1.3437964163789426,-0.39202197773699643,train
2018-11-20,-1.7663588211320773,-1.4222571501012835,-0.3441016710307938,train
2018-11-21,-1.723050430452836,-1.4601851076265495,-0.2628653228262865,train
2018-11-22,-1.5093960974920393,-1.4400942463881754,-0.06930185110386389,train
2018-11-23,-1.4483265160674663,-1.6412837626496144,0.19295724658214808,train
2018-11-26,-1.5007367499529727,-1.6024234222349707,0.10168667228199801,train
2018-11-27,-1.4228370178068146,-1.6662301599412792,0.2433931421344646,train
2018-11-28,-1.4380420826336922,-1.593976142448421,0.15593405981472874,train
2018-11-29,-1.7396272828683006,-1.4185846591464797,-0.3210426237218209,train
2018-11-30,-1.7121135477596228,-1.4932813682390278,-0.21883217952059497,train
2018-12-03,-1.4483622121414936,-1.5893494913826038,0.1409872792411102,train
2018-12-04,-1.434140903631406,-1.4630628538079329,0.02892195017652699,train
2018-12-05,-1.4380810621876874,-1.5032357082856718,0.06515464609798438,train
2018-12-06,-1.3669075018266013,-1.6221102160033634,0.2552027141767621,train
2018-12-07,-1.3526379431584947,-1.550854839963894,0.19821689680539922,train
2018-12-10,-1.551118969262952,-1.3743453077852226,-0.17677366147772933,train
2018-12-11,-1.6774753111612888,-1.4340978177719153,-0.24337749338937353,train
2018-12-12,-1.7258642661393189,-1.4764352627295165,-0.24942900340980234,train
2018-12-13,-1.6259285553211158,-1.397813288053637,-0.22811526726747888,train
2018-12-14,-1.5717815835680164,-1.3911598192646282,-0.18062176430338828,train
2018-12-17,-1.458443041437064,-1.5266870649383462,0.06824402350128222,train
2018-12-18,-1.4045545781713824,-1.6574471014687966,0.2528925232974142,train
2018-12-19,-1.3903080466160527,-1.6703901500675298,0.2800821034514771,train
2018-12-20,-1.4016496236125016,-1.5075609867101694,0.1059113630976678,train
2018-12-21,-1.4471079186237874,-1.4981582242589233,0.051050305635135906,train
2018-12-24,-1.5650478523381068,-1.4485697162960118,-0.116478136042095,train
2018-12-26,-1.5007632429285793,-1.4712724911104094,-0.029490751818169958,train
2018-12-27,-1.3062812216185062,-1.488230918462133,0.18194969684362672,train
2018-12-28,-1.3128412357591712,-1.3781094155957734,0.06526817983660216,train
2018-12-31,-1.3841169656681809,-1.4326438089818467,0.04852684331366586,train
2019-01-02,-1.3743004736620856,-1.5523934417070535,0.17809296804496788,train
2019-01-03,-1.365690649085752,-1.46020667480937,0.09451602572361795,train
2019-01-04,-1.5209848226498632,-1.301885462013064,-0.21909936063679925,train
2019-01-07,-1.6017786136550098,-1.3326466094144587,-0.26913200424055117,train
2019-01-08,-1.6026290899392586,-1.4815795002459078,-0.12104958969335078,train
2019-01-09,-1.5318034992773446,-1.4484293214021755,-0.0833741778751691,train
2019-01-10,-1.659007434845315,-1.3855485697933565,-0.2734588650519585,train
2019-01-11,-1.7631730802511876,-1.480716496259687,-0.28245658399150053,train
2019-01-14,-1.9306711176778855,-1.4996421718473605,-0.431028945830525,train
2019-01-15,-2.065695463929876,-1.5634208737602613,-0.5022745901696148,train
2019-01-16,-2.3781317590095075,-1.4584048795647608,-0.9197268794447466,train
2019-01-17,-2.482156416086486,-1.610815760498633,-0.8713406555878529,train
2019-01-18,-2.2218563910947453,-1.6889866251791423,-0.532869765915603,train
2019-01-21,-2.116311108473691,-1.80036905274635,-0.3159420557273409,train
2019-01-22,-2.0388315854081696,-1.9761012104552307,-0.06273037495293887,train
2019-01-23,-2.0198268524249463,-2.0434966489506516,0.023669796525705333,train
2019-01-24,-1.6852069781074466,-2.0820465370387837,0.39683955893133716,train
2019-01-25,-1.7901986795117175,-1.8834136516011977,0.09321497208948015,train
2019-01-28,-1.7741105167686386,-1.9054283864674317,0.1313178696987931,train
2019-01-29,-1.8031175642410044,-1.9112700433597696,0.10815247911876513,train
2019-01-30,-1.830873670683173,-1.9340607803308643,0.10318710964769129,train
2019-01-31,-2.2918787987343654,-1.6222058277710016,-0.6696729709633638,train
2019-02-01,-2.4212965745443986,-1.7863155781062707,-0.6349809964381279,train
2019-02-04,-2.694977485623988,-1.768473393272872,-0.9265040923511159,train
2019-02-05,-2.605955669764056,-1.9216265377759894,-0.6843291319880667,train
2019-02-06,-2.4995492892063464,-1.9879129514846412,-0.5116363377217052,train
2019-02-07,-2.3139191488374666,-2.1904651281880207,-0.12345402064944588,train
2019-02-08,-2.0473689463541436,-2.1874346137956415,0.14006566744149795,train
2019-02-11,-1.9610483892144777,-2.349539677255117,0.38849128804063926,train
2019-02-12,-2.0007492870047248,-2.2445219191078327,0.24377263210310796,train
2019-02-13,-1.9530872025401076,-2.214074186290012,0.26098698374990437,train
2019-02-14,-1.9762039762223524,-2.102280178497682,0.12607620227532945,train
2019-02-15,-2.1188374075170304,-1.9425664062396266,-0.1762710012774038,train
2019-02-18,-2.142382049963185,-1.9824031972862564,-0.1599788526769288,train
2019-02-19,-2.1425565682063588,-2.062675604505737,-0.0798809637006217,train
2019-02-20,-2.2124880553447053,-1.956035835360661,-0.2564522199840442,train
2019-02-21,-2.2269381624065647,-1.9744994239782587,-0.252438738428306,train
2019-02-22,-2.2451604521436996,-1.9852168054898045,-0.25994364665389513,train
2019-02-25,-2.275479373874233,-2.039588164950813,-0.23589120892341997,train
2019-02-26,-2.2995770603762384,-2.088924397376808,-0.21065266299943053,train
2019-02-27,-2.258803950881348,-2.090503179909737,-0.16830077097161134,train
2019-02-28,-2.353716361814863,-2.078929434336113,-0.27478692747875,train
2019-03-01,-2.297687427554853,-2.0573860317179595,-0.24030139583689358,train
2019-03-04,-2.2514374108132524,-2.1523347053432507,-0.09910270547000177,train
2019-03-05,-2.2259748780586515,-2.210150885784261,-0.015823992274390353,train
2019-03-06,-2.157418648863859,-2.1181334454004457,-0.03928520346341324,train
2019-03-07,-2.0851676799188055,-2.250158201539805,0.1649905216209997,train
2019-03-08,-2.2115634155551107,-2.09978290299399,-0.11178051256112065,train
2019-03-11,-2.2529036961502102,-2.1200809762845516,-0.13282271986565863,train
2019-03-12,-2.2908777884050857,-2.145954645071057,-0.14492314333402856,train
2019-03-13,-2.4942940671773894,-2.0143945722170007,-0.47989949496038875,train
2019-03-14,-2.0373368030503975,-2.0241812493958844,-0.013155553654513152,train
2019-03-15,-1.9646321725516538,-2.112410410797768,0.14777823824611414,train
2019-03-18,-1.6133489013220574,-2.136178621448391,0.5228297201263337,train
2019-03-19,-1.5793320265233763,-2.2271446096679055,0.6478125831445292,train
2019-03-20,-1.5656678919214957,-2.2968022909344743,0.7311343990129786,train
2019-03-21,-1.781390359998324,-1.9514411300559975,0.17005077005767344,train
2019-03-22,-1.7369333892976606,-2.0436578386656943,0.30672444936803367,train
2019-03-25,-2.050910928064556,-1.7592520312836721,-0.29165889678088375,train
2019-03-26,-2.0602834182661782,-1.916956291410038,-0.14332712685614024,train
2019-03-27,-2.0380633357574935,-1.9269650700873424,-0.11109826567015113,train
2019-03-28,-2.1316365899346525,-1.9119251764622265,-0.21971141347242606,train
2019-03-29,-2.3400671886406297,-1.8587517138345995,-0.4813154748060302,train
2019-04-01,-2.494102036316053,-1.961047457393906,-0.533054578922147,train
2019-04-02,-2.555153381780019,-2.0375639760320086,-0.5175894057480104,train
2019-04-03,-2.5975822816245446,-2.0140631213952984,-0.5835191602292462,train
2019-04-04,-2.5692730983935586,-2.065650503349199,-0.5036225950443596,train
2019-04-05,-2.5434561106070306,-2.210007755664202,-0.33344835494282865,train
2019-04-08,-2.49240113145076,-2.232844172293306,-0.25955695915745425,train
2019-04-09,-2.5291381010117395,-2.2936631816082964,-0.23547491940344312,train
2019-04-10,-2.4874441665092486,-2.287817649780231,-0.19962651672901766,train
2019-04-11,-2.5395504865406147,-2.24664360855128,-0.29290687798933446,train
2019-04-12,-2.350236756985051,-2.2886388874706975,-0.06159786951435331,train
2019-04-15,-2.534517456786472,-2.229272795900532,-0.3052446608859398,train
2019-04-16,-2.6106825486134406,-2.3474460761488856,-0.26323647246455506,train
2019-04-17,-2.643464855392102,-2.241802528564382,-0.40166232682771996,train
2019-04-18,-2.507339351647937,-2.2898396182349448,-0.21749973341299222,train
2019-04-19,-2.6145700335347857,-2.1180640305927763,-0.4965060029420094,train
2019-04-22,-2.3977057644057416,-2.61279895781005,0.21509319340430855,train
2019-04-23,-2.3071258322918493,-2.677099601603333,0.36997376931148374,train
2019-04-24,-2.3129438335881347,-2.5252010217690297,0.212257188180895,train
2019-04-25,-2.1160613207334054,-2.4199856628184113,0.30392434208500596,train
2019-04-26,-2.186410522985854,-2.459828708501528,0.2734181855156739,train
2019-04-29,-2.1753568701868633,-2.319754169773424,0.14439729958656056,train
2019-04-30,-2.1403239180658638,-2.3094454320325988,0.16912151396673503,train
2019-05-01,-2.1061618575168017,-2.289149923999354,0.18298806648255228,train
2019-05-02,-2.34782319128822,-2.0779653280616928,-0.26985786322652716,train
2019-05-03,-2.2254059944896354,-2.2836674679969753,0.0582614735073399,train
2019-05-06,-2.295351441665024,-2.214559884986445,-0.08079155667857885,train
2019-05-07,-2.3173827791096775,-2.2241830866662076,-0.09319969244346993,train
2019-05-08,-2.354216485971033,-2.175810121975303,-0.17840636399572984,train
2019-05-09,-2.29213522774292,-2.231615018726256,-0.06052020901666433,train
2019-05-10,-2.432289401346351,-2.1389108825358125,-0.29337851881053867,train
2019-05-13,-2.481339538067599,-2.2552585628694435,-0.22608097519815562,train
2019-05-14,-2.5558663512263577,-2.2685245734835235,-0.2873417777428342,train
2019-05-15,-2.5137456306365813,-2.268847811523284,-0.2448978191132971,train
2019-05-16,-2.773971867322865,-2.1671309180750944,-0.6068409492477707,train
2019-05-17,-2.609666273578007,-2.3250237383442043,-0.2846425352338029,train
2019-05-20,-2.5120874526838444,-2.388731711851286,-0.12335574083255851,train
2019-05-21,-2.5543176106945102,-2.479634289652249,-0.07468332104226105,train
2019-05-22,-2.628110444518102,-2.3238770510486018,-0.30423339346950007,train
2019-05-23,-2.568062425162458,-2.5246712596500593,-0.04339116551239863,train
2019-05-24,-2.765403159925931,-2.3258094973062904,-0.43959366261964083,train
2019-05-27,-2.654965658837527,-2.3270834708396393,-0.3278821879978877,train
2019-05-28,-2.4640049778674875,-2.55438534599984,0.09038036813235228,train
2019-05-29,-2.2235892104764408,-2.451546690240865,0.22795747976442415,train
2019-05-30,-2.02890752763094,-2.4313778296657023,0.4024703020347622,train
2019-05-31,-1.7435069240653864,-2.530383830836282,0.7868769067708956,train
2019-06-03,-1.663891441523481,-2.394918425374039,0.7310269838505583,train
2019-06-04,-1.6889870115249659,-2.3123066387462243,0.6233196272212584,train
2019-06-05,-1.7932403279397466,-2.139097690222607,0.34585736228286046,train
2019-06-06,-1.887203068787367,-2.0470077551261756,0.1598046863388085,train
2019-06-07,-2.2078000656701966,-1.8424496968013102,-0.3653503688688864,train
2019-06-10,-2.3446801112735325,-1.8365145285937663,-0.5081655826797662,train
2019-06-11,-2.3422455830480673,-1.9970366753924167,-0.3452089076556506,train
2019-06-12,-2.1478391673819335,-2.0176063748687616,-0.13023279251317188,train
2019-06-13,-2.0836319904071265,-2.0432307633764544,-0.04040122703067217,train
2019-06-14,-1.9636584239367219,-2.2391768545144357,0.27551843057771386,train
2019-06-17,-1.8931813858223385,-2.1790189276364074,0.28583754181406884,train
2019-06-18,-1.8799458463646062,-2.2446112787003734,0.3646654323357672,train
2019-06-19,-1.856158278590203,-2.0362454702720982,0.18008719168189513,train
2019-06-20,-1.8963902848090923,-2.0356617644234514,0.13927147961435904,train
2019-06-21,-1.9836047200535423,-1.9651301488915824,-0.01847457116195983,train
2019-06-24,-2.1436528492800773,-1.883269201664763,-0.2603836476153143,train
2019-06-25,-2.101915673527573,-1.9761896159389383,-0.12572605758863453,train
2019-06-26,-2.29677336566962,-1.8322081686897735,-0.46456519697984633,train
2019-06-27,-2.324545161369635,-1.918248301978217,-0.406296859391418,train
2019-06-28,-2.4409854071948542,-2.0136125114382475,-0.42737289575660675,train
2019-07-01,-2.3736633581566946,-2.0807903498952256,-0.292873008261469,train
2019-07-02,-2.522578719925807,-2.0010531922715633,-0.5215255276542439,train
2019-07-03,-2.687617237150586,-2.064297645238544,-0.623319591912042,train
2019-07-04,-2.5264699514154136,-2.0869148733810614,-0.43955507803435223,train
2019-07-05,-2.300908280082028,-2.387569145613297,0.08666086553126906,train
2019-07-08,-2.3998895361275823,-2.176693521460157,-0.22319601466742522,train
2019-07-09,-2.3788883925711377,-2.382464748246275,0.003576355675137144,train
2019-07-10,-2.328633864410446,-2.4695897388482373,0.14095587443779145,train
2019-07-11,-2.5805356992455413,-2.25943984427071,-0.32109585497483106,train
2019-07-12,-2.611117465655626,-2.156108786617223,-0.45500867903840314,train
2019-07-15,-2.3777165142005217,-2.30739462734888,-0.07032188685164176,train
2019-07-16,-2.3916091034324363,-2.3032604373805254,-0.08834866605191083,train
2019-07-17,-2.4257090408257915,-2.248745084575707,-0.17696395625008465,train
2019-07-18,-2.3639915851137654,-2.395052539094052,0.03106095398028641,train
2019-07-19,-2.2296965064453955,-2.3020099326481285,0.07231342620273296,train
2019-07-22,-2.3907017224173863,-2.1798107239663413,-0.21089099845104498,train
2019-07-23,-2.3876552885471303,-2.3563476258892346,-0.03130766265789564,train
2019-07-24,-2.350608100306502,-2.3790063955572904,0.028398295250788408,train
2019-07-25,-2.05792973211791,-2.3001570472164805,0.24222731509857054,train
2019-07-26,-2.0780114280429545,-2.1512709857709873,0.07325955772803283,train
2019-07-29,-1.9930576762851613,-2.329680446618909,0.3366227703337479,train
2019-07-30,-1.8388282654258712,-2.3868962577677904,0.5480679923419192,train
2019-07-31,-1.71392030719511,-2.3199273418600384,0.6060070346649284,train
2019-08-01,-1.7972968728327408,-2.0562865001025443,0.25898962726980357,train
2019-08-02,-1.78963730225555,-2.103106443928588,0.31346914167303797,train
2019-08-05,-1.8197529097096692,-2.086932748565651,0.2671798388559816,train
2019-08-06,-1.9208998502011079,-1.9350004882902159,0.014100638089107997,train
2019-08-07,-1.9415694513903374,-1.8430578270872373,-0.09851162430310012,train
2019-08-08,-2.009858370520151,-1.8624554265416777,-0.1474029439784732,train
2019-08-09,-2.051106787425395,-1.834382153078115,-0.21672463434727995,train
2019-08-12,-2.0364812378187382,-1.9222785406759477,-0.11420269714279052,train
2019-08-13,-2.082586324595293,-2.008963419951171,-0.07362290464412213,train
2019-08-14,-2.255656188738908,-1.9170720797424632,-0.338584108996445,train
2019-08-15,-2.383730275539542,-1.974400229979581,-0.4093300455599611,train
2019-08-16,-2.4602764605272425,-1.9497755153572847,-0.5105009451699578,train
2019-08-19,-2.298538527545335,-1.961815151761168,-0.3367233757841672,train
2019-08-20,-2.1534528571663487,-2.099230508048438,-0.054222349117910795,train
2019-08-21,-2.160075121241096,-2.172958383629292,0.012883262388196037,train
2019-08-22,-2.154647496939134,-2.246233398915959,0.09158590197682503,train
2019-08-23,-2.181847191931294,-2.1667181394964254,-0.015129052434868395,train
2019-08-26,-2.313102875097812,-2.0426489994128887,-0.2704538756849235,train
2019-08-27,-2.4483704070117316,-2.0235635265194416,-0.42480688049229,train
2019-08-28,-2.139156062161123,-2.1383772573679614,-0.0007788047931618358,train
2019-08-29,-2.053641814833743,-2.132009612068286,0.0783677972345429,train
2019-08-30,-2.0511784380655356,-2.0755076608517977,0.02432922278626215,train
2019-09-02,-2.1127127817280136,-2.0933156519318854,-0.019397129796128176,train
2019-09-03,-2.0441795958299234,-2.2246616225618063,0.18048202673188296,train
2019-09-04,-2.3074187576108196,-1.967395810758362,-0.3400229468524576,train
2019-09-05,-2.4219857119488504,-2.0099105886480446,-0.41207512330080576,train
2019-09-06,-1.7672674762502005,-2.0333453827658268,0.26607790651562624,train
2019-09-09,-1.70096973058956,-2.096879198862254,0.39590946827269424,train
2019-09-10,-1.7178056241783675,-2.022987697718666,0.3051820735402986,train
2019-09-11,-1.6643776220990616,-2.197584867440945,0.5332072453418832,train
2019-09-12,-1.5651716914816551,-2.2724752786315956,0.7073035871499405,train
2019-09-13,-2.075551493246134,-1.8311687867724478,-0.24438270647368632,train
2019-09-16,-2.1498473204206032,-1.9578819587282983,-0.19196536169230494,train
2019-09-17,-2.110306053186234,-2.021649114585621,-0.08865693860061308,train
2019-09-18,-2.163860879514881,-1.9575888784520323,-0.2062720010628487,train
2019-09-19,-2.3333516901480476,-1.8222411305480475,-0.5111105596000001,train
2019-09-20,-2.2889905668520028,-2.0301261106794666,-0.2588644561725362,train
2019-09-23,-2.2819516915002382,-2.045945344554142,-0.23600634694609646,train
2019-09-24,-2.2894463017245648,-1.995758968365809,-0.29368733335875574,train
2019-09-25,-2.1323651431620942,-2.083940078071344,-0.048425065090750063,train
2019-09-26,-2.1081831289824384,-2.1910976488818408,0.08291451989940235,train
2019-09-27,-1.9122868509558115,-2.096230297542232,0.18394344658642048,train
2019-09-30,-1.8814018127922238,-2.101895801644512,0.2204939888522881,train
2019-10-01,-1.953810951160523,-2.0786984119983734,0.1248874608378503,train
2019-10-02,-2.102776063357172,-1.9691273247257919,-0.13364873863138005,train
2019-10-03,-2.112988850645751,-2.048524256656136,-0.0644645939896149,train
2019-10-04,-2.4071858324674227,-1.8377322736165955,-0.5694535588508272,train
2019-10-07,-2.3507476794916964,-1.9108936942605441,-0.43985398523115227,train
2019-10-08,-2.379556706758407,-2.045837770324067,-0.33371893643434003,train
2019-10-09,-2.1259917117975484,-2.1065626134233364,-0.019429098374212028,train
2019-10-10,-1.988915952534792,-2.112714403203702,0.12379845066891004,train
2019-10-11,-1.8649239977835481,-2.1655645422740553,0.30064054449050714,train
2019-10-14,-1.9564189616530394,-2.0701843166397644,0.11376535498672502,train
2019-10-15,-1.93102616688443,-2.2578054139122883,0.3267792470278583,train
2019-10-16,-2.063497663117448,-1.9880676022652706,-0.0754300608521774,train
2019-10-17,-2.249288740457595,-1.9493340141400572,-0.29995472631753795,train
2019-10-18,-2.2850193022724707,-1.8724784158374888,-0.412540886434982,train
2019-10-21,-2.3631227363995535,-2.035640924167335,-0.3274818122322185,train
2019-10-22,-2.4425833456447057,-2.0350020863471086,-0.40758125929759714,train
2019-10-23,-2.589800057982619,-2.0153641249584755,-0.5744359330241435,train
2019-10-24,-2.3411648556532634,-2.2088848702399573,-0.1322799854133061,train
2019-10-25,-2.4728379043335345,-2.0676060652618182,-0.4052318390717162,train
2019-10-28,-2.3509460887857996,-2.293519745189804,-0.05742634359599563,train
2019-10-29,-2.2821911336067386,-2.3931456365229486,0.11095450291621001,train
2019-10-30,-2.192368780534503,-2.3995510068644874,0.2071822263299845,train
2019-10-31,-2.441156591531742,-2.1711263213962506,-0.2700302701354915,train
2019-11-01,-2.510463079681444,-2.274751681950753,-0.23571139773069127,train
2019-11-04,-2.656022566477677,-2.214367863701193,-0.4416547027764839,train
2019-11-05,-2.776477341196799,-2.2270516108649927,-0.5494257303318064,train
2019-11-06,-2.9863990848648574,-2.126145628789052,-0.8602534560758053,train
2019-11-07,-2.947190891200663,-2.3751645616079045,-0.5720263295927586,train
2019-11-08,-3.055634427520357,-2.3184941559521577,-0.7371402715681992,train
2019-11-11,-3.088108746434923,-2.4589820004924725,-0.6291267459424503,train
2019-11-12,-3.0431016410759137,-2.590906635607824,-0.45219500546808966,train
2019-11-13,-3.0976154251787453,-2.619422726565746,-0.4781926986129994,train
2019-11-14,-3.081457212790937,-2.5936944503795667,-0.4877627624113705,train
2019-11-15,-3.093385692908425,-2.65418162600896,-0.4392040668994648,train
2019-11-18,-2.9062337823840987,-2.724018581980867,-0.18221520040323158,train
2019-11-19,-2.9076974400342843,-2.7113050226467803,-0.19639241738750401,train
2019-11-20,-2.9071435916184827,-2.7721514495481983,-0.13499214207028443,train
2019-11-21,-2.951249907055038,-2.712214933307535,-0.23903497374750282,train
2019-11-22,-3.0495857627084346,-2.7507625111069514,-0.29882325160148326,train
2019-11-25,-3.0996257630175497,-2.601109109183015,-0.4985166538345345,train
2019-11-26,-2.920899959559056,-2.7175917179045013,-0.20330824165455486,train
2019-11-27,-2.8402139278592298,-2.7425472141285874,-0.0976667137306424,train
2019-11-28,-2.7331317668702484,-2.7341839316027436,0.0010521647324952532,train
2019-11-29,-2.6467911391916523,-2.8903609183235006,0.2435697791318483,train
2019-12-02,-2.560203389874865,-2.759483555341265,0.19928016546640004,train
2019-12-03,-2.7219677656427175,-2.6830193396575677,-0.038948425985149804,train
2019-12-04,-2.7694193988170497,-2.703285850120114,-0.06613354869693566,train
2019-12-05,-2.7071793397399087,-2.6194629523325603,-0.08771638740734833,train
2019-12-06,-2.548863593616406,-2.614507523564076,0.06564392994766965,train
2019-12-09,-2.162118695516254,-2.4755486948438055,0.31342999932755156,train
2019-12-10,-2.0920144773462286,-2.7572309096778733,0.6652164323316447,train
2019-12-11,-2.047640250725033,-2.727917804349702,0.680277553624669,train
2019-12-12,-2.103093036266169,-2.5839840068397497,0.48089097057358066,train
2019-12-13,-2.157939621910919,-2.4936221462904875,0.33568252437956847,train
2019-12-16,-2.6842529213313635,-2.2505923324434813,-0.43366058888788217,train
2019-12-17,-2.7833080985556085,-2.364524546836854,-0.4187835517187546,train
2019-12-18,-2.9147829463234487,-2.3125767311603243,-0.6022062151631244,train
2019-12-19,-3.057658549106345,-2.3629036963421237,-0.6947548527642211,train
2019-12-20,-3.0260504501877765,-2.351530509784601,-0.6745199404031754,train
2019-12-23,-2.914886832146212,-2.539123835192972,-0.3757629969532399,train
2019-12-24,-2.855669530016865,-2.640075988728564,-0.215593541288301,train
2019-12-26,-2.6455187847228143,-2.7351982928600114,0.08967950813719705,train
2019-12-27,-2.5192125291269103,-2.846407201584064,0.3271946724571535,train
2019-12-30,-2.5693049833668735,-2.6679875807755034,0.09868259740862984,train
2019-12-31,-2.547874690257733,-2.626456052369492,0.07858136211175903,train
2020-01-02,-2.3964600885571277,-2.6402736730459586,0.24381358448883095,train
2020-01-03,-2.465013575760741,-2.4622555990652386,-0.0027579766955025953,train
2020-01-06,-2.4085940245360145,-2.420837368946813,0.01224334441079833,train
2020-01-07,-2.4396107540784477,-2.4581769483413374,0.018566194262889635,train
2020-01-08,-2.53910760543851,-2.40200693261019,-0.13710067282831995,train
2020-01-09,-2.6922187321672504,-2.2897118741467,-0.4025068580205504,train
2020-01-10,-2.6910872268047785,-2.3963293565170463,-0.29475787028773226,train
2020-01-13,-2.870876120391456,-2.3087001044506863,-0.5621760159407696,train
2020-01-14,-2.943666343820328,-2.41369760835301,-0.5299687354673179,train
2020-01-15,-2.94188261151395,-2.4773077838014665,-0.46457482771248326,train
2020-01-16,-2.977427347343225,-2.508299070700477,-0.4691282766427478,train
2020-01-17,-2.7292095294249656,-2.512632985265085,-0.2165765441598806,train
2020-01-20,-2.719211507494839,-2.657486964296426,-0.06172454319841325,train
2020-01-21,-2.6455516297187844,-2.7502598138885084,0.10470818416972394,train
2020-01-22,-2.672923519432393,-2.6897424439219613,0.016818924489568232,train
2020-01-23,-2.658985527013903,-2.700419571296701,0.041434044282798066,train
2020-01-24,-2.9643934600328987,-2.4949700418524805,-0.4694234181804182,train
2020-01-27,-2.8688246212155835,-2.639226344891147,-0.2295982763244364,train
2020-01-28,-2.8558203616710958,-2.554919877231028,-0.30090048444006756,train
2020-01-29,-2.825592778060906,-2.609589160107914,-0.2160036179529916,train
2020-01-30,-2.8429957392731144,-2.560175227289392,-0.2828205119837226,train
2020-01-31,-2.7475764865502015,-2.673781385256933,-0.0737951012932685,train
2020-02-03,-2.663696217015186,-2.58513079597407,-0.07856542104111597,train
2020-02-04,-2.697982982811472,-2.610851446771705,-0.08713153603976664,train
2020-02-05,-2.6651132145181715,-2.6268788495232633,-0.038234364994908177,train
2020-02-06,-2.593157060704719,-2.628164038886244,0.03500697818152476,train
2020-02-07,-2.5952518536084166,-2.5381339481204965,-0.05711790548792006,train
2020-02-10,-2.6646545391756375,-2.4825029014554927,-0.18215163772014487,train
2020-02-11,-2.728183166491689,-2.6029299980779883,-0.1252531684137006,train
2020-02-12,-2.599406347947415,-2.562951469900862,-0.036454878046552786,train
2020-02-13,-2.6337941019500475,-2.4881500566934243,-0.14564404525662322,train
2020-02-14,-2.5494023348135446,-2.4828892900117308,-0.06651304480181386,train
2020-02-17,-2.3229012223208674,-2.5112604975081845,0.1883592751873171,train
2020-02-18,-2.082092974884545,-2.7080812282433118,0.6259882533587668,train
2020-02-19,-2.041601025873257,-2.466477871992939,0.42487684611968213,train
2020-02-20,-1.8586429718797268,-2.53239432784915,0.6737513559694233,train
2020-02-21,-1.7243507252754813,-2.42420759013727,0.6998568648617889,train
2020-02-24,-1.4298471500372185,-2.273961854507442,0.8441147044702235,train
2020-02-25,-1.1619670430235833,-2.1361186317798118,0.9741515887562284,train
2020-02-26,-0.8423752078896666,-2.12937581504205,1.2870006071523834,train
2020-02-27,-0.7906217940281044,-1.965209520783838,1.1745877267557336,train
2020-02-28,-0.7709076798226696,-1.8645869820831706,1.093679302260501,train
2020-03-02,-0.751949897872972,-1.642804861407152,0.89085496353418,train
2020-03-03,-0.24466104981827652,-1.4941644049140503,1.249503355095774,train
2020-03-04,-0.2247306128641107,-1.2739180262392318,1.0491874133751211,train
2020-03-05,-0.17601358430824007,-1.3257226562164965,1.1497090719082566,train
2020-03-06,0.2325119632228248,-1.305694137816362,1.5382061010391868,train
2020-03-09,0.34970431593817297,-1.1721209924384797,1.5218253083766526,train
2020-03-10,0.273983223142642,-0.8176590715414516,1.0916422946840936,train
2020-03-11,0.27324790669228494,-0.9090631023229611,1.182311009015246,train
2020-03-12,0.3550848238130032,-0.8935197157497029,1.2486045395627061,train
2020-03-13,0.4126211128966629,-0.4428131202731153,0.8554342331697782,train
2020-03-16,0.4634934750777231,-0.40565492053497587,0.869148395612699,train
2020-03-17,0.48984916698381387,-0.3597961450417449,0.8496453120255587,train
2020-03-18,0.5609148169550191,-0.41800252245454184,0.9789173394095609,train
2020-03-19,0.5129309152968932,-0.25969988157449725,0.7726307968713904,train
2020-03-20,0.25330053624662147,-0.06447699710029565,0.3177775333469171,train
2020-03-23,0.08877086512650721,-0.0620106123786043,0.1507814775051115,train
2020-03-24,-0.15223203532536006,-0.003213231097777113,-0.14901880422758296,train
2020-03-25,-0.28500746526042325,0.04228030465583038,-0.32728776991625363,train
2020-03-26,-0.3463098700881504,-0.07968745804132779,-0.2666224120468226,train
2020-03-27,-0.4205980854158056,-0.10533511750120524,-0.3152629679146004,train
2020-03-30,-0.520698095730679,-0.18672153606460362,-0.3339765596660754,train
2020-03-31,-0.6208929331353482,-0.285347921442363,-0.33554501169298523,train
2020-04-01,-0.8488013318117446,-0.2699934587831272,-0.5788078730286174,train
2020-04-02,-0.8639678156355941,-0.40066377792403585,-0.46330403771155826,train
2020-04-03,-0.9975866535242152,-0.37752306166046157,-0.6200635918637536,train
2020-04-06,-1.1987048933409068,-0.48166715684342315,-0.7170377364974836,train
2020-04-07,-1.2907356111706367,-0.5626883843756934,-0.7280472267949434,train
2020-04-08,-1.356638810588938,-0.6611606195426637,-0.6954781910462743,train
2020-04-09,-1.472525806642694,-0.6576507039192296,-0.8148751027234644,train
2020-04-10,-1.4945415920780054,-0.7222285531322411,-0.7723130389457643,train
2020-04-13,-1.3090336395142672,-1.1102153322099892,-0.19881830730427796,train
2020-04-14,-1.298531958799099,-1.0645393535844132,-0.2339926052146859,train
2020-04-15,-1.2258858220994946,-1.0980991403271498,-0.12778668177234476,train
2020-04-16,-1.2898540219197612,-1.1400319617347918,-0.14982206018496935,train
2020-04-17,-1.2164777975758445,-1.1176421199274735,-0.09883567764837098,train
2020-04-20,-1.193723335475578,-1.041120653827991,-0.15260268164758717,train
2020-04-21,-1.1944654222416076,-1.1259849117820329,-0.0684805104595747,train
2020-04-22,-1.2573393828335757,-1.0572994464713286,-0.20003993636224715,train
2020-04-23,-1.218026360058237,-1.2158048993747481,-0.0022214606834889405,train
2020-04-24,-1.17863930098702,-1.0773707934356336,-0.10126850755138639,train
2020-04-27,-1.2555648803016952,-1.1199542107016531,-0.1356106696000421,train
2020-04-28,-1.267187286033955,-1.2092573358646452,-0.057929950169309796,train
2020-04-29,-1.1997603893518933,-1.2360287548473052,0.0362683654954119,train
2020-04-30,-1.2128948049576382,-1.230850244029804,0.01795543907216568,train
2020-05-01,-1.4413098204092591,-1.1170725851066927,-0.32423723530256643,train
2020-05-04,-1.483389568783878,-1.27548923174068,-0.207900337043198,train
2020-05-05,-1.498399675524411,-1.3228286476503106,-0.17557102787410028,train
2020-05-06,-1.6270751180185443,-1.2203603734652864,-0.40671474455325796,train
2020-05-07,-1.6169916075999833,-1.298149583932812,-0.3188420236671712,train
2020-05-08,-1.6403906919379454,-1.3749268698374484,-0.265463822100497,train
2020-05-11,-1.6363724815938028,-1.4348189189834202,-0.2015535626103826,train
2020-05-12,-1.4882823067471047,-1.45574795606452,-0.03253435068258481,train
2020-05-13,-1.49879584355812,-1.4660175642050208,-0.03277827935309907,train
2020-05-14,-1.5690345959604926,-1.4472210598524848,-0.12181353610800771,train
2020-05-15,-1.5592447278776402,-1.4778577621683624,-0.08138696570927784,train
2020-05-18,-1.6223581322671226,-1.490279372689209,-0.1320787595779136,train
2020-05-19,-1.9320390634919662,-1.3554214999003986,-0.5766175635915676,train
2020-05-20,-1.9583890447115588,-1.4443384787024132,-0.5140505660091457,train
2020-05-21,-1.5830245006456434,-1.5213557297290727,-0.06166877091657064,train
2020-05-22,-1.5707630855996655,-1.4784671362924413,-0.09229594930722418,train
2020-05-25,-1.3613528343957597,-1.5969826976206853,0.23562986322492563,train
2020-05-26,-1.2617976965303526,-1.8335712701149474,0.5717735735845948,train
2020-05-27,-1.204989513160606,-1.727047707143578,0.5220581939829718,train
2020-05-28,-1.3377210057317497,-1.4784010632367004,0.14068005750495072,train
2020-05-29,-1.1374501700656492,-1.5804565114265288,0.4430063413608796,train
2020-06-01,-1.0811312737166523,-1.4094187815847883,0.328287507868136,train
2020-06-02,-1.0619770885285649,-1.4106418912053367,0.3486648026767718,train
2020-06-03,-1.0572427919044998,-1.344682496362656,0.28743970445815625,train
2020-06-04,-0.9692077567239591,-1.3679305552663137,0.3987227985423546,train
2020-06-05,-0.9970023999886364,-1.2085645191581171,0.21156211916948076,train
2020-06-08,-1.011015418443664,-1.1933530513008779,0.18233763285721394,train
2020-06-09,-0.9674898562763493,-1.2691179089288884,0.3016280526525391,train
2020-06-10,-0.9254364605112221,-1.2459449897978476,0.32050852928662554,train
2020-06-11,-0.9895360630326248,-1.1224739225924605,0.13293785955983572,train
2020-06-12,-1.0980287697415678,-1.1148355612678,0.016806791526232212,train
2020-06-15,-1.1717393636966804,-1.1187300366665862,-0.0530093270300942,train
2020-06-16,-1.2782516587213584,-1.1274378863130083,-0.15081377240835003,train
2020-06-17,-1.361988714348541,-1.0835741217395054,-0.27841459260903556,train
2020-06-18,-1.4367621274012548,-1.1225439183414263,-0.31421820905982845,train
2020-06-19,-1.514444923154654,-1.1888711520652044,-0.3255737710894495,train
2020-06-22,-1.6852459355979805,-1.183837476469707,-0.5014084591282735,train
2020-06-23,-1.689767502088301,-1.3354931292701309,-0.3542743728181701,train
2020-06-24,-1.7013720483231518,-1.3075616177080622,-0.3938104306150896,train
2020-06-25,-1.7951177985718754,-1.322165813700459,-0.4729519848714163,train
2020-06-26,-1.7328638304251207,-1.3909347085227262,-0.34192912190239455,train
2020-06-29,-1.774508666039508,-1.5143478467622211,-0.26016081927728685,train
2020-06-30,-1.7598709762437021,-1.502721437747286,-0.2571495384964162,train
2020-07-01,-1.806774291285978,-1.4659238396425989,-0.34085045164337924,train
2020-07-02,-1.7869423907461492,-1.568038268486956,-0.2189041222591932,train
2020-07-03,-1.7311051565102702,-1.4834642356400138,-0.24764092087025635,train
2020-07-06,-1.696921653633395,-1.6395140132095165,-0.05740764042387858,train
2020-07-07,-1.699051999370269,-1.5777629907271586,-0.12128900864311043,train
2020-07-08,-1.7437026169855203,-1.5976573306954085,-0.14604528629011182,train
2020-07-09,-1.7279292655275986,-1.6113933361450312,-0.1165359293825674,train
2020-07-10,-1.8151415388023497,-1.5194046968355632,-0.2957368419667865,train
2020-07-13,-1.8087545420756062,-1.6184401552536247,-0.19031438682198143,train
2020-07-14,-1.6713383241796471,-1.6013738830582478,-0.06996444112139932,train
2020-07-15,-1.4921004191357583,-1.66105298237326,0.16895256323750174,train
2020-07-16,-1.3839839888192473,-1.6345790614123192,0.2505950725930719,train
2020-07-17,-1.3751104536223708,-1.6481819915576081,0.2730715379352373,train
2020-07-20,-1.3200266517093369,-1.7129168184003443,0.3928901666910074,train
2020-07-21,-1.2932044326635588,-1.5626185291224954,0.26941409645893666,train
2020-07-22,-1.3499973750172285,-1.473618225172326,0.1236208501550975,train
2020-07-23,-1.369327496117428,-1.4275521417262524,0.058224645608824455,train
2020-07-24,-1.3127583916230228,-1.4719274833696114,0.15916909174658866,train
2020-07-27,-1.1602460988829495,-1.441672136442693,0.2814260375597435,train
2020-07-28,-1.1928850541740466,-1.3613141564589215,0.16842910228487495,train
2020-07-29,-1.1968566942119716,-1.4094146677182455,0.21255797350627392,train
2020-07-30,-1.1982212111649662,-1.3936137492005514,0.1953925380355852,train
2020-07-31,-1.1566656295008277,-1.3596314392497015,0.2029658097488738,train
2020-08-03,-1.223010624215958,-1.226852823915562,0.0038421996996040875,train
2020-08-04,-1.3054820603828938,-1.300574983946113,-0.0049070764367808994,train
2020-08-05,-1.2711257065343906,-1.3041759512259599,0.03305024469156925,train
2020-08-06,-1.2835658305079574,-1.2807388734646477,-0.002826957043309708,train
2020-08-07,-1.3863636573389377,-1.2202972258470266,-0.16606643149191114,train
2020-08-10,-1.5125914970095424,-1.2418110657031696,-0.27078043130637286,train
2020-08-11,-1.5058951309990947,-1.3992577253984275,-0.10663740560066715,train
2020-08-12,-1.5547656625537478,-1.2864199947353374,-0.2683456678184104,train
2020-08-13,-1.4911083908348395,-1.3018965860936984,-0.18921180474114108,train
2020-08-14,-1.4258981127055241,-1.3608164595371461,-0.065081653168378,train
2020-08-17,-1.3518644900167096,-1.4367912750677876,0.08492678505107798,train
2020-08-18,-1.3653252020396467,-1.4488648636517714,0.08353966161212467,train
2020-08-19,-1.4170963731094197,-1.4053629117436308,-0.0117334613657889,train
2020-08-20,-1.5715431717164043,-1.3397535573339006,-0.23178961438250378,train
2020-08-21,-1.3617038316333812,-1.3317431939257227,-0.029960637707658444,train
2020-08-24,-1.3321999661302475,-1.3081949981121794,-0.024004968018068062,train
2020-08-25,-1.3004908288523718,-1.408405659296571,0.10791483044419925,train
2020-08-26,-1.1340923819117583,-1.4135505090794753,0.279458127167717,train
2020-08-27,-1.0595962479915833,-1.5052231776822138,0.44562692969063056,train
2020-08-28,-1.231368116330563,-1.272054516456332,0.04068640012576896,train
2020-08-31,-1.2484302174456203,-1.3339278046121132,0.08549758716649292,train
2020-09-01,-1.3288282455171132,-1.3868864155878413,0.05805817007072811,train
2020-09-02,-1.4655750046837708,-1.2026788798482084,-0.26289612483556235,train
2020-09-03,-1.5362255155814883,-1.208981646107102,-0.32724386947438644,train
2020-09-04,-1.4383659708853147,-1.2773711512542723,-0.16099481963104245,train
2020-09-07,-1.559742772085487,-1.27160263152567,-0.28814014055981696,train
2020-09-08,-1.5343365965188467,-1.547278220441115,0.012941623922268386,train
2020-09-09,-1.6355743329768972,-1.4338920872748757,-0.20168224570202153,train
2020-09-10,-1.5062180711248319,-1.489876751424173,-0.016341319700658774,train
2020-09-11,-1.6356156821064034,-1.3711759331526576,-0.2644397489537458,train
2020-09-14,-1.6581903959982682,-1.5584954198219436,-0.09969497617632461,train
2020-09-15,-1.5255342102354295,-1.5931162933722223,0.06758208313679281,train
2020-09-16,-1.4315673848031851,-1.5940056634674922,0.16243827866430705,train
2020-09-17,-1.5231211367178488,-1.427727981202575,-0.09539315551527383,train
2020-09-18,-1.5150630237950604,-1.5128993278845877,-0.0021636959104727183,train
2020-09-21,-1.489502667566613,-1.6248367538159514,0.1353340862493384,train
2020-09-22,-1.565521592596717,-1.4717527421611696,-0.09376885043554739,train
2020-09-23,-1.6304286423540566,-1.418413581117641,-0.21201506123641556,train
2020-09-24,-1.6222987749424942,-1.4574989931689388,-0.16479978177355536,train
2020-09-25,-1.660304882411414,-1.439868221044741,-0.22043666136667284,train
2020-09-28,-1.6411163960721402,-1.4846817692291565,-0.1564346268429837,train
2020-09-29,-1.7040110263501862,-1.537885240933448,-0.16612578541673817,train
2020-09-30,-1.6756059363126898,-1.545312107572187,-0.13029382874050288,train
2020-10-01,-1.8044992879401172,-1.5076331821501254,-0.29686610578999173,train
2020-10-02,-1.9496208047916421,-1.5495034168883328,-0.4001173879033093,train
2020-10-05,-2.0399468841725286,-1.571630710806534,-0.4683161733659946,train
2020-10-06,-2.0509097092561985,-1.7049129382410342,-0.34599677101516435,train
2020-10-07,-2.196720520756914,-1.5907652500814051,-0.6059552706755089,train
2020-10-08,-2.2282546534195196,-1.7134134161461771,-0.5148412372733424,train
2020-10-09,-2.1817001685035002,-1.8246183372894214,-0.3570818312140789,train
2020-10-12,-2.1952641457740016,-1.8495867347821775,-0.34567741099182414,train
2020-10-13,-2.1562493466374484,-1.9068453064736375,-0.2494040401638109,train
2020-10-14,-2.1816275281709543,-1.9065475403795273,-0.27507998779142695,train
2020-10-15,-2.1444542943593072,-1.9431993204232476,-0.20125497393605962,train
2020-10-16,-2.154942514629335,-1.9068216865083218,-0.248120828121013,train
2020-10-19,-2.121280751429442,-1.9513455553843488,-0.169935196045093,train
2020-10-20,-2.1299593100281204,-1.93461095690071,-0.1953483531274105,train
2020-10-21,-2.110191073757441,-1.9462908711837668,-0.16390020257367421,train
2020-10-22,-2.0742131630643,-1.9234110679663357,-0.1508020950979645,train
2020-10-23,-1.9457074659533347,-1.951825559212959,0.006118093259624313,train
2020-10-26,-1.9041339288507326,-1.937216203974092,0.033082275123359484,train
2020-10-27,-1.9225140446194302,-1.9739751267483903,0.051461082128960056,train
2020-10-28,-1.9154535928815424,-1.9486550065421069,0.033201413660564505,train
2020-10-29,-1.2187156089438234,-1.9106737481830804,0.6919581392392571,train
2020-10-30,-1.1228535196888074,-1.8219708949183058,0.6991173752294984,train
2020-11-02,-1.0077942843003023,-1.846644320501971,0.8388500362016686,train
2020-11-03,-0.8380467902430191,-1.9383151844676172,1.100268394224598,train
2020-11-04,-0.762402909323588,-1.8951387453748743,1.1327358360512862,train
2020-11-05,-1.1383189314225415,-1.4481730364419771,0.30985410501943567,train
2020-11-06,-1.2758850566452586,-1.5219453866399115,0.24606032999465288,train
2020-11-09,-1.4793564037137226,-1.4360770147028081,-0.04327938901091444,train
2020-11-10,-1.7761338110375848,-1.258139175470434,-0.5179946355671508,train
2020-11-11,-2.0498595987199892,-1.2229125978905993,-0.82694700082939,train
2020-11-12,-2.1684475661920315,-1.443778487984527,-0.7246690782075045,train
2020-11-13,-2.24366602803889,-1.529327273276489,-0.7143387547624009,train
2020-11-16,-2.2837228849061435,-1.6958615735755764,-0.5878613113305671,train
2020-11-17,-2.204651338893303,-1.739559898026478,-0.46509144086682497,train
2020-11-18,-2.059998885720731,-1.8842503400514439,-0.17574854566928733,train
2020-11-19,-1.9240027147323482,-1.9498413153982062,0.02583860066585797,train
2020-11-20,-1.9491663002835857,-1.957275678098816,0.008109377815230356,train
2020-11-23,-1.9580784724438007,-2.0288295948158206,0.07075112237201986,train
2020-11-24,-2.001463620849083,-1.881474307119402,-0.11998931372968102,train
2020-11-25,-2.0023924194904543,-1.8211464238826767,-0.18124599560777765,train
2020-11-26,-1.9526119009444718,-1.754261598906481,-0.19835030203799087,train
2020-11-27,-1.8452780258465438,-1.8774815048418825,0.03220347899533871,train
2020-11-30,-1.7262288848604006,-1.9255185085671238,0.1992896237067232,train
2020-12-01,-1.7077289510383447,-1.8394103887501176,0.131681437711773,train
2020-12-02,-1.7741088386935,-1.811579230154589,0.03747039146108899,train
2020-12-03,-1.8758578998067172,-1.7612772865039903,-0.11458061330272695,train
2020-12-04,-1.788609289849973,-1.737865492001328,-0.050743797848645134,train
2020-12-07,-1.8129510661412793,-1.685999446512008,-0.12695161962927126,train
2020-12-08,-1.8329651405805865,-1.6896842347348158,-0.1432809058457707,train
2020-12-09,-1.7742996186928712,-1.778712716038153,0.004413097345281836,train
2020-12-10,-1.5512300643233137,-1.8260273225491979,0.2747972582258842,train
2020-12-11,-1.643396399602882,-1.7227202818284881,0.07932388222560616,train
2020-12-14,-1.6859405245549635,-1.797297742507962,0.11135721795299847,train
2020-12-15,-1.5064348351476817,-1.8031047362130437,0.29666990106536195,train
2020-12-16,-1.5017719985813833,-1.7491228254251854,0.24735082684380205,train
2020-12-17,-1.641400336358674,-1.5604924977629735,-0.0809078385957005,train
2020-12-18,-1.7018755105298424,-1.717611425492263,0.01573591496242055,train
2020-12-21,-1.6300594373775001,-1.7780408928827174,0.14798145550521724,train
2020-12-22,-1.8360054091259381,-1.5412713496759198,-0.2947340594500183,train
2020-12-23,-1.821669330354454,-1.612156972970747,-0.209512357383707,train
2020-12-24,-1.8231997620049387,-1.6396403877028987,-0.18355937430204006,train
2020-12-28,-1.6997099684406423,-1.8086453290863864,0.10893536064574416,train
2020-12-29,-1.7612696796943197,-1.6705263761700393,-0.0907433035242804,train
2020-12-30,-1.568271780390168,-1.7498046524790682,0.18153287208890023,train
2020-12-31,-1.562839740601342,-1.699041184197434,0.1362014435960921,train
2021-01-04,-1.392401424114531,-1.6880466519276365,0.2956452278131054,train
2021-01-05,-1.371401130961532,-1.6249785939040315,0.2535774629424996,train
2021-01-06,-1.320791042730903,-1.7263245693364995,0.4055335266055964,train
2021-01-07,-1.4245591369016315,-1.511808810713187,0.08724967381155557,train
2021-01-08,-1.412920426448102,-1.580992712472966,0.16807228602486401,train
2021-01-11,-1.6439280332214663,-1.4143892198728663,-0.22953881334860005,train
2021-01-12,-1.8065251124062571,-1.4756879479241012,-0.33083716448215594,train
2021-01-13,-1.903872202554334,-1.4549726558827452,-0.4488995466715888,train
2021-01-14,-1.9551323215346923,-1.4892087055135679,-0.4659236160211244,train
2021-01-15,-2.036031673122445,-1.4741294644415122,-0.5619022086809327,train
2021-01-18,-2.0662842003574893,-1.61173410891576,-0.4545500914417293,train
2021-01-19,-2.002651127835295,-1.805997522144416,-0.19665360569087897,train
2021-01-20,-1.9975037614820146,-1.8097717443529477,-0.18773201712906684,train
2021-01-21,-1.9319291366775624,-1.77139137412777,-0.16053776254979235,train
2021-01-22,-1.88399603056053,-1.8017381102327197,-0.08225792032781043,train
2021-01-25,-1.8078512700086682,-1.8586450313866465,0.05079376137797831,train
2021-01-26,-1.7633512980707329,-1.837320551794799,0.07396925372406615,train
2021-01-27,-1.6970850118583622,-1.8429414748111572,0.14585646295279497,train
2021-01-28,-1.805869852778074,-1.7262918584778328,-0.07957799430024126,train
2021-01-29,-1.9011256525624824,-1.7227498404207058,-0.17837581214177667,train
2021-02-01,-1.9795636480328231,-1.6906695155657376,-0.2888941324670855,train
2021-02-02,-2.0408812094134765,-1.6957942338237837,-0.3450869755896928,train
2021-02-03,-2.1599429218982964,-1.645304658344935,-0.5146382635533615,train
2021-02-04,-2.207009546522049,-1.7567135841740087,-0.4502959623480405,train
2021-02-05,-2.2962149120127076,-1.8022575018053755,-0.4939574102073321,train
2021-02-08,-2.3883982589451764,-1.8332074517583554,-0.555190807186821,train
2021-02-09,-2.535777084631827,-1.8861097410851766,-0.6496673435466502,train
2021-02-10,-2.4874427150061313,-1.9652496776558097,-0.5221930373503216,train
2021-02-11,-2.4052592619630033,-2.015307200434666,-0.38995206152833717,train
2021-02-12,-2.3718970849125913,-2.1135555020062866,-0.2583415829063047,train
2021-02-15,-2.3466360832747495,-2.1350468131500997,-0.2115892701246498,train
2021-02-16,-2.1856088741879796,-2.298603174275955,0.1129943000879754,train
2021-02-17,-2.2402620836340694,-2.1630105790014698,-0.07725150463259967,train
2021-02-18,-2.153592807547086,-2.12141921624577,-0.032173591301315696,train
2021-02-19,-1.8965545831442423,-2.165461908216801,0.26890732507255866,train
2021-02-22,-1.6234030842477936,-2.1443043764096568,0.5209012921618632,train
2021-02-23,-1.6075058406701765,-2.0182752330729286,0.410769392402752,train
2021-02-24,-1.533819318671225,-2.0976175716486174,0.5637982529773924,train
2021-02-25,-1.5401846689273977,-1.9756971830407344,0.4355125141133367,train
2021-02-26,-1.6038255063541051,-1.8193506347056891,0.215525128351584,train
2021-03-01,-1.6698383128463496,-1.6713446942893035,0.0015063814429538969,train
2021-03-02,-1.6971052113328258,-1.7754406549706783,0.0783354436378525,train
2021-03-03,-1.728035873253295,-1.7087096093969016,-0.019326263856393355,train
2021-03-04,-1.7216356038858833,-1.7108221527065923,-0.010813451179291,train
2021-03-05,-1.6882872297698261,-1.7199288646673871,0.031641634897561,train
2021-03-08,-1.8458116753469502,-1.677391073534844,-0.16842060181210616,train
2021-03-09,-1.8366272862757218,-1.7980196279077456,-0.038607658367976194,train
2021-03-10,-1.8699206025397035,-1.794324047262918,-0.07559655527678544,train
2021-03-11,-1.8483000380862709,-1.7556322514924256,-0.09266778659384522,train
2021-03-12,-1.9160489355531445,-1.7003515051270672,-0.21569743042607725,train
2021-03-15,-1.9790808505538877,-1.822085578483161,-0.1569952720707266,train
2021-03-16,-1.9967135891561092,-1.8094814479922874,-0.1872321411638218,train
2021-03-17,-1.981526259946196,-1.8405592370171713,-0.14096702292902474,train
2021-03-18,-2.0800535066829124,-1.7422515824231564,-0.3378019242597561,train
2021-03-19,-2.13191786571389,-1.7787290874995407,-0.35318877821434924,train
2021-03-22,-2.129718708893072,-1.9071693550667481,-0.22254935382632368,train
2021-03-23,-2.1422519402094946,-1.8686612060741097,-0.2735907341353849,train
2021-03-24,-2.201615743272592,-1.850558700493251,-0.3510570427793407,train
2021-03-25,-2.2141774265831846,-1.884898584340129,-0.3292788422430557,train
2021-03-26,-2.246417766938044,-1.8872603813470654,-0.35915738559097843,train
2021-03-29,-2.289758957928781,-1.9533825823012188,-0.3363763756275624,train
2021-03-30,-2.3503800071033143,-1.940679460954165,-0.4097005461491492,train
2021-03-31,-2.329534873303033,-2.014644247527474,-0.31489062577555904,train
2021-04-01,-2.2926062765706328,-1.9857049722686502,-0.3069013043019826,train
2021-04-02,-2.3211102297004222,-2.0042642250746185,-0.3168460046258037,train
2021-04-05,-2.2661261381657463,-2.120838219749323,-0.14528791841642308,train
2021-04-06,-2.2408623760414788,-2.132036641217514,-0.10882573482396474,train
2021-04-07,-2.2044418031242587,-2.1086183048614497,-0.095823498262809,train
2021-04-08,-2.3023632284939435,-2.0526469892767794,-0.24971623921716413,train
2021-04-09,-2.279539459553507,-2.106844185630215,-0.1726952739232921,train
2021-04-12,-2.2870312583409675,-2.099529315009544,-0.18750194333142334,train
2021-04-13,-2.1881090837466886,-2.098762480364721,-0.08934660338196743,train
2021-04-14,-2.209334350965815,-2.052039053183447,-0.15729529778236806,train
2021-04-15,-2.174307766537829,-2.1443404905846695,-0.02996727595315951,train
2021-04-16,-2.1490617189809003,-2.0953595101259843,-0.053702208854915945,train
2021-04-19,-2.1652688736199566,-2.1430576202503495,-0.022211253369607054,train
2021-04-20,-2.219788423786854,-2.040537635435375,-0.1792507883514789,train
2021-04-21,-2.2657510592135175,-2.0875890651443343,-0.1781619940691832,train
2021-04-22,-2.1651679248775135,-2.076336860906836,-0.08883106397067753,train
2021-04-23,-2.2302939660118506,-2.037548832963032,-0.19274513304881857,train
2021-04-26,-2.1170722605212604,-2.1176361734446645,0.0005639129234040752,train
2021-04-27,-2.14245358297468,-2.0889606392956113,-0.05349294367906854,train
2021-04-28,-2.053032991867749,-2.1558991544046187,0.10286616253686987,train
2021-04-29,-2.217559013536102,-2.0271735786278873,-0.1903854349082148,train
2021-04-30,-2.2222119981551076,-2.1283657084413505,-0.09384628971375708,train
2021-05-03,-1.8141477780124033,-2.01535058307691,0.20120280506450672,train
2021-05-04,-1.7565050454498141,-2.0778014778807243,0.3212964324309102,train
2021-05-05,-1.7722715051065188,-1.9817102472436554,0.20943874213713665,train
2021-05-06,-1.4687457134241841,-2.1728479170466457,0.7041022036224616,train
2021-05-07,-1.4194267444656261,-2.126658137268159,0.7072313928025329,train
2021-05-10,-1.7508979957651423,-1.8113865443361938,0.06048854857105157,train
2021-05-11,-1.8336869815408177,-1.9133847337181944,0.07969775217737674,train
2021-05-12,-1.8894553033924937,-1.9420204089674196,0.052565105574925886,train
2021-05-13,-2.2006171210219287,-1.6279669218314254,-0.5726501991905033,train
2021-05-14,-2.3064109278903615,-1.7055444749634392,-0.6008664529269223,train
2021-05-17,-2.167203904635291,-1.9393521195009589,-0.22785178513433202,train
2021-05-18,-2.114719257085516,-1.98942724581164,-0.12529201127387601,train
2021-05-19,-2.058971234808784,-2.0245777932310416,-0.03439344157774249,train
2021-05-20,-2.1450670094619926,-1.9987182191140773,-0.14634879034791526,train
2021-05-21,-2.089913412265145,-2.115852932840551,0.02593952057540605,train
2021-05-24,-2.1413903326414663,-1.9872338779245131,-0.15415645471695316,train
2021-05-25,-2.204488509142018,-2.003662696699288,-0.20082581244273,train
2021-05-26,-2.255685749205277,-1.9628146181449624,-0.2928711310603147,train
2021-05-27,-2.2939107736182853,-2.0058226112633566,-0.28808816235492873,train
2021-05-28,-2.3205544290428866,-1.954308455673878,-0.36624597336900866,train
2021-05-31,-2.164266931197425,-1.9844865579580373,-0.17978037323938767,train
2021-06-01,-2.1626118104547043,-2.0828738128316338,-0.07973799762307054,train
2021-06-02,-2.205108568502595,-2.09090140801322,-0.11420716048937463,train
2021-06-03,-2.271511950793111,-2.1087353711675116,-0.16277657962559955,train
2021-06-04,-2.2207206989918165,-2.0894802810707804,-0.13124041792103602,train
2021-06-07,-2.485429284126071,-1.9473189669772724,-0.5381103171487986,train
2021-06-08,-2.5055229869360063,-2.0815959379407087,-0.42392704899529754,train
2021-06-09,-2.497259972795807,-2.158107071475949,-0.3391529013198582,train
2021-06-10,-1.86193000709268,-2.2406404452171054,0.3787104381244253,train
2021-06-11,-1.7550488170240672,-2.091870978565396,0.3368221615413287,train
2021-06-14,-1.6204523170325444,-2.277727060529206,0.6572747434966617,train
2021-06-15,-1.5376965622943277,-2.315050381021554,0.7773538187272264,train
2021-06-16,-1.4842784216053435,-2.312479859902539,0.8282014382971956,train
2021-06-17,-1.8156590033779167,-1.8682194008714832,0.052560397493566446,train
2021-06-18,-1.9910449944334814,-1.8957008959462862,-0.09534409848719516,train
2021-06-21,-2.1847605984510805,-1.8281049985603357,-0.3566555998907448,train
2021-06-22,-2.2569992112154496,-1.7896905474198261,-0.4673086637956234,train
2021-06-23,-2.336485468737265,-1.7658771406902072,-0.570608328047058,train
2021-06-24,-2.2799443930531544,-1.9219091084356525,-0.3580352846175019,train
2021-06-25,-2.2534793376306506,-2.0011669606062252,-0.2523123770244253,train
2021-06-28,-2.08551987685028,-2.1049433069074843,0.01942343005720426,train
2021-06-29,-2.180072208902076,-2.084554671549289,-0.09551753735278723,train
2021-06-30,-2.1211544387556036,-2.157730421509357,0.03657598275375351,train
2021-07-01,-2.1007669594376996,-2.0773129018196865,-0.023454057618013113,train
2021-07-02,-2.057182139168461,-2.083129884960546,0.025947745792085364,train
2021-07-05,-2.2205840353085105,-1.942459388163573,-0.27812464714493745,train
2021-07-06,-2.1593080650281,-2.1595562735231395,0.0002482084950394814,train
2021-07-07,-2.0443733444137013,-2.039922765642153,-0.004450578771548308,train
2021-07-08,-2.1243900287244237,-2.003904162679187,-0.12048586604523681,train
2021-07-09,-2.215330717181702,-1.97675625283881,-0.23857446434289176,train
2021-07-12,-2.219075100544623,-2.108339279939925,-0.110735820604698,train
2021-07-13,-2.1986872521727747,-2.057551289885365,-0.14113596228740954,train
2021-07-14,-2.332136787117976,-1.906351574242395,-0.4257852128755808,train
2021-07-15,-2.3546062685875184,-2.0418014577565713,-0.31280481083094713,train
2021-07-16,-2.1618796696359515,-2.0857443282692927,-0.07613534136665878,train
2021-07-19,-2.1612644841690534,-2.1237256105311495,-0.03753887363790387,train
2021-07-20,-2.182295041197542,-2.088608620813206,-0.09368642038433617,train
2021-07-21,-2.2161614761820396,-2.1111846068679654,-0.10497686931407424,train
2021-07-22,-2.077295216865507,-2.1906665151288363,0.11337129826332903,train
2021-07-23,-2.2696929122875655,-2.003475830382671,-0.26621708190489457,train
2021-07-26,-2.2618428578560286,-2.122883150869578,-0.13895970698645055,train
2021-07-27,-2.2394332511060377,-2.1137989283156884,-0.12563432279034936,train
2021-07-28,-2.3094659598691014,-2.1075026745881984,-0.20196328528090302,train
2021-07-29,-2.37996976765439,-1.9838626108196558,-0.3961071568347341,train
2021-07-30,-2.3513139971159243,-2.160905685946962,-0.19040831116896229,train
2021-08-02,-2.3478864118072114,-2.151796921064543,-0.19608949074266846,train
2021-08-03,-2.4154505937216775,-2.112886783859618,-0.30256380986205933,train
2021-08-04,-2.4356645445517757,-2.2206743043075616,-0.2149902402442141,train
2021-08-05,-2.515911013455133,-2.1437006502068914,-0.37221036324824164,train
2021-08-06,-2.6011705809522594,-2.1811983548712814,-0.41997222608097795,train
2021-08-09,-2.693703465142847,-2.19505599358314,-0.4986474715597069,train
2021-08-10,-2.75170902835209,-2.2561844859821685,-0.4955245423699215,train
2021-08-11,-2.6528161971176294,-2.3009533725660853,-0.35186282455154405,train
2021-08-12,-2.482353671895773,-2.264569553237112,-0.2177841186586611,train
2021-08-13,-2.39747302628125,-2.3870333195865334,-0.010439706694716389,train
2021-08-16,-2.3563719993584096,-2.4479965448609535,0.09162454550254395,train
2021-08-17,-2.2838367613051314,-2.4772857159215977,0.19344895461646638,train
2021-08-18,-2.3115392223623594,-2.364014012001564,0.05247478963920438,train
2021-08-19,-2.451354749094574,-2.23886193465637,-0.21249281443820411,train
2021-08-20,-2.475924027929715,-2.272193800819757,-0.20373022710995814,train
2021-08-23,-2.288164068517923,-2.285618439490157,-0.0025456290277658944,train
2021-08-24,-2.374699280073154,-2.2238351295432763,-0.15086415052987778,train
2021-08-25,-2.356703426538721,-2.2556344299657685,-0.10106899657295232,train
2021-08-26,-2.388157329647589,-2.2741600581523085,-0.11399727149528038,train
2021-08-27,-2.461741311346885,-2.302949106583661,-0.1587922047632242,train
2021-08-30,-2.412580175198482,-2.1498002275464,-0.26277994765208224,train
2021-08-31,-2.448717997405434,-2.3749478407884843,-0.07377015661694974,train
2021-09-01,-2.4479722403179887,-2.2832506809985382,-0.16472155931945043,train
2021-09-02,-2.4704242722391725,-2.313405378478564,-0.1570188937606085,train
2021-09-03,-2.3100961426144067,-2.418072886278553,0.10797674366414656,train
2021-09-06,-2.5809014461042707,-2.231358504073509,-0.34954294203076186,train
2021-09-07,-2.502269525110564,-2.518598446410669,0.016328921300105215,train
2021-09-08,-2.4303821387326683,-2.3795630063624116,-0.0508191323702567,train
2021-09-09,-2.389873017852695,-2.4208762538397814,0.03100323598708643,train
2021-09-10,-2.4805724711602526,-2.2561439866081083,-0.22442848455214426,train
2021-09-13,-2.453056244426011,-2.446590711072234,-0.0064655333537770865,train
2021-09-14,-2.4484341571171093,-2.3877091949329743,-0.060724962184135034,train
2021-09-15,-2.5220184559675505,-2.2638940043684253,-0.2581244515991252,train
2021-09-16,-2.1699267014530457,-2.276510986593456,0.10658428514041018,train
2021-09-17,-2.153829537927765,-2.3145237931601508,0.16069425523238579,train
2021-09-20,-2.1515038564353213,-2.3310931416049185,0.17958928516959727,train
2021-09-21,-2.1258456289512018,-2.35288330582765,0.22703767687644838,train
2021-09-22,-2.0797681115296918,-2.3342615684951915,0.25449345696549974,train
2021-09-23,-2.326448903198258,-2.079800700697801,-0.24664820250045683,train
2021-09-24,-2.2452438159508707,-2.2054615990386846,-0.0397822169121862,train
2021-09-27,-2.1705351628011487,-2.2383951570943292,0.06785999429318057,train
2021-09-28,-2.1678317636858595,-2.2139847831151984,0.046153019429338915,train
2021-09-29,-2.221568995702992,-2.1447099027573953,-0.07685909294559679,train
2021-09-30,-2.2475495433608046,-2.1874721564604305,-0.06007738690037412,train
2021-10-01,-2.390780682622025,-2.1345592049782907,-0.2562214776437344,train
2021-10-04,-2.4678181744871743,-2.1134266368194212,-0.3543915376677531,train
2021-10-05,-2.5286974938309905,-2.154233556846887,-0.37446393698410363,train
2021-10-06,-2.568415598737241,-2.1838873885424124,-0.38452821019482863,train
2021-10-07,-2.5925347554578355,-2.144641975158371,-0.44789278029946455,train
2021-10-08,-2.5988254731387737,-2.277984732105106,-0.3208407410336678,train
2021-10-11,-2.646661989953362,-2.2728870678945974,-0.3737749220587645,train
2021-10-12,-2.575944655389368,-2.3682972508375206,-0.20764740455184727,train
2021-10-13,-2.536884758473016,-2.3537135171878565,-0.1831712412851596,train
2021-10-14,-2.628174918645452,-2.308039833491916,-0.3201350851535363,train
2021-10-15,-2.614004372790873,-2.3808361648146565,-0.2331682079762163,train
2021-10-18,-2.583733894550802,-2.400901843251156,-0.18283205129964575,train
2021-10-19,-2.593104681115745,-2.3379059247454554,-0.25519875637028955,train
2021-10-20,-2.638268803355043,-2.3146331063119296,-0.32363569704311335,train
2021-10-21,-2.5528806243022997,-2.3908209238184126,-0.16205970048388707,train
2021-10-22,-2.2449988206987883,-2.378383569062687,0.1333847483638988,train
2021-10-25,-2.086545522020013,-2.3679256763183703,0.28138015429835717,train
2021-10-26,-2.057913580184882,-2.3704543462450816,0.31254076606019954,train
2021-10-27,-2.0346608612526,-2.408831189754466,0.37417032850186605,train
2021-10-28,-1.9384184029208538,-2.326663577796522,0.38824517487566834,train
2021-10-29,-2.1178902091425877,-2.116780517150692,-0.0011096919918958115,train
2021-11-01,-2.170160328294763,-2.0760994126218684,-0.09406091567289465,train
2021-11-02,-2.16107290606023,-2.1389444841010716,-0.022128421959158207,train
2021-11-03,-2.097378341875198,-2.147216042071031,0.049837700195833,train
2021-11-04,-2.0126357821906433,-2.0024474062947206,-0.010188375895922697,train
2021-11-05,-1.9733054603821352,-2.1514829780300184,0.17817751764788325,train
2021-11-08,-2.0353554886189813,-2.1082628666316827,0.07290737801270142,train
2021-11-09,-1.951542300082122,-2.137405152542288,0.18586285246016598,train
2021-11-10,-1.8670552615983431,-2.0761210165704527,0.20906575497210955,train
2021-11-11,-1.842078039132348,-1.9527045776309775,0.11062653849862958,train
2021-11-12,-1.8287766107820551,-2.006665900542058,0.17788928976000307,train
2021-11-15,-1.6180979700634333,-2.0667250130198003,0.448627042956367,train
2021-11-16,-1.5238044800187764,-1.9447653384115042,0.4209608583927278,train
2021-11-17,-1.5816368737098003,-1.8740444304730097,0.2924075567632094,train
2021-11-18,-1.6047087447251935,-1.8171774202387054,0.2124686755135119,train
2021-11-19,-1.674027851720562,-1.8873616499374322,0.21333379821687015,train
2021-11-22,-1.6754429282405006,-1.6637502922177387,-0.011692636022761826,train
2021-11-23,-1.8146018089032836,-1.6165763239753972,-0.1980254849278864,train
2021-11-24,-1.5135479500745663,-1.744572270884702,0.23102432081013569,train
2021-11-25,-1.4816177868934344,-1.6638270718228227,0.18220928492938837,train
2021-11-26,-1.4349449238109964,-1.8999557775501912,0.4650108537391948,train
2021-11-29,-1.4781637529734224,-1.673558829320008,0.1953950763465857,train
2021-11-30,-1.5031855260672256,-1.8345149711634534,0.33132944509622786,train
2021-12-01,-1.7783604810546028,-1.5682066234343033,-0.21015385762029948,train
2021-12-02,-1.9210306770461711,-1.6096338832344412,-0.3113967938117299,train
2021-12-03,-1.9299206775417612,-1.656242221487712,-0.2736784560540493,train
2021-12-06,-1.877930257880874,-1.5713713546936334,-0.30655890318724066,train
2021-12-07,-1.8579170766020128,-1.693804918095258,-0.16411215850675487,train
2021-12-08,-1.9183915438299528,-1.7449661659657547,-0.1734253778641981,train
2021-12-09,-1.8127626161617916,-1.797630828063649,-0.015131788098142529,train
2021-12-10,-1.6876874516664806,-1.8347160691507052,0.14702861748422458,train
2021-12-13,-1.846054305299823,-1.6931009286424863,-0.15295337665733677,train
2021-12-14,-1.839048141754547,-1.7892139951830281,-0.049834146571518856,train
2021-12-15,-1.8313908505559098,-1.8560288521664516,0.02463800161054186,train
2021-12-16,-1.929082474443191,-1.6993150146277893,-0.2297674598154016,train
2021-12-17,-2.0859218477302957,-1.6383359155042845,-0.4475859322260112,train
2021-12-20,-2.1739111922157797,-1.77052009956106,-0.40339109265471973,train
2021-12-21,-2.226782337277711,-1.7736165586344435,-0.4531657786432677,train
2021-12-22,-2.239786504472004,-1.8154522916016163,-0.42433421287038753,train
2021-12-23,-2.278860402442377,-1.8136550902214146,-0.4652053122209625,train
2021-12-24,-2.160048940385784,-1.9046911882620339,-0.2553577521237502,train
2021-12-27,-1.9634736415821445,-2.00143451476808,0.03796087318593533,train
2021-12-28,-1.8583264056629667,-1.9910817147645787,0.13275530910161204,train
2021-12-29,-1.8075831959883872,-2.0193368758183277,0.21175367982994042,train
2021-12-30,-1.765338815799114,-1.9991864291697818,0.23384761337066795,train
2021-12-31,-1.7536953172867362,-1.923356362471478,0.1696610451847418,train
2022-01-03,-1.845941361554061,-1.8256578691446923,-0.020283492409368664,train
2022-01-04,-1.9035077895383083,-1.7924226054716317,-0.11108518406667667,train
2022-01-05,-1.938408731561471,-1.807022500018276,-0.13138623154319506,train
2022-01-06,-1.9594917273514407,-1.7590090104695515,-0.20048271688188923,train
2022-01-07,-2.0060465753500885,-1.7273535296887936,-0.2786930456612948,train
2022-01-10,-1.9983557086817807,-1.813941220236902,-0.18441448844487862,train
2022-01-11,-2.053511463310248,-1.8339728502453543,-0.21953861306489353,train
2022-01-12,-1.9820734679895875,-1.8909572959021537,-0.09111617208743383,train
2022-01-13,-2.0428843257868743,-1.8614298711493193,-0.18145445463755494,train
2022-01-14,-2.097386491622884,-1.8594743945426615,-0.23791209708022243,train
2022-01-17,-2.157599462779893,-1.8796368289564627,-0.2779626338234302,train
2022-01-18,-2.0934735274248477,-1.96688915693555,-0.12658437048929772,train
2022-01-19,-2.19493717321267,-1.8670638411791327,-0.3278733320335372,train
2022-01-20,-2.1184103614726832,-1.9581496128597897,-0.16026074861289352,train
2022-01-21,-1.9912696792773048,-1.9549078233481105,-0.036361855929194276,train
2022-01-24,-1.8555917264796846,-2.009294998003474,0.1537032715237896,train
2022-01-25,-1.815676537877312,-1.9388658487115364,0.12318931083422435,train
2022-01-26,-1.7127798755030244,-2.019783641605,0.3070037661019758,train
2022-01-27,-1.7462819340254274,-1.9286012047558638,0.1823192707304364,train
2022-01-28,-1.4597888492273632,-1.829768319632154,0.36997947040479073,train
2022-01-31,-1.3482917377349846,-1.7654800395178452,0.4171883017828606,train
2022-02-01,-1.3417186243094863,-1.773684602107956,0.4319659777984697,train
2022-02-02,-1.370583086075916,-1.705928825515702,0.33534573943978585,train
2022-02-03,-1.371814791242023,-1.7953994321366904,0.4235846408946673,train
2022-02-04,-1.3514682486334133,-1.503876647780734,0.15240839914732063,train
2022-02-07,-1.3394613846522347,-1.4998698889488922,0.16040850429665743,train
2022-02-08,-1.2602735079521814,-1.5864231273878835,0.3261496194357021,train
2022-02-09,-1.2166588071770226,-1.6254306513210661,0.40877184414404355,train
2022-02-10,-1.2077395823395563,-1.6640951313721368,0.4563555490325806,train
2022-02-11,-1.3036521183642533,-1.430488426136191,0.12683630777193766,train
2022-02-14,-1.4783713705621366,-1.4653467711339259,-0.01302459942821077,train
2022-02-15,-1.5809537598594372,-1.4458707379711935,-0.13508302188824373,train
2022-02-16,-1.540455467402553,-1.4488796450953512,-0.09157582230720185,train
2022-02-17,-1.536392823876747,-1.5042410145025757,-0.03215180937417128,train
2022-02-18,-1.2284078626112256,-1.3680589766471025,0.13965111403587693,train
2022-02-21,-1.0637729728995857,-1.5865295978895717,0.522756624989986,train
2022-02-22,-0.8491394827529422,-1.5902605463525932,0.741121063599651,train
2022-02-23,-0.7958401338876684,-1.5069413462645471,0.7111012123768787,train
2022-02-24,-0.6069045561962186,-1.5936849871294805,0.9867804309332618,train
2022-02-25,-0.8041654057952399,-1.2624850571921062,0.45831965139686637,train
2022-02-28,-0.7710959583374501,-1.2469425947427326,0.47584663640528246,train
2022-03-01,-0.6334989129365518,-1.0743040207855918,0.44080510784904003,train
2022-03-02,-0.48431237463416976,-1.0951764642326849,0.6108640895985151,train
2022-03-03,-0.49702458230642893,-0.8821187504015416,0.3850941680951127,train
2022-03-04,-0.3195787117983959,-1.0658689663861889,0.746290254587793,train
2022-03-07,-0.3371381339840467,-0.9585344550990459,0.6213963211149992,train
2022-03-08,-0.5312724170777253,-0.8177842923149866,0.2865118752372613,train
2022-03-09,-0.66825941394999,-0.7604804820905825,0.0922210681405925,train
2022-03-10,-0.6222568691830389,-0.7964608772376487,0.17420400805460978,train
2022-03-11,-0.859228380775129,-0.6142278159763953,-0.24500056479873367,train
2022-03-14,-0.9541937995282991,-0.7108239756506639,-0.24336982387763517,train
2022-03-15,-1.0031480245579087,-0.8596258339681354,-0.14352219058977334,train
2022-03-16,-1.1173687674164148,-0.8620669294203359,-0.25530183799607886,train
2022-03-17,-1.468501988717282,-0.7663393993617379,-0.7021625893555442,train
2022-03-18,-1.542554101260135,-0.9604033666208932,-0.5821507346392417,train
2022-03-21,-1.550205445058449,-1.0521961973604712,-0.49800924769797783,train
2022-03-22,-1.4805822409951577,-1.1013198205562322,-0.37926242043892544,train
2022-03-23,-1.1107043182000425,-1.1340792059204263,0.023374887720383875,train
2022-03-24,-1.0592705333886347,-1.2522748503731886,0.1930043169845539,train
2022-03-25,-0.9725986387910656,-1.2657732608916665,0.29317462210060097,train
2022-03-28,-0.9539200903701618,-1.2706053878893657,0.31668529751920393,train
2022-03-29,-1.0291246850983669,-1.2185400545844365,0.18941536948606963,train
2022-03-30,-1.4252000126881383,-0.9776523488903753,-0.447547663797763,train
2022-03-31,-1.4765497492143058,-1.08701589272796,-0.38953385648634575,train
2022-04-01,-1.6051746518504002,-1.0029899523175667,-0.6021846995328335,train
2022-04-04,-1.660671866889942,-1.0633993232368708,-0.5972725436530713,train
2022-04-05,-1.5907171307745736,-1.2069265921795918,-0.3837905385949818,train
2022-04-06,-1.491752826427241,-1.3510692349956641,-0.14068359143157694,train
2022-04-07,-1.53357846674858,-1.3355701987141246,-0.19800826803445526,train
2022-04-08,-1.234204228139518,-1.3826303563988311,0.14842612825931312,train
2022-04-11,-1.3279212559300488,-1.4526358249875675,0.12471456905751865,train
2022-04-12,-1.3868075062007676,-1.4272093141458442,0.04040180794507653,train
2022-04-13,-1.4220965316141798,-1.3623943296748136,-0.05970220193936626,train
2022-04-14,-1.3607637964963923,-1.437161776047568,0.07639797955117555,train
2022-04-15,-1.64185065151277,-1.1829083515943497,-0.4589422999184203,train
2022-04-18,-1.4577354194405923,-1.6351360107904993,0.17740059134990704,train
2022-04-19,-1.2554309855673733,-1.5756699164406303,0.32023893087325694,train
2022-04-20,-1.2306514776438304,-1.529243082560145,0.29859160491631465,train
2022-04-21,-1.126698887813715,-1.4700771541878026,0.34337826637408764,train
2022-04-22,-0.9088856795726519,-1.5020702373844013,0.5931845578117494,train
2022-04-25,-0.8241686051189681,-1.3999303928316353,0.5757617877126673,train
2022-04-26,-0.8496093994206443,-1.2406502707988665,0.3910408713782222,train
2022-04-27,-0.8110385957762153,-1.2889887567510403,0.477950160974825,train
2022-04-28,-0.6709135639252225,-1.170995763371994,0.5000821994467716,train
2022-04-29,-0.7535390485539845,-1.030552602283423,0.2770135537294386,train
2022-05-02,-0.616609194413398,-1.0448304716501233,0.4282212772367253,train
2022-05-03,-0.5922061426461975,-1.0925700830836331,0.5003639404374356,train
2022-05-04,-0.6027473909477569,-1.0667382494341595,0.46399085848640265,train
2022-05-05,-0.7560955822749302,-0.8798496042642612,0.12375402198933094,train
2022-05-06,-0.7147466056933371,-0.9476236790148593,0.2328770733215222,train
2022-05-09,-0.9297273979913913,-0.8173434969510162,-0.1123839010403751,train
2022-05-10,-0.9954268071732658,-0.8835172547487449,-0.11190955242452094,train
2022-05-11,-0.9254181572977623,-0.9247296531324811,-0.0006885041652812118,train
2022-05-12,-0.9622077067350302,-0.9540194060539772,-0.008188300681053029,train
2022-05-13,-1.0665308728231544,-0.857565757656499,-0.2089651151666554,train
2022-05-16,-1.0917619918107702,-1.0193704625215243,-0.07239152928924586,train
2022-05-17,-1.0179694955714516,-1.073971309260328,0.05600181368887647,train
2022-05-18,-0.9900549021452076,-0.9528847367438092,-0.03717016540139839,train
2022-05-19,-0.986245672241844,-1.0161938553063994,0.029948183064555378,train
2022-05-20,-1.0707550359155964,-0.9927359089525374,-0.07801912696305902,train
2022-05-23,-1.0474174248690598,-1.0641493946155596,0.01673196974649982,train
2022-05-24,-1.178849698297385,-0.9672225062619801,-0.21162719203540492,train
2022-05-25,-1.2216625084654014,-0.9242339774432357,-0.2974285310221657,train
2022-05-26,-1.2111299687950396,-0.9946690275054112,-0.21646094128962845,train
2022-05-27,-1.2410778072661068,-1.0549170441535949,-0.18616076311251195,train
2022-05-30,-1.3216390370876552,-1.0231614473343227,-0.2984775897533325,train
2022-05-31,-1.3224879710115502,-1.1672708453105887,-0.15521712570096158,train
2022-06-01,-1.4920553799778349,-1.0725083773702848,-0.41954700260755007,train
2022-06-02,-1.5849911357855406,-1.1111678216198748,-0.4738233141656658,train
2022-06-03,-1.1546213711855207,-1.1883600358350197,0.03373866464949904,train
2022-06-06,-0.9835882203700896,-1.260176318776349,0.2765880984062594,train
2022-06-07,-0.8512627107111792,-1.2743721606418124,0.42310944993063315,train
2022-06-08,-0.7757572390443418,-1.3353052385897137,0.5595479995453719,train
2022-06-09,-0.4507809042770407,-1.3795295127200093,0.9287486084429686,train
2022-06-10,-0.43780852964740946,-1.082100589410012,0.6442920597626025,train
2022-06-13,-0.43017654578336983,-1.0608439261768892,0.6306673803935193,train
2022-06-14,-0.5026571862995703,-1.0002285799049566,0.49757139360538627,train
2022-06-15,-0.5389119202484756,-0.9726469780169775,0.43373505776850196,train
2022-06-16,-0.8403613274419677,-0.669403036743986,-0.17095829069798163,train
2022-06-17,-0.9616699923473492,-0.6984464257401835,-0.2632235666071657,train
2022-06-20,-1.0515229410536584,-0.7477800876224131,-0.3037428534312453,train
2022-06-21,-1.0510111195051193,-0.9237586329537951,-0.12725248655132415,train
2022-06-22,-1.0518881625541596,-0.9262009001568672,-0.12568726239729244,train
2022-06-23,-1.0697068620579582,-1.0008353215230998,-0.06887154053485833,train
2022-06-24,-1.1677103622140808,-0.961196134553221,-0.2065142276608598,train
2022-06-27,-1.16215653143087,-1.056629512787753,-0.10552701864311698,train
2022-06-28,-1.1917288451966856,-1.1134001325446592,-0.07832871265202646,train
2022-06-29,-1.059364041013666,-1.0919983398140212,0.03263429880035518,train
2022-06-30,-0.9530007436230141,-1.0777235043091564,0.1247227606861423,train
2022-07-01,-0.945635010448619,-1.072157252801951,0.12652224235333198,train
2022-07-04,-0.8026245106916906,-1.0832212568527773,0.28059674616108665,train
2022-07-05,-0.7248400651732186,-1.1928552519348452,0.46801518676162657,train
2022-07-06,-0.7512570309485893,-0.9968519016439563,0.245594870695367,train
2022-07-07,-0.525079476315432,-0.9375333274375067,0.4124538511220748,train
2022-07-08,-0.42736043176945254,-0.9521373908506856,0.524776959081233,train
2022-07-11,-0.48638805072079616,-0.8198848312316479,0.33349678051085174,train
2022-07-12,-0.4892265923939876,-0.8527006985238156,0.363474106129828,train
2022-07-13,-0.4275887034429452,-0.8458706291308973,0.4182819256879521,train
2022-07-14,-0.6144403894218539,-0.6360392888760333,0.021598899454179477,train
2022-07-15,-0.5225918251739357,-0.6391040304958664,0.11651220532193074,train
2022-07-18,-0.45912924769322555,-0.7387958607875731,0.27966661309434754,train
2022-07-19,-0.4454467975058764,-0.789488874137946,0.3440420766320696,train
2022-07-20,-0.5089117949084404,-0.6792082354175437,0.1702964405091033,train
2022-07-21,-0.44487298005286924,-0.743654187561182,0.2987812075083127,train
2022-07-22,-0.5466122448666918,-0.6184029805052194,0.07179073563852756,train
2022-07-25,-0.5645782505951439,-0.6320883923150143,0.06751014171987046,train
2022-07-26,-0.5754719336290146,-0.6957678105442641,0.12029587691524946,train
2022-07-27,-0.5503166901327041,-0.7175545526919749,0.16723786255927076,train
2022-07-28,-0.6701892182876985,-0.5965619595701858,-0.07362725871751274,train
2022-07-29,-0.8102188441074736,-0.6308169763200507,-0.17940186778742284,train
2022-08-01,-0.8597644376119266,-0.6391267483189208,-0.22063768929300576,train
2022-08-02,-0.9214189832431446,-0.7151306515954117,-0.20628833164773297,train
2022-08-03,-1.0924178522389578,-0.6571273329027659,-0.4352905193361919,train
2022-08-04,-0.915745718246596,-0.7171532539689061,-0.19859246427768995,train
2022-08-05,-0.9360815637365152,-0.814174475883598,-0.12190708785291715,train
2022-08-08,-1.065889348556129,-0.7730817144748576,-0.2928076340812713,train
2022-08-09,-1.0773704481109618,-0.9151179580549114,-0.16225249005605047,train
2022-08-10,-1.0217578761431567,-1.0584388575421695,0.03668098139901277,train
2022-08-11,-1.2904894369076791,-0.8071094983885133,-0.48337993851916583,train
2022-08-12,-1.2982340846934943,-0.952631220312926,-0.3456028643805683,train
2022-08-15,-1.3319460043713705,-1.0419105211000732,-0.29003548327129725,train
2022-08-16,-1.291410100204766,-1.0884354088957187,-0.20297469130904733,train
2022-08-17,-1.122804194752194,-1.0297758867992584,-0.09302830795293571,train
2022-08-18,-1.0617788835135586,-1.0861990755802902,0.024420192066731516,train
2022-08-19,-0.9755542051585232,-1.118806424148219,0.14325221898969576,train
2022-08-22,-0.6946770427434773,-1.1824724079933426,0.48779536524986533,train
2022-08-23,-0.6299359240438716,-1.149224249157293,0.5192883251134215,train
2022-08-24,-0.6317035594122847,-1.0096261289680744,0.3779225695557896,train
2022-08-25,-0.6002474986620818,-1.0180218863104495,0.4177743876483677,train
2022-08-26,-0.5822586536674689,-0.9752179916379243,0.39295933797045546,train
2022-08-29,-0.7089159232460196,-0.7722787169810958,0.06336279373507625,train
2022-08-30,-0.7386976694447254,-0.8238131443341445,0.08511547488941917,train
2022-08-31,-0.7737951233126461,-0.8036720769855445,0.029876953672898443,train
2022-09-01,-0.7931718487514913,-0.7896111531461755,-0.0035606956053158,train
2022-09-02,-0.6962775333584039,-0.7862153614091424,0.08993782805073847,train
2022-09-05,-0.6812941057726504,-0.8233849380146488,0.14209083224199848,train
2022-09-06,-0.5940757932820832,-0.8755357939432131,0.28146000066112997,train
2022-09-07,-0.3448555515684368,-0.8676706262851269,0.5228150747166902,train
2022-09-08,-0.36269860650294355,-0.8613226891717857,0.4986240826688421,train
2022-09-09,-0.5034916756604485,-0.7474457631663134,0.2439540875058649,train
2022-09-12,-0.5300565008806495,-0.7860831412673029,0.25602664038665346,train
2022-09-13,-0.6542143181620073,-0.7176237428305744,0.06340942466856714,train
2022-09-14,-1.072647941503503,-0.5116943796822098,-0.5609535618212933,train
2022-09-15,-0.7739944685507149,-0.6699465977732284,-0.10404787077748645,train
2022-09-16,-0.6304392083856181,-0.8164409498412084,0.18600174145559034,train
2022-09-19,-0.5376408492264312,-0.7466224928320215,0.20898164360559035,train
2022-09-20,9.201245036621214e-05,-0.8951665648322749,0.895258577282641,train
2022-09-21,0.07741902010011364,-0.961936285495287,1.0393553055954006,train
2022-09-22,0.11623535797140615,-0.7175617251232146,0.8337970830946208,train
2022-09-23,0.1932842419492894,-0.7081399854613029,0.9014242274105922,train
2022-09-26,0.21538819936879364,-0.6413527325733109,0.8567409319421045,train
2022-09-27,-0.07345884099232615,-0.2677484568951921,0.19428961590286598,train
2022-09-28,-0.11137176926241574,-0.3612867139671879,0.24991494470477219,train
2022-09-29,-0.26787242804990746,-0.2626445383605901,-0.0052278896893173665,train
2022-09-30,-0.4250207589881402,-0.22290745103558288,-0.2021133079525573,train
2022-10-03,-0.502436222752945,-0.2311555350901485,-0.27128068766279645,train
2022-10-04,-0.5866950822796799,-0.32712760922116135,-0.25956747305851857,train
2022-10-05,-0.5972440404367015,-0.3921944180002168,-0.20504962243648472,train
2022-10-06,-0.5682795580329457,-0.4531594905090364,-0.1151200675239093,train
2022-10-07,-0.2154010572637597,-0.5268069693647488,0.3114059121009891,train
2022-10-10,-0.1825141339309713,-0.5267725332671186,0.3442583993361473,train
2022-10-11,-0.17803404492631264,-0.578377436418836,0.40034339149252335,train
2022-10-12,-0.18008803999623033,-0.5833787046485892,0.40329066465235885,train
2022-10-13,-0.23148218478768565,-0.547326673051186,0.3158444882635003,train
2022-10-14,-0.5735124414053104,-0.30534073396069755,-0.2681717074446129,train
2022-10-17,-0.4454092236578402,-0.3933690222197641,-0.052040201438076084,train
2022-10-18,-0.34006061610321636,-0.4175219473320956,0.07746133122887922,train
2022-10-19,-0.3592762201664539,-0.4241160615007916,0.06483984133433773,train
2022-10-20,-0.3420219737772183,-0.4783419666880354,0.1363199929108171,train
2022-10-21,-0.3181472679400875,-0.5298792073571166,0.21173193941702906,train
2022-10-24,-0.5193866400795731,-0.396092142262089,-0.12329449781748414,train
2022-10-25,-0.7281000129304445,-0.3769959890262333,-0.35110402390421114,train
2022-10-26,-0.7527023413564049,-0.4890278231966776,-0.2636745181597273,train
2022-10-27,-0.5235184825612192,-0.49293715794461973,-0.030581324616599515,train
2022-10-28,-0.6012074897874471,-0.44600394953378847,-0.15520354025365862,train
2022-10-31,-0.5032060814770315,-0.5805001046446269,0.07729402316759537,train
2022-11-01,-0.43133358851505293,-0.7138674456290788,0.28253385711402584,train
2022-11-02,-0.43068437872881177,-0.7191081381339278,0.28842375940511605,train
2022-11-03,-0.6147206353595981,-0.5085611416676277,-0.10615949369197042,train
2022-11-04,-0.057335588714275305,-0.6799724986810368,0.6226369099667615,train
2022-11-07,-0.09149749514391943,-0.5572647064179392,0.4657672112740198,train
2022-11-08,-0.08777148867029257,-0.5481968979603942,0.4604254092901016,train
2022-11-09,0.1535942387850645,-0.603090073386128,0.7566843121711925,train
2022-11-10,0.17387996042893583,-0.6185499891388128,0.7924299495677486,train
2022-11-11,-0.21953942550105784,-0.24347997372186655,0.02394054822080871,train
2022-11-14,-0.27463683490362395,-0.4604186803598546,0.18578184545623067,train
2022-11-15,-0.34344725306281415,-0.4715536013066612,0.12810634824384703,train
2022-11-16,-0.8346516586599438,-0.2005530552044348,-0.6340986034555091,train
2022-11-17,-0.9291709024136431,-0.30510375001678425,-0.6240671523968588,train
2022-11-18,-1.0478146211144148,-0.47831205396789533,-0.5695025671465195,train
2022-11-21,-1.1028931676828713,-0.5608622837960677,-0.5420308838868035,train
2022-11-22,-1.0140226043143243,-0.6251739912851033,-0.388848613029221,train
2022-11-23,-0.8728548387605122,-0.825677536705783,-0.04717730205472914,train
2022-11-24,-0.7601703269250506,-0.7914985901487506,0.03132826322369997,train
2022-11-25,-0.5818687958262778,-0.9186888933668632,0.3368200975405854,train
2022-11-28,-0.33813670461911594,-0.9545286510625813,0.6163919464434654,train
2022-11-29,-0.3271934853285016,-0.8468912594886608,0.5196977741601592,train
2022-11-30,-0.3837196654166446,-0.7717925985628236,0.38807293314617897,train
2022-12-01,-0.4786079605460143,-0.6885290898977597,0.20992112935174545,train
2022-12-02,-0.6447336838488216,-0.5954582099126222,-0.049275473936199354,train
2022-12-05,-0.9716470774304522,-0.4359374388399158,-0.5357096385905364,train
2022-12-06,-1.1292485105144918,-0.5175490348111592,-0.6116994757033326,train
2022-12-07,-0.8982918986055685,-0.6228380286222495,-0.275453869983319,train
2022-12-08,-0.8069577310456298,-0.6531644041060881,-0.15379332693954173,train
2022-12-09,-0.6207924255682712,-0.8079443676220883,0.18715194205381713,train
2022-12-12,-0.6102683722057314,-0.8927212453986134,0.28245287319288204,train
2022-12-13,-0.5954252111878349,-1.0136250028652822,0.41819979167744736,train
2022-12-14,-0.6954723731835263,-0.7945593351779234,0.09908696199439715,train
2022-12-15,-0.8500414022066849,-0.794547454698109,-0.05549394750857595,train
2022-12-16,-1.066699635811922,-0.6996558710027208,-0.3670437648092013,train
2022-12-19,-1.137478784458875,-0.8034169972541128,-0.3340617872047622,train
2022-12-20,-1.287864675671654,-0.817318475287039,-0.47054620038461503,train
2022-12-21,-1.5442331877864721,-0.7747857291731832,-0.7694474586132889,train
2022-12-22,-1.6218290006417517,-0.9503113929574635,-0.6715176076842883,train
2022-12-23,-1.7332427582999912,-0.9960393121832902,-0.737203446116701,train
2022-12-26,-1.5977514119662901,-1.0822890588290948,-0.5154623531371954,train
2022-12-27,-1.4563963414985022,-1.361638342146948,-0.09475799935155416,train
2022-12-28,-1.2226920384450308,-1.3165890100885727,0.09389697164354183,train
2022-12-29,-1.0703860794569722,-1.38435413511498,0.3139680556580078,train
2022-12-30,-0.9687892860270217,-1.414793325299869,0.44600403927284726,train
2023-01-02,-0.8260594052977015,-1.3095485000688434,0.4834890947711419,train
2023-01-03,-0.8034040197890218,-1.2943330871995455,0.4909290674105238,train
2023-01-04,-0.9314101330000178,-1.1196661442983251,0.18825601129830727,train
2023-01-05,-1.0244590412052337,-1.07725229084346,0.0527932496382264,train
2023-01-06,-0.8586807526409468,-1.0321811904905915,0.17350043784964475,train
2023-01-09,-1.0381025610445052,-0.9036186452857357,-0.1344839157587695,train
2023-01-10,-1.1048957291477433,-1.0000160371743396,-0.10487969197340363,train
2023-01-11,-1.0039354982807518,-1.090821217732341,0.0868857194515893,train
2023-01-12,-0.8813134858957931,-1.1369759470432053,0.2556624611474122,train
2023-01-13,-1.1234289486027096,-0.9389415850389644,-0.18448736356374518,train
2023-01-16,-1.1782686827878242,-1.1329198647562624,-0.045348818031561766,train
2023-01-17,-1.1153238946552027,-1.2781871021655344,0.1628632075103318,train
2023-01-18,-1.2319708835352903,-1.1047504644729986,-0.12722041906229165,train
2023-01-19,-1.3788238453182882,-1.019581708591864,-0.35924213672642424,train
2023-01-20,-1.4061131865196177,-1.195987370700585,-0.21012581581903267,train
2023-01-23,-1.3998103546060812,-1.2565871536091548,-0.14322320099692631,train
2023-01-24,-1.4632338232934812,-1.1874867521707368,-0.2757470711227443,train
2023-01-25,-1.460067982262103,-1.25353998273486,-0.2065279995272431,train
2023-01-26,-1.3779086737746238,-1.2547913211485315,-0.12311735262609225,train
2023-01-27,-1.1194006993814651,-1.2924974121739587,0.1730967127924936,train
2023-01-30,-0.8108355723160047,-1.2911068141929822,0.48027124187697756,train
2023-01-31,-0.7964042503233921,-1.3387666217985978,0.5423623714752057,train
2023-02-01,-0.7036429308551335,-1.3140814069680506,0.6104384761129171,train
2023-02-02,-0.7599558815158396,-1.2168295257667838,0.45687364425094423,train
2023-02-03,-0.9379670662214977,-1.0700864142954571,0.13211934807395942,train
2023-02-06,-1.2854696495942937,-0.9089914645353643,-0.3764781850589294,train
2023-02-07,-1.3136758436953575,-1.0801687077064208,-0.2335071359889367,train
2023-02-08,-1.2226389613579403,-0.9326838111729703,-0.28995515018497,train
2023-02-09,-1.2060040071948483,-1.057721003926291,-0.14828300326855737,train
2023-02-10,-1.206479785110681,-1.1589940840473545,-0.0474857010633265,train
2023-02-13,-1.186640094257465,-1.2535909468982611,0.06695085264079603,train
2023-02-14,-1.256749823244895,-1.3223575480799776,0.06560772483508259,train
2023-02-15,-1.481000773350429,-1.1340663098910913,-0.34693446345933765,train
2023-02-16,-1.5515962969908232,-1.2251963313129532,-0.32639996567787,train
2023-02-17,-1.6021004752717034,-1.2637316035107404,-0.338368871760963,train
2023-02-20,-1.6251310224261228,-1.2357896600224052,-0.38934136240371764,train
2023-02-21,-1.538180115950189,-1.4820528579985854,-0.05612725795160367,train
2023-02-22,-1.5926238157609185,-1.3568355856001086,-0.23578823016080985,train
2023-02-23,-1.4956865563792177,-1.4514913902397943,-0.044195166139423314,train
2023-02-24,-1.4631161428467494,-1.4991041643411207,0.0359880214943713,train
2023-02-27,-1.5405503794520945,-1.4571413786748157,-0.08340900077727875,train
2023-02-28,-1.5430578191532813,-1.446933773927851,-0.09612404522543039,train
2023-03-01,-1.3572686263371923,-1.4160985993648625,0.058829973027670235,train
2023-03-02,-1.3900622667802944,-1.3461499177598553,-0.04391234902043917,train
2023-03-03,-1.4059146279407129,-1.3825646138914771,-0.023350014049235757,train
2023-03-06,-1.1731630908372739,-1.468871539254734,0.29570844841746013,train
2023-03-07,-0.8811775952963202,-1.4787629888888345,0.5975853935925143,train
2023-03-08,-0.9499248911286466,-1.2958411521905917,0.34591626106194506,train
2023-03-09,-0.7600097306610392,-1.3884518792818732,0.628442148620834,train
2023-03-10,-0.5700688642011654,-1.45485865957145,0.8847897953702847,train
2023-03-13,-0.6588194689369259,-1.2197805402050153,0.5609610712680894,train
2023-03-14,-0.8113042617269015,-1.0321647366414912,0.2208604749145897,train
2023-03-15,-0.8889761327936935,-1.1621632950369563,0.2731871622432628,train
2023-03-16,-0.8723279086626701,-0.9650003532563507,0.09267244459368063,train
2023-03-17,-1.0586265499350924,-0.8503641830634536,-0.2082623668716388,train
2023-03-20,-0.9525075358322681,-1.0538848907321665,0.10137735489989841,train
2023-03-21,-1.012675810305942,-1.0670025524875455,0.054326742181603604,train
2023-03-22,-1.0074709491164986,-1.2366388817764942,0.22916793265999558,train
2023-03-23,-1.3489899672112962,-0.9967258917388434,-0.35226407547245275,train
2023-03-24,-1.4501200358864972,-1.1659994599773909,-0.28412057590910633,train
2023-03-27,-1.642010266854954,-1.0613034346035395,-0.5807068322514146,train
2023-03-28,-1.5760641298724214,-1.1884638182914344,-0.38760031158098696,train
2023-03-29,-1.5114882387381725,-1.2243347731535825,-0.28715346558459,train
2023-03-30,-1.4930883528979426,-1.347850133304627,-0.1452382195933155,train
2023-03-31,-1.5661205001322338,-1.371531450187765,-0.1945890499444689,train
2023-04-03,-1.6631755180210654,-1.4074441141276006,-0.2557314038934648,train
2023-04-04,-1.8250306712396327,-1.3507656201121654,-0.4742650511274673,train
2023-04-05,-1.964233559599078,-1.339665719276918,-0.6245678403221602,train
2023-04-06,-1.6136688627391789,-1.361414072181897,-0.25225479055728184,train
2023-04-07,-1.504761678701488,-1.4934144876051196,-0.011347191096368281,train
2023-04-10,-1.3995846123431173,-1.53150510695202,0.13192049460890276,train
2023-04-11,-1.3599909493401643,-1.5856655841405083,0.225674634800344,train
2023-04-12,-1.3642579668620436,-1.6637733760705522,0.2995154092085086,train
2023-04-13,-1.6444960593726277,-1.41091712915057,-0.23357893022205767,train
2023-04-14,-1.6800981265089716,-1.459087496847076,-0.22101062966189566,train
2023-04-17,-1.6731150567887003,-1.4031310251003866,-0.26998403168831375,train
2023-04-18,-1.7304225138312415,-1.4366375805768705,-0.29378493325437094,train
2023-04-19,-1.677929238149727,-1.5064752412593643,-0.17145399689036278,train
2023-04-20,-1.5061746613556326,-1.5659521522730875,0.05977749091745488,train
2023-04-21,-1.44303153462634,-1.5553530535854476,0.11232151895910758,train
2023-04-24,-1.369405610924211,-1.5282733125478842,0.15886770162367325,train
2023-04-25,-1.375712909916521,-1.6560063798042153,0.2802934698876942,train
2023-04-26,-1.3141813560905038,-1.6107131418319507,0.2965317857414469,train
2023-04-27,-1.3637313639815534,-1.4498310234585472,0.08609965947699383,train
2023-04-28,-1.2522035756439758,-1.450099723237199,0.19789614759322327,train
2023-05-01,-1.3402787764887152,-1.3762766576870713,0.03599788119835612,train
2023-05-02,-1.356143341598102,-1.5242493085912998,0.1681059669931979,train
2023-05-03,-1.4789056094344606,-1.3982175003899364,-0.08068810904452417,train
2023-05-04,-1.4876664283246308,-1.4037343040224048,-0.08393212430222596,train
2023-05-05,-1.7057163827151869,-1.3010547341246546,-0.40466164859053233,train
2023-05-08,-1.8429605551425206,-1.415196779184856,-0.42776377595766446,train
2023-05-09,-1.8741046453494656,-1.5334589992737842,-0.3406456460756815,train
2023-05-10,-1.8233689472855579,-1.6168539067200536,-0.2065150405655043,train
2023-05-11,-2.0121106376002786,-1.4812986093064653,-0.5308120282938134,train
2023-05-12,-2.100581096081293,-1.5809253383742143,-0.5196557577070788,train
2023-05-15,-1.9682369859027544,-1.737445697487587,-0.2307912884151675,train
2023-05-16,-1.8759462346249425,-1.814645285210904,-0.06130094941403841,train
2023-05-17,-1.88282831328952,-1.7221541813603292,-0.1606741319291909,train
2023-05-18,-1.8342327327698718,-1.8057355868521083,-0.028497145917763422,train
2023-05-19,-1.8264763850414805,-1.8209767649166517,-0.005499620124828741,train
2023-05-22,-1.8466857707849706,-1.7215236539308985,-0.1251621168540722,train
2023-05-23,-1.958835950364897,-1.7135462890216058,-0.24528966134329133,train
2023-05-24,-1.8929915794532441,-1.7380908931976553,-0.15490068625558884,train
2023-05-25,-1.810863740622798,-1.6888441491695458,-0.12201959145325225,train
2023-05-26,-1.8077996390326054,-1.705432864906555,-0.10236677412605033,train
2023-05-29,-1.8313288864314001,-1.6903861168749665,-0.1409427695564336,train
2023-05-30,-1.6994750215582322,-1.9145791072647427,0.21510408570651052,train
2023-05-31,-1.766572828547074,-1.7607401863638845,-0.005832642183189574,train
2023-06-01,-1.9007349085559495,-1.6955406447387678,-0.20519426381718175,train
2023-06-02,-1.9595405284065555,-1.7623895688033213,-0.19715095960323414,train
2023-06-05,-2.0808191172635078,-1.7652873613452835,-0.31553175591822424,train
2023-06-06,-2.1601539582355684,-1.6828305394324345,-0.4773234188031339,train
2023-06-07,-2.0528052802337386,-1.7715497756646297,-0.28125550456910897,train
2023-06-08,-1.8231436746021186,-1.8269133877272445,0.003769713125125973,train
2023-06-09,-1.6358987407413397,-1.8761157947985667,0.24021705405722704,train
2023-06-12,-1.5601623952372967,-1.9810514975709368,0.4208891023336401,train
2023-06-13,-1.5968885312427539,-1.9500908708510434,0.3532023396082895,train
2023-06-14,-1.6460204007163193,-1.8565650313041053,0.21054463058778605,train
2023-06-15,-1.8561848823374842,-1.7108056435765195,-0.1453792387609647,train
2023-06-16,-2.0525161581368794,-1.6299358032266862,-0.4225803549101932,train
2023-06-19,-1.9298154138187231,-1.6440722945604869,-0.28574311925823626,train
2023-06-20,-1.9274683522020366,-1.7495562391350339,-0.17791211306700272,train
2023-06-21,-1.9149851904877908,-1.7221475222750133,-0.19283766821277748,train
2023-06-22,-1.855758408799925,-1.8535416855548703,-0.0022167232450547303,train
2023-06-23,-1.7437479026173168,-1.8841841196888165,0.14043621707149967,train
2023-06-26,-1.8477366751036768,-1.7594228781655148,-0.08831379693816199,train
2023-06-27,-1.8009473291662055,-1.8906354734899458,0.08968814432374028,train
2023-06-28,-1.9140521288083518,-1.8254689689263723,-0.08858315988197951,train
2023-06-29,-1.9351834830816506,-1.7857289346072145,-0.14945454847443607,train
2023-06-30,-1.7600361071468753,-1.683685581466093,-0.07635052568078238,train
2023-07-03,-1.6449298403599233,-1.7744274445325647,0.12949760417264145,train
2023-07-04,-1.6726625775486414,-1.770307401593291,0.09764482404464947,train
2023-07-05,-1.6424352768727637,-1.9553788925090958,0.3129436156363321,train
2023-07-06,-1.510782874393161,-1.8684984898271102,0.35771561543394914,train
2023-07-07,-1.7005832629148108,-1.6775572312468376,-0.023026031667973124,train
2023-07-10,-1.8200482211173217,-1.6675396351082468,-0.1525085860090749,train
2023-07-11,-1.7996512188613814,-1.8069954554802645,0.007344236618883171,train
2023-07-12,-1.6404996842782689,-1.7940344135094128,0.15353472923114397,train
2023-07-13,-1.722446842274611,-1.5794262961551957,-0.1430205461194154,train
2023-07-14,-1.7332785295468875,-1.7058002332948523,-0.02747829625203524,train
2023-07-17,-1.7824431147665183,-1.7665959554555855,-0.015847159310932835,train
2023-07-18,-1.5663745206067148,-1.800387449392453,0.2340129287857382,train
2023-07-19,-1.665065939139443,-1.6295642497243092,-0.03550168941513365,train
2023-07-20,-1.6340282760256857,-1.6724461465853708,0.03841787055968515,train
2023-07-21,-1.4199300864635507,-1.7002141344260449,0.2802840479624942,train
2023-07-24,-1.2614280017008068,-1.7687516212959091,0.5073236195951023,train
2023-07-25,-1.3968768249534325,-1.5341012987544331,0.13722447380100067,train
2023-07-26,-1.37655299346486,-1.7057758935611238,0.32922290009626387,train
2023-07-27,-1.3816988773124679,-1.6143946854039533,0.23269580809148538,train
2023-07-28,-1.5096494946777381,-1.4481490869385083,-0.06150040773922982,train
2023-07-31,-1.5863345690566093,-1.3779640249977536,-0.2083705440588557,train
2023-08-01,-1.6257876322210578,-1.5585344652001196,-0.0672531670209382,train
2023-08-02,-1.6698218360545303,-1.5303444843945169,-0.1394773516600134,train
2023-08-03,-1.7703443003713026,-1.4857762222096278,-0.28456807816167484,train
2023-08-04,-1.8084925811424668,-1.4906697223293846,-0.31782285881308225,train
2023-08-07,-1.8843984855157843,-1.5068574097540557,-0.3775410757617286,train
2023-08-08,-1.827071586954383,-1.6615359692226612,-0.16553561773172176,train
2023-08-09,-1.7209778719733089,-1.6834166144064573,-0.03756125756685158,train
2023-08-10,-1.7150194157259175,-1.7171826735597069,0.002163257833789345,train
2023-08-11,-1.8152060098037603,-1.6476208088459483,-0.16758520095781204,train
2023-08-14,-1.89662817232415,-1.6974459868351617,-0.19918218548898836,train
2023-08-15,-1.9764228450238222,-1.6949561711385326,-0.28146667388528956,train
2023-08-16,-2.105543330109203,-1.6004079514914984,-0.5051353786177046,train
2023-08-17,-1.8118981616337602,-1.658008694154378,-0.15388946747938226,train
2023-08-18,-1.8247041580276748,-1.7174755947023717,-0.10722856332530317,train
2023-08-21,-1.5977071917271395,-1.7683952052034757,0.17068801347633622,train
2023-08-22,-1.6089076527793795,-1.8466727589061063,0.23776510612672674,train
2023-08-23,-1.4274859416290808,-1.8494145377391247,0.42192859611004385,train
2023-08-24,-1.5652896359980553,-1.6349977033619276,0.06970806736387236,train
2023-08-25,-1.496776034804056,-1.7910992605997595,0.2943232257957036,train
2023-08-28,-1.471603152770309,-1.5618716130282364,0.09026846025792734,train
2023-08-29,-1.4903158599552258,-1.7795873335726262,0.28927147361740047,train
2023-08-30,-1.6653838015504718,-1.516067088102926,-0.14931671344754593,train
2023-08-31,-1.668585426658941,-1.6389516316054815,-0.029633795053459533,train
2023-09-01,-1.7492981407788624,-1.592716577165592,-0.15658156361327036,train
2023-09-04,-2.095676270587402,-1.4939885218581284,-0.6016877487292736,train
2023-09-05,-2.009833786421886,-1.7733584263923001,-0.2364753600295857,train
2023-09-06,-2.031227873347532,-1.736041596767705,-0.295186276579827,train
2023-09-07,-2.0409811411997847,-1.6970018082913483,-0.3439793329084364,train
2023-09-08,-1.75957073411139,-1.7987455312783245,0.039174797166934505,train
2023-09-11,-1.7016453705262,-1.9322219764161546,0.23057660588995454,train
2023-09-12,-1.7438697234675031,-1.86520198853934,0.12133226507183692,train
2023-09-13,-1.7915405257993562,-1.8649001228522428,0.07335959705288664,train
2023-09-14,-1.6567991692665405,-1.8239674654754219,0.1671682962088814,train
2023-09-15,-1.8140037564969702,-1.6470205973038996,-0.1669831591930706,train
2023-09-18,-1.6431823180262508,-1.7168870600770885,0.07370474205083766,train
2023-09-19,-1.6164524885267053,-1.841143342054656,0.2246908535279506,train
2023-09-20,-1.5888511017863065,-1.860936715105194,0.2720856133188876,train
2023-09-21,-1.7131691037683707,-1.6376819459643894,-0.0754871578039813,train
2023-09-22,-1.6257580029404446,-1.739094675419248,0.11333667247880341,train
2023-09-25,-1.7492702689133746,-1.6189189612341375,-0.13035130767923708,train
2023-09-26,-1.665865575845741,-1.7389289163631532,0.07306334051741215,train
2023-09-27,-1.5059247397828652,-1.7179245072735725,0.21199976749070726,train
2023-09-28,-1.4731761656082765,-1.6932351954348615,0.22005902982658498,train
2023-09-29,-1.5643550117794718,-1.6080740057042966,0.04371899392482481,train
2023-10-02,-1.2756772238661689,-1.6983828559327083,0.42270563206653944,train
2023-10-03,-1.2915721537944433,-1.6585489575781316,0.36697680378368824,train
2023-10-04,-1.3747141869317379,-1.529291807895078,0.15457762096334005,train
2023-10-05,-1.3902960124085522,-1.5317666110473735,0.1414705986388214,train
2023-10-06,-1.331417920084608,-1.5978782038643378,0.26646028377972986,train
2023-10-09,-1.6719730150321848,-1.3377806130429883,-0.3341924019891964,train
2023-10-10,-1.6891824075842907,-1.5095785033545046,-0.17960390422978612,train
2023-10-11,-1.6291470744402972,-1.5327974762188086,-0.09634959822148859,train
2023-10-12,-1.6636824103184782,-1.515608167877578,-0.14807424244090028,train
2023-10-13,-1.5727174620155753,-1.4433534921933455,-0.12936396982222975,train
2023-10-16,-1.5496487976834319,-1.611033333042894,0.0613845353594622,train
2023-10-17,-1.534116425504889,-1.6440130623138633,0.10989663680897443,train
2023-10-18,-1.5579338578313269,-1.5503019001296494,-0.007631957701677461,train
2023-10-19,-1.607017505090363,-1.602240116802628,-0.004777388287735107,train
2023-10-20,-1.7950620677858178,-1.456372789711875,-0.3386892780739428,train
2023-10-23,-1.7405157095895083,-1.536946512814806,-0.2035691967747022,train
2023-10-24,-1.7537043443941047,-1.546723849089586,-0.20698049530451867,train
2023-10-25,-1.6730445759523604,-1.5300183346374938,-0.14302624131486663,train
2023-10-26,-1.5779695387485801,-1.6416597700657696,0.06369023131718943,train
2023-10-27,-1.5816273357023827,-1.6425742108278403,0.0609468751254576,train
2023-10-30,-1.5211101504679252,-1.5768105879895542,0.05570043752162901,train
2023-10-31,-1.559701031636927,-1.6497634465601867,0.09006241492325961,train
2023-11-01,-1.7194210282251146,-1.534127308302615,-0.18529371992249954,train
2023-11-02,-1.8228478616385384,-1.5218717626797444,-0.30097609895879396,train
2023-11-03,-1.7588629442504229,-1.5641956839774727,-0.19466726027295023,train
2023-11-06,-1.9439153884271358,-1.4588696834476815,-0.4850457049794543,train
2023-11-07,-1.9507739424908688,-1.6287219543458065,-0.3220519881450623,train
2023-11-08,-1.4872741269021021,-1.703929717246137,0.2166555903440348,train
2023-11-09,-1.445643982850215,-1.7595912346458777,0.31394725179566274,train
2023-11-10,-1.4784302504959428,-1.6498049570189541,0.17137470652301134,train
2023-11-13,-1.4615679034615148,-1.7649548555523036,0.3033869520907888,train
2023-11-14,-1.425552923247994,-1.829912380316925,0.40435945706893106,train
2023-11-15,-1.8446945506061567,-1.4596458304736137,-0.385048720132543,train
2023-11-16,-1.8017540865713664,-1.590382906068688,-0.21137118050267834,train
2023-11-17,-1.922494095615724,-1.6008005151805866,-0.3216935804351373,train
2023-11-20,-2.012394494139048,-1.5996542168677501,-0.4127402772712978,train
2023-11-21,-2.0758383067189423,-1.6012919780537256,-0.47454632866521673,train
2023-11-22,-1.99877560936421,-1.7429360565465504,-0.2558395528176596,train
2023-11-23,-1.9940567971502754,-1.6637957835891957,-0.33026101356107973,train
2023-11-24,-1.7779677078124,-1.8577395900635711,0.07977188225117104,train
2023-11-27,-1.6514958473158545,-1.8714307745885028,0.2199349272726483,train
2023-11-28,-1.5760570993520686,-1.904351703300462,0.3282946039483934,train
2023-11-29,-1.5473667135723526,-1.8067957175998337,0.25942900402748115,train
2023-11-30,-1.6093453411456666,-1.7834806612862222,0.17413532014055555,train
2023-12-01,-1.6890038770132665,-1.6674309639111047,-0.021572913102161806,train
2023-12-04,-1.5971000071699974,-1.6227012173175324,0.025601210147534914,train
2023-12-05,-1.6568703756376946,-1.6016277366503298,-0.05524263898736481,train
2023-12-06,-1.6937648043876992,-1.5725676302494538,-0.12119717413824538,train
2023-12-07,-1.4361146972420074,-1.6554545440113158,0.2193398467693084,train
2023-12-08,-1.3029789143788428,-1.6531578886750442,0.3501789742962014,train
2023-12-11,-1.3299157422592076,-1.5311977679947983,0.20128202573559073,train
2023-12-12,-1.3429673422141823,-1.6997377360900268,0.3567703938758444,train
2023-12-13,-1.375081212786862,-1.661808031021927,0.2867268182350651,train
2023-12-14,-1.6327314704751605,-1.4343723072799077,-0.19835916319525282,train
2023-12-15,-1.8620475670244665,-1.4087658769811726,-0.4532816900432939,train
2023-12-18,-2.020471521023725,-1.4441044644570071,-0.576367056566718,train
2023-12-19,-2.0622323419846857,-1.5952383983189906,-0.46699394366569513,train
2023-12-20,-2.0675770133119546,-1.5864476442433966,-0.4811293690685581,train
2023-12-21,-1.926165026211686,-1.701886466514218,-0.22427855969746813,train
2023-12-22,-1.904525656141831,-1.7560909265272795,-0.1484347296145514,train
2023-12-26,-1.8966392615118846,-1.7921018070911687,-0.10453745442071583,train
2023-12-27,-1.7572065808158481,-1.9153197002107925,0.15811311939494432,train
2023-12-28,-1.7701300681094811,-1.8418286562403852,0.07169858813090402,train
2023-12-29,-1.6016147344783536,-1.711652964768908,0.11003823029055448,train
2024-01-02,-1.6515186881609931,-1.7500893115697713,0.0985706234087782,test
2024-01-03,-1.675663364175462,-1.7461803118590464,0.07051694768358452,test
2024-01-04,-1.766682610611879,-1.6537876965319236,-0.11289491407995533,test
2024-01-05,-1.6100202416745406,-1.732763122636073,0.1227428809615323,test
2024-01-08,-1.8544887756088113,-1.5200168939064416,-0.33447188170236974,test
2024-01-09,-1.902474028849408,-1.7314203985193681,-0.17105363033003984,test
2024-01-10,-1.8308006495444764,-1.7097655100857305,-0.12103513945874589,test
2024-01-11,-1.7849883823512893,-1.7990676922684599,0.014079309917170546,test
2024-01-12,-1.9367529411367232,-1.6119511286106603,-0.324801812526063,test
2024-01-15,-2.017735106112329,-1.7501553260747122,-0.26757978003761695,test
2024-01-16,-1.964573037979523,-1.9068651171406699,-0.05770792083885312,test
2024-01-17,-2.0753556941710816,-1.7534278749628693,-0.32192781920821223,test
2024-01-18,-1.9972389241026467,-1.7811610384181356,-0.21607788568451114,test
2024-01-19,-1.9225763749061835,-1.8391549506317721,-0.08342142427441135,test
2024-01-22,-1.863421644066137,-1.9242865230807757,0.06086487901463866,test
2024-01-23,-1.8672618651478647,-1.886584613744583,0.01932274859671823,test
2024-01-24,-1.8831304783647687,-1.9106225107772894,0.02749203241252074,test
2024-01-25,-1.6934539353507672,-1.814608568814081,0.12115463346331379,test
2024-01-26,-1.7306293840843088,-1.7833189468001642,0.052689562715855454,test
2024-01-29,-1.4057947338726895,-1.7844854245949033,0.37869069072221384,test
2024-01-30,-1.3883735357890254,-1.836456761638801,0.44808322584977556,test
2024-01-31,-1.3944438763881797,-1.8504005588810761,0.45595668249289645,test
2024-02-01,-1.6345511120571008,-1.6269246143252236,-0.00762649773187718,test
2024-02-02,-1.7259486299060682,-1.7466091628401506,0.02066053293408232,test
2024-02-05,-2.29598268864393,-1.4838395771104624,-0.8121431115334674,test
2024-02-06,-2.4012559706749155,-1.651858201642222,-0.7493977690326934,test
2024-02-07,-1.8269092244794534,-1.7073670038114168,-0.11954222066803655,test
2024-02-08,-1.8339851364537252,-1.8405407349816332,0.006555598527907991,test
2024-02-09,-1.8151031335097731,-1.9257969813596354,0.11069384784986225,test
2024-02-12,-1.782688859535473,-2.029054785716153,0.24636592618067987,test
2024-02-13,-1.827585806791656,-2.12817971130472,0.3005939045130639,test
2024-02-14,-2.427959847093105,-1.74294491914031,-0.6850149279527951,test
2024-02-15,-2.4550093160593427,-1.9745617247058491,-0.4804475913534936,test
2024-02-16,-2.3020880053557904,-1.9546598592871143,-0.3474281460686761,test
2024-02-19,-2.410675648442797,-1.8976319863716327,-0.5130436620711645,test
2024-02-20,-2.352771234255733,-2.1324854690021566,-0.22028576525357657,test
2024-02-21,-2.40227930868571,-2.1574073314903606,-0.24487197719534937,test
2024-02-22,-2.4097339257264574,-2.2041966373560533,-0.20553728837040408,test
2024-02-23,-2.5465802030349365,-2.0407468370298556,-0.5058333660050809,test
2024-02-26,-2.4948444465917685,-2.2054132033368563,-0.2894312432549122,test
2024-02-27,-2.5128007415031104,-2.197807454271772,-0.31499328723133857,test
2024-02-28,-2.471367505925554,-2.2315918107573163,-0.23977569516823793,test
2024-02-29,-2.49256473722426,-2.2365615134654258,-0.25600322375883433,test
2024-03-01,-2.4457546976895523,-2.211398222503149,-0.23435647518640312,test
2024-03-04,-2.3348209895650434,-2.2270469241848367,-0.10777406538020662,test
2024-03-05,-2.3385395775910185,-2.3204824634114147,-0.01805711417960376,test
2024-03-06,-2.3329177253747866,-2.2784764516031695,-0.054441273771617116,test
2024-03-07,-2.356915899044808,-2.3449488214593965,-0.011967077585411268,test
2024-03-08,-2.469771827103972,-2.2254669252896013,-0.2443049018143708,test
2024-03-11,-2.7232923956498847,-2.1642018587823153,-0.5590905368675694,test
2024-03-12,-2.7794753559208285,-2.301793707557507,-0.4776816483633217,test
2024-03-13,-2.9207223336676535,-2.243349220442188,-0.6773731132254657,test
2024-03-14,-2.516562477578544,-2.344059529788227,-0.1725029477903166,test
2024-03-15,-2.465763566967673,-2.3498021749123867,-0.11596139205528644,test
2024-03-18,-2.4369311782786354,-2.496289047802168,0.059357869523532614,test
2024-03-19,-2.392382542798758,-2.5825832095226517,0.1902006667238938,test
2024-03-20,-2.3661258484673255,-2.627424785490307,0.26129893702298146,test
2024-03-21,-2.712963911051163,-2.3067138468887167,-0.40625006416244647,test
2024-03-22,-2.711889368530613,-2.3691253855013223,-0.34276398302929056,test
2024-03-25,-2.76828256401935,-2.410372486695024,-0.357910077324326,test
2024-03-26,-2.671346290299338,-2.4057191068547876,-0.2656271834445505,test
2024-03-27,-2.578210455104521,-2.3912159963005024,-0.18699445880401866,test
2024-03-28,-2.4637100669145076,-2.5441065203667947,0.08039645345228719,test
2024-03-29,-2.542936282405377,-2.4332742802272236,-0.10966200217815336,test
2024-04-01,-2.1778459278429985,-2.568334403333925,0.3904884754909266,test
2024-04-02,-2.2298897251837,-2.4457328973859096,0.2158431722022094,test
2024-04-03,-2.2942920260960733,-2.406277652340362,0.11198562624428865,test
2024-04-04,-1.5999167238102485,-2.3416460711977294,0.7417293473874809,test
2024-04-05,-1.48201405167273,-2.4206410073141336,0.9386269556414035,test
2024-04-08,-1.5608593959521821,-2.110362617758956,0.5495032218067737,test
2024-04-09,-1.4644870887096126,-2.325857368579378,0.8613702798697656,test
2024-04-10,-1.3547231478332868,-2.3852962278917893,1.0305730800585025,test
2024-04-11,-1.7768578583810435,-1.8755055799062943,0.09864772152525081,test
2024-04-12,-1.9007779077429692,-1.929100533638293,0.02832262589532375,test
2024-04-15,-1.8634963386224805,-2.005933398631974,0.1424370600094933,test
2024-04-16,-1.9711444644578695,-1.8799380290250178,-0.09120643543285167,test
2024-04-17,-1.916339957381917,-1.742153885451383,-0.17418607193053415,test
2024-04-18,-2.0039791867050742,-1.8674627619488422,-0.13651642475623205,test
2024-04-19,-1.9374704309500996,-1.9816221340851137,0.04415170313501404,test
2024-04-22,-2.0072263905768972,-1.894152317712941,-0.11307407286395632,test
2024-04-23,-1.965676041470002,-2.0311987600047314,0.06552271853472935,test
2024-04-24,-2.0467717733443966,-1.8659558825141305,-0.18081589083026617,test
2024-04-25,-1.9013738049886697,-2.0293869980752977,0.12801319308662795,test
2024-04-26,-1.8899349553165419,-1.9235803669436407,0.033645411627098776,test
2024-04-29,-1.6493229583307099,-1.9691757922876996,0.3198528339569897,test
2024-04-30,-1.7272782455968605,-1.9392521785163843,0.21197393291952382,test
2024-05-01,-1.8604919781265155,-1.8858008769574595,0.025308898830944004,test
2024-05-02,-2.0716682310519974,-1.800755944450199,-0.27091228660179834,test
2024-05-03,-2.1858444688006458,-1.822652983602456,-0.36319148519818967,test
2024-05-06,-2.793246191138514,-1.6138702939811094,-1.1793758971574044,test
2024-05-07,-2.7827882537076976,-1.9644887548308196,-0.8182994988768779,test
2024-05-08,-2.7241632989622184,-2.0133612341434266,-0.7108020648187918,test
2024-05-09,-2.43984616627635,-2.19519879056562,-0.24464737571073014,test
2024-05-10,-2.4924529760930554,-2.1580349282499367,-0.3344180478431187,test
2024-05-13,-2.5056839691799673,-2.361433385706953,-0.14425058347301434,test
2024-05-14,-2.5232546951378754,-2.412743404123548,-0.11051129101432755,test
2024-05-15,-2.593427533158566,-2.3231137209540567,-0.27031381220450923,test
2024-05-16,-2.857352073278523,-2.142427891831593,-0.7149241814469298,test
2024-05-17,-2.6631854342934256,-2.3141264672192,-0.34905896707422546,test
2024-05-20,-2.7075347096117515,-2.3393198257743024,-0.36821488383744905,test
2024-05-21,-2.6796148778553848,-2.410245070999558,-0.2693698068558268,test
2024-05-22,-2.7070278220407955,-2.412908021322394,-0.2941198007184016,test
2024-05-23,-2.6175134835038643,-2.4711866686172734,-0.14632681488659083,test
2024-05-24,-2.769720114990652,-2.338308303415171,-0.43141181157548125,test
2024-05-27,-2.615190727076388,-2.514713865954186,-0.100476861122202,test
2024-05-28,-2.5046031712446775,-2.4902699197903444,-0.014333251454333062,test
2024-05-29,-2.4435426085421983,-2.52375836195225,0.0802157534100516,test
2024-05-30,-2.464786350382593,-2.4008352139221407,-0.06395113646045214,test
2024-05-31,-2.417036556325563,-2.506067156616905,0.08903060029134213,test
2024-06-03,-1.9628970461391362,-2.407443065838597,0.44454601969946084,test
2024-06-04,-1.9718721803653,-2.366094712285444,0.3942225319201438,test
2024-06-05,-1.9347680228654658,-2.3840781725742275,0.4493101497087617,test
2024-06-06,-1.6111825959284345,-2.3601553289596637,0.7489727330312292,test
2024-06-07,-1.559652151047521,-2.329605940479268,0.7699537894317472,test
2024-06-10,-1.782130024831305,-2.003450446853126,0.221320422021821,test
2024-06-11,-1.786802813995663,-2.1982283849588216,0.41142557096315846,test
2024-06-12,-1.7809640068025399,-2.1468875690631033,0.36592356226056344,test
2024-06-13,-2.2434378720254218,-1.821796498527804,-0.4216413734976179,test
2024-06-14,-2.361861153158568,-1.9028336370888583,-0.4590275160697095,test
2024-06-17,-2.3438348583017756,-1.9811614649949754,-0.36267339330680026,test
2024-06-18,-2.3851719616903675,-2.0522757331633144,-0.33289622852705314,test
2024-06-19,-2.4968514889540305,-2.0075326192744543,-0.4893188696795763,test
2024-06-20,-2.3999553799859514,-2.264418867893209,-0.13553651209274253,test
2024-06-21,-2.4011472401350775,-2.238165647590835,-0.16298159254424238,test
2024-06-24,-2.5011072219940886,-2.1411211425132306,-0.35998607948085803,test
2024-06-25,-2.373899178316374,-2.2889592457086594,-0.08493993260771449,test
2024-06-26,-2.3387492251935833,-2.352436142954233,0.013686917760649564,test
2024-06-27,-2.321701342255552,-2.226403816756518,-0.09529752549903403,test
2024-06-28,-2.4253660706590203,-2.2346630807458245,-0.1907029899131958,test
2024-07-01,-2.4555166362661365,-2.2267343824197465,-0.22878225384638995,test
2024-07-02,-2.54137200430956,-2.1518049975372397,-0.38956700677232003,test
2024-07-03,-2.5950764397372432,-2.200457245079425,-0.39461919465781836,test
2024-07-04,-2.798347812543066,-2.1478244644579445,-0.6505233480851214,test
2024-07-05,-2.2883248737289605,-2.375086358144841,0.08676148441588039,test
2024-07-08,-2.3578521618344594,-2.251123184414771,-0.10672897741968823,test
2024-07-09,-2.3934796644920375,-2.29666010842696,-0.09681955606507753,test
2024-07-10,-2.370056894957783,-2.4154621891973136,0.04540529423953066,test
2024-07-11,-2.287668033343749,-2.5854059705602,0.2977379372164508,test
2024-07-12,-2.738732415852959,-2.1459200258245175,-0.5928123900284414,test
2024-07-15,-2.759419454852015,-2.3968506437891235,-0.3625688110628915,test
2024-07-16,-2.805459042599539,-2.4104667203095835,-0.3949923222899554,test
2024-07-17,-2.8303309838809283,-2.415300297729335,-0.4150306861515931,test
2024-07-18,-2.8484782281838976,-2.332579242373372,-0.5158989858105256,test
2024-07-19,-2.7077607383853093,-2.510686522081526,-0.19707421630378308,test
2024-07-22,-2.7080212511677866,-2.519047895295361,-0.18897335587242559,test
2024-07-23,-2.6967766063318166,-2.545743121082787,-0.15103348524902938,test
2024-07-24,-2.673498895717965,-2.5639270784710537,-0.10957181724691134,test
2024-07-25,-2.5103295045703122,-2.5436953205839754,0.033365816013663174,test
2024-07-26,-2.423786951417083,-2.437483548492631,0.013696597075548045,test
2024-07-29,-2.1006208399639834,-2.5264933671509655,0.4258725271869821,test
2024-07-30,-1.6499619483677472,-2.5174012018465013,0.8674392534787541,test
2024-07-31,-1.6002218027637178,-2.498650392315575,0.8984285895518573,test
2024-08-01,-1.647313454625483,-2.3490312990305244,0.7017178444050414,test
2024-08-02,-1.6613559448833843,-2.3083553269024955,0.6469993820191111,test
2024-08-05,-1.867314023649939,-2.1080871619968637,0.2407731383469247,test
2024-08-06,-2.4707940475924475,-1.8251391857531387,-0.6456548618393088,test
2024-08-07,-2.544831854520382,-1.9493672864463987,-0.5954645680739832,test
2024-08-08,-2.471124527429443,-2.0294763882844764,-0.4416481391449665,test
2024-08-09,-2.3315021316275413,-1.9750713212606816,-0.35643081036685964,test
2024-08-12,-2.3322348468742224,-2.2332045034338406,-0.09903034344038186,test
2024-08-13,-2.281241436746204,-2.3957454040776,0.1145039673313959,test
2024-08-14,-2.289846631096914,-2.3624996612828544,0.07265303018594027,test
2024-08-15,-2.237145188968554,-2.287427766902664,0.05028257793411006,test
2024-08-16,-2.339900203226028,-2.1695942721199555,-0.17030593110607262,test
2024-08-19,-1.9757844737310581,-2.366775804881669,0.3909913311506108,test
2024-08-20,-1.9775315235789457,-2.2513399943186068,0.2738084707396611,test
2024-08-21,-1.971099965818665,-2.2540370920566835,0.2829371262380185,test
2024-08-22,-1.9796713197831424,-2.14287516644592,0.16320384666277743,test
2024-08-23,-1.8194030698293493,-2.1667987285052988,0.34739565867594946,test
2024-08-26,-1.9950599978390877,-1.9106119122054486,-0.08444808563363915,test
2024-08-27,-2.0172424968322193,-2.0742847620137503,0.05704226518153099,test
2024-08-28,-1.9822763549738416,-2.0574766762707557,0.07520032129691412,test
2024-08-29,-1.9943706454907335,-1.983237752654186,-0.011132892836547503,test
2024-08-30,-2.193465719044375,-1.8225243721930977,-0.3709413468512772,test
2024-09-02,-1.9335847329343403,-1.976322614694199,0.04273788175985871,test
2024-09-03,-1.9059701926253416,-2.0951496754251475,0.1891794827998059,test
2024-09-04,-1.9698240592844434,-2.0175154941695026,0.047691434885059225,test
2024-09-05,-1.9560190882602164,-2.018018042587748,0.06199895432753166,test
2024-09-06,-1.964603678709329,-2.0693252420948154,0.10472156338548633,test
2024-09-09,-2.369496160169644,-1.8683462166036058,-0.5011499435660383,test
2024-09-10,-2.3960572990964666,-2.018989835353206,-0.3770674637432605,test
2024-09-11,-2.336173406185715,-2.1072230559808927,-0.22895035020482224,test
2024-09-12,-1.9589632703248405,-1.9787794280430524,0.01981615771821188,test
2024-09-13,-1.8705307158324767,-1.9905699819516505,0.12003926611917382,test
2024-09-16,-1.8161159608521946,-2.235417571980769,0.41930161112857434,test
2024-09-17,-1.704561333124888,-2.2327802784242117,0.5282189452993238,test
2024-09-18,-1.6994950898617394,-2.1640276706461643,0.46453258078442494,test
2024-09-19,-1.986866892454952,-1.870621732025008,-0.11624516042994393,test
2024-09-20,-1.907184428519726,-1.9095871666141708,0.0024027380944449117,test
2024-09-23,-1.785467035277891,-1.9521892389499285,0.1667222036720375,test
2024-09-24,-1.7229323485164358,-1.8089388541835605,0.08600650566712464,test
2024-09-25,-1.6473721458381982,-1.900263448023194,0.25289130218499567,test
2024-09-26,-1.6685086812112864,-1.9351007105854743,0.2665920293741879,test
2024-09-27,-1.8427953695741368,-1.8091597782155293,-0.0336355913586075,test
2024-09-30,-1.6824519404209242,-1.7766739295181129,0.09422198909718871,test
2024-10-01,-1.8150558907980063,-1.7387465874397539,-0.07630930335825248,test
2024-10-02,-1.9240683763454074,-1.7302464555386543,-0.1938219208067531,test
2024-10-03,-1.9625215681463213,-1.792317103134296,-0.17020446501202535,test
2024-10-04,-1.8697586931414991,-1.894341932905876,0.02458323976437682,test
2024-10-07,-2.2263953672319756,-1.6616175613694146,-0.564777805862561,test
2024-10-08,-2.2924740360112317,-1.8809239286946808,-0.41155010731655084,test
2024-10-09,-2.3112756694084786,-2.0017722862810996,-0.309503383127379,test
2024-10-10,-2.34483937287918,-2.0239447438846954,-0.3208946289944845,test
2024-10-11,-2.31682168057007,-1.8693512795092735,-0.4474704010607966,test
2024-10-14,-2.414224628318933,-2.031860416387551,-0.3823642119313817,test
2024-10-15,-2.4710944715287724,-2.1203809709920733,-0.35071350053669903,test
2024-10-16,-2.4747187707863096,-2.133587852941011,-0.3411309178452986,test
2024-10-17,-2.4558844856117727,-2.1645197125561695,-0.29136477305560327,test
2024-10-18,-2.5997250289031673,-2.0119339585810074,-0.5877910703221598,test
2024-10-21,-2.5869408798713653,-2.2369815648381124,-0.34995931503325295,test
2024-10-22,-2.5436494375722307,-2.317617873791392,-0.22603156378083877,test
2024-10-23,-2.392595133731763,-2.277850473238863,-0.11474466049289989,test
2024-10-24,-2.1823023670714408,-2.2724974905561877,0.0901951234847469,test
2024-10-25,-2.1731777043287224,-2.23619734882086,0.0630196444921376,test
2024-10-28,-1.9709870164622645,-2.325468556905174,0.35448154044290936,test
2024-10-29,-1.9003903871232852,-2.3173045353262625,0.41691414820297723,test
2024-10-30,-2.003033455239633,-2.171063827047563,0.16803037180793012,test
2024-10-31,-1.2078432739827412,-2.057167207795589,0.8493239338128478,test
2024-11-01,-1.0561418221182222,-2.108879185984711,1.052737363866489,test
2024-11-04,-1.0499677969897667,-1.948903052296511,0.8989352553067442,test
2024-11-05,-1.00830836869844,-1.9653619087914602,0.9570535400930202,test
2024-11-06,-0.9627004998060141,-2.1477594305446983,1.185058930738684,test
2024-11-07,-1.4027305808937385,-1.5851370980841455,0.182406517190407,test
2024-11-08,-1.4545848240197636,-1.607008202133172,0.15242337811340834,test
2024-11-11,-1.389921820705783,-1.671233633104141,0.281311812398358,test
2024-11-12,-1.4237464860509321,-1.6350476501929234,0.2113011641419913,test
2024-11-13,-1.3030295708160813,-1.5932742896662389,0.29024471885015757,test
2024-11-14,-1.4163385188295416,-1.559033306370851,0.14269478754130938,test
2024-11-15,-1.4644989156421782,-1.5583445464442054,0.09384563080202724,test
2024-11-18,-0.8888888095848846,-1.5214099922950766,0.632521182710192,test
2024-11-19,-0.781550182921777,-1.6305913925880389,0.8490412096662618,test
2024-11-20,-0.7035585391570987,-1.449654912412864,0.7460963732557653,test
2024-11-21,-0.6295117330809599,-1.5554979553704489,0.925986222289489,test
2024-11-22,-0.6662623152814442,-1.504570436839418,0.8383081215579737,test
2024-11-25,-1.116193051418858,-1.1284722343666667,0.012279182947808609,test
2024-11-26,-1.1177659943691007,-1.1861300236660415,0.06836402929694074,test
2024-11-27,-1.2980168115569466,-1.0821167200743564,-0.21590009148259015,test
2024-11-28,-1.3844505053623348,-1.0332607298216918,-0.351189775540643,test
2024-11-29,-1.3325995800516732,-1.1905364703034371,-0.1420631097482361,test
2024-12-02,-1.2627722437434024,-1.2507065339655967,-0.012065709777805633,test
2024-12-03,-1.4280605872108734,-1.1766675419204322,-0.25139304529044115,test
2024-12-04,-1.491787709588874,-1.3206545553106124,-0.1711331542782617,test
2024-12-05,-1.5149220799143273,-1.319149055901861,-0.1957730240124662,test
2024-12-06,-1.4955685198032727,-1.2875959618387416,-0.20797255796453107,test
2024-12-09,-1.6631358549396942,-1.2150753787456232,-0.44806047619407097,test
2024-12-10,-1.6288459100913129,-1.3994135858724854,-0.22943232421882742,test
2024-12-11,-1.6401786011854038,-1.4602655248871586,-0.17991307629824527,test
2024-12-12,-1.3017254435081649,-1.4029150417121017,0.1011895982039368,test
2024-12-13,-1.2508709685771797,-1.3782338084608061,0.1273628398836264,test
2024-12-16,-1.1862224930046172,-1.4932909887954031,0.3070684957907859,test
2024-12-17,-1.201154182522384,-1.465425458786884,0.2642712762645001,test
2024-12-18,-1.2123465731567709,-1.540069464421741,0.3277228912649701,test
2024-12-19,-1.6705517712538893,-1.221532616588608,-0.4490191546652813,test
2024-12-20,-1.910040492305486,-1.2922696240091271,-0.6177708682963587,test
2024-12-23,-1.9415115463079096,-1.270076886480392,-0.6714346598275176,test
2024-12-24,-1.9869436844166475,-1.3439566168449384,-0.6429870675717091,test
2024-12-26,-1.60158852527522,-1.449152988712849,-0.15243553656237108,test
2024-12-27,-1.5309558139749604,-1.7249582709890252,0.19400245701406482,test
2024-12-30,-1.087310884152482,-1.7684883073100977,0.6811774231576158,test
2024-12-31,-1.0548064648777482,-1.6758555910982944,0.6210491262205462,test
2025-01-02,-0.9988827886677013,-1.767407269424153,0.7685244807564516,test
2025-01-03,-1.1896371205170575,-1.492850139176047,0.3032130186589894,test
2025-01-06,-0.7809668060062711,-1.5990707960445436,0.8181039900382725,test
2025-01-07,-0.9867635932701533,-1.2046496478050825,0.21788605453492926,test
2025-01-08,-0.9949823874942811,-1.3040051189662953,0.3090227314720142,test
2025-01-09,-0.9289271878436843,-1.2866199112604761,0.3576927234167918,test
2025-01-10,-0.8506279701009081,-1.5148545355831862,0.6642265654822781,test
2025-01-13,-1.2343846807588548,-1.0512296598955508,-0.18315502086330393,test
2025-01-14,-0.7567981985637234,-1.2734360706443622,0.5166378720806387,test
2025-01-15,-0.6834698134789703,-1.2770773457525704,0.5936075322736001,test
2025-01-16,-0.7438503672021404,-1.1997885362017902,0.4559381689996498,test
2025-01-17,-0.7949694126643226,-1.1586582815076176,0.363688868843295,test
2025-01-20,-0.7836957773124942,-1.297021863323708,0.5133260860112139,test
2025-01-21,-1.335819578455208,-0.9217725960156831,-0.414046982439525,test
2025-01-22,-1.518991682070526,-1.0134033336326722,-0.5055883484378538,test
2025-01-23,-1.5126294352368657,-1.1630072348108837,-0.3496222004259819,test
2025-01-24,-1.2573295722899822,-1.2631005976251917,0.0057710253352094565,test
2025-01-27,-1.151828192898454,-1.1827540880226375,0.030925895124183533,test
2025-01-28,-0.6893043508805766,-1.3442236574121655,0.6549193065315889,test
2025-01-29,-0.6808719274927667,-1.3612479095181143,0.6803759820253475,test
2025-01-30,-0.6949446235973326,-1.3565849413845243,0.6616403177871918,test
2025-01-31,-0.8348657197212953,-1.1516563775296047,0.3167906578083094,test
2025-02-03,-0.8090733954002853,-1.1148142106048295,0.3057408152045442,test
2025-02-04,-1.3888584739629914,-0.8195689398060995,-0.569289534156892,test
2025-02-05,-1.5293158618154976,-1.0038316058788985,-0.5254842559365991,test
2025-02-06,-1.327386221818322,-1.0810049869619986,-0.24638123485632346,test
2025-02-07,-1.1605446431642572,-1.218426193178462,0.0578815500142047,test
2025-02-10,-1.3880981695846806,-1.0438292535110636,-0.344268916073617,test
2025-02-11,-1.4574429771479678,-1.3498441956938174,-0.10759878145415036,test
2025-02-12,-1.4420274179123687,-1.528764153762606,0.08673673585023733,test
2025-02-13,-1.7577792821661493,-1.2540320139769514,-0.5037472681891979,test
2025-02-14,-2.1091182940238364,-1.1831834916407533,-0.9259348023830831,test
2025-02-17,-2.0786017960838903,-1.4212714426894368,-0.6573303533944534,test
2025-02-18,-1.88340917559947,-1.592325685372573,-0.29108349022689706,test
2025-02-19,-1.8361305690256333,-1.531550001038713,-0.30458056798692024,test
2025-02-20,-1.7117273782007192,-1.6832476672462124,-0.028479710954506743,test
2025-02-21,-1.6366114945274803,-1.7639840902544779,0.12737259572699755,test
2025-02-24,-1.5948542939981576,-1.728988698631059,0.13413440463290138,test
2025-02-25,-1.5603550595463065,-1.6106405247084623,0.05028546516215582,test
2025-02-26,-1.3463669739448214,-1.6384104377839255,0.29204346383910407,test
2025-02-27,-1.0696951292177106,-1.5353789809974816,0.465683851779771,test
2025-02-28,-0.8760669063654776,-1.5104631824740262,0.6343962761085487,test
2025-03-03,-0.7444531736461819,-1.4907102358598572,0.7462570622136753,test
2025-03-04,-0.661381702564963,-1.4663200658897186,0.8049383633247557,test
2025-03-05,-0.682017699710002,-1.318637443236438,0.636619743526436,test
2025-03-06,-0.8587561825520218,-1.1770759331896228,0.318319750637601,test
2025-03-07,-1.0259762460272401,-1.0934626131666565,0.06748636713941636,test
2025-03-10,-1.1637369630128642,-1.0236641827766197,-0.14007278023624448,test
2025-03-11,-1.39122164592768,-0.971131617389191,-0.4200900285384891,test
2025-03-12,-1.536613109538683,-1.0215653495850552,-0.5150477599536278,test
2025-03-13,-1.477543990121093,-1.165241104533443,-0.31230288558764996,test
2025-03-14,-1.4986942240414631,-1.2085404896293483,-0.2901537344121148,test
2025-03-17,-1.5837342743116025,-1.253293031494304,-0.3304412428172985,test
2025-03-18,-1.4851798211951037,-1.4660509800988482,-0.019128841096255567,test
2025-03-19,-1.5259903344172954,-1.476054229711779,-0.04993610470551646,test
2025-03-20,-1.6554020673875056,-1.3729932382396415,-0.28240882914786414,test
2025-03-21,-1.6546519862567528,-1.4068502121786852,-0.24780177407806758,test
2025-03-24,-1.6436938717404819,-1.461334598554952,-0.1823592731855299,test
2025-03-25,-1.6195317274211949,-1.3665025092104977,-0.25302921821069724,test
2025-03-26,-1.5475765649727795,-1.4685042395632335,-0.07907232540954601,test
2025-03-27,-1.2776332888231041,-1.5061613856365266,0.22852809681342245,test
2025-03-28,-0.6955060561352618,-1.4522819072894237,0.7567758511541619,test
2025-03-31,-0.380916219961896,-1.470029588856889,1.089113368894993,test
2025-04-01,-0.14344047485810948,-1.4154703642785003,1.2720298894203907,test
2025-04-02,-0.059641717123345976,-1.4099299746389056,1.3502882575155597,test
2025-04-03,0.17569092508909487,-1.1919988049069816,1.3676897299960764,test
2025-04-04,0.13293896110447073,-0.8880003181732243,1.020939279277695,test
2025-04-07,0.39550208111978113,-0.7557776389906428,1.151279720110424,test
2025-04-08,0.3469946202222168,-0.6114212692726654,0.9584158894948822,test
2025-04-09,0.3386249545842549,-0.6178351413156,0.9564600958998549,test
2025-04-10,0.1457805494334181,-0.3428571410243145,0.48863769045773264,test
2025-04-11,0.01493660534881368,-0.40925615734470366,0.42419276269351736,test
2025-04-14,-0.7578976189888036,-0.1599562932101252,-0.5979413257786784,test
2025-04-15,-0.8590377173175167,-0.3397556029509594,-0.5192821143665572,test
2025-04-16,-0.8832845526822811,-0.39928980457648516,-0.48399474810579596,test
2025-04-17,-0.674560635442251,-0.4899181467370349,-0.1846424887052161,test
2025-04-18,-0.6971144404617504,-0.6145487847514082,-0.08256565571034225,test
2025-04-21,-0.6292919106168159,-1.0919009945527893,0.46260908393597344,test
2025-04-22,-0.73791933658424,-0.8566521638224261,0.11873282723818612,test
2025-04-23,-0.7951555193451633,-0.881519999919002,0.08636448057383872,test
2025-04-24,-1.1411007722409539,-0.7060774718548177,-0.4350233003861361,test
2025-04-25,-1.1326405872149723,-0.8665677889675979,-0.2660727982473744,test
2025-04-28,-1.0526214298474854,-0.7903390489814431,-0.2622823808660423,test
2025-04-29,-1.1043048828688684,-0.8097251312387233,-0.29457975163014516,test
2025-04-30,-1.1341167919110529,-0.8204745166190226,-0.31364227529203026,test
2025-05-01,-1.0670016583979418,-0.9192775188023455,-0.14772413959559627,test
2025-05-02,-1.033913368723669,-0.910754353387075,-0.12315901533659401,test
2025-05-05,-1.1704102878639495,-0.8484532411837558,-0.32195704668019376,test
2025-05-06,-0.9237274590932902,-0.971118827210193,0.04739136811690281,test
2025-05-07,-0.9610978611023085,-0.97422736117701,0.013129500074701483,test
2025-05-08,-0.9774647506752976,-0.9126677711478504,-0.06479697952744723,test
2025-05-09,-1.0384852505543773,-0.9244921742024276,-0.11399307635194977,test
2025-05-12,-1.0382746297927805,-1.1289410116784155,0.09066638188563503,test
2025-05-13,-1.3005955263548232,-0.8693230422666121,-0.43127248408821117,test
2025-05-14,-1.3245461834252157,-1.0795532716836167,-0.24499291174159898,test
2025-05-15,-1.4181450795003798,-1.0168057393773424,-0.4013393401230374,test
2025-05-16,-1.3952157112967996,-1.1121592733600034,-0.28305643793679613,test
2025-05-19,-1.186485111090149,-1.1821050721123676,-0.004380038977781497,test
2025-05-20,-1.2664351196008266,-1.2115008232103428,-0.05493429639048375,test
2025-05-21,-1.2726756569066304,-1.2571310757368919,-0.015544581169738558,test
2025-05-22,-1.3284986262291623,-1.2438265354884315,-0.08467209074073079,test
2025-05-23,-1.1801799367571855,-1.238323167731872,0.058143230974686544,test
2025-05-26,-1.3224121748215418,-1.107978457076234,-0.21443371774530773,test
2025-05-27,-1.291383894288584,-1.3221010943545737,0.030717200065989658,test
2025-05-28,-1.3025433014431407,-1.3025039067687496,-3.939467439106892e-05,test
2025-05-29,-1.3023390913655866,-1.316749839150825,0.014410747785238431,test
2025-05-30,-1.4845224918330513,-1.1465381497001583,-0.33798434213289297,test
2025-06-02,-1.5332514601439107,-1.2871774467409403,-0.24607401340297042,test
2025-06-03,-1.6005481766768346,-1.3179570848470359,-0.2825910918297987,test
2025-06-04,-1.5749916662705814,-1.3540324531234884,-0.220959213147093,test
2025-06-05,-1.5162127325584174,-1.3260625541176292,-0.1901501784407882,test
2025-06-06,-1.4643474053037222,-1.3372712638329662,-0.12707614147075597,test
2025-06-09,-1.2010181720765374,-1.4076977502976173,0.20667957822107996,test
2025-06-10,-1.1510168966545937,-1.5370151766727917,0.385998280018198,test
2025-06-11,-1.1307576075894004,-1.4586919267726393,0.3279343191832389,test
2025-06-12,-1.1046983599474338,-1.4049543426439621,0.3002559826965283,test
2025-06-13,-1.2175155168807905,-1.353636276262955,0.1361207593821645,test
2025-06-16,-1.5393350129325392,-1.199701815353919,-0.3396331975786202,test
2025-06-17,-1.4133619734003278,-1.3042362485861843,-0.10912572481414351,test
2025-06-18,-1.3961286733602707,-1.2686073768189836,-0.12752129654128708,test
2025-06-19,-1.5665677410088374,-1.2093908066180892,-0.35717693439074827,test
2025-06-20,-1.486133427262805,-1.362132108975201,-0.12400131828760408,test
2025-06-23,-1.4173972236175088,-1.4924742370661062,0.07507701344859741,test
2025-06-24,-1.557481945579871,-1.3337857140666047,-0.22369623151326623,test
2025-06-25,-1.5857493223605323,-1.3786376341126112,-0.20711168824792114,test
2025-06-26,-1.5045547184365562,-1.5555997988340857,0.05104508039752953,test
2025-06-27,-1.3249495808394227,-1.4190133073563411,0.09406372651691841,test
2025-06-30,-1.4427839249212466,-1.3934455803546366,-0.049338344566610015,test
2025-07-01,-1.4280995769996563,-1.4918803222195967,0.06378074521994037,test
2025-07-02,-1.4588867400627414,-1.4804615257268077,0.02157478566406623,test
2025-07-03,-1.5517445092774333,-1.4414702008374236,-0.11027430844000974,test
2025-07-04,-1.9681109725010317,-1.2641561680463909,-0.7039548044546409,test
2025-07-07,-1.8827342702044316,-1.5953002672376526,-0.287434002966779,test
2025-07-08,-1.9923534726973813,-1.4749874038298862,-0.517366068867495,test
2025-07-09,-1.9395553024027468,-1.5041211184333338,-0.4354341839694129,test
2025-07-10,-1.4278812449083278,-1.6352621619928496,0.20738091708452178,test
2025-07-11,-1.386106684935582,-1.7623402526851453,0.3762335677495632,test
2025-07-14,-1.4024002733207799,-1.6871300034356163,0.2847297301148364,test
2025-07-15,-1.4042049467803344,-1.7676621098705432,0.3634571630902088,test
2025-07-16,-1.4814976631496373,-1.686434963006383,0.2049372998567458,test
2025-07-17,-1.9327783872473667,-1.3948701745606493,-0.5379082126867174,test
2025-07-18,-1.890298149598002,-1.544630865075897,-0.34566728452210493,test
2025-07-21,-1.8921103935544605,-1.603595185484901,-0.28851520806955944,test
2025-07-22,-1.7668279242219993,-1.6160243422997396,-0.15080358192225973,test
2025-07-23,-1.6223465515831874,-1.65230328059813,0.029956729014942507,test
2025-07-24,-1.5070819231326493,-1.7241997564674212,0.21711783333477186,test
2025-07-25,-1.470130679836014,-1.700207502444643,0.23007682260862894,test
2025-07-28,-0.7139309894984971,-1.7594185372700537,1.0454875477715566,test
2025-07-29,-0.7011379431019957,-1.6334789265631593,0.9323409834611636,test
2025-07-30,-0.7304598743121236,-1.5493670746849968,0.8189072003728732,test
2025-07-31,-0.7892207480183613,-1.4825674450577886,0.6933466970394273,test
2025-08-01,-0.7900707443436981,-1.4969093602377972,0.7068386158940991,test
2025-08-04,-1.6369537213874665,-1.0172507937296325,-0.6197029276578341,test
2025-08-05,-1.8029131797802564,-1.2517180674119217,-0.5511951123683347,test
2025-08-06,-1.6350458231559322,-1.3039770138041165,-0.3310688093518157,test
2025-08-07,-1.6845861780904392,-1.385946510567246,-0.29863966752319326,test
2025-08-08,-1.7657431965961397,-1.330907464109519,-0.43483573248662055,test
2025-08-11,-1.79241091424944,-1.611501556735188,-0.18090935751425197,test
2025-08-12,-1.7879355661421474,-1.7142310505709148,-0.07370451557123259,test
2025-08-13,-2.1194048352721864,-1.4914799596385047,-0.6279248756336817,test
2025-08-14,-2.080304469982182,-1.675217791633833,-0.4050866783483489,test
2025-08-15,-2.1273837692477016,-1.6617568342556062,-0.4656269349920954,test
2025-08-18,-1.662907960020714,-1.7598910149452125,0.09698305492449855,test
2025-08-19,-1.6570637417236933,-1.7600040786715765,0.10294033694788318,test
2025-08-20,-1.531751282730054,-1.862654580292774,0.3309032975627202,test
2025-08-21,-1.5151531927030253,-1.8122834304379822,0.29713023773495695,test
2025-08-22,-1.5375490051927612,-1.8322769724067873,0.29472796721402617,test
2025-08-25,-1.8949444374441617,-1.5253074444072763,-0.36963699303688546,test
2025-08-26,-1.95356916300757,-1.7186907358619474,-0.23487842714562257,test
2025-08-27,-1.940024912476079,-1.545827689843639,-0.39419722263244017,test
2025-08-28,-1.9016330274642523,-1.5981546152610435,-0.3034784122032088,test
2025-08-29,-1.8833459817891074,-1.6769161095374625,-0.20642987225164489,test
2025-09-01,-1.7517262336865602,-1.7599324968701489,0.008206263183588636,test
2025-09-02,-1.7125433991229932,-1.9038463681587028,0.19130296903570954,test
2025-09-03,-1.8464235932708184,-1.7601704296368696,-0.08625316363394875,test
2025-09-04,-1.8372192458653838,-1.7910242285225548,-0.04619501734282894,test
2025-09-05,-1.6966462662680535,-1.8426901703928213,0.14604390412476786,test
2025-09-08,-1.867969547792656,-1.693467449239819,-0.17450209855283694,test
2025-09-09,-1.8973635316159625,-1.784957718897495,-0.1124058127184675,test
2025-09-10,-1.880710949329225,-1.8084863322718645,-0.07222461705736039,test
2025-09-11,-1.606960516182786,-1.746050834270338,0.139090318087552,test
2025-09-12,-1.617292260510203,-1.6602371433168055,0.04294488280660258,test
2025-09-15,-1.556961970311959,-1.8604614020185664,0.3034994317066073,test
2025-09-16,-1.54093790136105,-1.9117229703022292,0.37078506894117913,test
2025-09-17,-1.5619935246825614,-1.8264671912323969,0.2644736665498355,test
2025-09-18,-1.939873054090832,-1.5872186805681023,-0.35265437352272966,test
2025-09-19,-2.0286116171147457,-1.6637075917359443,-0.3649040253788014,test
2025-09-22,-2.0953653702734902,-1.6708753407429817,-0.4244900295305085,test
2025-09-23,-2.050486347662827,-1.7223787771941164,-0.3281075704687104,test
2025-09-24,-2.025839680568407,-1.7315536431703338,-0.29428603739807313,test
2025-09-25,-1.7301802006197071,-1.8833458946927932,0.1531656940730861,test
2025-09-26,-1.7862638122696828,-1.8404127928650174,0.05414898059533457,test
2025-09-29,-1.8387550308263454,-1.9209178607978779,0.08216282997153246,test
2025-09-30,-1.6688193687388078,-1.8849412186814412,0.2161218499426334,test
2025-10-01,-1.7109417198432095,-1.8659756970178598,0.15503397717465028,test
2025-10-02,-1.9555709220355166,-1.6252824561267367,-0.3302884659087799,test
2025-10-03,-1.894125328246328,-1.7975509616169907,-0.09657436662933727,test
2025-10-06,-1.7076125886639184,-1.9154220786038145,0.20780948993989612,test
2025-10-07,-1.852153024721996,-1.6612309946078307,-0.1909220301141652,test
2025-10-08,-1.7725044264841587,-1.843373960527343,0.07086953404318419,test
2025-10-09,-1.7939654243163632,-1.8793420067573559,0.08537658244099267,test
2025-10-10,-1.8714215264670186,-1.8155767031704255,-0.05584482329659313,test
2025-10-13,-2.0080096250228694,-1.6759584422416758,-0.3320511827811936,test
2025-10-14,-2.1437374176342443,-1.7854813136135599,-0.3582561040206844,test
2025-10-15,-2.230594000057973,-1.7275776399245946,-0.5030163601333786,test
2025-10-16,-2.313014155036483,-1.7868649617246595,-0.5261491933118236,test
2025-10-17,-2.428766958160795,-1.8392555473128551,-0.58951141084794,test
2025-10-20,-2.2823066411578883,-1.8745022179750979,-0.4078044231827904,test
2025-10-21,-2.2906434999101672,-2.046144929892783,-0.24449857001738406,test
2025-10-22,-2.332370813884287,-2.0122715738288615,-0.32009924005542567,test
2025-10-23,-1.851006212055428,-2.1249880269910832,0.2739818149356552,test
2025-10-24,-1.743953079966529,-2.240072291532868,0.4961192115663391,test
2025-10-27,-1.8646927343704276,-2.0083217173663455,0.14362898299591786,test
2025-10-28,-1.8347434715866577,-2.1810966339463467,0.34635316235968894,test
2025-10-29,-1.8484422328639631,-2.150973893781535,0.3025316609175719,test
2025-10-30,-2.299043659948085,-1.8084860113281056,-0.4905576486199792,test
2025-10-31,-2.4095202627887407,-1.8570493202049756,-0.5524709425837651,test
2025-11-03,-2.419159903137053,-1.976561157734452,-0.44259874540260125,test
2025-11-04,-2.4163875858246087,-1.9734045578779336,-0.4429830279466751,test
2025-11-05,-2.4311192168347784,-1.9904865053127614,-0.440632711522017,test
2025-11-06,-2.480807292225799,-2.13093066472994,-0.3498766274958589,test
2025-11-07,-2.427707633495054,-2.1671220073617827,-0.2605856261332713,test
2025-11-10,-2.3928093036205036,-2.161586161512254,-0.23122314210824957,test
2025-11-11,-2.452783840634443,-2.179727105983572,-0.2730567346508712,test
2025-11-12,-2.4204040487359797,-2.224321254986266,-0.1960827937497136,test
2025-11-13,-2.335576005829779,-2.2888708097043624,-0.04670519612541657,test
2025-11-14,-2.3049168641619806,-2.1994124026934685,-0.10550446146851211,test
2025-11-17,-2.264897561622452,-2.184259319160442,-0.08063824246201001,test
2025-11-18,-2.226897476632329,-2.2991194589601935,0.0722219823278647,test
2025-11-19,-2.1164746646504518,-2.241268588211489,0.12479392356103736,test
2025-11-20,-2.066961174720516,-2.178861501389401,0.11190032666888516,test
2025-11-21,-2.184889341633872,-2.139230225484503,-0.045659116149368906,test
2025-11-24,-2.2393334462871426,-2.1078208759228834,-0.13151257036425923,test
2025-11-25,-2.2088437381419292,-2.140777958913761,-0.06806577922816803,test
2025-11-26,-2.358558291174364,-2.0172418907502725,-0.3413164004240916,test
2025-11-27,-2.516264653486461,-2.004637063999452,-0.5116275894870088,test
2025-11-28,-2.4943068451910264,-2.2014799290834968,-0.29282691610752964,test
2025-12-01,-2.5598595136589593,-2.156912619119473,-0.40294689453948607,test
2025-12-02,-2.5834631506526478,-2.1510040211304484,-0.43245912952219934,test
2025-12-03,-2.5830017267721406,-2.246730461108384,-0.33627126566375676,test
2025-12-04,-2.367228211092496,-2.338963789342965,-0.02826442174953092,test
2025-12-05,-2.289269955015436,-2.3304154455035526,0.041145490488116554,test
2025-12-08,-2.293088782132651,-2.3315353561359053,0.03844657400325424,test
2025-12-09,-2.33101247611169,-2.3159966863335626,-0.015015789778127342,test
2025-12-10,-2.189216692703769,-2.3402726787702,0.1510559860664311,test
2025-12-11,-2.2950208421081113,-2.16422409848076,-0.1307967436273514,test
2025-12-12,-2.2289266904354434,-2.1780513910325707,-0.05087529940287272,test
2025-12-15,-2.219558752973608,-2.219546213846457,-1.2539127151267593e-05,test
2025-12-16,-2.2263244400637343,-2.250341872989984,0.024017432926249693,test
2025-12-17,-2.384481307779093,-2.0885206712613513,-0.2959606365177416,test
2025-12-18,-2.488898090869499,-2.1783152987582968,-0.3105827921112021,test
2025-12-19,-2.6274183100933817,-2.1038468336222973,-0.5235714764710844,test
2025-12-22,-2.5503189910682,-2.1747620580949354,-0.3755569329732644,test
2025-12-23,-2.5547199974919628,-2.209210057361652,-0.3455099401303108,test
2025-12-24,-2.512304838179211,-2.2712214208798955,-0.24108341729931526,test
2025-12-26,-2.4311653589303943,-2.3727899065238818,-0.05837545240651254,test
2025-12-29,-2.342500147912176,-2.3639060308521027,0.021405882939926624,test
2025-12-30,-2.3461516592332297,-2.3035937492472613,-0.04255790998596831,test
2025-12-31,-2.31821743253133,-2.369314790229351,0.05109735769802093,test
2026-01-02,-2.3819074228744923,-2.313893603983036,-0.06801381889145652,test
2026-01-05,-2.4032056230883665,-2.2780278482392546,-0.12517777484911186,test
2026-01-06,-2.3766702342616917,-2.1903682367454653,-0.18630199751622634,test
2026-01-07,-2.418490903283576,-2.2033021389924636,-0.21518876429111256,test
2026-01-08,-2.471111872372054,-2.2236654444547823,-0.2474464279172719,test
2026-01-09,-2.441882990576853,-2.303042729569852,-0.13884026100700098,test
2026-01-12,-2.4338526568815864,-2.278966755915651,-0.15488590096593535,test
2026-01-13,-2.4612861899312577,-2.186761417432903,-0.2745247724983546,test
2026-01-14,-2.231366267388013,-2.2702538273987694,0.03888756001075633,test
2026-01-15,-2.032495285322334,-2.3646540251826003,0.3321587398602661,test
2026-01-16,-2.0031479713502405,-2.319058452646751,0.31591048129651034,test
2026-01-19,-1.9241242846156383,-2.297227393856949,0.37310310924131085,test
2026-01-20,-1.745387200197462,-2.2504768999634575,0.5050896997659955,test
2026-01-21,-1.3068357606246823,-2.107473250336697,0.8006374897120145,test
2026-01-22,-1.0814220307149671,-2.0268469212011233,0.9454248904861562,test
2026-01-23,-0.9341076439800838,-2.093801494070517,1.159693850090433,test
2026-01-26,-0.8076179553001933,-1.9850836700231453,1.1774657147229521,test
2026-01-27,-0.8170024547593657,-1.809689600983578,0.9926871462242122,test
2026-01-28,-1.091893169220908,-1.5397379967590337,0.4478448275381257,test
2026-01-29,-1.348856075273396,-1.4581772378793298,0.10932116260593383,test
2026-01-30,-1.5313065704976858,-1.374399639595911,-0.15690693090177477,test
2026-02-02,-1.883377945663522,-1.2419455306073974,-0.6414324150561246,test
2026-02-03,-1.9981734107518203,-1.3007772818953507,-0.6973961288564696,test
2026-02-04,-2.0468121393833414,-1.4903725738850804,-0.556439565498261,test
2026-02-05,-1.7230481419132115,-1.610304307748742,-0.11274383416446954,test
2026-02-06,-1.7244425412298905,-1.6767514362782934,-0.04769110495159712,test
2026-02-09,-1.6890791949457904,-1.8907126753278296,0.2016334803820392,test
2026-02-10,-1.8247145275082384,-1.8137163020182232,-0.010998225490015168,test
2026-02-11,-1.879750882160553,-1.8751035010162085,-0.004647381144344598,test
2026-02-12,-2.3739334191540262,-1.609071115370695,-0.7648623037833313,test
2026-02-13,-2.3953175259791615,-1.7379051033509743,-0.6574124226281872,test
2026-02-16,-2.2505126226657626,-1.7321041241496495,-0.518408498516113,test
2026-02-17,-2.1188947008335854,-1.9650660739459191,-0.1538286268876663,test
2026-02-18,-2.1091122749127473,-1.9444764205295957,-0.16463585438315165,test
2026-02-19,-2.1486100593333193,-2.050524640733594,-0.0980854185997253,test
2026-02-20,-2.2186731404109175,-2.004623172288614,-0.21404996812230337,test
2026-02-23,-2.4012024199135427,-1.9188365952588669,-0.4823658246546758,test
2026-02-24,-2.030689412229347,-1.8925641217721372,-0.13812529045720967,test
2026-02-25,-1.6617837200464156,-1.9522270871883989,0.29044336714198327,test
2026-02-26,-1.4336703378101132,-2.029245134646916,0.5955747968368026,test
2026-02-27,-1.2015935770886714,-2.035867947523127,0.8342743704344557,test
2026-03-02,-1.0194700964740493,-2.1196852800458945,1.1002151835718452,test
2026-03-03,-0.9213863992780841,-1.8679363394943989,0.9465499402163148,test
2026-03-04,-0.9606706043734881,-1.7197585019889112,0.7590878976154232,test
2026-03-05,-1.0229437472822662,-1.6104465514598743,0.587502804177608,test
2026-03-06,-1.17197601570073,-1.4339842065055886,0.2620081908048586,test
2026-03-09,-1.3054787462796942,-1.3008893533509591,-0.004589392928735059,test
2026-03-10,-1.5634843950269575,-1.2081692593329656,-0.35531513569399187,test
2026-03-11,-1.7020169407565766,-1.283070780408378,-0.41894616034819854,test
2026-03-12,-1.664023126800474,-1.3797734431185549,-0.28424968368191905,test
2026-03-13,-1.429495385353214,-1.483230014650137,0.053734629296922964,test
2026-03-16,-1.411801542899499,-1.516412832696987,0.10461128979748802,test
2026-03-17,-0.8694228412157051,-1.5885277652062235,0.7191049239905184,test
2026-03-18,-0.7727355094904186,-1.6670241667035943,0.8942886572131757,test
2026-03-19,-0.7868792700327888,-1.580938555802529,0.7940592857697403,test
2026-03-20,-0.8859460104976824,-1.394462210881758,0.5085162003840755,test
2026-03-23,-0.9365552880181018,-1.4551050611519047,0.5185497731338029,test
2026-03-24,-1.5951171702676856,-1.0649682996490655,-0.5301488706186201,test
2026-03-25,-1.7264442136474052,-1.1287692673844925,-0.5976749462629127,test
2026-03-26,-1.7076916079295088,-1.2237014712577574,-0.4839901366717514,test
2026-03-27,-1.6491967407081956,-1.275270212385272,-0.3739265283229236,test
2026-03-30,-1.72042747183171,-1.3821168587829475,-0.33831061304876253,test
2026-03-31,-1.746663922014576,-1.5381150372555685,-0.20854888475900757,test
2026-04-01,-1.8846749878730513,-1.4734046188221936,-0.4112703690508577,test
2026-04-02,-1.6954003948505745,-1.4946493812605486,-0.2007510135900259,test
2026-04-03,-1.8343022537175329,-1.458507609455303,-0.37579464426222997,test
2026-04-06,-1.7409531522966797,-1.7603263648041385,0.019373212507458826,test
2026-04-07,-1.744382731461373,-1.697706027049393,-0.0466767044119798,test
2026-04-08,-1.7901658380484382,-1.7371113230328867,-0.05305451501555147,test
2026-04-09,-2.210707368224192,-1.5572061595142221,-0.6535012087099696,test
2026-04-10,-2.3012519505028055,-1.7709034102883565,-0.530348540214449,test
2026-04-13,-2.2277612369230075,-1.6966006686442103,-0.5311605682787972,test
2026-04-14,-2.246246914980807,-1.7326062605847588,-0.5136406543960481,test
2026-04-15,-2.0954262496501137,-1.7875687286177926,-0.3078575210323211,test
2026-04-16,-2.088997099503716,-1.9471319910169176,-0.14186510848679834,test
2026-04-17,-1.9911959471056948,-2.001146013636593,0.00995006653089825,test
2026-04-20,-2.128349752100073,-1.8812832977011236,-0.24706645439894936,test
2026-04-21,-2.1530745993665854,-1.9868997192408693,-0.16617488012571613,test
2026-04-22,-2.315471629009891,-1.8505490160804576,-0.46492261292943327,test
2026-04-23,-2.239369321577623,-1.9859964024078742,-0.2533729191697489,test
2026-04-24,-2.1601882487178075,-1.8823250853141555,-0.2778631634036519,test
2026-04-27,-2.072267046208655,-2.031828046079581,-0.0404390001290742,test
2026-04-28,-2.0003722757702977,-2.0572542534510267,0.056881977680729,test
2026-04-29,-2.03500167193087,-2.096690438866577,0.06168876693570713,test
2026-04-30,-1.9705347864494336,-2.0282077633200077,0.057672976870574155,test
2026-05-01,-2.079836524765462,-1.9553073944770074,-0.12452913028845458,test
2026-05-04,-2.151586037028531,-1.9648062943041364,-0.18677974272439446,test
2026-05-05,-2.2621837022932834,-1.9425504519688865,-0.3196332503243968,test
2026-05-06,-2.259679854891446,-2.0416873013186385,-0.21799255357280733,test
2026-05-07,-2.4995799028984673,-1.8936779656984577,-0.6059019372000096,test
2026-05-08,-2.6294528519681166,-1.9892998703110487,-0.6401529816570679,test
2026-05-11,-2.584643555113491,-2.07321217217019,-0.511431382943301,test
2026-05-12,-2.4341741052093053,-2.1751438350572756,-0.25903027015202973,test
2026-05-13,-2.41559426166561,-2.1739843438808784,-0.24160991778473173,test
2026-05-14,-2.199559148972045,-2.305380779325985,0.10582163035393988,test
2026-05-15,-1.994589900408931,-2.342419878256791,0.34782997784785996,test
2026-05-18,-2.020230171071286,-2.255168201096914,0.23493803002562785,test
2026-05-19,-2.140066131840835,-2.169846569815353,0.02978043797451768,test
2026-05-20,-2.1920017827197054,-2.2357463622703637,0.04374457955065836,test
2026-05-21,-2.3379947016136358,-2.042881595588442,-0.2951131060251937,test
2026-05-22,-2.547047941111938,-1.9320044449627871,-0.6150434961491511,test
2026-05-25,-2.5548537858470968,-2.0466069018435586,-0.5082468840035381,test
2026-05-26,-2.495354849047556,-2.2013155544327034,-0.2940392946148527,test
2026-05-27,-2.5182157397658695,-2.2551155457708103,-0.26310019399505924,test
2026-05-28,-2.553519576099748,-2.230643490623376,-0.32287608547637214,test
2026-05-29,-2.6903437014120954,-2.268823542099031,-0.42152015931306464,test
2026-06-01,-2.605769050129614,-2.2943046382269223,-0.3114644119026915,test
2026-06-02,-2.501940433893165,-2.292463245499712,-0.20947718839345297,test
2026-06-03,-2.3866633550822,-2.410843040910624,0.024179685828424002,test
2026-06-04,-2.318912171636225,-2.3545489459804125,0.03563677434418766,test
2026-06-05,-1.9736251713604707,-2.4719001239313125,0.49827495257084187,test
2026-06-08,-1.9828249466048393,-2.337217940451283,0.3543929938464436,test
2026-06-09,-2.0018294458506705,-2.3007335049539055,0.29890405910323503,test
2026-06-10,-2.0377539382437044,-2.27041911413845,0.23266517589474578,test
2026-06-11,-1.786490946237561,-2.2128495116391425,0.42635856540158135,test
2026-06-12,-1.919935816466037,-1.9422405891841796,0.022304772718142685,test
2026-06-15,-1.9486863523554616,-2.0486919320890546,0.10000557973359303,test
2026-06-16,-1.9427159384779935,-2.0578209898151227,0.11510505133712923,test
2026-06-17,-1.9073793600125692,-2.1494859244374056,0.24210656442483636,test
2026-06-18,-2.162104601147957,-1.8541781865306421,-0.30792641461731485,test
2026-06-19,-2.1749540885563956,-1.9831526039757479,-0.19180148458064772,test
2026-06-22,-2.070654169028848,-2.0762299585625708,0.00557578953372273,test
2026-06-23,-2.1340651260422097,-2.054632365574199,-0.07943276046801051,test
2026-06-24,-2.0923370229981972,-2.0491782317347114,-0.043158791263485874,test
